{"type": "FeatureCollection", "features": [{"type": "Feature", "id": 1, "geometry": {"type": "Point", "coordinates": [5.334362000631315, 60.375455999926494]}, "properties": {"OBJECTID": 1, "adressenavn": "Rogagaten", "informasjon": null, "gatelangsparkering": "Ja", "fortauskant_mindre_enn25cm": "Nei", "overbygg_parkeringsplaa": "Nei", "stigninggrader": 1, "byggingpagar": "Nei", "bredde_cm": null, "lengde_cm": null, "bildefil1": "https://data.kartverket.no/tilgjengelighet/tilgjengelighet/4601_TettstedHCparkering_20230706113224.jpg", "bildefil2": "https://data.kartverket.no/tilgjengelighet/tilgjengelighet/4601_TettstedHCparkering_20230706113225.jpg", "bildefil3": "https://data.kartverket.no/tilgjengelighet/tilgjengelighet/4601_TettstedHCparkering_20230706113226.jpg", "bilde1_t": "https://data.kartverket.no/tilgjengelighet/tilgjengelighet_thumb/4601_TettstedHCparkering_20230706113224_t.jpg", "bilde2_t": "https://data.kartverket.no/tilgjengelighet/tilgjengelighet_thumb/4601_TettstedHCparkering_20230706113225_t.jpg", "bilde3_t": "https://data.kartverket.no/tilgjengelighet/tilgjengelighet_thumb/4601_TettstedHCparkering_20230706113226_t.jpg"}}, {"type": "Feature", "id": 2, "geometry": {"type": "Point", "coordinates": [5.343663999478526, 60.39003799969513]}, "properties": {"OBJECTID": 2, "adressenavn": "Fjellveien", "informasjon": null, "gatelangsparkering": "Ja", "fortauskant_mindre_enn25cm": "Nei", "overbygg_parkeringsplaa": "Nei", "stigninggrader": 2, "byggingpagar": "Nei", "bredde_cm": null, "lengde_cm": null, "bildefil1": "https://data.kartverket.no/tilgjengelighet/tilgjengelighet/4601_TettstedHCparkering_20230912205146.jpg", "bildefil2": "https://data.kartverket.no/tilgjengelighet/tilgjengelighet/4601_TettstedHCparkering_20230912205147.jpg", "bildefil3": "https://data.kartverket.no/tilgjengelighet/tilgjengelighet/4601_TettstedHCparkering_20230912205148.jpg", "bilde1_t": "https://data.kartverket.no/tilgjengelighet/tilgjengelighet_thumb/4601_TettstedHCparkering_20230912205146_t.jpg", "bilde2_t": "https://data.kartverket.no/tilgjengelighet/tilgjengelighet_thumb/4601_TettstedHCparkering_20230912205147_t.jpg", "bilde3_t": "https://data.kartverket.no/tilgjengelighet/tilgjengelighet_thumb/4601_TettstedHCparkering_20230912205148_t.jpg"}}, {"type": "Feature", "id": 3, "geometry": {"type": "Point", "coordinates": [5.330470000674433, 60.398176000099866]}, "properties": {"OBJECTID": 3, "adressenavn": "Skansegaten", "informasjon": null, "gatelangsparkering": "Ja", "fortauskant_mindre_enn25cm": "Nei", "overbygg_parkeringsplaa": "Nei", "stigninggrader": 3, "byggingpagar": "Nei", "bredde_cm": null, "lengde_cm": null, "bildefil1": "https://data.kartverket.no/tilgjengelighet/tilgjengelighet/4601_TettstedHCparkering_20230916135317.jpg", "bildefil2": "https://data.kartverket.no/tilgjengelighet/tilgjengelighet/4601_TettstedHCparkering_20230916135318.jpg", "bildefil3": "https://data.kartverket.no/tilgjengelighet/tilgjengelighet/4601_TettstedHCparkering_20230916135319.jpg", "bilde1_t": "https://data.kartverket.no/tilgjengelighet/tilgjengelighet_thumb/4601_TettstedHCparkering_20230916135317_t.jpg", "bilde2_t": "https://data.kartverket.no/tilgjengelighet/tilgjengelighet_thumb/4601_TettstedHCparkering_20230916135318_t.jpg", "bilde3_t": "https://data.kartverket.no/tilgjengelighet/tilgjengelighet_thumb/4601_TettstedHCparkering_20230916135319_t.jpg"}}, {"type": "Feature", "id": 4, "geometry": {"type": "Point", "coordinates": [5.3396890006803, 60.37641299961323]}, "properties": {"OBJECTID": 4, "adressenavn": "Danmarks plass", "informasjon": null, "gatelangsparkering": "Ja", "fortauskant_mindre_enn25cm": "Ja", "overbygg_parkeringsplaa": "Nei", "stigninggrader": 4, "byggingpagar": "Nei", "bredde_cm": 520, "lengde_cm": 480, "bildefil1": "https://data.kartverket.no/tilgjengelighet/tilgjengelighet/4601_TettstedHCparkering_20230924132212.jpg", "bildefil2": "https://data.kartverket.no/tilgjengelighet/tilgjengelighet/4601_TettstedHCparkering_20230924132213.jpg", "bildefil3": "https://data.kartverket.no/tilgjengelighet/tilgjengelighet/4601_TettstedHCparkering_20230924132214.jpg", "bilde1_t": "https://data.kartverket.no/tilgjengelighet/tilgjengelighet_thumb/4601_TettstedHCparkering_20230924132212_t.jpg", "bilde2_t": "https://data.kartverket.no/tilgjengelighet/tilgjengelighet_thumb/4601_TettstedHCparkering_20230924132213_t.jpg", "bilde3_t": "https://data.kartverket.no/tilgjengelighet/tilgjengelighet_thumb/4601_TettstedHCparkering_20230924132214_t.jpg"}}, {"type": "Feature", "id": 5, "geometry": {"type": "Point", "coordinates": [5.339672000081189, 60.3764610000502]}, "properties": {"OBJECTID": 5, "adressenavn": "Danmarks plass", "informasjon": null, "gatelangsparkering": "Ja", "fortauskant_mindre_enn25cm": "Ja", "overbygg_parkeringsplaa": "Nei", "stigninggrader": 4, "byggingpagar": "Nei", "bredde_cm": 420, "lengde_cm": 480, "bildefil1": "https://data.kartverket.no/tilgjengelighet/tilgjengelighet/4601_TettstedHCparkering_20230924132419.jpg", "bildefil2": "https://data.kartverket.no/tilgjengelighet/tilgjengelighet/4601_TettstedHCparkering_20230924132420.jpg", "bildefil3": "https://data.kartverket.no/tilgjengelighet/tilgjengelighet/4601_TettstedHCparkering_20230924132421.jpg", "bilde1_t": "https://data.kartverket.no/tilgjengelighet/tilgjengelighet_thumb/4601_TettstedHCparkering_20230924132419_t.jpg", "bilde2_t": "https://data.kartverket.no/tilgjengelighet/tilgjengelighet_thumb/4601_TettstedHCparkering_20230924132420_t.jpg", "bilde3_t": "https://data.kartverket.no/tilgjengelighet/tilgjengelighet_thumb/4601_TettstedHCparkering_20230924132421_t.jpg"}}, {"type": "Feature", "id": 6, "geometry": {"type": "Point", "coordinates": [5.344184000538296, 60.373966999934794]}, "properties": {"OBJECTID": 6, "adressenavn": "Edvard Griegs vei", "informasjon": null, "gatelangsparkering": "Ja", "fortauskant_mindre_enn25cm": "Ja", "overbygg_parkeringsplaa": "Nei", "stigninggrader": 6, "byggingpagar": "Nei", "bredde_cm": null, "lengde_cm": null, "bildefil1": "https://data.kartverket.no/tilgjengelighet/tilgjengelighet/4601_TettstedHCparkering_20230924133128.jpg", "bildefil2": "https://data.kartverket.no/tilgjengelighet/tilgjengelighet/4601_TettstedHCparkering_20230924133129.jpg", "bildefil3": "https://data.kartverket.no/tilgjengelighet/tilgjengelighet/4601_TettstedHCparkering_20230924133308.jpg", "bilde1_t": "https://data.kartverket.no/tilgjengelighet/tilgjengelighet_thumb/4601_TettstedHCparkering_20230924133128_t.jpg", "bilde2_t": "https://data.kartverket.no/tilgjengelighet/tilgjengelighet_thumb/4601_TettstedHCparkering_20230924133129_t.jpg", "bilde3_t": "https://data.kartverket.no/tilgjengelighet/tilgjengelighet_thumb/4601_TettstedHCparkering_20230924133308_t.jpg"}}, {"type": "Feature", "id": 7, "geometry": {"type": "Point", "coordinates": [5.342177999966036, 60.37395699966367]}, "properties": {"OBJECTID": 7, "adressenavn": "Anna Kreetz' plass", "informasjon": null, "gatelangsparkering": "Ja", "fortauskant_mindre_enn25cm": "Ja", "overbygg_parkeringsplaa": "Nei", "stigninggrader": 4, "byggingpagar": "Nei", "bredde_cm": 460, "lengde_cm": 500, "bildefil1": "https://data.kartverket.no/tilgjengelighet/tilgjengelighet/4601_TettstedHCparkering_20230924133728.jpg", "bildefil2": "https://data.kartverket.no/tilgjengelighet/tilgjengelighet/4601_TettstedHCparkering_20230924133729.jpg", "bildefil3": "https://data.kartverket.no/tilgjengelighet/tilgjengelighet/4601_TettstedHCparkering_20230924133730.jpg", "bilde1_t": "https://data.kartverket.no/tilgjengelighet/tilgjengelighet_thumb/4601_TettstedHCparkering_20230924133728_t.jpg", "bilde2_t": "https://data.kartverket.no/tilgjengelighet/tilgjengelighet_thumb/4601_TettstedHCparkering_20230924133729_t.jpg", "bilde3_t": "https://data.kartverket.no/tilgjengelighet/tilgjengelighet_thumb/4601_TettstedHCparkering_20230924133730_t.jpg"}}, {"type": "Feature", "id": 8, "geometry": {"type": "Point", "coordinates": [5.353607000747157, 60.36656300002597]}, "properties": {"OBJECTID": 8, "adressenavn": "St. Olavs vei", "informasjon": null, "gatelangsparkering": "Ja", "fortauskant_mindre_enn25cm": "Ja", "overbygg_parkeringsplaa": "Nei", "stigninggrader": 1, "byggingpagar": "Nei", "bredde_cm": null, "lengde_cm": null, "bildefil1": "https://data.kartverket.no/tilgjengelighet/tilgjengelighet/4601_TettstedHCparkering_20230928111200.jpg", "bildefil2": "https://data.kartverket.no/tilgjengelighet/tilgjengelighet/4601_TettstedHCparkering_20230928111201.jpg", "bildefil3": "https://data.kartverket.no/tilgjengelighet/tilgjengelighet/4601_TettstedHCparkering_20230928111327.jpg", "bilde1_t": "https://data.kartverket.no/tilgjengelighet/tilgjengelighet_thumb/4601_TettstedHCparkering_20230928111200_t.jpg", "bilde2_t": "https://data.kartverket.no/tilgjengelighet/tilgjengelighet_thumb/4601_TettstedHCparkering_20230928111201_t.jpg", "bilde3_t": "https://data.kartverket.no/tilgjengelighet/tilgjengelighet_thumb/4601_TettstedHCparkering_20230928111327_t.jpg"}}, {"type": "Feature", "id": 9, "geometry": {"type": "Point", "coordinates": [5.355135000107375, 60.366257999717604]}, "properties": {"OBJECTID": 9, "adressenavn": "Roald Amundsens vei", "informasjon": null, "gatelangsparkering": "Ja", "fortauskant_mindre_enn25cm": "Ja", "overbygg_parkeringsplaa": "Nei", "stigninggrader": 10, "byggingpagar": "Nei", "bredde_cm": null, "lengde_cm": null, "bildefil1": "https://data.kartverket.no/tilgjengelighet/tilgjengelighet/4601_TettstedHCparkering_20230928112115.jpg", "bildefil2": "https://data.kartverket.no/tilgjengelighet/tilgjengelighet/4601_TettstedHCparkering_20230928112116.jpg", "bildefil3": "https://data.kartverket.no/tilgjengelighet/tilgjengelighet/4601_TettstedHCparkering_20230928112259.jpg", "bilde1_t": "https://data.kartverket.no/tilgjengelighet/tilgjengelighet_thumb/4601_TettstedHCparkering_20230928112115_t.jpg", "bilde2_t": "https://data.kartverket.no/tilgjengelighet/tilgjengelighet_thumb/4601_TettstedHCparkering_20230928112116_t.jpg", "bilde3_t": "https://data.kartverket.no/tilgjengelighet/tilgjengelighet_thumb/4601_TettstedHCparkering_20230928112259_t.jpg"}}, {"type": "Feature", "id": 10, "geometry": {"type": "Point", "coordinates": [5.353381000498471, 60.363272999575855]}, "properties": {"OBJECTID": 10, "adressenavn": "Bendixens vei", "informasjon": null, "gatelangsparkering": "Ja", "fortauskant_mindre_enn25cm": "Nei", "overbygg_parkeringsplaa": "Nei", "stigninggrader": 9, "byggingpagar": "Nei", "bredde_cm": null, "lengde_cm": null, "bildefil1": "https://data.kartverket.no/tilgjengelighet/tilgjengelighet/4601_TettstedHCparkering_20230928141030.jpg", "bildefil2": "https://data.kartverket.no/tilgjengelighet/tilgjengelighet/4601_TettstedHCparkering_20230928141032.jpg", "bildefil3": "https://data.kartverket.no/tilgjengelighet/tilgjengelighet/4601_TettstedHCparkering_20230928141239.jpg", "bilde1_t": "https://data.kartverket.no/tilgjengelighet/tilgjengelighet_thumb/4601_TettstedHCparkering_20230928141030_t.jpg", "bilde2_t": "https://data.kartverket.no/tilgjengelighet/tilgjengelighet_thumb/4601_TettstedHCparkering_20230928141032_t.jpg", "bilde3_t": "https://data.kartverket.no/tilgjengelighet/tilgjengelighet_thumb/4601_TettstedHCparkering_20230928141239_t.jpg"}}, {"type": "Feature", "id": 11, "geometry": {"type": "Point", "coordinates": [5.3542580004760625, 60.3576419998798]}, "properties": {"OBJECTID": 11, "adressenavn": "Fageråsen", "informasjon": null, "gatelangsparkering": "Ja", "fortauskant_mindre_enn25cm": "Nei", "overbygg_parkeringsplaa": "Nei", "stigninggrader": 1, "byggingpagar": "Nei", "bredde_cm": 280, "lengde_cm": 540, "bildefil1": "https://data.kartverket.no/tilgjengelighet/tilgjengelighet/4601_TettstedHCparkering_20230928142534.jpg", "bildefil2": "https://data.kartverket.no/tilgjengelighet/tilgjengelighet/4601_TettstedHCparkering_20230928142720.jpg", "bildefil3": "https://data.kartverket.no/tilgjengelighet/tilgjengelighet/4601_TettstedHCparkering_20230928142721.jpg", "bilde1_t": "https://data.kartverket.no/tilgjengelighet/tilgjengelighet_thumb/4601_TettstedHCparkering_20230928142534_t.jpg", "bilde2_t": "https://data.kartverket.no/tilgjengelighet/tilgjengelighet_thumb/4601_TettstedHCparkering_20230928142720_t.jpg", "bilde3_t": "https://data.kartverket.no/tilgjengelighet/tilgjengelighet_thumb/4601_TettstedHCparkering_20230928142721_t.jpg"}}, {"type": "Feature", "id": 12, "geometry": {"type": "Point", "coordinates": [5.363533000277585, 60.36614300031312]}, "properties": {"OBJECTID": 12, "adressenavn": "Langhaugen", "informasjon": null, "gatelangsparkering": "Ja", "fortauskant_mindre_enn25cm": "Nei", "overbygg_parkeringsplaa": "Nei", "stigninggrader": 2, "byggingpagar": "Nei", "bredde_cm": null, "lengde_cm": null, "bildefil1": "https://data.kartverket.no/tilgjengelighet/tilgjengelighet/4601_TettstedHCparkering_20230929082942.jpg", "bildefil2": "https://data.kartverket.no/tilgjengelighet/tilgjengelighet/4601_TettstedHCparkering_20230929083054.jpg", "bildefil3": "https://data.kartverket.no/tilgjengelighet/tilgjengelighet/4601_TettstedHCparkering_20230929083144.jpg", "bilde1_t": "https://data.kartverket.no/tilgjengelighet/tilgjengelighet_thumb/4601_TettstedHCparkering_20230929082942_t.jpg", "bilde2_t": "https://data.kartverket.no/tilgjengelighet/tilgjengelighet_thumb/4601_TettstedHCparkering_20230929083054_t.jpg", "bilde3_t": "https://data.kartverket.no/tilgjengelighet/tilgjengelighet_thumb/4601_TettstedHCparkering_20230929083144_t.jpg"}}, {"type": "Feature", "id": 13, "geometry": {"type": "Point", "coordinates": [5.3677520005289665, 60.36418300016974]}, "properties": {"OBJECTID": 13, "adressenavn": "Landåsveien", "informasjon": null, "gatelangsparkering": "Ja", "fortauskant_mindre_enn25cm": "Nei", "overbygg_parkeringsplaa": "Nei", "stigninggrader": 7, "byggingpagar": "Nei", "bredde_cm": null, "lengde_cm": null, "bildefil1": "https://data.kartverket.no/tilgjengelighet/tilgjengelighet/4601_TettstedHCparkering_20231005105616.jpg", "bildefil2": "https://data.kartverket.no/tilgjengelighet/tilgjengelighet/4601_TettstedHCparkering_20231005105846.jpg", "bildefil3": "https://data.kartverket.no/tilgjengelighet/tilgjengelighet/4601_TettstedHCparkering_20231005105847.jpg", "bilde1_t": "https://data.kartverket.no/tilgjengelighet/tilgjengelighet_thumb/4601_TettstedHCparkering_20231005105616_t.jpg", "bilde2_t": "https://data.kartverket.no/tilgjengelighet/tilgjengelighet_thumb/4601_TettstedHCparkering_20231005105846_t.jpg", "bilde3_t": "https://data.kartverket.no/tilgjengelighet/tilgjengelighet_thumb/4601_TettstedHCparkering_20231005105847_t.jpg"}}, {"type": "Feature", "id": 14, "geometry": {"type": "Point", "coordinates": [5.368892000195502, 60.363418999795115]}, "properties": {"OBJECTID": 14, "adressenavn": "Landåsveien", "informasjon": "Maks 3 timer", "gatelangsparkering": "Ja", "fortauskant_mindre_enn25cm": "Nei", "overbygg_parkeringsplaa": "Nei", "stigninggrader": 3, "byggingpagar": "Nei", "bredde_cm": null, "lengde_cm": null, "bildefil1": "https://data.kartverket.no/tilgjengelighet/tilgjengelighet/4601_TettstedHCparkering_20231005110440.jpg", "bildefil2": "https://data.kartverket.no/tilgjengelighet/tilgjengelighet/4601_TettstedHCparkering_20231005110441.jpg", "bildefil3": "https://data.kartverket.no/tilgjengelighet/tilgjengelighet/4601_TettstedHCparkering_20231005110609.jpg", "bilde1_t": "https://data.kartverket.no/tilgjengelighet/tilgjengelighet_thumb/4601_TettstedHCparkering_20231005110440_t.jpg", "bilde2_t": "https://data.kartverket.no/tilgjengelighet/tilgjengelighet_thumb/4601_TettstedHCparkering_20231005110441_t.jpg", "bilde3_t": "https://data.kartverket.no/tilgjengelighet/tilgjengelighet_thumb/4601_TettstedHCparkering_20231005110609_t.jpg"}}, {"type": "Feature", "id": 15, "geometry": {"type": "Point", "coordinates": [5.368688999316865, 60.363419000063836]}, "properties": {"OBJECTID": 15, "adressenavn": "Landåsveien", "informasjon": "Maks 3 timer", "gatelangsparkering": "Ja", "fortauskant_mindre_enn25cm": "Nei", "overbygg_parkeringsplaa": "Nei", "stigninggrader": 3, "byggingpagar": "Nei", "bredde_cm": null, "lengde_cm": null, "bildefil1": "https://data.kartverket.no/tilgjengelighet/tilgjengelighet/4601_TettstedHCparkering_20231005110828.jpg", "bildefil2": "https://data.kartverket.no/tilgjengelighet/tilgjengelighet/4601_TettstedHCparkering_20231005110829.jpg", "bildefil3": "https://data.kartverket.no/tilgjengelighet/tilgjengelighet/4601_TettstedHCparkering_20231005111022.jpg", "bilde1_t": "https://data.kartverket.no/tilgjengelighet/tilgjengelighet_thumb/4601_TettstedHCparkering_20231005110828_t.jpg", "bilde2_t": "https://data.kartverket.no/tilgjengelighet/tilgjengelighet_thumb/4601_TettstedHCparkering_20231005110829_t.jpg", "bilde3_t": "https://data.kartverket.no/tilgjengelighet/tilgjengelighet_thumb/4601_TettstedHCparkering_20231005111022_t.jpg"}}, {"type": "Feature", "id": 16, "geometry": {"type": "Point", "coordinates": [5.373128000489224, 60.36283900008959]}, "properties": {"OBJECTID": 16, "adressenavn": "Landåsveien", "informasjon": null, "gatelangsparkering": "Ja", "fortauskant_mindre_enn25cm": "Nei", "overbygg_parkeringsplaa": "Nei", "stigninggrader": 9, "byggingpagar": "Nei", "bredde_cm": null, "lengde_cm": null, "bildefil1": "https://data.kartverket.no/tilgjengelighet/tilgjengelighet/4601_TettstedHCparkering_20231005114106.jpg", "bildefil2": "https://data.kartverket.no/tilgjengelighet/tilgjengelighet/4601_TettstedHCparkering_20231005114108.jpg", "bildefil3": "https://data.kartverket.no/tilgjengelighet/tilgjengelighet/4601_TettstedHCparkering_20231005114210.jpg", "bilde1_t": "https://data.kartverket.no/tilgjengelighet/tilgjengelighet_thumb/4601_TettstedHCparkering_20231005114106_t.jpg", "bilde2_t": "https://data.kartverket.no/tilgjengelighet/tilgjengelighet_thumb/4601_TettstedHCparkering_20231005114108_t.jpg", "bilde3_t": "https://data.kartverket.no/tilgjengelighet/tilgjengelighet_thumb/4601_TettstedHCparkering_20231005114210_t.jpg"}}, {"type": "Feature", "id": 17, "geometry": {"type": "Point", "coordinates": [5.334412999522792, 60.32311499997155]}, "properties": {"OBJECTID": 17, "adressenavn": "Hopsnesvegen", "informasjon": null, "gatelangsparkering": "Ja", "fortauskant_mindre_enn25cm": "Nei", "overbygg_parkeringsplaa": "Nei", "stigninggrader": 3, "byggingpagar": "Nei", "bredde_cm": 360, "lengde_cm": 470, "bildefil1": "https://data.kartverket.no/tilgjengelighet/tilgjengelighet/4601_TettstedHCparkering_20231007083623.jpg", "bildefil2": "https://data.kartverket.no/tilgjengelighet/tilgjengelighet/4601_TettstedHCparkering_20231007083624.jpg", "bildefil3": "https://data.kartverket.no/tilgjengelighet/tilgjengelighet/4601_TettstedHCparkering_20231007083625.jpg", "bilde1_t": "https://data.kartverket.no/tilgjengelighet/tilgjengelighet_thumb/4601_TettstedHCparkering_20231007083623_t.jpg", "bilde2_t": "https://data.kartverket.no/tilgjengelighet/tilgjengelighet_thumb/4601_TettstedHCparkering_20231007083624_t.jpg", "bilde3_t": "https://data.kartverket.no/tilgjengelighet/tilgjengelighet_thumb/4601_TettstedHCparkering_20231007083625_t.jpg"}}, {"type": "Feature", "id": 18, "geometry": {"type": "Point", "coordinates": [5.334471999856366, 60.32308199972687]}, "properties": {"OBJECTID": 18, "adressenavn": "Hopsnesvegen", "informasjon": null, "gatelangsparkering": "Ja", "fortauskant_mindre_enn25cm": "Nei", "overbygg_parkeringsplaa": "Nei", "stigninggrader": 3, "byggingpagar": "Nei", "bredde_cm": 370, "lengde_cm": 470, "bildefil1": "https://data.kartverket.no/tilgjengelighet/tilgjengelighet/4601_TettstedHCparkering_20231007083740.jpg", "bildefil2": "https://data.kartverket.no/tilgjengelighet/tilgjengelighet/4601_TettstedHCparkering_20231007083741.jpg", "bildefil3": "https://data.kartverket.no/tilgjengelighet/tilgjengelighet/4601_TettstedHCparkering_20231007083742.jpg", "bilde1_t": "https://data.kartverket.no/tilgjengelighet/tilgjengelighet_thumb/4601_TettstedHCparkering_20231007083740_t.jpg", "bilde2_t": "https://data.kartverket.no/tilgjengelighet/tilgjengelighet_thumb/4601_TettstedHCparkering_20231007083741_t.jpg", "bilde3_t": "https://data.kartverket.no/tilgjengelighet/tilgjengelighet_thumb/4601_TettstedHCparkering_20231007083742_t.jpg"}}, {"type": "Feature", "id": 19, "geometry": {"type": "Point", "coordinates": [5.366167000304175, 60.366573000262235]}, "properties": {"OBJECTID": 19, "adressenavn": "Bekkeveien", "informasjon": null, "gatelangsparkering": "Ja", "fortauskant_mindre_enn25cm": "Nei", "overbygg_parkeringsplaa": "Nei", "stigninggrader": 8, "byggingpagar": "Nei", "bredde_cm": null, "lengde_cm": null, "bildefil1": "https://data.kartverket.no/tilgjengelighet/tilgjengelighet/4601_TettstedHCparkering_20231007100313.jpg", "bildefil2": "https://data.kartverket.no/tilgjengelighet/tilgjengelighet/4601_TettstedHCparkering_20231007100534.jpg", "bildefil3": "https://data.kartverket.no/tilgjengelighet/tilgjengelighet/4601_TettstedHCparkering_20231007100535.jpg", "bilde1_t": "https://data.kartverket.no/tilgjengelighet/tilgjengelighet_thumb/4601_TettstedHCparkering_20231007100313_t.jpg", "bilde2_t": "https://data.kartverket.no/tilgjengelighet/tilgjengelighet_thumb/4601_TettstedHCparkering_20231007100534_t.jpg", "bilde3_t": "https://data.kartverket.no/tilgjengelighet/tilgjengelighet_thumb/4601_TettstedHCparkering_20231007100535_t.jpg"}}, {"type": "Feature", "id": 20, "geometry": {"type": "Point", "coordinates": [5.367326999801852, 60.368011000038315]}, "properties": {"OBJECTID": 20, "adressenavn": "Vognstølen", "informasjon": null, "gatelangsparkering": "Ja", "fortauskant_mindre_enn25cm": "Nei", "overbygg_parkeringsplaa": "Ja", "stigninggrader": 9, "byggingpagar": "Nei", "bredde_cm": null, "lengde_cm": null, "bildefil1": "https://data.kartverket.no/tilgjengelighet/tilgjengelighet/4601_TettstedHCparkering_20231007101348.jpg", "bildefil2": "https://data.kartverket.no/tilgjengelighet/tilgjengelighet/4601_TettstedHCparkering_20231007101349.jpg", "bildefil3": "https://data.kartverket.no/tilgjengelighet/tilgjengelighet/4601_TettstedHCparkering_20231007101350.jpg", "bilde1_t": "https://data.kartverket.no/tilgjengelighet/tilgjengelighet_thumb/4601_TettstedHCparkering_20231007101348_t.jpg", "bilde2_t": "https://data.kartverket.no/tilgjengelighet/tilgjengelighet_thumb/4601_TettstedHCparkering_20231007101349_t.jpg", "bilde3_t": "https://data.kartverket.no/tilgjengelighet/tilgjengelighet_thumb/4601_TettstedHCparkering_20231007101350_t.jpg"}}, {"type": "Feature", "id": 21, "geometry": {"type": "Point", "coordinates": [5.368394999412679, 60.36729299998965]}, "properties": {"OBJECTID": 21, "adressenavn": "Vognstølen", "informasjon": null, "gatelangsparkering": "Ja", "fortauskant_mindre_enn25cm": "Nei", "overbygg_parkeringsplaa": "Nei", "stigninggrader": 9, "byggingpagar": "Nei", "bredde_cm": null, "lengde_cm": null, "bildefil1": "https://data.kartverket.no/tilgjengelighet/tilgjengelighet/4601_TettstedHCparkering_20231007101536.jpg", "bildefil2": "https://data.kartverket.no/tilgjengelighet/tilgjengelighet/4601_TettstedHCparkering_20231007101537.jpg", "bildefil3": "https://data.kartverket.no/tilgjengelighet/tilgjengelighet/4601_TettstedHCparkering_20231007102007.jpg", "bilde1_t": "https://data.kartverket.no/tilgjengelighet/tilgjengelighet_thumb/4601_TettstedHCparkering_20231007101536_t.jpg", "bilde2_t": "https://data.kartverket.no/tilgjengelighet/tilgjengelighet_thumb/4601_TettstedHCparkering_20231007101537_t.jpg", "bilde3_t": "https://data.kartverket.no/tilgjengelighet/tilgjengelighet_thumb/4601_TettstedHCparkering_20231007102007_t.jpg"}}, {"type": "Feature", "id": 22, "geometry": {"type": "Point", "coordinates": [5.3495859994490855, 60.36751200042386]}, "properties": {"OBJECTID": 22, "adressenavn": "Finnbergåsen", "informasjon": null, "gatelangsparkering": "Ja", "fortauskant_mindre_enn25cm": "Nei", "overbygg_parkeringsplaa": "Nei", "stigninggrader": 4, "byggingpagar": "Nei", "bredde_cm": null, "lengde_cm": null, "bildefil1": "https://data.kartverket.no/tilgjengelighet/tilgjengelighet/4601_TettstedHCparkering_20231007114043.jpg", "bildefil2": "https://data.kartverket.no/tilgjengelighet/tilgjengelighet/4601_TettstedHCparkering_20231007114044.jpg", "bildefil3": "https://data.kartverket.no/tilgjengelighet/tilgjengelighet/4601_TettstedHCparkering_20231007114045.jpg", "bilde1_t": "https://data.kartverket.no/tilgjengelighet/tilgjengelighet_thumb/4601_TettstedHCparkering_20231007114043_t.jpg", "bilde2_t": "https://data.kartverket.no/tilgjengelighet/tilgjengelighet_thumb/4601_TettstedHCparkering_20231007114044_t.jpg", "bilde3_t": "https://data.kartverket.no/tilgjengelighet/tilgjengelighet_thumb/4601_TettstedHCparkering_20231007114045_t.jpg"}}, {"type": "Feature", "id": 23, "geometry": {"type": "Point", "coordinates": [5.349617999608832, 60.36740400021796]}, "properties": {"OBJECTID": 23, "adressenavn": "Finnbergåsen", "informasjon": null, "gatelangsparkering": "Ja", "fortauskant_mindre_enn25cm": "Nei", "overbygg_parkeringsplaa": "Nei", "stigninggrader": 3, "byggingpagar": "Nei", "bredde_cm": null, "lengde_cm": null, "bildefil1": "https://data.kartverket.no/tilgjengelighet/tilgjengelighet/4601_TettstedHCparkering_20231007114345.jpg", "bildefil2": "https://data.kartverket.no/tilgjengelighet/tilgjengelighet/4601_TettstedHCparkering_20231007114346.jpg", "bildefil3": "https://data.kartverket.no/tilgjengelighet/tilgjengelighet/4601_TettstedHCparkering_20231007114347.jpg", "bilde1_t": "https://data.kartverket.no/tilgjengelighet/tilgjengelighet_thumb/4601_TettstedHCparkering_20231007114345_t.jpg", "bilde2_t": "https://data.kartverket.no/tilgjengelighet/tilgjengelighet_thumb/4601_TettstedHCparkering_20231007114346_t.jpg", "bilde3_t": "https://data.kartverket.no/tilgjengelighet/tilgjengelighet_thumb/4601_TettstedHCparkering_20231007114347_t.jpg"}}, {"type": "Feature", "id": 24, "geometry": {"type": "Point", "coordinates": [5.349599000517054, 60.36745800019875]}, "properties": {"OBJECTID": 24, "adressenavn": "Finnbergåsen", "informasjon": null, "gatelangsparkering": "Ja", "fortauskant_mindre_enn25cm": "Nei", "overbygg_parkeringsplaa": "Nei", "stigninggrader": 3, "byggingpagar": "Nei", "bredde_cm": null, "lengde_cm": null, "bildefil1": "https://data.kartverket.no/tilgjengelighet/tilgjengelighet/4601_TettstedHCparkering_20231007114643.jpg", "bildefil2": "https://data.kartverket.no/tilgjengelighet/tilgjengelighet/4601_TettstedHCparkering_20231007114644.jpg", "bildefil3": "https://data.kartverket.no/tilgjengelighet/tilgjengelighet/4601_TettstedHCparkering_20231007114645.jpg", "bilde1_t": "https://data.kartverket.no/tilgjengelighet/tilgjengelighet_thumb/4601_TettstedHCparkering_20231007114643_t.jpg", "bilde2_t": "https://data.kartverket.no/tilgjengelighet/tilgjengelighet_thumb/4601_TettstedHCparkering_20231007114644_t.jpg", "bilde3_t": "https://data.kartverket.no/tilgjengelighet/tilgjengelighet_thumb/4601_TettstedHCparkering_20231007114645_t.jpg"}}, {"type": "Feature", "id": 25, "geometry": {"type": "Point", "coordinates": [5.304124999650928, 60.34644000039208]}, "properties": {"OBJECTID": 25, "adressenavn": "Lyshovden", "informasjon": null, "gatelangsparkering": "Ja", "fortauskant_mindre_enn25cm": "Nei", "overbygg_parkeringsplaa": "Nei", "stigninggrader": 12, "byggingpagar": "Nei", "bredde_cm": null, "lengde_cm": null, "bildefil1": "https://data.kartverket.no/tilgjengelighet/tilgjengelighet/4601_TettstedHCparkering_20231025084642.jpg", "bildefil2": "https://data.kartverket.no/tilgjengelighet/tilgjengelighet/4601_TettstedHCparkering_20231025090105.jpg", "bildefil3": "https://data.kartverket.no/tilgjengelighet/tilgjengelighet/4601_TettstedHCparkering_20231025090106.jpg", "bilde1_t": "https://data.kartverket.no/tilgjengelighet/tilgjengelighet_thumb/4601_TettstedHCparkering_20231025084642_t.jpg", "bilde2_t": "https://data.kartverket.no/tilgjengelighet/tilgjengelighet_thumb/4601_TettstedHCparkering_20231025090105_t.jpg", "bilde3_t": "https://data.kartverket.no/tilgjengelighet/tilgjengelighet_thumb/4601_TettstedHCparkering_20231025090106_t.jpg"}}, {"type": "Feature", "id": 26, "geometry": {"type": "Point", "coordinates": [5.3041649996537705, 60.346491000242956]}, "properties": {"OBJECTID": 26, "adressenavn": "Lyshovden", "informasjon": null, "gatelangsparkering": "Ja", "fortauskant_mindre_enn25cm": "Nei", "overbygg_parkeringsplaa": "Nei", "stigninggrader": 12, "byggingpagar": "Nei", "bredde_cm": null, "lengde_cm": null, "bildefil1": "https://data.kartverket.no/tilgjengelighet/tilgjengelighet/4601_TettstedHCparkering_20231025090412.jpg", "bildefil2": "https://data.kartverket.no/tilgjengelighet/tilgjengelighet/4601_TettstedHCparkering_20231025090413.jpg", "bildefil3": "https://data.kartverket.no/tilgjengelighet/tilgjengelighet/4601_TettstedHCparkering_20231025090414.jpg", "bilde1_t": "https://data.kartverket.no/tilgjengelighet/tilgjengelighet_thumb/4601_TettstedHCparkering_20231025090412_t.jpg", "bilde2_t": "https://data.kartverket.no/tilgjengelighet/tilgjengelighet_thumb/4601_TettstedHCparkering_20231025090413_t.jpg", "bilde3_t": "https://data.kartverket.no/tilgjengelighet/tilgjengelighet_thumb/4601_TettstedHCparkering_20231025090414_t.jpg"}}, {"type": "Feature", "id": 27, "geometry": {"type": "Point", "coordinates": [5.304190000451679, 60.34656599965965]}, "properties": {"OBJECTID": 27, "adressenavn": "Lyshovden", "informasjon": null, "gatelangsparkering": "Ja", "fortauskant_mindre_enn25cm": "Nei", "overbygg_parkeringsplaa": "Nei", "stigninggrader": 12, "byggingpagar": "Nei", "bredde_cm": null, "lengde_cm": null, "bildefil1": "https://data.kartverket.no/tilgjengelighet/tilgjengelighet/4601_TettstedHCparkering_20231025091248.jpg", "bildefil2": "https://data.kartverket.no/tilgjengelighet/tilgjengelighet/4601_TettstedHCparkering_20231025091249.jpg", "bildefil3": "https://data.kartverket.no/tilgjengelighet/tilgjengelighet/4601_TettstedHCparkering_20231025091250.jpg", "bilde1_t": "https://data.kartverket.no/tilgjengelighet/tilgjengelighet_thumb/4601_TettstedHCparkering_20231025091248_t.jpg", "bilde2_t": "https://data.kartverket.no/tilgjengelighet/tilgjengelighet_thumb/4601_TettstedHCparkering_20231025091249_t.jpg", "bilde3_t": "https://data.kartverket.no/tilgjengelighet/tilgjengelighet_thumb/4601_TettstedHCparkering_20231025091250_t.jpg"}}, {"type": "Feature", "id": 28, "geometry": {"type": "Point", "coordinates": [5.304221999127363, 60.34663600027226]}, "properties": {"OBJECTID": 28, "adressenavn": "Lyshovden", "informasjon": null, "gatelangsparkering": "Ja", "fortauskant_mindre_enn25cm": "Nei", "overbygg_parkeringsplaa": "Nei", "stigninggrader": 12, "byggingpagar": "Nei", "bredde_cm": null, "lengde_cm": null, "bildefil1": "https://data.kartverket.no/tilgjengelighet/tilgjengelighet/4601_TettstedHCparkering_20231025091650.jpg", "bildefil2": "https://data.kartverket.no/tilgjengelighet/tilgjengelighet/4601_TettstedHCparkering_20231025091651.jpg", "bildefil3": "https://data.kartverket.no/tilgjengelighet/tilgjengelighet/4601_TettstedHCparkering_20231025091652.jpg", "bilde1_t": "https://data.kartverket.no/tilgjengelighet/tilgjengelighet_thumb/4601_TettstedHCparkering_20231025091650_t.jpg", "bilde2_t": "https://data.kartverket.no/tilgjengelighet/tilgjengelighet_thumb/4601_TettstedHCparkering_20231025091651_t.jpg", "bilde3_t": "https://data.kartverket.no/tilgjengelighet/tilgjengelighet_thumb/4601_TettstedHCparkering_20231025091652_t.jpg"}}, {"type": "Feature", "id": 29, "geometry": {"type": "Point", "coordinates": [5.3042619998944796, 60.346741999772604]}, "properties": {"OBJECTID": 29, "adressenavn": "Lyshovden", "informasjon": null, "gatelangsparkering": "Ja", "fortauskant_mindre_enn25cm": "Nei", "overbygg_parkeringsplaa": "Nei", "stigninggrader": 12, "byggingpagar": "Nei", "bredde_cm": null, "lengde_cm": null, "bildefil1": "https://data.kartverket.no/tilgjengelighet/tilgjengelighet/4601_TettstedHCparkering_20231025091928.jpg", "bildefil2": "https://data.kartverket.no/tilgjengelighet/tilgjengelighet/4601_TettstedHCparkering_20231025092022.jpg", "bildefil3": "https://data.kartverket.no/tilgjengelighet/tilgjengelighet/4601_TettstedHCparkering_20231025092128.jpg", "bilde1_t": "https://data.kartverket.no/tilgjengelighet/tilgjengelighet_thumb/4601_TettstedHCparkering_20231025091928_t.jpg", "bilde2_t": "https://data.kartverket.no/tilgjengelighet/tilgjengelighet_thumb/4601_TettstedHCparkering_20231025092022_t.jpg", "bilde3_t": "https://data.kartverket.no/tilgjengelighet/tilgjengelighet_thumb/4601_TettstedHCparkering_20231025092128_t.jpg"}}, {"type": "Feature", "id": 30, "geometry": {"type": "Point", "coordinates": [5.3042909997750884, 60.346811000130984]}, "properties": {"OBJECTID": 30, "adressenavn": "Lyshovden", "informasjon": null, "gatelangsparkering": "Ja", "fortauskant_mindre_enn25cm": "Nei", "overbygg_parkeringsplaa": "Nei", "stigninggrader": 12, "byggingpagar": "Nei", "bredde_cm": null, "lengde_cm": null, "bildefil1": "https://data.kartverket.no/tilgjengelighet/tilgjengelighet/4601_TettstedHCparkering_20231025085417.jpg", "bildefil2": "https://data.kartverket.no/tilgjengelighet/tilgjengelighet/4601_TettstedHCparkering_20231025092222.jpg", "bildefil3": "https://data.kartverket.no/tilgjengelighet/tilgjengelighet/4601_TettstedHCparkering_20231025092347.jpg", "bilde1_t": "https://data.kartverket.no/tilgjengelighet/tilgjengelighet_thumb/4601_TettstedHCparkering_20231025085417_t.jpg", "bilde2_t": "https://data.kartverket.no/tilgjengelighet/tilgjengelighet_thumb/4601_TettstedHCparkering_20231025092222_t.jpg", "bilde3_t": "https://data.kartverket.no/tilgjengelighet/tilgjengelighet_thumb/4601_TettstedHCparkering_20231025092347_t.jpg"}}, {"type": "Feature", "id": 31, "geometry": {"type": "Point", "coordinates": [5.323361999732909, 60.393124999598534]}, "properties": {"OBJECTID": 31, "adressenavn": "Valkendorfsgaten", "informasjon": null, "gatelangsparkering": "Ja", "fortauskant_mindre_enn25cm": "Nei", "overbygg_parkeringsplaa": "Nei", "stigninggrader": 3, "byggingpagar": "Nei", "bredde_cm": null, "lengde_cm": null, "bildefil1": "https://data.kartverket.no/tilgjengelighet/tilgjengelighet/4601_TettstedHCparkering_20231104090946.jpg", "bildefil2": "https://data.kartverket.no/tilgjengelighet/tilgjengelighet/4601_TettstedHCparkering_20231104090947.jpg", "bildefil3": "https://data.kartverket.no/tilgjengelighet/tilgjengelighet/4601_TettstedHCparkering_20231104090948.jpg", "bilde1_t": "https://data.kartverket.no/tilgjengelighet/tilgjengelighet_thumb/4601_TettstedHCparkering_20231104090946_t.jpg", "bilde2_t": "https://data.kartverket.no/tilgjengelighet/tilgjengelighet_thumb/4601_TettstedHCparkering_20231104090947_t.jpg", "bilde3_t": "https://data.kartverket.no/tilgjengelighet/tilgjengelighet_thumb/4601_TettstedHCparkering_20231104090948_t.jpg"}}, {"type": "Feature", "id": 32, "geometry": {"type": "Point", "coordinates": [5.317471999426456, 60.391667999703856]}, "properties": {"OBJECTID": 32, "adressenavn": "Teatergaten", "informasjon": null, "gatelangsparkering": "Ja", "fortauskant_mindre_enn25cm": "Ja", "overbygg_parkeringsplaa": "Nei", "stigninggrader": 1, "byggingpagar": "Nei", "bredde_cm": null, "lengde_cm": null, "bildefil1": "https://data.kartverket.no/tilgjengelighet/tilgjengelighet/4601_TettstedHCparkering_20230819084853.jpg", "bildefil2": "https://data.kartverket.no/tilgjengelighet/tilgjengelighet/4601_TettstedHCparkering_20230819084854.jpg", "bildefil3": "https://data.kartverket.no/tilgjengelighet/tilgjengelighet/4601_TettstedHCparkering_20230819084855.jpg", "bilde1_t": "https://data.kartverket.no/tilgjengelighet/tilgjengelighet_thumb/4601_TettstedHCparkering_20230819084853_t.jpg", "bilde2_t": "https://data.kartverket.no/tilgjengelighet/tilgjengelighet_thumb/4601_TettstedHCparkering_20230819084854_t.jpg", "bilde3_t": "https://data.kartverket.no/tilgjengelighet/tilgjengelighet_thumb/4601_TettstedHCparkering_20230819084855_t.jpg"}}, {"type": "Feature", "id": 33, "geometry": {"type": "Point", "coordinates": [5.317788000817309, 60.39175400033973]}, "properties": {"OBJECTID": 33, "adressenavn": "Neumanns gate", "informasjon": null, "gatelangsparkering": "Ja", "fortauskant_mindre_enn25cm": "Ja", "overbygg_parkeringsplaa": "Nei", "stigninggrader": 1, "byggingpagar": "Nei", "bredde_cm": null, "lengde_cm": null, "bildefil1": "https://data.kartverket.no/tilgjengelighet/tilgjengelighet/4601_TettstedHCparkering_20230826084447.jpg", "bildefil2": "https://data.kartverket.no/tilgjengelighet/tilgjengelighet/4601_TettstedHCparkering_20230826084448.jpg", "bildefil3": "https://data.kartverket.no/tilgjengelighet/tilgjengelighet/4601_TettstedHCparkering_20230826084449.jpg", "bilde1_t": "https://data.kartverket.no/tilgjengelighet/tilgjengelighet_thumb/4601_TettstedHCparkering_20230826084447_t.jpg", "bilde2_t": "https://data.kartverket.no/tilgjengelighet/tilgjengelighet_thumb/4601_TettstedHCparkering_20230826084448_t.jpg", "bilde3_t": "https://data.kartverket.no/tilgjengelighet/tilgjengelighet_thumb/4601_TettstedHCparkering_20230826084449_t.jpg"}}, {"type": "Feature", "id": 34, "geometry": {"type": "Point", "coordinates": [5.317920000486115, 60.39172100036907]}, "properties": {"OBJECTID": 34, "adressenavn": "Neumanns gate", "informasjon": null, "gatelangsparkering": "Ja", "fortauskant_mindre_enn25cm": "Ja", "overbygg_parkeringsplaa": "Nei", "stigninggrader": 1, "byggingpagar": "Nei", "bredde_cm": null, "lengde_cm": null, "bildefil1": "https://data.kartverket.no/tilgjengelighet/tilgjengelighet/4601_TettstedHCparkering_20230826084629.jpg", "bildefil2": "https://data.kartverket.no/tilgjengelighet/tilgjengelighet/4601_TettstedHCparkering_20230826084630.jpg", "bildefil3": "https://data.kartverket.no/tilgjengelighet/tilgjengelighet/4601_TettstedHCparkering_20230826084631.jpg", "bilde1_t": "https://data.kartverket.no/tilgjengelighet/tilgjengelighet_thumb/4601_TettstedHCparkering_20230826084629_t.jpg", "bilde2_t": "https://data.kartverket.no/tilgjengelighet/tilgjengelighet_thumb/4601_TettstedHCparkering_20230826084630_t.jpg", "bilde3_t": "https://data.kartverket.no/tilgjengelighet/tilgjengelighet_thumb/4601_TettstedHCparkering_20230826084631_t.jpg"}}, {"type": "Feature", "id": 35, "geometry": {"type": "Point", "coordinates": [5.317409999768836, 60.391622000440634]}, "properties": {"OBJECTID": 35, "adressenavn": "Teatergaten", "informasjon": null, "gatelangsparkering": "Ja", "fortauskant_mindre_enn25cm": "Ja", "overbygg_parkeringsplaa": "Nei", "stigninggrader": 2, "byggingpagar": "Nei", "bredde_cm": null, "lengde_cm": null, "bildefil1": "https://data.kartverket.no/tilgjengelighet/tilgjengelighet/4601_TettstedHCparkering_20230819084614.jpg", "bildefil2": "https://data.kartverket.no/tilgjengelighet/tilgjengelighet/4601_TettstedHCparkering_20230819084615.jpg", "bildefil3": "https://data.kartverket.no/tilgjengelighet/tilgjengelighet/4601_TettstedHCparkering_20230819084616.jpg", "bilde1_t": "https://data.kartverket.no/tilgjengelighet/tilgjengelighet_thumb/4601_TettstedHCparkering_20230819084614_t.jpg", "bilde2_t": "https://data.kartverket.no/tilgjengelighet/tilgjengelighet_thumb/4601_TettstedHCparkering_20230819084615_t.jpg", "bilde3_t": "https://data.kartverket.no/tilgjengelighet/tilgjengelighet_thumb/4601_TettstedHCparkering_20230819084616_t.jpg"}}, {"type": "Feature", "id": 36, "geometry": {"type": "Point", "coordinates": [5.317353999944131, 60.39157499972618]}, "properties": {"OBJECTID": 36, "adressenavn": "Teatergaten", "informasjon": null, "gatelangsparkering": "Ja", "fortauskant_mindre_enn25cm": "Ja", "overbygg_parkeringsplaa": "Nei", "stigninggrader": 2, "byggingpagar": "Nei", "bredde_cm": null, "lengde_cm": null, "bildefil1": "https://data.kartverket.no/tilgjengelighet/tilgjengelighet/4601_TettstedHCparkering_20230819084406.jpg", "bildefil2": "https://data.kartverket.no/tilgjengelighet/tilgjengelighet/4601_TettstedHCparkering_20230819084407.jpg", "bildefil3": "https://data.kartverket.no/tilgjengelighet/tilgjengelighet/4601_TettstedHCparkering_20230819084408.jpg", "bilde1_t": "https://data.kartverket.no/tilgjengelighet/tilgjengelighet_thumb/4601_TettstedHCparkering_20230819084406_t.jpg", "bilde2_t": "https://data.kartverket.no/tilgjengelighet/tilgjengelighet_thumb/4601_TettstedHCparkering_20230819084407_t.jpg", "bilde3_t": "https://data.kartverket.no/tilgjengelighet/tilgjengelighet_thumb/4601_TettstedHCparkering_20230819084408_t.jpg"}}, {"type": "Feature", "id": 37, "geometry": {"type": "Point", "coordinates": [5.317287000715901, 60.39152099993307]}, "properties": {"OBJECTID": 37, "adressenavn": "Teatergaten", "informasjon": null, "gatelangsparkering": "Ja", "fortauskant_mindre_enn25cm": "Ja", "overbygg_parkeringsplaa": "Nei", "stigninggrader": 1, "byggingpagar": "Nei", "bredde_cm": null, "lengde_cm": null, "bildefil1": "https://data.kartverket.no/tilgjengelighet/tilgjengelighet/4601_TettstedHCparkering_20230819084215.jpg", "bildefil2": "https://data.kartverket.no/tilgjengelighet/tilgjengelighet/4601_TettstedHCparkering_20230819084216.jpg", "bildefil3": "https://data.kartverket.no/tilgjengelighet/tilgjengelighet/4601_TettstedHCparkering_20230819084217.jpg", "bilde1_t": "https://data.kartverket.no/tilgjengelighet/tilgjengelighet_thumb/4601_TettstedHCparkering_20230819084215_t.jpg", "bilde2_t": "https://data.kartverket.no/tilgjengelighet/tilgjengelighet_thumb/4601_TettstedHCparkering_20230819084216_t.jpg", "bilde3_t": "https://data.kartverket.no/tilgjengelighet/tilgjengelighet_thumb/4601_TettstedHCparkering_20230819084217_t.jpg"}}, {"type": "Feature", "id": 38, "geometry": {"type": "Point", "coordinates": [5.319374000770492, 60.391158999919114]}, "properties": {"OBJECTID": 38, "adressenavn": "Magnus Barfots gate", "informasjon": null, "gatelangsparkering": "Ja", "fortauskant_mindre_enn25cm": "Ja", "overbygg_parkeringsplaa": "Nei", "stigninggrader": 3, "byggingpagar": "Nei", "bredde_cm": null, "lengde_cm": null, "bildefil1": "https://data.kartverket.no/tilgjengelighet/tilgjengelighet/4601_TettstedHCparkering_20230819085802.jpg", "bildefil2": "https://data.kartverket.no/tilgjengelighet/tilgjengelighet/4601_TettstedHCparkering_20230819085803.jpg", "bildefil3": "https://data.kartverket.no/tilgjengelighet/tilgjengelighet/4601_TettstedHCparkering_20230819085804.jpg", "bilde1_t": "https://data.kartverket.no/tilgjengelighet/tilgjengelighet_thumb/4601_TettstedHCparkering_20230819085802_t.jpg", "bilde2_t": "https://data.kartverket.no/tilgjengelighet/tilgjengelighet_thumb/4601_TettstedHCparkering_20230819085803_t.jpg", "bilde3_t": "https://data.kartverket.no/tilgjengelighet/tilgjengelighet_thumb/4601_TettstedHCparkering_20230819085804_t.jpg"}}, {"type": "Feature", "id": 39, "geometry": {"type": "Point", "coordinates": [5.3193309992063025, 60.391130000136634]}, "properties": {"OBJECTID": 39, "adressenavn": "Magnus Barfots gate", "informasjon": null, "gatelangsparkering": "Ja", "fortauskant_mindre_enn25cm": "Ja", "overbygg_parkeringsplaa": "Nei", "stigninggrader": 3, "byggingpagar": "Nei", "bredde_cm": null, "lengde_cm": null, "bildefil1": "https://data.kartverket.no/tilgjengelighet/tilgjengelighet/4601_TettstedHCparkering_20230819085600.jpg", "bildefil2": "https://data.kartverket.no/tilgjengelighet/tilgjengelighet/4601_TettstedHCparkering_20230819085601.jpg", "bildefil3": "https://data.kartverket.no/tilgjengelighet/tilgjengelighet/4601_TettstedHCparkering_20230819085602.jpg", "bilde1_t": "https://data.kartverket.no/tilgjengelighet/tilgjengelighet_thumb/4601_TettstedHCparkering_20230819085600_t.jpg", "bilde2_t": "https://data.kartverket.no/tilgjengelighet/tilgjengelighet_thumb/4601_TettstedHCparkering_20230819085601_t.jpg", "bilde3_t": "https://data.kartverket.no/tilgjengelighet/tilgjengelighet_thumb/4601_TettstedHCparkering_20230819085602_t.jpg"}}, {"type": "Feature", "id": 40, "geometry": {"type": "Point", "coordinates": [5.319300999479859, 60.391088999599496]}, "properties": {"OBJECTID": 40, "adressenavn": "Magnus Barfots gate", "informasjon": null, "gatelangsparkering": "Ja", "fortauskant_mindre_enn25cm": "Ja", "overbygg_parkeringsplaa": "Nei", "stigninggrader": 3, "byggingpagar": "Nei", "bredde_cm": null, "lengde_cm": null, "bildefil1": "https://data.kartverket.no/tilgjengelighet/tilgjengelighet/4601_TettstedHCparkering_20230819085400.jpg", "bildefil2": "https://data.kartverket.no/tilgjengelighet/tilgjengelighet/4601_TettstedHCparkering_20230819085401.jpg", "bildefil3": "https://data.kartverket.no/tilgjengelighet/tilgjengelighet/4601_TettstedHCparkering_20230819085402.jpg", "bilde1_t": "https://data.kartverket.no/tilgjengelighet/tilgjengelighet_thumb/4601_TettstedHCparkering_20230819085400_t.jpg", "bilde2_t": "https://data.kartverket.no/tilgjengelighet/tilgjengelighet_thumb/4601_TettstedHCparkering_20230819085401_t.jpg", "bilde3_t": "https://data.kartverket.no/tilgjengelighet/tilgjengelighet_thumb/4601_TettstedHCparkering_20230819085402_t.jpg"}}, {"type": "Feature", "id": 41, "geometry": {"type": "Point", "coordinates": [5.319246999941814, 60.39104900028417]}, "properties": {"OBJECTID": 41, "adressenavn": "Magnus Barfots gate", "informasjon": null, "gatelangsparkering": "Ja", "fortauskant_mindre_enn25cm": "Ja", "overbygg_parkeringsplaa": "Nei", "stigninggrader": 3, "byggingpagar": "Nei", "bredde_cm": null, "lengde_cm": null, "bildefil1": "https://data.kartverket.no/tilgjengelighet/tilgjengelighet/4601_TettstedHCparkering_20230819085215.jpg", "bildefil2": "https://data.kartverket.no/tilgjengelighet/tilgjengelighet/4601_TettstedHCparkering_20230819085216.jpg", "bildefil3": "https://data.kartverket.no/tilgjengelighet/tilgjengelighet/4601_TettstedHCparkering_20230819085217.jpg", "bilde1_t": "https://data.kartverket.no/tilgjengelighet/tilgjengelighet_thumb/4601_TettstedHCparkering_20230819085215_t.jpg", "bilde2_t": "https://data.kartverket.no/tilgjengelighet/tilgjengelighet_thumb/4601_TettstedHCparkering_20230819085216_t.jpg", "bilde3_t": "https://data.kartverket.no/tilgjengelighet/tilgjengelighet_thumb/4601_TettstedHCparkering_20230819085217_t.jpg"}}, {"type": "Feature", "id": 42, "geometry": {"type": "Point", "coordinates": [5.3189659992841145, 60.391871999785124]}, "properties": {"OBJECTID": 42, "adressenavn": "Sverres gate", "informasjon": null, "gatelangsparkering": "Ja", "fortauskant_mindre_enn25cm": "Ja", "overbygg_parkeringsplaa": "Nei", "stigninggrader": 1, "byggingpagar": "Nei", "bredde_cm": null, "lengde_cm": null, "bildefil1": "https://data.kartverket.no/tilgjengelighet/tilgjengelighet/4601_TettstedHCparkering_20230826084902.jpg", "bildefil2": "https://data.kartverket.no/tilgjengelighet/tilgjengelighet/4601_TettstedHCparkering_20230826084903.jpg", "bildefil3": "https://data.kartverket.no/tilgjengelighet/tilgjengelighet/4601_TettstedHCparkering_20230826084904.jpg", "bilde1_t": "https://data.kartverket.no/tilgjengelighet/tilgjengelighet_thumb/4601_TettstedHCparkering_20230826084902_t.jpg", "bilde2_t": "https://data.kartverket.no/tilgjengelighet/tilgjengelighet_thumb/4601_TettstedHCparkering_20230826084903_t.jpg", "bilde3_t": "https://data.kartverket.no/tilgjengelighet/tilgjengelighet_thumb/4601_TettstedHCparkering_20230826084904_t.jpg"}}, {"type": "Feature", "id": 43, "geometry": {"type": "Point", "coordinates": [5.320947999900252, 60.392097999876626]}, "properties": {"OBJECTID": 43, "adressenavn": "Engen", "informasjon": null, "gatelangsparkering": "Ja", "fortauskant_mindre_enn25cm": "Ja", "overbygg_parkeringsplaa": "Nei", "stigninggrader": 2, "byggingpagar": "Nei", "bredde_cm": null, "lengde_cm": null, "bildefil1": "https://data.kartverket.no/tilgjengelighet/tilgjengelighet/4601_TettstedHCparkering_20231104082515.jpg", "bildefil2": "https://data.kartverket.no/tilgjengelighet/tilgjengelighet/4601_TettstedHCparkering_20231104082517.jpg", "bildefil3": "https://data.kartverket.no/tilgjengelighet/tilgjengelighet/4601_TettstedHCparkering_20231104082738.jpg", "bilde1_t": "https://data.kartverket.no/tilgjengelighet/tilgjengelighet_thumb/4601_TettstedHCparkering_20231104082515_t.jpg", "bilde2_t": "https://data.kartverket.no/tilgjengelighet/tilgjengelighet_thumb/4601_TettstedHCparkering_20231104082517_t.jpg", "bilde3_t": "https://data.kartverket.no/tilgjengelighet/tilgjengelighet_thumb/4601_TettstedHCparkering_20231104082738_t.jpg"}}, {"type": "Feature", "id": 44, "geometry": {"type": "Point", "coordinates": [5.320229000792177, 60.3908269996074]}, "properties": {"OBJECTID": 44, "adressenavn": "Sigurds gate", "informasjon": null, "gatelangsparkering": "Ja", "fortauskant_mindre_enn25cm": "Ja", "overbygg_parkeringsplaa": "Nei", "stigninggrader": 3, "byggingpagar": "Nei", "bredde_cm": null, "lengde_cm": null, "bildefil1": "https://data.kartverket.no/tilgjengelighet/tilgjengelighet/4601_TettstedHCparkering_20230819090255.jpg", "bildefil2": "https://data.kartverket.no/tilgjengelighet/tilgjengelighet/4601_TettstedHCparkering_20230819090256.jpg", "bildefil3": "https://data.kartverket.no/tilgjengelighet/tilgjengelighet/4601_TettstedHCparkering_20230819090257.jpg", "bilde1_t": "https://data.kartverket.no/tilgjengelighet/tilgjengelighet_thumb/4601_TettstedHCparkering_20230819090255_t.jpg", "bilde2_t": "https://data.kartverket.no/tilgjengelighet/tilgjengelighet_thumb/4601_TettstedHCparkering_20230819090256_t.jpg", "bilde3_t": "https://data.kartverket.no/tilgjengelighet/tilgjengelighet_thumb/4601_TettstedHCparkering_20230819090257_t.jpg"}}, {"type": "Feature", "id": 45, "geometry": {"type": "Point", "coordinates": [5.320293999243877, 60.3908880000453]}, "properties": {"OBJECTID": 45, "adressenavn": "Sigurds gate", "informasjon": null, "gatelangsparkering": "Ja", "fortauskant_mindre_enn25cm": "Ja", "overbygg_parkeringsplaa": "Nei", "stigninggrader": 3, "byggingpagar": "Nei", "bredde_cm": null, "lengde_cm": null, "bildefil1": "https://data.kartverket.no/tilgjengelighet/tilgjengelighet/4601_TettstedHCparkering_20230819090535.jpg", "bildefil2": "https://data.kartverket.no/tilgjengelighet/tilgjengelighet/4601_TettstedHCparkering_20230819090536.jpg", "bildefil3": "https://data.kartverket.no/tilgjengelighet/tilgjengelighet/4601_TettstedHCparkering_20230819090537.jpg", "bilde1_t": "https://data.kartverket.no/tilgjengelighet/tilgjengelighet_thumb/4601_TettstedHCparkering_20230819090535_t.jpg", "bilde2_t": "https://data.kartverket.no/tilgjengelighet/tilgjengelighet_thumb/4601_TettstedHCparkering_20230819090536_t.jpg", "bilde3_t": "https://data.kartverket.no/tilgjengelighet/tilgjengelighet_thumb/4601_TettstedHCparkering_20230819090537_t.jpg"}}, {"type": "Feature", "id": 46, "geometry": {"type": "Point", "coordinates": [5.320357999302412, 60.390929000089216]}, "properties": {"OBJECTID": 46, "adressenavn": "Sigurds gate", "informasjon": null, "gatelangsparkering": "Ja", "fortauskant_mindre_enn25cm": "Ja", "overbygg_parkeringsplaa": "Nei", "stigninggrader": 2, "byggingpagar": "Nei", "bredde_cm": null, "lengde_cm": null, "bildefil1": "https://data.kartverket.no/tilgjengelighet/tilgjengelighet/4601_TettstedHCparkering_20230819090719.jpg", "bildefil2": "https://data.kartverket.no/tilgjengelighet/tilgjengelighet/4601_TettstedHCparkering_20230819090720.jpg", "bildefil3": "https://data.kartverket.no/tilgjengelighet/tilgjengelighet/4601_TettstedHCparkering_20230819090721.jpg", "bilde1_t": "https://data.kartverket.no/tilgjengelighet/tilgjengelighet_thumb/4601_TettstedHCparkering_20230819090719_t.jpg", "bilde2_t": "https://data.kartverket.no/tilgjengelighet/tilgjengelighet_thumb/4601_TettstedHCparkering_20230819090720_t.jpg", "bilde3_t": "https://data.kartverket.no/tilgjengelighet/tilgjengelighet_thumb/4601_TettstedHCparkering_20230819090721_t.jpg"}}, {"type": "Feature", "id": 47, "geometry": {"type": "Point", "coordinates": [5.321913999226995, 60.392262000067234]}, "properties": {"OBJECTID": 47, "adressenavn": "Øvre Ole Bulls plass", "informasjon": null, "gatelangsparkering": "Ja", "fortauskant_mindre_enn25cm": "Ja", "overbygg_parkeringsplaa": "Nei", "stigninggrader": 4, "byggingpagar": "Nei", "bredde_cm": null, "lengde_cm": null, "bildefil1": "https://data.kartverket.no/tilgjengelighet/tilgjengelighet/4601_TettstedHCparkering_20230826085807.jpg", "bildefil2": "https://data.kartverket.no/tilgjengelighet/tilgjengelighet/4601_TettstedHCparkering_20230826085808.jpg", "bildefil3": "https://data.kartverket.no/tilgjengelighet/tilgjengelighet/4601_TettstedHCparkering_20230826085809.jpg", "bilde1_t": "https://data.kartverket.no/tilgjengelighet/tilgjengelighet_thumb/4601_TettstedHCparkering_20230826085807_t.jpg", "bilde2_t": "https://data.kartverket.no/tilgjengelighet/tilgjengelighet_thumb/4601_TettstedHCparkering_20230826085808_t.jpg", "bilde3_t": "https://data.kartverket.no/tilgjengelighet/tilgjengelighet_thumb/4601_TettstedHCparkering_20230826085809_t.jpg"}}, {"type": "Feature", "id": 48, "geometry": {"type": "Point", "coordinates": [5.322039999172972, 60.39222899998119]}, "properties": {"OBJECTID": 48, "adressenavn": "Øvre Ole Bulls plass", "informasjon": null, "gatelangsparkering": "Ja", "fortauskant_mindre_enn25cm": "Nei", "overbygg_parkeringsplaa": "Nei", "stigninggrader": 5, "byggingpagar": "Nei", "bredde_cm": null, "lengde_cm": null, "bildefil1": "https://data.kartverket.no/tilgjengelighet/tilgjengelighet/4601_TettstedHCparkering_20230826085638.jpg", "bildefil2": "https://data.kartverket.no/tilgjengelighet/tilgjengelighet/4601_TettstedHCparkering_20230826085639.jpg", "bildefil3": "https://data.kartverket.no/tilgjengelighet/tilgjengelighet/4601_TettstedHCparkering_20230826085640.jpg", "bilde1_t": "https://data.kartverket.no/tilgjengelighet/tilgjengelighet_thumb/4601_TettstedHCparkering_20230826085638_t.jpg", "bilde2_t": "https://data.kartverket.no/tilgjengelighet/tilgjengelighet_thumb/4601_TettstedHCparkering_20230826085639_t.jpg", "bilde3_t": "https://data.kartverket.no/tilgjengelighet/tilgjengelighet_thumb/4601_TettstedHCparkering_20230826085640_t.jpg"}}, {"type": "Feature", "id": 49, "geometry": {"type": "Point", "coordinates": [5.3226810007334775, 60.392684999989534]}, "properties": {"OBJECTID": 49, "adressenavn": "Markeveien", "informasjon": null, "gatelangsparkering": "Ja", "fortauskant_mindre_enn25cm": "Ja", "overbygg_parkeringsplaa": "Nei", "stigninggrader": 3, "byggingpagar": "Nei", "bredde_cm": null, "lengde_cm": null, "bildefil1": "https://data.kartverket.no/tilgjengelighet/tilgjengelighet/4601_TettstedHCparkering_20230812085317.jpg", "bildefil2": "https://data.kartverket.no/tilgjengelighet/tilgjengelighet/4601_TettstedHCparkering_20230812085318.jpg", "bildefil3": "https://data.kartverket.no/tilgjengelighet/tilgjengelighet/4601_TettstedHCparkering_20230812085319.jpg", "bilde1_t": "https://data.kartverket.no/tilgjengelighet/tilgjengelighet_thumb/4601_TettstedHCparkering_20230812085317_t.jpg", "bilde2_t": "https://data.kartverket.no/tilgjengelighet/tilgjengelighet_thumb/4601_TettstedHCparkering_20230812085318_t.jpg", "bilde3_t": "https://data.kartverket.no/tilgjengelighet/tilgjengelighet_thumb/4601_TettstedHCparkering_20230812085319_t.jpg"}}, {"type": "Feature", "id": 50, "geometry": {"type": "Point", "coordinates": [5.322538999311743, 60.39272000030839]}, "properties": {"OBJECTID": 50, "adressenavn": "Markeveien", "informasjon": null, "gatelangsparkering": "Ja", "fortauskant_mindre_enn25cm": "Ja", "overbygg_parkeringsplaa": "Nei", "stigninggrader": 4, "byggingpagar": "Nei", "bredde_cm": null, "lengde_cm": null, "bildefil1": "https://data.kartverket.no/tilgjengelighet/tilgjengelighet/4601_TettstedHCparkering_20230812085026.jpg", "bildefil2": "https://data.kartverket.no/tilgjengelighet/tilgjengelighet/4601_TettstedHCparkering_20230812085027.jpg", "bildefil3": "https://data.kartverket.no/tilgjengelighet/tilgjengelighet/4601_TettstedHCparkering_20230812085028.jpg", "bilde1_t": "https://data.kartverket.no/tilgjengelighet/tilgjengelighet_thumb/4601_TettstedHCparkering_20230812085026_t.jpg", "bilde2_t": "https://data.kartverket.no/tilgjengelighet/tilgjengelighet_thumb/4601_TettstedHCparkering_20230812085027_t.jpg", "bilde3_t": "https://data.kartverket.no/tilgjengelighet/tilgjengelighet_thumb/4601_TettstedHCparkering_20230812085028_t.jpg"}}, {"type": "Feature", "id": 51, "geometry": {"type": "Point", "coordinates": [5.322273000491729, 60.392796000097995]}, "properties": {"OBJECTID": 51, "adressenavn": "Markeveien", "informasjon": null, "gatelangsparkering": "Ja", "fortauskant_mindre_enn25cm": "Ja", "overbygg_parkeringsplaa": "Nei", "stigninggrader": 5, "byggingpagar": "Nei", "bredde_cm": null, "lengde_cm": null, "bildefil1": "https://data.kartverket.no/tilgjengelighet/tilgjengelighet/4601_TettstedHCparkering_20230812084607.jpg", "bildefil2": "https://data.kartverket.no/tilgjengelighet/tilgjengelighet/4601_TettstedHCparkering_20230812084608.jpg", "bildefil3": "https://data.kartverket.no/tilgjengelighet/tilgjengelighet/4601_TettstedHCparkering_20230812084609.jpg", "bilde1_t": "https://data.kartverket.no/tilgjengelighet/tilgjengelighet_thumb/4601_TettstedHCparkering_20230812084607_t.jpg", "bilde2_t": "https://data.kartverket.no/tilgjengelighet/tilgjengelighet_thumb/4601_TettstedHCparkering_20230812084608_t.jpg", "bilde3_t": "https://data.kartverket.no/tilgjengelighet/tilgjengelighet_thumb/4601_TettstedHCparkering_20230812084609_t.jpg"}}, {"type": "Feature", "id": 52, "geometry": {"type": "Point", "coordinates": [5.323213999610406, 60.39308499990357]}, "properties": {"OBJECTID": 52, "adressenavn": "Valkendorfsgaten", "informasjon": null, "gatelangsparkering": "Ja", "fortauskant_mindre_enn25cm": "Nei", "overbygg_parkeringsplaa": "Nei", "stigninggrader": 2, "byggingpagar": "Nei", "bredde_cm": null, "lengde_cm": null, "bildefil1": "https://data.kartverket.no/tilgjengelighet/tilgjengelighet/4601_TettstedHCparkering_20231104092235.jpg", "bildefil2": "https://data.kartverket.no/tilgjengelighet/tilgjengelighet/4601_TettstedHCparkering_20231104092236.jpg", "bildefil3": "https://data.kartverket.no/tilgjengelighet/tilgjengelighet/4601_TettstedHCparkering_20231104092237.jpg", "bilde1_t": "https://data.kartverket.no/tilgjengelighet/tilgjengelighet_thumb/4601_TettstedHCparkering_20231104092235_t.jpg", "bilde2_t": "https://data.kartverket.no/tilgjengelighet/tilgjengelighet_thumb/4601_TettstedHCparkering_20231104092236_t.jpg", "bilde3_t": "https://data.kartverket.no/tilgjengelighet/tilgjengelighet_thumb/4601_TettstedHCparkering_20231104092237_t.jpg"}}, {"type": "Feature", "id": 53, "geometry": {"type": "Point", "coordinates": [5.323082999380351, 60.393117000019814]}, "properties": {"OBJECTID": 53, "adressenavn": "Valkendorfsgaten", "informasjon": null, "gatelangsparkering": "Ja", "fortauskant_mindre_enn25cm": "Nei", "overbygg_parkeringsplaa": "Nei", "stigninggrader": 2, "byggingpagar": "Nei", "bredde_cm": null, "lengde_cm": null, "bildefil1": "https://data.kartverket.no/tilgjengelighet/tilgjengelighet/4601_TettstedHCparkering_20231104092100.jpg", "bildefil2": "https://data.kartverket.no/tilgjengelighet/tilgjengelighet/4601_TettstedHCparkering_20231104092101.jpg", "bildefil3": "https://data.kartverket.no/tilgjengelighet/tilgjengelighet/4601_TettstedHCparkering_20231104092102.jpg", "bilde1_t": "https://data.kartverket.no/tilgjengelighet/tilgjengelighet_thumb/4601_TettstedHCparkering_20231104092100_t.jpg", "bilde2_t": "https://data.kartverket.no/tilgjengelighet/tilgjengelighet_thumb/4601_TettstedHCparkering_20231104092101_t.jpg", "bilde3_t": "https://data.kartverket.no/tilgjengelighet/tilgjengelighet_thumb/4601_TettstedHCparkering_20231104092102_t.jpg"}}, {"type": "Feature", "id": 54, "geometry": {"type": "Point", "coordinates": [5.323397000295949, 60.3931050004587]}, "properties": {"OBJECTID": 54, "adressenavn": "Valkendorfsgaten", "informasjon": null, "gatelangsparkering": "Ja", "fortauskant_mindre_enn25cm": "Nei", "overbygg_parkeringsplaa": "Nei", "stigninggrader": 2, "byggingpagar": "Nei", "bredde_cm": null, "lengde_cm": null, "bildefil1": "https://data.kartverket.no/tilgjengelighet/tilgjengelighet/4601_TettstedHCparkering_20231104091135.jpg", "bildefil2": "https://data.kartverket.no/tilgjengelighet/tilgjengelighet/4601_TettstedHCparkering_20231104091136.jpg", "bildefil3": "https://data.kartverket.no/tilgjengelighet/tilgjengelighet/4601_TettstedHCparkering_20231104091137.jpg", "bilde1_t": "https://data.kartverket.no/tilgjengelighet/tilgjengelighet_thumb/4601_TettstedHCparkering_20231104091135_t.jpg", "bilde2_t": "https://data.kartverket.no/tilgjengelighet/tilgjengelighet_thumb/4601_TettstedHCparkering_20231104091136_t.jpg", "bilde3_t": "https://data.kartverket.no/tilgjengelighet/tilgjengelighet_thumb/4601_TettstedHCparkering_20231104091137_t.jpg"}}, {"type": "Feature", "id": 55, "geometry": {"type": "Point", "coordinates": [5.323206000134473, 60.393167999643005]}, "properties": {"OBJECTID": 55, "adressenavn": "Valkendorfsgaten", "informasjon": null, "gatelangsparkering": "Ja", "fortauskant_mindre_enn25cm": "Nei", "overbygg_parkeringsplaa": "Nei", "stigninggrader": 2, "byggingpagar": "Nei", "bredde_cm": null, "lengde_cm": null, "bildefil1": "https://data.kartverket.no/tilgjengelighet/tilgjengelighet/4601_TettstedHCparkering_20231104091351.jpg", "bildefil2": "https://data.kartverket.no/tilgjengelighet/tilgjengelighet/4601_TettstedHCparkering_20231104091352.jpg", "bildefil3": "https://data.kartverket.no/tilgjengelighet/tilgjengelighet/4601_TettstedHCparkering_20231104091353.jpg", "bilde1_t": "https://data.kartverket.no/tilgjengelighet/tilgjengelighet_thumb/4601_TettstedHCparkering_20231104091351_t.jpg", "bilde2_t": "https://data.kartverket.no/tilgjengelighet/tilgjengelighet_thumb/4601_TettstedHCparkering_20231104091352_t.jpg", "bilde3_t": "https://data.kartverket.no/tilgjengelighet/tilgjengelighet_thumb/4601_TettstedHCparkering_20231104091353_t.jpg"}}, {"type": "Feature", "id": 56, "geometry": {"type": "Point", "coordinates": [5.323078000125681, 60.39366299965295]}, "properties": {"OBJECTID": 56, "adressenavn": "Christian Michelsens gate", "informasjon": null, "gatelangsparkering": "Ja", "fortauskant_mindre_enn25cm": "Ja", "overbygg_parkeringsplaa": "Nei", "stigninggrader": 3, "byggingpagar": "Nei", "bredde_cm": 228, "lengde_cm": 520, "bildefil1": "https://data.kartverket.no/tilgjengelighet/tilgjengelighet/4601_TettstedHCparkering_20230829073255.jpg", "bildefil2": "https://data.kartverket.no/tilgjengelighet/tilgjengelighet/4601_TettstedHCparkering_20230829073256.jpg", "bildefil3": "https://data.kartverket.no/tilgjengelighet/tilgjengelighet/4601_TettstedHCparkering_20230829073257.jpg", "bilde1_t": "https://data.kartverket.no/tilgjengelighet/tilgjengelighet_thumb/4601_TettstedHCparkering_20230829073255_t.jpg", "bilde2_t": "https://data.kartverket.no/tilgjengelighet/tilgjengelighet_thumb/4601_TettstedHCparkering_20230829073256_t.jpg", "bilde3_t": "https://data.kartverket.no/tilgjengelighet/tilgjengelighet_thumb/4601_TettstedHCparkering_20230829073257_t.jpg"}}, {"type": "Feature", "id": 57, "geometry": {"type": "Point", "coordinates": [5.32294899932782, 60.39362699984916]}, "properties": {"OBJECTID": 57, "adressenavn": "Christian Michelsens gate", "informasjon": null, "gatelangsparkering": "Ja", "fortauskant_mindre_enn25cm": "Ja", "overbygg_parkeringsplaa": "Nei", "stigninggrader": 3, "byggingpagar": "Nei", "bredde_cm": 228, "lengde_cm": 520, "bildefil1": "https://data.kartverket.no/tilgjengelighet/tilgjengelighet/4601_TettstedHCparkering_20230829073452.jpg", "bildefil2": "https://data.kartverket.no/tilgjengelighet/tilgjengelighet/4601_TettstedHCparkering_20230829073453.jpg", "bildefil3": "https://data.kartverket.no/tilgjengelighet/tilgjengelighet/4601_TettstedHCparkering_20230829073454.jpg", "bilde1_t": "https://data.kartverket.no/tilgjengelighet/tilgjengelighet_thumb/4601_TettstedHCparkering_20230829073452_t.jpg", "bilde2_t": "https://data.kartverket.no/tilgjengelighet/tilgjengelighet_thumb/4601_TettstedHCparkering_20230829073453_t.jpg", "bilde3_t": "https://data.kartverket.no/tilgjengelighet/tilgjengelighet_thumb/4601_TettstedHCparkering_20230829073454_t.jpg"}}, {"type": "Feature", "id": 58, "geometry": {"type": "Point", "coordinates": [5.322827999508614, 60.39358599989595]}, "properties": {"OBJECTID": 58, "adressenavn": "Christian Michelsens gate", "informasjon": null, "gatelangsparkering": "Ja", "fortauskant_mindre_enn25cm": "Ja", "overbygg_parkeringsplaa": "Nei", "stigninggrader": 3, "byggingpagar": "Nei", "bredde_cm": 228, "lengde_cm": 520, "bildefil1": "https://data.kartverket.no/tilgjengelighet/tilgjengelighet/4601_TettstedHCparkering_20230829073634.jpg", "bildefil2": "https://data.kartverket.no/tilgjengelighet/tilgjengelighet/4601_TettstedHCparkering_20230829073635.jpg", "bildefil3": "https://data.kartverket.no/tilgjengelighet/tilgjengelighet/4601_TettstedHCparkering_20230829073636.jpg", "bilde1_t": "https://data.kartverket.no/tilgjengelighet/tilgjengelighet_thumb/4601_TettstedHCparkering_20230829073634_t.jpg", "bilde2_t": "https://data.kartverket.no/tilgjengelighet/tilgjengelighet_thumb/4601_TettstedHCparkering_20230829073635_t.jpg", "bilde3_t": "https://data.kartverket.no/tilgjengelighet/tilgjengelighet_thumb/4601_TettstedHCparkering_20230829073636_t.jpg"}}, {"type": "Feature", "id": 59, "geometry": {"type": "Point", "coordinates": [5.3226480001346, 60.39453400024966]}, "properties": {"OBJECTID": 59, "adressenavn": "Fortunen", "informasjon": null, "gatelangsparkering": "Ja", "fortauskant_mindre_enn25cm": "Ja", "overbygg_parkeringsplaa": "Nei", "stigninggrader": 4, "byggingpagar": "Nei", "bredde_cm": 200, "lengde_cm": 500, "bildefil1": "https://data.kartverket.no/tilgjengelighet/tilgjengelighet/4601_TettstedHCparkering_20231104085059.jpg", "bildefil2": "https://data.kartverket.no/tilgjengelighet/tilgjengelighet/4601_TettstedHCparkering_20231104085100.jpg", "bildefil3": "https://data.kartverket.no/tilgjengelighet/tilgjengelighet/4601_TettstedHCparkering_20231104085101.jpg", "bilde1_t": "https://data.kartverket.no/tilgjengelighet/tilgjengelighet_thumb/4601_TettstedHCparkering_20231104085059_t.jpg", "bilde2_t": "https://data.kartverket.no/tilgjengelighet/tilgjengelighet_thumb/4601_TettstedHCparkering_20231104085100_t.jpg", "bilde3_t": "https://data.kartverket.no/tilgjengelighet/tilgjengelighet_thumb/4601_TettstedHCparkering_20231104085101_t.jpg"}}, {"type": "Feature", "id": 60, "geometry": {"type": "Point", "coordinates": [5.322505999755681, 60.394417999689374]}, "properties": {"OBJECTID": 60, "adressenavn": "Fortunen", "informasjon": null, "gatelangsparkering": "Ja", "fortauskant_mindre_enn25cm": "Ja", "overbygg_parkeringsplaa": "Nei", "stigninggrader": 4, "byggingpagar": "Nei", "bredde_cm": 200, "lengde_cm": 500, "bildefil1": "https://data.kartverket.no/tilgjengelighet/tilgjengelighet/4601_TettstedHCparkering_20231104084443.jpg", "bildefil2": "https://data.kartverket.no/tilgjengelighet/tilgjengelighet/4601_TettstedHCparkering_20231104084444.jpg", "bildefil3": "https://data.kartverket.no/tilgjengelighet/tilgjengelighet/4601_TettstedHCparkering_20231104084547.jpg", "bilde1_t": "https://data.kartverket.no/tilgjengelighet/tilgjengelighet_thumb/4601_TettstedHCparkering_20231104084443_t.jpg", "bilde2_t": "https://data.kartverket.no/tilgjengelighet/tilgjengelighet_thumb/4601_TettstedHCparkering_20231104084444_t.jpg", "bilde3_t": "https://data.kartverket.no/tilgjengelighet/tilgjengelighet_thumb/4601_TettstedHCparkering_20231104084547_t.jpg"}}, {"type": "Feature", "id": 61, "geometry": {"type": "Point", "coordinates": [5.322445000802046, 60.394368999865485]}, "properties": {"OBJECTID": 61, "adressenavn": "Fortunen", "informasjon": null, "gatelangsparkering": "Ja", "fortauskant_mindre_enn25cm": "Ja", "overbygg_parkeringsplaa": "Nei", "stigninggrader": 4, "byggingpagar": "Nei", "bredde_cm": 200, "lengde_cm": 500, "bildefil1": "https://data.kartverket.no/tilgjengelighet/tilgjengelighet/4601_TettstedHCparkering_20231104084124.jpg", "bildefil2": "https://data.kartverket.no/tilgjengelighet/tilgjengelighet/4601_TettstedHCparkering_20231104084307.jpg", "bildefil3": "https://data.kartverket.no/tilgjengelighet/tilgjengelighet/4601_TettstedHCparkering_20231104084308.jpg", "bilde1_t": "https://data.kartverket.no/tilgjengelighet/tilgjengelighet_thumb/4601_TettstedHCparkering_20231104084124_t.jpg", "bilde2_t": "https://data.kartverket.no/tilgjengelighet/tilgjengelighet_thumb/4601_TettstedHCparkering_20231104084307_t.jpg", "bilde3_t": "https://data.kartverket.no/tilgjengelighet/tilgjengelighet_thumb/4601_TettstedHCparkering_20231104084308_t.jpg"}}, {"type": "Feature", "id": 62, "geometry": {"type": "Point", "coordinates": [5.321946000655894, 60.39399000002567]}, "properties": {"OBJECTID": 62, "adressenavn": "Fortunen", "informasjon": null, "gatelangsparkering": "Ja", "fortauskant_mindre_enn25cm": "Ja", "overbygg_parkeringsplaa": "Nei", "stigninggrader": 4, "byggingpagar": "Nei", "bredde_cm": 200, "lengde_cm": 500, "bildefil1": "https://data.kartverket.no/tilgjengelighet/tilgjengelighet/4601_TettstedHCparkering_20231104083902.jpg", "bildefil2": "https://data.kartverket.no/tilgjengelighet/tilgjengelighet/4601_TettstedHCparkering_20231104083903.jpg", "bildefil3": "https://data.kartverket.no/tilgjengelighet/tilgjengelighet/4601_TettstedHCparkering_20231104085233.jpg", "bilde1_t": "https://data.kartverket.no/tilgjengelighet/tilgjengelighet_thumb/4601_TettstedHCparkering_20231104083902_t.jpg", "bilde2_t": "https://data.kartverket.no/tilgjengelighet/tilgjengelighet_thumb/4601_TettstedHCparkering_20231104083903_t.jpg", "bilde3_t": "https://data.kartverket.no/tilgjengelighet/tilgjengelighet_thumb/4601_TettstedHCparkering_20231104085233_t.jpg"}}, {"type": "Feature", "id": 63, "geometry": {"type": "Point", "coordinates": [5.321852000462365, 60.39393400036018]}, "properties": {"OBJECTID": 63, "adressenavn": "Fortunen", "informasjon": null, "gatelangsparkering": "Ja", "fortauskant_mindre_enn25cm": "Ja", "overbygg_parkeringsplaa": "Nei", "stigninggrader": 4, "byggingpagar": "Nei", "bredde_cm": 200, "lengde_cm": 500, "bildefil1": "https://data.kartverket.no/tilgjengelighet/tilgjengelighet/4601_TettstedHCparkering_20231104083703.jpg", "bildefil2": "https://data.kartverket.no/tilgjengelighet/tilgjengelighet/4601_TettstedHCparkering_20231104083704.jpg", "bildefil3": "https://data.kartverket.no/tilgjengelighet/tilgjengelighet/4601_TettstedHCparkering_20231104083705.jpg", "bilde1_t": "https://data.kartverket.no/tilgjengelighet/tilgjengelighet_thumb/4601_TettstedHCparkering_20231104083703_t.jpg", "bilde2_t": "https://data.kartverket.no/tilgjengelighet/tilgjengelighet_thumb/4601_TettstedHCparkering_20231104083704_t.jpg", "bilde3_t": "https://data.kartverket.no/tilgjengelighet/tilgjengelighet_thumb/4601_TettstedHCparkering_20231104083705_t.jpg"}}, {"type": "Feature", "id": 64, "geometry": {"type": "Point", "coordinates": [5.321093000548199, 60.39389699978074]}, "properties": {"OBJECTID": 64, "adressenavn": "Valkendorfsgaten", "informasjon": null, "gatelangsparkering": "Ja", "fortauskant_mindre_enn25cm": "Ja", "overbygg_parkeringsplaa": "Nei", "stigninggrader": 3, "byggingpagar": "Nei", "bredde_cm": null, "lengde_cm": null, "bildefil1": "https://data.kartverket.no/tilgjengelighet/tilgjengelighet/4601_TettstedHCparkering_20231104090115.jpg", "bildefil2": "https://data.kartverket.no/tilgjengelighet/tilgjengelighet/4601_TettstedHCparkering_20231104090116.jpg", "bildefil3": "https://data.kartverket.no/tilgjengelighet/tilgjengelighet/4601_TettstedHCparkering_20231104090117.jpg", "bilde1_t": "https://data.kartverket.no/tilgjengelighet/tilgjengelighet_thumb/4601_TettstedHCparkering_20231104090115_t.jpg", "bilde2_t": "https://data.kartverket.no/tilgjengelighet/tilgjengelighet_thumb/4601_TettstedHCparkering_20231104090116_t.jpg", "bilde3_t": "https://data.kartverket.no/tilgjengelighet/tilgjengelighet_thumb/4601_TettstedHCparkering_20231104090117_t.jpg"}}, {"type": "Feature", "id": 65, "geometry": {"type": "Point", "coordinates": [5.321009999881022, 60.39394300006056]}, "properties": {"OBJECTID": 65, "adressenavn": "Valkendorfsgaten", "informasjon": null, "gatelangsparkering": "Ja", "fortauskant_mindre_enn25cm": "Ja", "overbygg_parkeringsplaa": "Nei", "stigninggrader": 3, "byggingpagar": "Nei", "bredde_cm": null, "lengde_cm": null, "bildefil1": "https://data.kartverket.no/tilgjengelighet/tilgjengelighet/4601_TettstedHCparkering_20231104085920.jpg", "bildefil2": "https://data.kartverket.no/tilgjengelighet/tilgjengelighet/4601_TettstedHCparkering_20231104085921.jpg", "bildefil3": "https://data.kartverket.no/tilgjengelighet/tilgjengelighet/4601_TettstedHCparkering_20231104085922.jpg", "bilde1_t": "https://data.kartverket.no/tilgjengelighet/tilgjengelighet_thumb/4601_TettstedHCparkering_20231104085920_t.jpg", "bilde2_t": "https://data.kartverket.no/tilgjengelighet/tilgjengelighet_thumb/4601_TettstedHCparkering_20231104085921_t.jpg", "bilde3_t": "https://data.kartverket.no/tilgjengelighet/tilgjengelighet_thumb/4601_TettstedHCparkering_20231104085922_t.jpg"}}, {"type": "Feature", "id": 66, "geometry": {"type": "Point", "coordinates": [5.320935000149606, 60.39399399977207]}, "properties": {"OBJECTID": 66, "adressenavn": "Valkendorfsgaten", "informasjon": null, "gatelangsparkering": "Ja", "fortauskant_mindre_enn25cm": "Ja", "overbygg_parkeringsplaa": "Nei", "stigninggrader": 3, "byggingpagar": "Nei", "bredde_cm": null, "lengde_cm": null, "bildefil1": "https://data.kartverket.no/tilgjengelighet/tilgjengelighet/4601_TettstedHCparkering_20231104085725.jpg", "bildefil2": "https://data.kartverket.no/tilgjengelighet/tilgjengelighet/4601_TettstedHCparkering_20231104085726.jpg", "bildefil3": "https://data.kartverket.no/tilgjengelighet/tilgjengelighet/4601_TettstedHCparkering_20231104085727.jpg", "bilde1_t": "https://data.kartverket.no/tilgjengelighet/tilgjengelighet_thumb/4601_TettstedHCparkering_20231104085725_t.jpg", "bilde2_t": "https://data.kartverket.no/tilgjengelighet/tilgjengelighet_thumb/4601_TettstedHCparkering_20231104085726_t.jpg", "bilde3_t": "https://data.kartverket.no/tilgjengelighet/tilgjengelighet_thumb/4601_TettstedHCparkering_20231104085727_t.jpg"}}, {"type": "Feature", "id": 67, "geometry": {"type": "Point", "coordinates": [5.32076000089778, 60.394512999846725]}, "properties": {"OBJECTID": 67, "adressenavn": "Jon Smørs gate", "informasjon": null, "gatelangsparkering": "Ja", "fortauskant_mindre_enn25cm": "Ja", "overbygg_parkeringsplaa": "Nei", "stigninggrader": 3, "byggingpagar": "Nei", "bredde_cm": null, "lengde_cm": null, "bildefil1": "https://data.kartverket.no/tilgjengelighet/tilgjengelighet/4601_TettstedHCparkering_20230916084546.jpg", "bildefil2": "https://data.kartverket.no/tilgjengelighet/tilgjengelighet/4601_TettstedHCparkering_20230916084547.jpg", "bildefil3": "https://data.kartverket.no/tilgjengelighet/tilgjengelighet/4601_TettstedHCparkering_20230916084548.jpg", "bilde1_t": "https://data.kartverket.no/tilgjengelighet/tilgjengelighet_thumb/4601_TettstedHCparkering_20230916084546_t.jpg", "bilde2_t": "https://data.kartverket.no/tilgjengelighet/tilgjengelighet_thumb/4601_TettstedHCparkering_20230916084547_t.jpg", "bilde3_t": "https://data.kartverket.no/tilgjengelighet/tilgjengelighet_thumb/4601_TettstedHCparkering_20230916084548_t.jpg"}}, {"type": "Feature", "id": 68, "geometry": {"type": "Point", "coordinates": [5.320682000361078, 60.394456000275646]}, "properties": {"OBJECTID": 68, "adressenavn": "Jon Smørs gate", "informasjon": null, "gatelangsparkering": "Ja", "fortauskant_mindre_enn25cm": "Ja", "overbygg_parkeringsplaa": "Nei", "stigninggrader": 3, "byggingpagar": "Nei", "bredde_cm": null, "lengde_cm": null, "bildefil1": "https://data.kartverket.no/tilgjengelighet/tilgjengelighet/4601_TettstedHCparkering_20230916084300.jpg", "bildefil2": "https://data.kartverket.no/tilgjengelighet/tilgjengelighet/4601_TettstedHCparkering_20230916084301.jpg", "bildefil3": "https://data.kartverket.no/tilgjengelighet/tilgjengelighet/4601_TettstedHCparkering_20230916084302.jpg", "bilde1_t": "https://data.kartverket.no/tilgjengelighet/tilgjengelighet_thumb/4601_TettstedHCparkering_20230916084300_t.jpg", "bilde2_t": "https://data.kartverket.no/tilgjengelighet/tilgjengelighet_thumb/4601_TettstedHCparkering_20230916084301_t.jpg", "bilde3_t": "https://data.kartverket.no/tilgjengelighet/tilgjengelighet_thumb/4601_TettstedHCparkering_20230916084302_t.jpg"}}, {"type": "Feature", "id": 69, "geometry": {"type": "Point", "coordinates": [5.321610000407762, 60.39506600043944]}, "properties": {"OBJECTID": 69, "adressenavn": "Strandkaien", "informasjon": null, "gatelangsparkering": "Ja", "fortauskant_mindre_enn25cm": "Nei", "overbygg_parkeringsplaa": "Nei", "stigninggrader": 1, "byggingpagar": "Nei", "bredde_cm": null, "lengde_cm": null, "bildefil1": "https://data.kartverket.no/tilgjengelighet/tilgjengelighet/4601_TettstedHCparkering_20230912164716.jpg", "bildefil2": "https://data.kartverket.no/tilgjengelighet/tilgjengelighet/4601_TettstedHCparkering_20230912165551.jpg", "bildefil3": "https://data.kartverket.no/tilgjengelighet/tilgjengelighet/4601_TettstedHCparkering_20230912165552.jpg", "bilde1_t": "https://data.kartverket.no/tilgjengelighet/tilgjengelighet_thumb/4601_TettstedHCparkering_20230912164716_t.jpg", "bilde2_t": "https://data.kartverket.no/tilgjengelighet/tilgjengelighet_thumb/4601_TettstedHCparkering_20230912165551_t.jpg", "bilde3_t": "https://data.kartverket.no/tilgjengelighet/tilgjengelighet_thumb/4601_TettstedHCparkering_20230912165552_t.jpg"}}, {"type": "Feature", "id": 70, "geometry": {"type": "Point", "coordinates": [5.321491999827288, 60.39510300022912]}, "properties": {"OBJECTID": 70, "adressenavn": "Strandkaien", "informasjon": null, "gatelangsparkering": "Ja", "fortauskant_mindre_enn25cm": "Nei", "overbygg_parkeringsplaa": "Nei", "stigninggrader": 1, "byggingpagar": "Nei", "bredde_cm": null, "lengde_cm": null, "bildefil1": "https://data.kartverket.no/tilgjengelighet/tilgjengelighet/4601_TettstedHCparkering_20230912164959.jpg", "bildefil2": "https://data.kartverket.no/tilgjengelighet/tilgjengelighet/4601_TettstedHCparkering_20230912165000.jpg", "bildefil3": "https://data.kartverket.no/tilgjengelighet/tilgjengelighet/4601_TettstedHCparkering_20230912165001.jpg", "bilde1_t": "https://data.kartverket.no/tilgjengelighet/tilgjengelighet_thumb/4601_TettstedHCparkering_20230912164959_t.jpg", "bilde2_t": "https://data.kartverket.no/tilgjengelighet/tilgjengelighet_thumb/4601_TettstedHCparkering_20230912165000_t.jpg", "bilde3_t": "https://data.kartverket.no/tilgjengelighet/tilgjengelighet_thumb/4601_TettstedHCparkering_20230912165001_t.jpg"}}, {"type": "Feature", "id": 71, "geometry": {"type": "Point", "coordinates": [5.321372000678523, 60.39515100014142]}, "properties": {"OBJECTID": 71, "adressenavn": "Strandkaien", "informasjon": null, "gatelangsparkering": "Ja", "fortauskant_mindre_enn25cm": "Nei", "overbygg_parkeringsplaa": "Nei", "stigninggrader": 1, "byggingpagar": "Nei", "bredde_cm": null, "lengde_cm": null, "bildefil1": "https://data.kartverket.no/tilgjengelighet/tilgjengelighet/4601_TettstedHCparkering_20230912165205.jpg", "bildefil2": "https://data.kartverket.no/tilgjengelighet/tilgjengelighet/4601_TettstedHCparkering_20230912165950.jpg", "bildefil3": "https://data.kartverket.no/tilgjengelighet/tilgjengelighet/4601_TettstedHCparkering_20230912165951.jpg", "bilde1_t": "https://data.kartverket.no/tilgjengelighet/tilgjengelighet_thumb/4601_TettstedHCparkering_20230912165205_t.jpg", "bilde2_t": "https://data.kartverket.no/tilgjengelighet/tilgjengelighet_thumb/4601_TettstedHCparkering_20230912165950_t.jpg", "bilde3_t": "https://data.kartverket.no/tilgjengelighet/tilgjengelighet_thumb/4601_TettstedHCparkering_20230912165951_t.jpg"}}, {"type": "Feature", "id": 72, "geometry": {"type": "Point", "coordinates": [5.3234450005210485, 60.39309700042824]}, "properties": {"OBJECTID": 72, "adressenavn": "Valkendorfsgaten", "informasjon": null, "gatelangsparkering": "Ja", "fortauskant_mindre_enn25cm": "Nei", "overbygg_parkeringsplaa": "Nei", "stigninggrader": 2, "byggingpagar": "Nei", "bredde_cm": null, "lengde_cm": null, "bildefil1": "https://data.kartverket.no/tilgjengelighet/tilgjengelighet/4601_TettstedHCparkering_20231104090741.jpg", "bildefil2": "https://data.kartverket.no/tilgjengelighet/tilgjengelighet/4601_TettstedHCparkering_20231104090742.jpg", "bildefil3": "https://data.kartverket.no/tilgjengelighet/tilgjengelighet/4601_TettstedHCparkering_20231104090743.jpg", "bilde1_t": "https://data.kartverket.no/tilgjengelighet/tilgjengelighet_thumb/4601_TettstedHCparkering_20231104090741_t.jpg", "bilde2_t": "https://data.kartverket.no/tilgjengelighet/tilgjengelighet_thumb/4601_TettstedHCparkering_20231104090742_t.jpg", "bilde3_t": "https://data.kartverket.no/tilgjengelighet/tilgjengelighet_thumb/4601_TettstedHCparkering_20231104090743_t.jpg"}}, {"type": "Feature", "id": 73, "geometry": {"type": "Point", "coordinates": [5.264564999419248, 60.36639200021222]}, "properties": {"OBJECTID": 73, "adressenavn": "Nipedalen", "informasjon": null, "gatelangsparkering": "Ja", "fortauskant_mindre_enn25cm": "Nei", "overbygg_parkeringsplaa": "Nei", "stigninggrader": 1, "byggingpagar": "Nei", "bredde_cm": null, "lengde_cm": null, "bildefil1": "https://data.kartverket.no/tilgjengelighet/tilgjengelighet/4601_TettstedHCparkering_20240223095454.jpg", "bildefil2": "https://data.kartverket.no/tilgjengelighet/tilgjengelighet/4601_TettstedHCparkering_20240223095455.jpg", "bildefil3": "https://data.kartverket.no/tilgjengelighet/tilgjengelighet/4601_TettstedHCparkering_20240223095456.jpg", "bilde1_t": "https://data.kartverket.no/tilgjengelighet/tilgjengelighet_thumb/4601_TettstedHCparkering_20240223095454_t.jpg", "bilde2_t": "https://data.kartverket.no/tilgjengelighet/tilgjengelighet_thumb/4601_TettstedHCparkering_20240223095455_t.jpg", "bilde3_t": "https://data.kartverket.no/tilgjengelighet/tilgjengelighet_thumb/4601_TettstedHCparkering_20240223095456_t.jpg"}}, {"type": "Feature", "id": 74, "geometry": {"type": "Point", "coordinates": [5.264136000480487, 60.3664030004359]}, "properties": {"OBJECTID": 74, "adressenavn": "Nipedalen", "informasjon": null, "gatelangsparkering": "Ja", "fortauskant_mindre_enn25cm": "Nei", "overbygg_parkeringsplaa": "Nei", "stigninggrader": 1, "byggingpagar": "Nei", "bredde_cm": null, "lengde_cm": null, "bildefil1": "https://data.kartverket.no/tilgjengelighet/tilgjengelighet/4601_TettstedHCparkering_20240223095520.jpg", "bildefil2": "https://data.kartverket.no/tilgjengelighet/tilgjengelighet/4601_TettstedHCparkering_20240223095521.jpg", "bildefil3": "https://data.kartverket.no/tilgjengelighet/tilgjengelighet/4601_TettstedHCparkering_20240223095522.jpg", "bilde1_t": "https://data.kartverket.no/tilgjengelighet/tilgjengelighet_thumb/4601_TettstedHCparkering_20240223095520_t.jpg", "bilde2_t": "https://data.kartverket.no/tilgjengelighet/tilgjengelighet_thumb/4601_TettstedHCparkering_20240223095521_t.jpg", "bilde3_t": "https://data.kartverket.no/tilgjengelighet/tilgjengelighet_thumb/4601_TettstedHCparkering_20240223095522_t.jpg"}}, {"type": "Feature", "id": 75, "geometry": {"type": "Point", "coordinates": [5.353421000415065, 60.37010300017428]}, "properties": {"OBJECTID": 75, "adressenavn": "St. Olavs vei", "informasjon": null, "gatelangsparkering": "Ja", "fortauskant_mindre_enn25cm": "Ja", "overbygg_parkeringsplaa": "Nei", "stigninggrader": 2, "byggingpagar": "Nei", "bredde_cm": null, "lengde_cm": null, "bildefil1": "https://data.kartverket.no/tilgjengelighet/tilgjengelighet/4601_TettstedHCparkering_20230928083735.jpg", "bildefil2": "https://data.kartverket.no/tilgjengelighet/tilgjengelighet/4601_TettstedHCparkering_20230928083736.jpg", "bildefil3": "https://data.kartverket.no/tilgjengelighet/tilgjengelighet/4601_TettstedHCparkering_20230928085258.jpg", "bilde1_t": "https://data.kartverket.no/tilgjengelighet/tilgjengelighet_thumb/4601_TettstedHCparkering_20230928083735_t.jpg", "bilde2_t": "https://data.kartverket.no/tilgjengelighet/tilgjengelighet_thumb/4601_TettstedHCparkering_20230928083736_t.jpg", "bilde3_t": "https://data.kartverket.no/tilgjengelighet/tilgjengelighet_thumb/4601_TettstedHCparkering_20230928085258_t.jpg"}}, {"type": "Feature", "id": 76, "geometry": {"type": "Point", "coordinates": [5.353528999314105, 60.37037100038968]}, "properties": {"OBJECTID": 76, "adressenavn": "St. Olavs vei", "informasjon": null, "gatelangsparkering": "Ja", "fortauskant_mindre_enn25cm": "Ja", "overbygg_parkeringsplaa": "Nei", "stigninggrader": 3, "byggingpagar": "Nei", "bredde_cm": null, "lengde_cm": null, "bildefil1": "https://data.kartverket.no/tilgjengelighet/tilgjengelighet/4601_TettstedHCparkering_20230928084149.jpg", "bildefil2": "https://data.kartverket.no/tilgjengelighet/tilgjengelighet/4601_TettstedHCparkering_20230928084150.jpg", "bildefil3": "https://data.kartverket.no/tilgjengelighet/tilgjengelighet/4601_TettstedHCparkering_20230928084151.jpg", "bilde1_t": "https://data.kartverket.no/tilgjengelighet/tilgjengelighet_thumb/4601_TettstedHCparkering_20230928084149_t.jpg", "bilde2_t": "https://data.kartverket.no/tilgjengelighet/tilgjengelighet_thumb/4601_TettstedHCparkering_20230928084150_t.jpg", "bilde3_t": "https://data.kartverket.no/tilgjengelighet/tilgjengelighet_thumb/4601_TettstedHCparkering_20230928084151_t.jpg"}}, {"type": "Feature", "id": 77, "geometry": {"type": "Point", "coordinates": [5.3534969993994075, 60.370222000067464]}, "properties": {"OBJECTID": 77, "adressenavn": "St. Olavs vei", "informasjon": null, "gatelangsparkering": "Ja", "fortauskant_mindre_enn25cm": "Ja", "overbygg_parkeringsplaa": "Nei", "stigninggrader": 2, "byggingpagar": "Nei", "bredde_cm": null, "lengde_cm": null, "bildefil1": "https://data.kartverket.no/tilgjengelighet/tilgjengelighet/4601_TettstedHCparkering_20230928083954.jpg", "bildefil2": "https://data.kartverket.no/tilgjengelighet/tilgjengelighet/4601_TettstedHCparkering_20230928083955.jpg", "bildefil3": "https://data.kartverket.no/tilgjengelighet/tilgjengelighet/4601_TettstedHCparkering_20230928085113.jpg", "bilde1_t": "https://data.kartverket.no/tilgjengelighet/tilgjengelighet_thumb/4601_TettstedHCparkering_20230928083954_t.jpg", "bilde2_t": "https://data.kartverket.no/tilgjengelighet/tilgjengelighet_thumb/4601_TettstedHCparkering_20230928083955_t.jpg", "bilde3_t": "https://data.kartverket.no/tilgjengelighet/tilgjengelighet_thumb/4601_TettstedHCparkering_20230928085113_t.jpg"}}, {"type": "Feature", "id": 78, "geometry": {"type": "Point", "coordinates": [5.353330000899068, 60.36939099980061]}, "properties": {"OBJECTID": 78, "adressenavn": "Fredrik Stangs vei", "informasjon": null, "gatelangsparkering": "Ja", "fortauskant_mindre_enn25cm": "Nei", "overbygg_parkeringsplaa": "Nei", "stigninggrader": 1, "byggingpagar": "Nei", "bredde_cm": null, "lengde_cm": null, "bildefil1": "https://data.kartverket.no/tilgjengelighet/tilgjengelighet/4601_TettstedHCparkering_20240223113841.jpg", "bildefil2": "https://data.kartverket.no/tilgjengelighet/tilgjengelighet/4601_TettstedHCparkering_20240223113842.jpg", "bildefil3": "https://data.kartverket.no/tilgjengelighet/tilgjengelighet/4601_TettstedHCparkering_20240223113843.jpg", "bilde1_t": "https://data.kartverket.no/tilgjengelighet/tilgjengelighet_thumb/4601_TettstedHCparkering_20240223113841_t.jpg", "bilde2_t": "https://data.kartverket.no/tilgjengelighet/tilgjengelighet_thumb/4601_TettstedHCparkering_20240223113842_t.jpg", "bilde3_t": "https://data.kartverket.no/tilgjengelighet/tilgjengelighet_thumb/4601_TettstedHCparkering_20240223113843_t.jpg"}}, {"type": "Feature", "id": 79, "geometry": {"type": "Point", "coordinates": [5.353294999870104, 60.369477000051106]}, "properties": {"OBJECTID": 79, "adressenavn": "Fredrik Stangs vei", "informasjon": null, "gatelangsparkering": "Ja", "fortauskant_mindre_enn25cm": "Nei", "overbygg_parkeringsplaa": "Nei", "stigninggrader": 1, "byggingpagar": "Nei", "bredde_cm": null, "lengde_cm": null, "bildefil1": "https://data.kartverket.no/tilgjengelighet/tilgjengelighet/4601_TettstedHCparkering_20240223113638.jpg", "bildefil2": "https://data.kartverket.no/tilgjengelighet/tilgjengelighet/4601_TettstedHCparkering_20240223113639.jpg", "bildefil3": "https://data.kartverket.no/tilgjengelighet/tilgjengelighet/4601_TettstedHCparkering_20240223113640.jpg", "bilde1_t": "https://data.kartverket.no/tilgjengelighet/tilgjengelighet_thumb/4601_TettstedHCparkering_20240223113638_t.jpg", "bilde2_t": "https://data.kartverket.no/tilgjengelighet/tilgjengelighet_thumb/4601_TettstedHCparkering_20240223113639_t.jpg", "bilde3_t": "https://data.kartverket.no/tilgjengelighet/tilgjengelighet_thumb/4601_TettstedHCparkering_20240223113640_t.jpg"}}, {"type": "Feature", "id": 80, "geometry": {"type": "Point", "coordinates": [5.352195999542252, 60.372952000084744]}, "properties": {"OBJECTID": 80, "adressenavn": "St. Olavs vei", "informasjon": null, "gatelangsparkering": "Ja", "fortauskant_mindre_enn25cm": "Ja", "overbygg_parkeringsplaa": "Nei", "stigninggrader": 4, "byggingpagar": "Nei", "bredde_cm": null, "lengde_cm": null, "bildefil1": "https://data.kartverket.no/tilgjengelighet/tilgjengelighet/4601_TettstedHCparkering_20230928074152.jpg", "bildefil2": "https://data.kartverket.no/tilgjengelighet/tilgjengelighet/4601_TettstedHCparkering_20230928074829.jpg", "bildefil3": "https://data.kartverket.no/tilgjengelighet/tilgjengelighet/4601_TettstedHCparkering_20230928074830.jpg", "bilde1_t": "https://data.kartverket.no/tilgjengelighet/tilgjengelighet_thumb/4601_TettstedHCparkering_20230928074152_t.jpg", "bilde2_t": "https://data.kartverket.no/tilgjengelighet/tilgjengelighet_thumb/4601_TettstedHCparkering_20230928074829_t.jpg", "bilde3_t": "https://data.kartverket.no/tilgjengelighet/tilgjengelighet_thumb/4601_TettstedHCparkering_20230928074830_t.jpg"}}, {"type": "Feature", "id": 81, "geometry": {"type": "Point", "coordinates": [5.352107000795941, 60.37306400030167]}, "properties": {"OBJECTID": 81, "adressenavn": "St. Olavs vei", "informasjon": null, "gatelangsparkering": "Ja", "fortauskant_mindre_enn25cm": "Ja", "overbygg_parkeringsplaa": "Nei", "stigninggrader": 4, "byggingpagar": "Nei", "bredde_cm": null, "lengde_cm": null, "bildefil1": "https://data.kartverket.no/tilgjengelighet/tilgjengelighet/4601_TettstedHCparkering_20230928075158.jpg", "bildefil2": "https://data.kartverket.no/tilgjengelighet/tilgjengelighet/4601_TettstedHCparkering_20230928075159.jpg", "bildefil3": "https://data.kartverket.no/tilgjengelighet/tilgjengelighet/4601_TettstedHCparkering_20230928075200.jpg", "bilde1_t": "https://data.kartverket.no/tilgjengelighet/tilgjengelighet_thumb/4601_TettstedHCparkering_20230928075158_t.jpg", "bilde2_t": "https://data.kartverket.no/tilgjengelighet/tilgjengelighet_thumb/4601_TettstedHCparkering_20230928075159_t.jpg", "bilde3_t": "https://data.kartverket.no/tilgjengelighet/tilgjengelighet_thumb/4601_TettstedHCparkering_20230928075200_t.jpg"}}, {"type": "Feature", "id": 82, "geometry": {"type": "Point", "coordinates": [5.387207000872968, 60.31090399978506]}, "properties": {"OBJECTID": 82, "adressenavn": "Totlandsvegen", "informasjon": null, "gatelangsparkering": "Ja", "fortauskant_mindre_enn25cm": "Nei", "overbygg_parkeringsplaa": "Nei", "stigninggrader": 2, "byggingpagar": "Nei", "bredde_cm": null, "lengde_cm": null, "bildefil1": "https://data.kartverket.no/tilgjengelighet/tilgjengelighet/4601_TettstedHCparkering_20240223122255.jpg", "bildefil2": "https://data.kartverket.no/tilgjengelighet/tilgjengelighet/4601_TettstedHCparkering_20240223122256.jpg", "bildefil3": "https://data.kartverket.no/tilgjengelighet/tilgjengelighet/4601_TettstedHCparkering_20240223122257.jpg", "bilde1_t": "https://data.kartverket.no/tilgjengelighet/tilgjengelighet_thumb/4601_TettstedHCparkering_20240223122255_t.jpg", "bilde2_t": "https://data.kartverket.no/tilgjengelighet/tilgjengelighet_thumb/4601_TettstedHCparkering_20240223122256_t.jpg", "bilde3_t": "https://data.kartverket.no/tilgjengelighet/tilgjengelighet_thumb/4601_TettstedHCparkering_20240223122257_t.jpg"}}, {"type": "Feature", "id": 83, "geometry": {"type": "Point", "coordinates": [5.3867560006900295, 60.31083999986968]}, "properties": {"OBJECTID": 83, "adressenavn": "Totlandsvegen", "informasjon": null, "gatelangsparkering": "Ja", "fortauskant_mindre_enn25cm": "Nei", "overbygg_parkeringsplaa": "Nei", "stigninggrader": 2, "byggingpagar": "Nei", "bredde_cm": null, "lengde_cm": null, "bildefil1": "https://data.kartverket.no/tilgjengelighet/tilgjengelighet/4601_TettstedHCparkering_20240223122511.jpg", "bildefil2": "https://data.kartverket.no/tilgjengelighet/tilgjengelighet/4601_TettstedHCparkering_20240223122512.jpg", "bildefil3": "https://data.kartverket.no/tilgjengelighet/tilgjengelighet/4601_TettstedHCparkering_20240223122513.jpg", "bilde1_t": "https://data.kartverket.no/tilgjengelighet/tilgjengelighet_thumb/4601_TettstedHCparkering_20240223122511_t.jpg", "bilde2_t": "https://data.kartverket.no/tilgjengelighet/tilgjengelighet_thumb/4601_TettstedHCparkering_20240223122512_t.jpg", "bilde3_t": "https://data.kartverket.no/tilgjengelighet/tilgjengelighet_thumb/4601_TettstedHCparkering_20240223122513_t.jpg"}}, {"type": "Feature", "id": 84, "geometry": {"type": "Point", "coordinates": [5.31065099983544, 60.33233800042755]}, "properties": {"OBJECTID": 84, "adressenavn": "Bønesberget", "informasjon": null, "gatelangsparkering": "Ja", "fortauskant_mindre_enn25cm": "Nei", "overbygg_parkeringsplaa": "Nei", "stigninggrader": 4, "byggingpagar": "Nei", "bredde_cm": 420, "lengde_cm": 620, "bildefil1": "https://data.kartverket.no/tilgjengelighet/tilgjengelighet/4601_TettstedHCparkering_20240223125811.jpg", "bildefil2": "https://data.kartverket.no/tilgjengelighet/tilgjengelighet/4601_TettstedHCparkering_20240223125812.jpg", "bildefil3": "https://data.kartverket.no/tilgjengelighet/tilgjengelighet/4601_TettstedHCparkering_20240223125813.jpg", "bilde1_t": "https://data.kartverket.no/tilgjengelighet/tilgjengelighet_thumb/4601_TettstedHCparkering_20240223125811_t.jpg", "bilde2_t": "https://data.kartverket.no/tilgjengelighet/tilgjengelighet_thumb/4601_TettstedHCparkering_20240223125812_t.jpg", "bilde3_t": "https://data.kartverket.no/tilgjengelighet/tilgjengelighet_thumb/4601_TettstedHCparkering_20240223125813_t.jpg"}}, {"type": "Feature", "id": 85, "geometry": {"type": "Point", "coordinates": [5.310655999873226, 60.332451999766576]}, "properties": {"OBJECTID": 85, "adressenavn": "Bønesberget", "informasjon": null, "gatelangsparkering": "Ja", "fortauskant_mindre_enn25cm": "Nei", "overbygg_parkeringsplaa": "Nei", "stigninggrader": 4, "byggingpagar": "Nei", "bredde_cm": null, "lengde_cm": null, "bildefil1": "https://data.kartverket.no/tilgjengelighet/tilgjengelighet/4601_TettstedHCparkering_20240223125930.jpg", "bildefil2": "https://data.kartverket.no/tilgjengelighet/tilgjengelighet/4601_TettstedHCparkering_20240223125931.jpg", "bildefil3": "https://data.kartverket.no/tilgjengelighet/tilgjengelighet/4601_TettstedHCparkering_20240223125932.jpg", "bilde1_t": "https://data.kartverket.no/tilgjengelighet/tilgjengelighet_thumb/4601_TettstedHCparkering_20240223125930_t.jpg", "bilde2_t": "https://data.kartverket.no/tilgjengelighet/tilgjengelighet_thumb/4601_TettstedHCparkering_20240223125931_t.jpg", "bilde3_t": "https://data.kartverket.no/tilgjengelighet/tilgjengelighet_thumb/4601_TettstedHCparkering_20240223125932_t.jpg"}}, {"type": "Feature", "id": 86, "geometry": {"type": "Point", "coordinates": [5.32696699968949, 60.3960980000227]}, "properties": {"OBJECTID": 86, "adressenavn": "Rosenkrantzgaten", "informasjon": null, "gatelangsparkering": "Ja", "fortauskant_mindre_enn25cm": "Nei", "overbygg_parkeringsplaa": "Nei", "stigninggrader": 3, "byggingpagar": "Nei", "bredde_cm": null, "lengde_cm": null, "bildefil1": "https://data.kartverket.no/tilgjengelighet/tilgjengelighet/4601_TettstedHCparkering_20230831083534.jpg", "bildefil2": "https://data.kartverket.no/tilgjengelighet/tilgjengelighet/4601_TettstedHCparkering_20230831083535.jpg", "bildefil3": "https://data.kartverket.no/tilgjengelighet/tilgjengelighet/4601_TettstedHCparkering_20230831083536.jpg", "bilde1_t": "https://data.kartverket.no/tilgjengelighet/tilgjengelighet_thumb/4601_TettstedHCparkering_20230831083534_t.jpg", "bilde2_t": "https://data.kartverket.no/tilgjengelighet/tilgjengelighet_thumb/4601_TettstedHCparkering_20230831083535_t.jpg", "bilde3_t": "https://data.kartverket.no/tilgjengelighet/tilgjengelighet_thumb/4601_TettstedHCparkering_20230831083536_t.jpg"}}, {"type": "Feature", "id": 87, "geometry": {"type": "Point", "coordinates": [5.324137999925544, 60.396770000240025]}, "properties": {"OBJECTID": 87, "adressenavn": "Nikolaikirkeallmenningen", "informasjon": null, "gatelangsparkering": "Ja", "fortauskant_mindre_enn25cm": "Ja", "overbygg_parkeringsplaa": "Nei", "stigninggrader": 4, "byggingpagar": "Nei", "bredde_cm": 520, "lengde_cm": 450, "bildefil1": "https://data.kartverket.no/tilgjengelighet/tilgjengelighet/4601_TettstedHCparkering_20230819092410.jpg", "bildefil2": "https://data.kartverket.no/tilgjengelighet/tilgjengelighet/4601_TettstedHCparkering_20230819092411.jpg", "bildefil3": "https://data.kartverket.no/tilgjengelighet/tilgjengelighet/4601_TettstedHCparkering_20230819092412.jpg", "bilde1_t": "https://data.kartverket.no/tilgjengelighet/tilgjengelighet_thumb/4601_TettstedHCparkering_20230819092410_t.jpg", "bilde2_t": "https://data.kartverket.no/tilgjengelighet/tilgjengelighet_thumb/4601_TettstedHCparkering_20230819092411_t.jpg", "bilde3_t": "https://data.kartverket.no/tilgjengelighet/tilgjengelighet_thumb/4601_TettstedHCparkering_20230819092412_t.jpg"}}, {"type": "Feature", "id": 88, "geometry": {"type": "Point", "coordinates": [5.324195000701609, 60.39679699968088]}, "properties": {"OBJECTID": 88, "adressenavn": "Nikolaikirkeallmenningen", "informasjon": null, "gatelangsparkering": "Ja", "fortauskant_mindre_enn25cm": "Ja", "overbygg_parkeringsplaa": "Nei", "stigninggrader": 5, "byggingpagar": "Nei", "bredde_cm": 420, "lengde_cm": 450, "bildefil1": "https://data.kartverket.no/tilgjengelighet/tilgjengelighet/4601_TettstedHCparkering_20230819092639.jpg", "bildefil2": "https://data.kartverket.no/tilgjengelighet/tilgjengelighet/4601_TettstedHCparkering_20230819092640.jpg", "bildefil3": null, "bilde1_t": "https://data.kartverket.no/tilgjengelighet/tilgjengelighet_thumb/4601_TettstedHCparkering_20230819092639_t.jpg", "bilde2_t": "https://data.kartverket.no/tilgjengelighet/tilgjengelighet_thumb/4601_TettstedHCparkering_20230819092640_t.jpg", "bilde3_t": null}}, {"type": "Feature", "id": 89, "geometry": {"type": "Point", "coordinates": [5.324259000307173, 60.396824999668596]}, "properties": {"OBJECTID": 89, "adressenavn": "Nikolaikirkeallmenningen", "informasjon": null, "gatelangsparkering": "Ja", "fortauskant_mindre_enn25cm": "Ja", "overbygg_parkeringsplaa": "Nei", "stigninggrader": 5, "byggingpagar": "Nei", "bredde_cm": 420, "lengde_cm": 450, "bildefil1": "https://data.kartverket.no/tilgjengelighet/tilgjengelighet/4601_TettstedHCparkering_20230819092953.jpg", "bildefil2": "https://data.kartverket.no/tilgjengelighet/tilgjengelighet/4601_TettstedHCparkering_20230819092954.jpg", "bildefil3": "https://data.kartverket.no/tilgjengelighet/tilgjengelighet/4601_TettstedHCparkering_20230819092955.jpg", "bilde1_t": "https://data.kartverket.no/tilgjengelighet/tilgjengelighet_thumb/4601_TettstedHCparkering_20230819092953_t.jpg", "bilde2_t": "https://data.kartverket.no/tilgjengelighet/tilgjengelighet_thumb/4601_TettstedHCparkering_20230819092954_t.jpg", "bilde3_t": "https://data.kartverket.no/tilgjengelighet/tilgjengelighet_thumb/4601_TettstedHCparkering_20230819092955_t.jpg"}}, {"type": "Feature", "id": 90, "geometry": {"type": "Point", "coordinates": [5.324305999149367, 60.3968529998486]}, "properties": {"OBJECTID": 90, "adressenavn": "Nikolaikirkeallmenningen", "informasjon": null, "gatelangsparkering": "Ja", "fortauskant_mindre_enn25cm": "Ja", "overbygg_parkeringsplaa": "Ja", "stigninggrader": 5, "byggingpagar": "Nei", "bredde_cm": 440, "lengde_cm": 450, "bildefil1": "https://data.kartverket.no/tilgjengelighet/tilgjengelighet/4601_TettstedHCparkering_20230819093211.jpg", "bildefil2": "https://data.kartverket.no/tilgjengelighet/tilgjengelighet/4601_TettstedHCparkering_20230819093212.jpg", "bildefil3": "https://data.kartverket.no/tilgjengelighet/tilgjengelighet/4601_TettstedHCparkering_20230819093213.jpg", "bilde1_t": "https://data.kartverket.no/tilgjengelighet/tilgjengelighet_thumb/4601_TettstedHCparkering_20230819093211_t.jpg", "bilde2_t": "https://data.kartverket.no/tilgjengelighet/tilgjengelighet_thumb/4601_TettstedHCparkering_20230819093212_t.jpg", "bilde3_t": "https://data.kartverket.no/tilgjengelighet/tilgjengelighet_thumb/4601_TettstedHCparkering_20230819093213_t.jpg"}}, {"type": "Feature", "id": 91, "geometry": {"type": "Point", "coordinates": [5.324358000801251, 60.39688099985539]}, "properties": {"OBJECTID": 91, "adressenavn": "Nikolaikirkeallmenningen", "informasjon": null, "gatelangsparkering": "Ja", "fortauskant_mindre_enn25cm": "Ja", "overbygg_parkeringsplaa": "Nei", "stigninggrader": 5, "byggingpagar": "Nei", "bredde_cm": 440, "lengde_cm": 450, "bildefil1": "https://data.kartverket.no/tilgjengelighet/tilgjengelighet/4601_TettstedHCparkering_20230819093413.jpg", "bildefil2": "https://data.kartverket.no/tilgjengelighet/tilgjengelighet/4601_TettstedHCparkering_20230819093414.jpg", "bildefil3": "https://data.kartverket.no/tilgjengelighet/tilgjengelighet/4601_TettstedHCparkering_20230819093415.jpg", "bilde1_t": "https://data.kartverket.no/tilgjengelighet/tilgjengelighet_thumb/4601_TettstedHCparkering_20230819093413_t.jpg", "bilde2_t": "https://data.kartverket.no/tilgjengelighet/tilgjengelighet_thumb/4601_TettstedHCparkering_20230819093414_t.jpg", "bilde3_t": "https://data.kartverket.no/tilgjengelighet/tilgjengelighet_thumb/4601_TettstedHCparkering_20230819093415_t.jpg"}}, {"type": "Feature", "id": 92, "geometry": {"type": "Point", "coordinates": [5.322618999700763, 60.39887599976855]}, "properties": {"OBJECTID": 92, "adressenavn": "Dreggsallmenningen", "informasjon": null, "gatelangsparkering": "Ja", "fortauskant_mindre_enn25cm": "Ja", "overbygg_parkeringsplaa": "Nei", "stigninggrader": 5, "byggingpagar": "Nei", "bredde_cm": 240, "lengde_cm": 580, "bildefil1": "https://data.kartverket.no/tilgjengelighet/tilgjengelighet/4601_TettstedHCparkering_20230831085717.jpg", "bildefil2": "https://data.kartverket.no/tilgjengelighet/tilgjengelighet/4601_TettstedHCparkering_20230906104623.jpg", "bildefil3": "https://data.kartverket.no/tilgjengelighet/tilgjengelighet/4601_TettstedHCparkering_20230906104624.jpg", "bilde1_t": "https://data.kartverket.no/tilgjengelighet/tilgjengelighet_thumb/4601_TettstedHCparkering_20230831085717_t.jpg", "bilde2_t": "https://data.kartverket.no/tilgjengelighet/tilgjengelighet_thumb/4601_TettstedHCparkering_20230906104623_t.jpg", "bilde3_t": "https://data.kartverket.no/tilgjengelighet/tilgjengelighet_thumb/4601_TettstedHCparkering_20230906104624_t.jpg"}}, {"type": "Feature", "id": 93, "geometry": {"type": "Point", "coordinates": [5.322565000514723, 60.39882299981922]}, "properties": {"OBJECTID": 93, "adressenavn": "Dreggsallmenningen", "informasjon": null, "gatelangsparkering": "Ja", "fortauskant_mindre_enn25cm": "Ja", "overbygg_parkeringsplaa": "Nei", "stigninggrader": 5, "byggingpagar": "Nei", "bredde_cm": 240, "lengde_cm": 580, "bildefil1": "https://data.kartverket.no/tilgjengelighet/tilgjengelighet/4601_TettstedHCparkering_20230831085444.jpg", "bildefil2": "https://data.kartverket.no/tilgjengelighet/tilgjengelighet/4601_TettstedHCparkering_20230831085445.jpg", "bildefil3": "https://data.kartverket.no/tilgjengelighet/tilgjengelighet/4601_TettstedHCparkering_20230906104842.jpg", "bilde1_t": "https://data.kartverket.no/tilgjengelighet/tilgjengelighet_thumb/4601_TettstedHCparkering_20230831085444_t.jpg", "bilde2_t": "https://data.kartverket.no/tilgjengelighet/tilgjengelighet_thumb/4601_TettstedHCparkering_20230831085445_t.jpg", "bilde3_t": "https://data.kartverket.no/tilgjengelighet/tilgjengelighet_thumb/4601_TettstedHCparkering_20230906104842_t.jpg"}}, {"type": "Feature", "id": 94, "geometry": {"type": "Point", "coordinates": [5.322473999212486, 60.39876200008778]}, "properties": {"OBJECTID": 94, "adressenavn": "Dreggsallmenningen", "informasjon": "Parkering forbudt over 3timer mellom 08-23 på hverdager", "gatelangsparkering": "Ja", "fortauskant_mindre_enn25cm": "Ja", "overbygg_parkeringsplaa": "Nei", "stigninggrader": 5, "byggingpagar": "Nei", "bredde_cm": 240, "lengde_cm": 580, "bildefil1": "https://data.kartverket.no/tilgjengelighet/tilgjengelighet/4601_TettstedHCparkering_20230831085211.jpg", "bildefil2": "https://data.kartverket.no/tilgjengelighet/tilgjengelighet/4601_TettstedHCparkering_20230831085212.jpg", "bildefil3": "https://data.kartverket.no/tilgjengelighet/tilgjengelighet/4601_TettstedHCparkering_20230831085213.jpg", "bilde1_t": "https://data.kartverket.no/tilgjengelighet/tilgjengelighet_thumb/4601_TettstedHCparkering_20230831085211_t.jpg", "bilde2_t": "https://data.kartverket.no/tilgjengelighet/tilgjengelighet_thumb/4601_TettstedHCparkering_20230831085212_t.jpg", "bilde3_t": "https://data.kartverket.no/tilgjengelighet/tilgjengelighet_thumb/4601_TettstedHCparkering_20230831085213_t.jpg"}}, {"type": "Feature", "id": 95, "geometry": {"type": "Point", "coordinates": [5.3224419991496354, 60.398694000338956]}, "properties": {"OBJECTID": 95, "adressenavn": "Dreggsallmenningen", "informasjon": "Parkering forbudt over 3timer mellom 08-23 på hverdager", "gatelangsparkering": "Ja", "fortauskant_mindre_enn25cm": "Ja", "overbygg_parkeringsplaa": "Nei", "stigninggrader": 5, "byggingpagar": "Nei", "bredde_cm": 240, "lengde_cm": 580, "bildefil1": "https://data.kartverket.no/tilgjengelighet/tilgjengelighet/4601_TettstedHCparkering_20230831084819.jpg", "bildefil2": "https://data.kartverket.no/tilgjengelighet/tilgjengelighet/4601_TettstedHCparkering_20230831084820.jpg", "bildefil3": "https://data.kartverket.no/tilgjengelighet/tilgjengelighet/4601_TettstedHCparkering_20230831084821.jpg", "bilde1_t": "https://data.kartverket.no/tilgjengelighet/tilgjengelighet_thumb/4601_TettstedHCparkering_20230831084819_t.jpg", "bilde2_t": "https://data.kartverket.no/tilgjengelighet/tilgjengelighet_thumb/4601_TettstedHCparkering_20230831084820_t.jpg", "bilde3_t": "https://data.kartverket.no/tilgjengelighet/tilgjengelighet_thumb/4601_TettstedHCparkering_20230831084821_t.jpg"}}, {"type": "Feature", "id": 96, "geometry": {"type": "Point", "coordinates": [5.319960999569923, 60.39895700016564]}, "properties": {"OBJECTID": 96, "adressenavn": "Bradbenken", "informasjon": null, "gatelangsparkering": "Ja", "fortauskant_mindre_enn25cm": "Nei", "overbygg_parkeringsplaa": "Nei", "stigninggrader": 1, "byggingpagar": "Nei", "bredde_cm": 220, "lengde_cm": 595, "bildefil1": "https://data.kartverket.no/tilgjengelighet/tilgjengelighet/4601_TettstedHCparkering_20230831090501.jpg", "bildefil2": "https://data.kartverket.no/tilgjengelighet/tilgjengelighet/4601_TettstedHCparkering_20230831090502.jpg", "bildefil3": "https://data.kartverket.no/tilgjengelighet/tilgjengelighet/4601_TettstedHCparkering_20230831090503.jpg", "bilde1_t": "https://data.kartverket.no/tilgjengelighet/tilgjengelighet_thumb/4601_TettstedHCparkering_20230831090501_t.jpg", "bilde2_t": "https://data.kartverket.no/tilgjengelighet/tilgjengelighet_thumb/4601_TettstedHCparkering_20230831090502_t.jpg", "bilde3_t": "https://data.kartverket.no/tilgjengelighet/tilgjengelighet_thumb/4601_TettstedHCparkering_20230831090503_t.jpg"}}, {"type": "Feature", "id": 97, "geometry": {"type": "Point", "coordinates": [5.320107999223479, 60.468282999697806]}, "properties": {"OBJECTID": 97, "adressenavn": "Åsane Senter", "informasjon": null, "gatelangsparkering": "Ja", "fortauskant_mindre_enn25cm": "Nei", "overbygg_parkeringsplaa": "Nei", "stigninggrader": 1, "byggingpagar": "Nei", "bredde_cm": 250, "lengde_cm": 650, "bildefil1": "https://data.kartverket.no/tilgjengelighet/tilgjengelighet/4601_TettstedHCparkering_20240409084007.jpg", "bildefil2": "https://data.kartverket.no/tilgjengelighet/tilgjengelighet/4601_TettstedHCparkering_20240409084008.jpg", "bildefil3": "https://data.kartverket.no/tilgjengelighet/tilgjengelighet/4601_TettstedHCparkering_20240409084009.jpg", "bilde1_t": "https://data.kartverket.no/tilgjengelighet/tilgjengelighet_thumb/4601_TettstedHCparkering_20240409084007_t.jpg", "bilde2_t": "https://data.kartverket.no/tilgjengelighet/tilgjengelighet_thumb/4601_TettstedHCparkering_20240409084008_t.jpg", "bilde3_t": "https://data.kartverket.no/tilgjengelighet/tilgjengelighet_thumb/4601_TettstedHCparkering_20240409084009_t.jpg"}}, {"type": "Feature", "id": 98, "geometry": {"type": "Point", "coordinates": [5.320183999290003, 60.46818500002251]}, "properties": {"OBJECTID": 98, "adressenavn": "Åsane Senter", "informasjon": null, "gatelangsparkering": "Ja", "fortauskant_mindre_enn25cm": "Nei", "overbygg_parkeringsplaa": "Nei", "stigninggrader": 1, "byggingpagar": "Nei", "bredde_cm": 250, "lengde_cm": 660, "bildefil1": "https://data.kartverket.no/tilgjengelighet/tilgjengelighet/4601_TettstedHCparkering_20240409084253.jpg", "bildefil2": "https://data.kartverket.no/tilgjengelighet/tilgjengelighet/4601_TettstedHCparkering_20240409084254.jpg", "bildefil3": "https://data.kartverket.no/tilgjengelighet/tilgjengelighet/4601_TettstedHCparkering_20240409084255.jpg", "bilde1_t": "https://data.kartverket.no/tilgjengelighet/tilgjengelighet_thumb/4601_TettstedHCparkering_20240409084253_t.jpg", "bilde2_t": "https://data.kartverket.no/tilgjengelighet/tilgjengelighet_thumb/4601_TettstedHCparkering_20240409084254_t.jpg", "bilde3_t": "https://data.kartverket.no/tilgjengelighet/tilgjengelighet_thumb/4601_TettstedHCparkering_20240409084255_t.jpg"}}, {"type": "Feature", "id": 99, "geometry": {"type": "Point", "coordinates": [5.320403000896444, 60.46787299967262]}, "properties": {"OBJECTID": 99, "adressenavn": "Åsane Senter", "informasjon": null, "gatelangsparkering": "Ja", "fortauskant_mindre_enn25cm": "Nei", "overbygg_parkeringsplaa": "Nei", "stigninggrader": 1, "byggingpagar": "Nei", "bredde_cm": 250, "lengde_cm": 640, "bildefil1": "https://data.kartverket.no/tilgjengelighet/tilgjengelighet/4601_TettstedHCparkering_20240409084651.jpg", "bildefil2": "https://data.kartverket.no/tilgjengelighet/tilgjengelighet/4601_TettstedHCparkering_20240409084652.jpg", "bildefil3": "https://data.kartverket.no/tilgjengelighet/tilgjengelighet/4601_TettstedHCparkering_20240409084653.jpg", "bilde1_t": "https://data.kartverket.no/tilgjengelighet/tilgjengelighet_thumb/4601_TettstedHCparkering_20240409084651_t.jpg", "bilde2_t": "https://data.kartverket.no/tilgjengelighet/tilgjengelighet_thumb/4601_TettstedHCparkering_20240409084652_t.jpg", "bilde3_t": "https://data.kartverket.no/tilgjengelighet/tilgjengelighet_thumb/4601_TettstedHCparkering_20240409084653_t.jpg"}}, {"type": "Feature", "id": 100, "geometry": {"type": "Point", "coordinates": [5.320451999321607, 60.46775900012174]}, "properties": {"OBJECTID": 100, "adressenavn": "Åsane Senter", "informasjon": null, "gatelangsparkering": "Ja", "fortauskant_mindre_enn25cm": "Nei", "overbygg_parkeringsplaa": "Nei", "stigninggrader": 1, "byggingpagar": "Nei", "bredde_cm": 250, "lengde_cm": 640, "bildefil1": "https://data.kartverket.no/tilgjengelighet/tilgjengelighet/4601_TettstedHCparkering_20240409084944.jpg", "bildefil2": "https://data.kartverket.no/tilgjengelighet/tilgjengelighet/4601_TettstedHCparkering_20240409084945.jpg", "bildefil3": "https://data.kartverket.no/tilgjengelighet/tilgjengelighet/4601_TettstedHCparkering_20240409084946.jpg", "bilde1_t": "https://data.kartverket.no/tilgjengelighet/tilgjengelighet_thumb/4601_TettstedHCparkering_20240409084944_t.jpg", "bilde2_t": "https://data.kartverket.no/tilgjengelighet/tilgjengelighet_thumb/4601_TettstedHCparkering_20240409084945_t.jpg", "bilde3_t": "https://data.kartverket.no/tilgjengelighet/tilgjengelighet_thumb/4601_TettstedHCparkering_20240409084946_t.jpg"}}, {"type": "Feature", "id": 101, "geometry": {"type": "Point", "coordinates": [5.320558999232383, 60.467610999842584]}, "properties": {"OBJECTID": 101, "adressenavn": "Åsane Senter", "informasjon": null, "gatelangsparkering": "Ja", "fortauskant_mindre_enn25cm": "Nei", "overbygg_parkeringsplaa": "Ja", "stigninggrader": 1, "byggingpagar": "Nei", "bredde_cm": 250, "lengde_cm": 640, "bildefil1": "https://data.kartverket.no/tilgjengelighet/tilgjengelighet/4601_TettstedHCparkering_20240409085256.jpg", "bildefil2": "https://data.kartverket.no/tilgjengelighet/tilgjengelighet/4601_TettstedHCparkering_20240409085818.jpg", "bildefil3": "https://data.kartverket.no/tilgjengelighet/tilgjengelighet/4601_TettstedHCparkering_20240409085819.jpg", "bilde1_t": "https://data.kartverket.no/tilgjengelighet/tilgjengelighet_thumb/4601_TettstedHCparkering_20240409085256_t.jpg", "bilde2_t": "https://data.kartverket.no/tilgjengelighet/tilgjengelighet_thumb/4601_TettstedHCparkering_20240409085818_t.jpg", "bilde3_t": "https://data.kartverket.no/tilgjengelighet/tilgjengelighet_thumb/4601_TettstedHCparkering_20240409085819_t.jpg"}}, {"type": "Feature", "id": 102, "geometry": {"type": "Point", "coordinates": [5.320597000085309, 60.46752700003054]}, "properties": {"OBJECTID": 102, "adressenavn": "Åsane Senter", "informasjon": null, "gatelangsparkering": "Ja", "fortauskant_mindre_enn25cm": "Nei", "overbygg_parkeringsplaa": "Nei", "stigninggrader": 1, "byggingpagar": "Nei", "bredde_cm": 250, "lengde_cm": 640, "bildefil1": "https://data.kartverket.no/tilgjengelighet/tilgjengelighet/4601_TettstedHCparkering_20240409085443.jpg", "bildefil2": "https://data.kartverket.no/tilgjengelighet/tilgjengelighet/4601_TettstedHCparkering_20240409085444.jpg", "bildefil3": "https://data.kartverket.no/tilgjengelighet/tilgjengelighet/4601_TettstedHCparkering_20240409085938.jpg", "bilde1_t": "https://data.kartverket.no/tilgjengelighet/tilgjengelighet_thumb/4601_TettstedHCparkering_20240409085443_t.jpg", "bilde2_t": "https://data.kartverket.no/tilgjengelighet/tilgjengelighet_thumb/4601_TettstedHCparkering_20240409085444_t.jpg", "bilde3_t": "https://data.kartverket.no/tilgjengelighet/tilgjengelighet_thumb/4601_TettstedHCparkering_20240409085938_t.jpg"}}, {"type": "Feature", "id": 103, "geometry": {"type": "Point", "coordinates": [5.3174749993457935, 60.46932699973852]}, "properties": {"OBJECTID": 103, "adressenavn": "Åsane Senter", "informasjon": "Maks 5 timer alle dager", "gatelangsparkering": "Ja", "fortauskant_mindre_enn25cm": "Nei", "overbygg_parkeringsplaa": "Nei", "stigninggrader": 1, "byggingpagar": "Nei", "bredde_cm": 440, "lengde_cm": 600, "bildefil1": "https://data.kartverket.no/tilgjengelighet/tilgjengelighet/4601_TettstedHCparkering_20240409091130.jpg", "bildefil2": "https://data.kartverket.no/tilgjengelighet/tilgjengelighet/4601_TettstedHCparkering_20240409091131.jpg", "bildefil3": "https://data.kartverket.no/tilgjengelighet/tilgjengelighet/4601_TettstedHCparkering_20240409091132.jpg", "bilde1_t": "https://data.kartverket.no/tilgjengelighet/tilgjengelighet_thumb/4601_TettstedHCparkering_20240409091130_t.jpg", "bilde2_t": "https://data.kartverket.no/tilgjengelighet/tilgjengelighet_thumb/4601_TettstedHCparkering_20240409091131_t.jpg", "bilde3_t": "https://data.kartverket.no/tilgjengelighet/tilgjengelighet_thumb/4601_TettstedHCparkering_20240409091132_t.jpg"}}, {"type": "Feature", "id": 104, "geometry": {"type": "Point", "coordinates": [5.317287000181481, 60.4693689998111]}, "properties": {"OBJECTID": 104, "adressenavn": "Åsane Senter", "informasjon": "Maks 5 timer alle dager", "gatelangsparkering": "Ja", "fortauskant_mindre_enn25cm": "Nei", "overbygg_parkeringsplaa": "Ja", "stigninggrader": 1, "byggingpagar": "Nei", "bredde_cm": 440, "lengde_cm": 600, "bildefil1": "https://data.kartverket.no/tilgjengelighet/tilgjengelighet/4601_TettstedHCparkering_20240409091327.jpg", "bildefil2": "https://data.kartverket.no/tilgjengelighet/tilgjengelighet/4601_TettstedHCparkering_20240409091328.jpg", "bildefil3": "https://data.kartverket.no/tilgjengelighet/tilgjengelighet/4601_TettstedHCparkering_20240409091329.jpg", "bilde1_t": "https://data.kartverket.no/tilgjengelighet/tilgjengelighet_thumb/4601_TettstedHCparkering_20240409091327_t.jpg", "bilde2_t": "https://data.kartverket.no/tilgjengelighet/tilgjengelighet_thumb/4601_TettstedHCparkering_20240409091328_t.jpg", "bilde3_t": "https://data.kartverket.no/tilgjengelighet/tilgjengelighet_thumb/4601_TettstedHCparkering_20240409091329_t.jpg"}}, {"type": "Feature", "id": 105, "geometry": {"type": "Point", "coordinates": [5.317126000266352, 60.46941999998996]}, "properties": {"OBJECTID": 105, "adressenavn": "Åsane Senter", "informasjon": "Maks 5 timer alle dager", "gatelangsparkering": "Ja", "fortauskant_mindre_enn25cm": "Nei", "overbygg_parkeringsplaa": "Ja", "stigninggrader": 1, "byggingpagar": "Nei", "bredde_cm": 440, "lengde_cm": 600, "bildefil1": "https://data.kartverket.no/tilgjengelighet/tilgjengelighet/4601_TettstedHCparkering_20240409091522.jpg", "bildefil2": "https://data.kartverket.no/tilgjengelighet/tilgjengelighet/4601_TettstedHCparkering_20240409091523.jpg", "bildefil3": "https://data.kartverket.no/tilgjengelighet/tilgjengelighet/4601_TettstedHCparkering_20240409091524.jpg", "bilde1_t": "https://data.kartverket.no/tilgjengelighet/tilgjengelighet_thumb/4601_TettstedHCparkering_20240409091522_t.jpg", "bilde2_t": "https://data.kartverket.no/tilgjengelighet/tilgjengelighet_thumb/4601_TettstedHCparkering_20240409091523_t.jpg", "bilde3_t": "https://data.kartverket.no/tilgjengelighet/tilgjengelighet_thumb/4601_TettstedHCparkering_20240409091524_t.jpg"}}, {"type": "Feature", "id": 106, "geometry": {"type": "Point", "coordinates": [5.316932999800285, 60.469438000380684]}, "properties": {"OBJECTID": 106, "adressenavn": "Åsane Senter", "informasjon": "Maks 5 timer alle dager", "gatelangsparkering": "Ja", "fortauskant_mindre_enn25cm": "Nei", "overbygg_parkeringsplaa": "Nei", "stigninggrader": 1, "byggingpagar": "Nei", "bredde_cm": 440, "lengde_cm": 600, "bildefil1": "https://data.kartverket.no/tilgjengelighet/tilgjengelighet/4601_TettstedHCparkering_20240409091826.jpg", "bildefil2": "https://data.kartverket.no/tilgjengelighet/tilgjengelighet/4601_TettstedHCparkering_20240409091827.jpg", "bildefil3": "https://data.kartverket.no/tilgjengelighet/tilgjengelighet/4601_TettstedHCparkering_20240409091828.jpg", "bilde1_t": "https://data.kartverket.no/tilgjengelighet/tilgjengelighet_thumb/4601_TettstedHCparkering_20240409091826_t.jpg", "bilde2_t": "https://data.kartverket.no/tilgjengelighet/tilgjengelighet_thumb/4601_TettstedHCparkering_20240409091827_t.jpg", "bilde3_t": "https://data.kartverket.no/tilgjengelighet/tilgjengelighet_thumb/4601_TettstedHCparkering_20240409091828_t.jpg"}}, {"type": "Feature", "id": 107, "geometry": {"type": "Point", "coordinates": [5.3168039994495855, 60.46948300005646]}, "properties": {"OBJECTID": 107, "adressenavn": "Åsane Senter", "informasjon": "Maks 5 timer alle dager", "gatelangsparkering": "Ja", "fortauskant_mindre_enn25cm": "Nei", "overbygg_parkeringsplaa": "Nei", "stigninggrader": 1, "byggingpagar": "Nei", "bredde_cm": 440, "lengde_cm": 600, "bildefil1": "https://data.kartverket.no/tilgjengelighet/tilgjengelighet/4601_TettstedHCparkering_20240409092005.jpg", "bildefil2": "https://data.kartverket.no/tilgjengelighet/tilgjengelighet/4601_TettstedHCparkering_20240409092006.jpg", "bildefil3": "https://data.kartverket.no/tilgjengelighet/tilgjengelighet/4601_TettstedHCparkering_20240409092007.jpg", "bilde1_t": "https://data.kartverket.no/tilgjengelighet/tilgjengelighet_thumb/4601_TettstedHCparkering_20240409092005_t.jpg", "bilde2_t": "https://data.kartverket.no/tilgjengelighet/tilgjengelighet_thumb/4601_TettstedHCparkering_20240409092006_t.jpg", "bilde3_t": "https://data.kartverket.no/tilgjengelighet/tilgjengelighet_thumb/4601_TettstedHCparkering_20240409092007_t.jpg"}}, {"type": "Feature", "id": 108, "geometry": {"type": "Point", "coordinates": [5.316642999981669, 60.46951200021957]}, "properties": {"OBJECTID": 108, "adressenavn": "Åsane Senter", "informasjon": "Maks 5 timer alle dager", "gatelangsparkering": "Ja", "fortauskant_mindre_enn25cm": "Nei", "overbygg_parkeringsplaa": "Nei", "stigninggrader": 1, "byggingpagar": "Nei", "bredde_cm": 440, "lengde_cm": 600, "bildefil1": "https://data.kartverket.no/tilgjengelighet/tilgjengelighet/4601_TettstedHCparkering_20240409092211.jpg", "bildefil2": "https://data.kartverket.no/tilgjengelighet/tilgjengelighet/4601_TettstedHCparkering_20240409092212.jpg", "bildefil3": "https://data.kartverket.no/tilgjengelighet/tilgjengelighet/4601_TettstedHCparkering_20240409092213.jpg", "bilde1_t": "https://data.kartverket.no/tilgjengelighet/tilgjengelighet_thumb/4601_TettstedHCparkering_20240409092211_t.jpg", "bilde2_t": "https://data.kartverket.no/tilgjengelighet/tilgjengelighet_thumb/4601_TettstedHCparkering_20240409092212_t.jpg", "bilde3_t": "https://data.kartverket.no/tilgjengelighet/tilgjengelighet_thumb/4601_TettstedHCparkering_20240409092213_t.jpg"}}, {"type": "Feature", "id": 109, "geometry": {"type": "Point", "coordinates": [5.316493000691993, 60.46958400004936]}, "properties": {"OBJECTID": 109, "adressenavn": "Åsane Senter", "informasjon": "Maks 5 timer alle dager", "gatelangsparkering": "Ja", "fortauskant_mindre_enn25cm": "Nei", "overbygg_parkeringsplaa": "Nei", "stigninggrader": 1, "byggingpagar": "Nei", "bredde_cm": 440, "lengde_cm": 600, "bildefil1": "https://data.kartverket.no/tilgjengelighet/tilgjengelighet/4601_TettstedHCparkering_20240409092349.jpg", "bildefil2": "https://data.kartverket.no/tilgjengelighet/tilgjengelighet/4601_TettstedHCparkering_20240409092350.jpg", "bildefil3": "https://data.kartverket.no/tilgjengelighet/tilgjengelighet/4601_TettstedHCparkering_20240409092351.jpg", "bilde1_t": "https://data.kartverket.no/tilgjengelighet/tilgjengelighet_thumb/4601_TettstedHCparkering_20240409092349_t.jpg", "bilde2_t": "https://data.kartverket.no/tilgjengelighet/tilgjengelighet_thumb/4601_TettstedHCparkering_20240409092350_t.jpg", "bilde3_t": "https://data.kartverket.no/tilgjengelighet/tilgjengelighet_thumb/4601_TettstedHCparkering_20240409092351_t.jpg"}}, {"type": "Feature", "id": 110, "geometry": {"type": "Point", "coordinates": [5.314607000616436, 60.47130800038414]}, "properties": {"OBJECTID": 110, "adressenavn": "Myrdalsvegen", "informasjon": "Maks 5 timer alle dager", "gatelangsparkering": "Ja", "fortauskant_mindre_enn25cm": "Nei", "overbygg_parkeringsplaa": "Nei", "stigninggrader": 1, "byggingpagar": "Nei", "bredde_cm": 440, "lengde_cm": 500, "bildefil1": "https://data.kartverket.no/tilgjengelighet/tilgjengelighet/4601_TettstedHCparkering_20240409100509.jpg", "bildefil2": "https://data.kartverket.no/tilgjengelighet/tilgjengelighet/4601_TettstedHCparkering_20240409100510.jpg", "bildefil3": "https://data.kartverket.no/tilgjengelighet/tilgjengelighet/4601_TettstedHCparkering_20240409100511.jpg", "bilde1_t": "https://data.kartverket.no/tilgjengelighet/tilgjengelighet_thumb/4601_TettstedHCparkering_20240409100509_t.jpg", "bilde2_t": "https://data.kartverket.no/tilgjengelighet/tilgjengelighet_thumb/4601_TettstedHCparkering_20240409100510_t.jpg", "bilde3_t": "https://data.kartverket.no/tilgjengelighet/tilgjengelighet_thumb/4601_TettstedHCparkering_20240409100511_t.jpg"}}, {"type": "Feature", "id": 111, "geometry": {"type": "Point", "coordinates": [5.314741000468857, 60.47125999959789]}, "properties": {"OBJECTID": 111, "adressenavn": "Myrdalsvegen", "informasjon": "Maks 5 timer alle dager", "gatelangsparkering": "Ja", "fortauskant_mindre_enn25cm": "Ja", "overbygg_parkeringsplaa": "Nei", "stigninggrader": 1, "byggingpagar": "Nei", "bredde_cm": 440, "lengde_cm": 500, "bildefil1": "https://data.kartverket.no/tilgjengelighet/tilgjengelighet/4601_TettstedHCparkering_20240409100045.jpg", "bildefil2": "https://data.kartverket.no/tilgjengelighet/tilgjengelighet/4601_TettstedHCparkering_20240409100046.jpg", "bildefil3": "https://data.kartverket.no/tilgjengelighet/tilgjengelighet/4601_TettstedHCparkering_20240409100047.jpg", "bilde1_t": "https://data.kartverket.no/tilgjengelighet/tilgjengelighet_thumb/4601_TettstedHCparkering_20240409100045_t.jpg", "bilde2_t": "https://data.kartverket.no/tilgjengelighet/tilgjengelighet_thumb/4601_TettstedHCparkering_20240409100046_t.jpg", "bilde3_t": "https://data.kartverket.no/tilgjengelighet/tilgjengelighet_thumb/4601_TettstedHCparkering_20240409100047_t.jpg"}}, {"type": "Feature", "id": 112, "geometry": {"type": "Point", "coordinates": [5.314657999920375, 60.47128599985835]}, "properties": {"OBJECTID": 112, "adressenavn": "Myrdalsvegen", "informasjon": "Maks 5 timer alle dager", "gatelangsparkering": "Ja", "fortauskant_mindre_enn25cm": "Nei", "overbygg_parkeringsplaa": "Nei", "stigninggrader": 1, "byggingpagar": "Nei", "bredde_cm": 440, "lengde_cm": 500, "bildefil1": "https://data.kartverket.no/tilgjengelighet/tilgjengelighet/4601_TettstedHCparkering_20240409100221.jpg", "bildefil2": "https://data.kartverket.no/tilgjengelighet/tilgjengelighet/4601_TettstedHCparkering_20240409100222.jpg", "bildefil3": "https://data.kartverket.no/tilgjengelighet/tilgjengelighet/4601_TettstedHCparkering_20240409110736.jpg", "bilde1_t": "https://data.kartverket.no/tilgjengelighet/tilgjengelighet_thumb/4601_TettstedHCparkering_20240409100221_t.jpg", "bilde2_t": "https://data.kartverket.no/tilgjengelighet/tilgjengelighet_thumb/4601_TettstedHCparkering_20240409100222_t.jpg", "bilde3_t": "https://data.kartverket.no/tilgjengelighet/tilgjengelighet_thumb/4601_TettstedHCparkering_20240409110736_t.jpg"}}, {"type": "Feature", "id": 113, "geometry": {"type": "Point", "coordinates": [5.314539999979495, 60.471325999745346]}, "properties": {"OBJECTID": 113, "adressenavn": "Myrdalsvegen", "informasjon": "Maks 5 timer alle dager", "gatelangsparkering": "Ja", "fortauskant_mindre_enn25cm": "Nei", "overbygg_parkeringsplaa": "Nei", "stigninggrader": 1, "byggingpagar": "Nei", "bredde_cm": 440, "lengde_cm": 500, "bildefil1": "https://data.kartverket.no/tilgjengelighet/tilgjengelighet/4601_TettstedHCparkering_20240409100727.jpg", "bildefil2": "https://data.kartverket.no/tilgjengelighet/tilgjengelighet/4601_TettstedHCparkering_20240409100728.jpg", "bildefil3": "https://data.kartverket.no/tilgjengelighet/tilgjengelighet/4601_TettstedHCparkering_20240409110859.jpg", "bilde1_t": "https://data.kartverket.no/tilgjengelighet/tilgjengelighet_thumb/4601_TettstedHCparkering_20240409100727_t.jpg", "bilde2_t": "https://data.kartverket.no/tilgjengelighet/tilgjengelighet_thumb/4601_TettstedHCparkering_20240409100728_t.jpg", "bilde3_t": "https://data.kartverket.no/tilgjengelighet/tilgjengelighet_thumb/4601_TettstedHCparkering_20240409110859_t.jpg"}}, {"type": "Feature", "id": 114, "geometry": {"type": "Point", "coordinates": [5.3144869994885156, 60.47135099994471]}, "properties": {"OBJECTID": 114, "adressenavn": "Myrdalsvegen", "informasjon": "Maks 5 timer alle dager", "gatelangsparkering": "Ja", "fortauskant_mindre_enn25cm": "Nei", "overbygg_parkeringsplaa": "Nei", "stigninggrader": 1, "byggingpagar": "Nei", "bredde_cm": 440, "lengde_cm": 600, "bildefil1": "https://data.kartverket.no/tilgjengelighet/tilgjengelighet/4601_TettstedHCparkering_20240409100917.jpg", "bildefil2": "https://data.kartverket.no/tilgjengelighet/tilgjengelighet/4601_TettstedHCparkering_20240409111114.jpg", "bildefil3": "https://data.kartverket.no/tilgjengelighet/tilgjengelighet/4601_TettstedHCparkering_20240409111115.jpg", "bilde1_t": "https://data.kartverket.no/tilgjengelighet/tilgjengelighet_thumb/4601_TettstedHCparkering_20240409100917_t.jpg", "bilde2_t": "https://data.kartverket.no/tilgjengelighet/tilgjengelighet_thumb/4601_TettstedHCparkering_20240409111114_t.jpg", "bilde3_t": "https://data.kartverket.no/tilgjengelighet/tilgjengelighet_thumb/4601_TettstedHCparkering_20240409111115_t.jpg"}}, {"type": "Feature", "id": 115, "geometry": {"type": "Point", "coordinates": [5.314357999807359, 60.47138599990394]}, "properties": {"OBJECTID": 115, "adressenavn": "Myrdalsvegen", "informasjon": "Maks 5 timer alle dager", "gatelangsparkering": "Ja", "fortauskant_mindre_enn25cm": "Nei", "overbygg_parkeringsplaa": "Nei", "stigninggrader": 1, "byggingpagar": "Nei", "bredde_cm": 440, "lengde_cm": 500, "bildefil1": "https://data.kartverket.no/tilgjengelighet/tilgjengelighet/4601_TettstedHCparkering_20240409101310.jpg", "bildefil2": "https://data.kartverket.no/tilgjengelighet/tilgjengelighet/4601_TettstedHCparkering_20240409111351.jpg", "bildefil3": "https://data.kartverket.no/tilgjengelighet/tilgjengelighet/4601_TettstedHCparkering_20240409111352.jpg", "bilde1_t": "https://data.kartverket.no/tilgjengelighet/tilgjengelighet_thumb/4601_TettstedHCparkering_20240409101310_t.jpg", "bilde2_t": "https://data.kartverket.no/tilgjengelighet/tilgjengelighet_thumb/4601_TettstedHCparkering_20240409111351_t.jpg", "bilde3_t": "https://data.kartverket.no/tilgjengelighet/tilgjengelighet_thumb/4601_TettstedHCparkering_20240409111352_t.jpg"}}, {"type": "Feature", "id": 116, "geometry": {"type": "Point", "coordinates": [5.314818999183211, 60.47123999984041]}, "properties": {"OBJECTID": 116, "adressenavn": "Myrdalsvegen", "informasjon": "Maks 5 timer alle dager", "gatelangsparkering": "Ja", "fortauskant_mindre_enn25cm": "Nei", "overbygg_parkeringsplaa": "Nei", "stigninggrader": 1, "byggingpagar": "Nei", "bredde_cm": 440, "lengde_cm": 500, "bildefil1": "https://data.kartverket.no/tilgjengelighet/tilgjengelighet/4601_TettstedHCparkering_20240409095920.jpg", "bildefil2": "https://data.kartverket.no/tilgjengelighet/tilgjengelighet/4601_TettstedHCparkering_20240409111548.jpg", "bildefil3": "https://data.kartverket.no/tilgjengelighet/tilgjengelighet/4601_TettstedHCparkering_20240409111549.jpg", "bilde1_t": "https://data.kartverket.no/tilgjengelighet/tilgjengelighet_thumb/4601_TettstedHCparkering_20240409095920_t.jpg", "bilde2_t": "https://data.kartverket.no/tilgjengelighet/tilgjengelighet_thumb/4601_TettstedHCparkering_20240409111548_t.jpg", "bilde3_t": "https://data.kartverket.no/tilgjengelighet/tilgjengelighet_thumb/4601_TettstedHCparkering_20240409111549_t.jpg"}}, {"type": "Feature", "id": 117, "geometry": {"type": "Point", "coordinates": [5.314428000185358, 60.4713640002947]}, "properties": {"OBJECTID": 117, "adressenavn": "Myrdalsvegen", "informasjon": "Maks 5 timer alle dager", "gatelangsparkering": "Ja", "fortauskant_mindre_enn25cm": "Nei", "overbygg_parkeringsplaa": "Nei", "stigninggrader": 1, "byggingpagar": "Nei", "bredde_cm": 440, "lengde_cm": 500, "bildefil1": "https://data.kartverket.no/tilgjengelighet/tilgjengelighet/4601_TettstedHCparkering_20240409101118.jpg", "bildefil2": "https://data.kartverket.no/tilgjengelighet/tilgjengelighet/4601_TettstedHCparkering_20240409111808.jpg", "bildefil3": "https://data.kartverket.no/tilgjengelighet/tilgjengelighet/4601_TettstedHCparkering_20240409111809.jpg", "bilde1_t": "https://data.kartverket.no/tilgjengelighet/tilgjengelighet_thumb/4601_TettstedHCparkering_20240409101118_t.jpg", "bilde2_t": "https://data.kartverket.no/tilgjengelighet/tilgjengelighet_thumb/4601_TettstedHCparkering_20240409111808_t.jpg", "bilde3_t": "https://data.kartverket.no/tilgjengelighet/tilgjengelighet_thumb/4601_TettstedHCparkering_20240409111809_t.jpg"}}, {"type": "Feature", "id": 118, "geometry": {"type": "Point", "coordinates": [5.324116000476516, 60.40035199974941]}, "properties": {"OBJECTID": 118, "adressenavn": "Helgesens gate", "informasjon": "Parkering forbudt over 3 timer på hverdager ", "gatelangsparkering": "Ja", "fortauskant_mindre_enn25cm": "Ja", "overbygg_parkeringsplaa": "Nei", "stigninggrader": 5, "byggingpagar": "Nei", "bredde_cm": null, "lengde_cm": null, "bildefil1": "https://data.kartverket.no/tilgjengelighet/tilgjengelighet/4601_TettstedHCparkering_20230916091057.jpg", "bildefil2": "https://data.kartverket.no/tilgjengelighet/tilgjengelighet/4601_TettstedHCparkering_20230916091059.jpg", "bildefil3": "https://data.kartverket.no/tilgjengelighet/tilgjengelighet/4601_TettstedHCparkering_20230916092212.jpg", "bilde1_t": "https://data.kartverket.no/tilgjengelighet/tilgjengelighet_thumb/4601_TettstedHCparkering_20230916091057_t.jpg", "bilde2_t": "https://data.kartverket.no/tilgjengelighet/tilgjengelighet_thumb/4601_TettstedHCparkering_20230916091059_t.jpg", "bilde3_t": "https://data.kartverket.no/tilgjengelighet/tilgjengelighet_thumb/4601_TettstedHCparkering_20230916092212_t.jpg"}}, {"type": "Feature", "id": 119, "geometry": {"type": "Point", "coordinates": [5.324198999506607, 60.40033000026441]}, "properties": {"OBJECTID": 119, "adressenavn": "Helgesens gate", "informasjon": "Parkering forbudt over 3 timer på hverdager", "gatelangsparkering": "Ja", "fortauskant_mindre_enn25cm": "Ja", "overbygg_parkeringsplaa": "Nei", "stigninggrader": 5, "byggingpagar": "Nei", "bredde_cm": null, "lengde_cm": null, "bildefil1": "https://data.kartverket.no/tilgjengelighet/tilgjengelighet/4601_TettstedHCparkering_20230916090908.jpg", "bildefil2": "https://data.kartverket.no/tilgjengelighet/tilgjengelighet/4601_TettstedHCparkering_20230916090909.jpg", "bildefil3": "https://data.kartverket.no/tilgjengelighet/tilgjengelighet/4601_TettstedHCparkering_20230916092404.jpg", "bilde1_t": "https://data.kartverket.no/tilgjengelighet/tilgjengelighet_thumb/4601_TettstedHCparkering_20230916090908_t.jpg", "bilde2_t": "https://data.kartverket.no/tilgjengelighet/tilgjengelighet_thumb/4601_TettstedHCparkering_20230916090909_t.jpg", "bilde3_t": "https://data.kartverket.no/tilgjengelighet/tilgjengelighet_thumb/4601_TettstedHCparkering_20230916092404_t.jpg"}}, {"type": "Feature", "id": 120, "geometry": {"type": "Point", "coordinates": [5.324011000161142, 60.40037600039525]}, "properties": {"OBJECTID": 120, "adressenavn": "Helgesens gate", "informasjon": null, "gatelangsparkering": "Ja", "fortauskant_mindre_enn25cm": "Ja", "overbygg_parkeringsplaa": "Nei", "stigninggrader": 5, "byggingpagar": "Nei", "bredde_cm": null, "lengde_cm": null, "bildefil1": "https://data.kartverket.no/tilgjengelighet/tilgjengelighet/4601_TettstedHCparkering_20230916091331.jpg", "bildefil2": "https://data.kartverket.no/tilgjengelighet/tilgjengelighet/4601_TettstedHCparkering_20230916092059.jpg", "bildefil3": "https://data.kartverket.no/tilgjengelighet/tilgjengelighet/4601_TettstedHCparkering_20230916092100.jpg", "bilde1_t": "https://data.kartverket.no/tilgjengelighet/tilgjengelighet_thumb/4601_TettstedHCparkering_20230916091331_t.jpg", "bilde2_t": "https://data.kartverket.no/tilgjengelighet/tilgjengelighet_thumb/4601_TettstedHCparkering_20230916092059_t.jpg", "bilde3_t": "https://data.kartverket.no/tilgjengelighet/tilgjengelighet_thumb/4601_TettstedHCparkering_20230916092100_t.jpg"}}, {"type": "Feature", "id": 121, "geometry": {"type": "Point", "coordinates": [5.3239230007067775, 60.40039999985613]}, "properties": {"OBJECTID": 121, "adressenavn": "Helgesens gate", "informasjon": null, "gatelangsparkering": "Ja", "fortauskant_mindre_enn25cm": "Ja", "overbygg_parkeringsplaa": "Nei", "stigninggrader": 4, "byggingpagar": "Nei", "bredde_cm": null, "lengde_cm": null, "bildefil1": "https://data.kartverket.no/tilgjengelighet/tilgjengelighet/4601_TettstedHCparkering_20230916091503.jpg", "bildefil2": "https://data.kartverket.no/tilgjengelighet/tilgjengelighet/4601_TettstedHCparkering_20230916091504.jpg", "bildefil3": "https://data.kartverket.no/tilgjengelighet/tilgjengelighet/4601_TettstedHCparkering_20230916091824.jpg", "bilde1_t": "https://data.kartverket.no/tilgjengelighet/tilgjengelighet_thumb/4601_TettstedHCparkering_20230916091503_t.jpg", "bilde2_t": "https://data.kartverket.no/tilgjengelighet/tilgjengelighet_thumb/4601_TettstedHCparkering_20230916091504_t.jpg", "bilde3_t": "https://data.kartverket.no/tilgjengelighet/tilgjengelighet_thumb/4601_TettstedHCparkering_20230916091824_t.jpg"}}, {"type": "Feature", "id": 122, "geometry": {"type": "Point", "coordinates": [5.325349000552251, 60.40168399992689]}, "properties": {"OBJECTID": 122, "adressenavn": "Repslagergaten", "informasjon": null, "gatelangsparkering": "Ja", "fortauskant_mindre_enn25cm": "Nei", "overbygg_parkeringsplaa": "Nei", "stigninggrader": 2, "byggingpagar": "Nei", "bredde_cm": null, "lengde_cm": null, "bildefil1": "https://data.kartverket.no/tilgjengelighet/tilgjengelighet/4601_TettstedHCparkering_20230912200746.jpg", "bildefil2": "https://data.kartverket.no/tilgjengelighet/tilgjengelighet/4601_TettstedHCparkering_20230912200747.jpg", "bildefil3": "https://data.kartverket.no/tilgjengelighet/tilgjengelighet/4601_TettstedHCparkering_20230912200748.jpg", "bilde1_t": "https://data.kartverket.no/tilgjengelighet/tilgjengelighet_thumb/4601_TettstedHCparkering_20230912200746_t.jpg", "bilde2_t": "https://data.kartverket.no/tilgjengelighet/tilgjengelighet_thumb/4601_TettstedHCparkering_20230912200747_t.jpg", "bilde3_t": "https://data.kartverket.no/tilgjengelighet/tilgjengelighet_thumb/4601_TettstedHCparkering_20230912200748_t.jpg"}}, {"type": "Feature", "id": 123, "geometry": {"type": "Point", "coordinates": [5.325290000582205, 60.40190599967076]}, "properties": {"OBJECTID": 123, "adressenavn": "Repslagergaten", "informasjon": null, "gatelangsparkering": "Ja", "fortauskant_mindre_enn25cm": "Nei", "overbygg_parkeringsplaa": "Nei", "stigninggrader": 2, "byggingpagar": "Nei", "bredde_cm": null, "lengde_cm": null, "bildefil1": "https://data.kartverket.no/tilgjengelighet/tilgjengelighet/4601_TettstedHCparkering_20230912200343.jpg", "bildefil2": "https://data.kartverket.no/tilgjengelighet/tilgjengelighet/4601_TettstedHCparkering_20230912200344.jpg", "bildefil3": "https://data.kartverket.no/tilgjengelighet/tilgjengelighet/4601_TettstedHCparkering_20230912201017.jpg", "bilde1_t": "https://data.kartverket.no/tilgjengelighet/tilgjengelighet_thumb/4601_TettstedHCparkering_20230912200343_t.jpg", "bilde2_t": "https://data.kartverket.no/tilgjengelighet/tilgjengelighet_thumb/4601_TettstedHCparkering_20230912200344_t.jpg", "bilde3_t": "https://data.kartverket.no/tilgjengelighet/tilgjengelighet_thumb/4601_TettstedHCparkering_20230912201017_t.jpg"}}, {"type": "Feature", "id": 124, "geometry": {"type": "Point", "coordinates": [5.326151000664938, 60.40221799988175]}, "properties": {"OBJECTID": 124, "adressenavn": "Ladegårdsgaten", "informasjon": null, "gatelangsparkering": "Ja", "fortauskant_mindre_enn25cm": "Nei", "overbygg_parkeringsplaa": "Nei", "stigninggrader": 3, "byggingpagar": "Nei", "bredde_cm": 150, "lengde_cm": 500, "bildefil1": "https://data.kartverket.no/tilgjengelighet/tilgjengelighet/4601_TettstedHCparkering_20230912200037.jpg", "bildefil2": "https://data.kartverket.no/tilgjengelighet/tilgjengelighet/4601_TettstedHCparkering_20230912200038.jpg", "bildefil3": "https://data.kartverket.no/tilgjengelighet/tilgjengelighet/4601_TettstedHCparkering_20230912200039.jpg", "bilde1_t": "https://data.kartverket.no/tilgjengelighet/tilgjengelighet_thumb/4601_TettstedHCparkering_20230912200037_t.jpg", "bilde2_t": "https://data.kartverket.no/tilgjengelighet/tilgjengelighet_thumb/4601_TettstedHCparkering_20230912200038_t.jpg", "bilde3_t": "https://data.kartverket.no/tilgjengelighet/tilgjengelighet_thumb/4601_TettstedHCparkering_20230912200039_t.jpg"}}, {"type": "Feature", "id": 125, "geometry": {"type": "Point", "coordinates": [5.326209999527434, 60.40217700028708]}, "properties": {"OBJECTID": 125, "adressenavn": "Ladegårdsgaten", "informasjon": null, "gatelangsparkering": "Ja", "fortauskant_mindre_enn25cm": "Nei", "overbygg_parkeringsplaa": "Nei", "stigninggrader": 3, "byggingpagar": "Nei", "bredde_cm": 150, "lengde_cm": 500, "bildefil1": "https://data.kartverket.no/tilgjengelighet/tilgjengelighet/4601_TettstedHCparkering_20230912195820.jpg", "bildefil2": "https://data.kartverket.no/tilgjengelighet/tilgjengelighet/4601_TettstedHCparkering_20230912195821.jpg", "bildefil3": "https://data.kartverket.no/tilgjengelighet/tilgjengelighet/4601_TettstedHCparkering_20230912195822.jpg", "bilde1_t": "https://data.kartverket.no/tilgjengelighet/tilgjengelighet_thumb/4601_TettstedHCparkering_20230912195820_t.jpg", "bilde2_t": "https://data.kartverket.no/tilgjengelighet/tilgjengelighet_thumb/4601_TettstedHCparkering_20230912195821_t.jpg", "bilde3_t": "https://data.kartverket.no/tilgjengelighet/tilgjengelighet_thumb/4601_TettstedHCparkering_20230912195822_t.jpg"}}, {"type": "Feature", "id": 126, "geometry": {"type": "Point", "coordinates": [5.326255999610601, 60.40296700008412]}, "properties": {"OBJECTID": 126, "adressenavn": "Professor Arentz' gate", "informasjon": null, "gatelangsparkering": "Ja", "fortauskant_mindre_enn25cm": "Nei", "overbygg_parkeringsplaa": "Nei", "stigninggrader": 3, "byggingpagar": "Nei", "bredde_cm": null, "lengde_cm": null, "bildefil1": "https://data.kartverket.no/tilgjengelighet/tilgjengelighet/4601_TettstedHCparkering_20230912195253.jpg", "bildefil2": "https://data.kartverket.no/tilgjengelighet/tilgjengelighet/4601_TettstedHCparkering_20230912195254.jpg", "bildefil3": "https://data.kartverket.no/tilgjengelighet/tilgjengelighet/4601_TettstedHCparkering_20240419092605.jpg", "bilde1_t": "https://data.kartverket.no/tilgjengelighet/tilgjengelighet_thumb/4601_TettstedHCparkering_20230912195253_t.jpg", "bilde2_t": "https://data.kartverket.no/tilgjengelighet/tilgjengelighet_thumb/4601_TettstedHCparkering_20230912195254_t.jpg", "bilde3_t": "https://data.kartverket.no/tilgjengelighet/tilgjengelighet_thumb/4601_TettstedHCparkering_20240419092605_t.jpg"}}, {"type": "Feature", "id": 127, "geometry": {"type": "Point", "coordinates": [5.324569000375208, 60.40351599996857]}, "properties": {"OBJECTID": 127, "adressenavn": "Ladegårdsgaten", "informasjon": null, "gatelangsparkering": "Ja", "fortauskant_mindre_enn25cm": "Nei", "overbygg_parkeringsplaa": "Nei", "stigninggrader": 2, "byggingpagar": "Nei", "bredde_cm": 410, "lengde_cm": 460, "bildefil1": "https://data.kartverket.no/tilgjengelighet/tilgjengelighet/4601_TettstedHCparkering_20230912193519.jpg", "bildefil2": "https://data.kartverket.no/tilgjengelighet/tilgjengelighet/4601_TettstedHCparkering_20230912193520.jpg", "bildefil3": "https://data.kartverket.no/tilgjengelighet/tilgjengelighet/4601_TettstedHCparkering_20230912193521.jpg", "bilde1_t": "https://data.kartverket.no/tilgjengelighet/tilgjengelighet_thumb/4601_TettstedHCparkering_20230912193519_t.jpg", "bilde2_t": "https://data.kartverket.no/tilgjengelighet/tilgjengelighet_thumb/4601_TettstedHCparkering_20230912193520_t.jpg", "bilde3_t": "https://data.kartverket.no/tilgjengelighet/tilgjengelighet_thumb/4601_TettstedHCparkering_20230912193521_t.jpg"}}, {"type": "Feature", "id": 128, "geometry": {"type": "Point", "coordinates": [5.325032999512015, 60.403921000073744]}, "properties": {"OBJECTID": 128, "adressenavn": "Edvardsens gate", "informasjon": null, "gatelangsparkering": "Ja", "fortauskant_mindre_enn25cm": "Nei", "overbygg_parkeringsplaa": "Nei", "stigninggrader": 5, "byggingpagar": "Nei", "bredde_cm": null, "lengde_cm": null, "bildefil1": "https://data.kartverket.no/tilgjengelighet/tilgjengelighet/4601_TettstedHCparkering_20230912193953.jpg", "bildefil2": "https://data.kartverket.no/tilgjengelighet/tilgjengelighet/4601_TettstedHCparkering_20230912194412.jpg", "bildefil3": "https://data.kartverket.no/tilgjengelighet/tilgjengelighet/4601_TettstedHCparkering_20230912194413.jpg", "bilde1_t": "https://data.kartverket.no/tilgjengelighet/tilgjengelighet_thumb/4601_TettstedHCparkering_20230912193953_t.jpg", "bilde2_t": "https://data.kartverket.no/tilgjengelighet/tilgjengelighet_thumb/4601_TettstedHCparkering_20230912194412_t.jpg", "bilde3_t": "https://data.kartverket.no/tilgjengelighet/tilgjengelighet_thumb/4601_TettstedHCparkering_20230912194413_t.jpg"}}, {"type": "Feature", "id": 129, "geometry": {"type": "Point", "coordinates": [5.3291739999927055, 60.39949599994824]}, "properties": {"OBJECTID": 129, "adressenavn": "Claus Fastings gate", "informasjon": null, "gatelangsparkering": "Ja", "fortauskant_mindre_enn25cm": "Nei", "overbygg_parkeringsplaa": "Nei", "stigninggrader": 6, "byggingpagar": "Nei", "bredde_cm": null, "lengde_cm": null, "bildefil1": "https://data.kartverket.no/tilgjengelighet/tilgjengelighet/4601_TettstedHCparkering_20230916133420.jpg", "bildefil2": "https://data.kartverket.no/tilgjengelighet/tilgjengelighet/4601_TettstedHCparkering_20230916133421.jpg", "bildefil3": "https://data.kartverket.no/tilgjengelighet/tilgjengelighet/4601_TettstedHCparkering_20230916133631.jpg", "bilde1_t": "https://data.kartverket.no/tilgjengelighet/tilgjengelighet_thumb/4601_TettstedHCparkering_20230916133420_t.jpg", "bilde2_t": "https://data.kartverket.no/tilgjengelighet/tilgjengelighet_thumb/4601_TettstedHCparkering_20230916133421_t.jpg", "bilde3_t": "https://data.kartverket.no/tilgjengelighet/tilgjengelighet_thumb/4601_TettstedHCparkering_20230916133631_t.jpg"}}, {"type": "Feature", "id": 130, "geometry": {"type": "Point", "coordinates": [5.328991999394836, 60.40032699982542]}, "properties": {"OBJECTID": 130, "adressenavn": "Krohnengsgaten", "informasjon": null, "gatelangsparkering": "Ja", "fortauskant_mindre_enn25cm": "Nei", "overbygg_parkeringsplaa": "Nei", "stigninggrader": 2, "byggingpagar": "Nei", "bredde_cm": null, "lengde_cm": null, "bildefil1": "https://data.kartverket.no/tilgjengelighet/tilgjengelighet/4601_TettstedHCparkering_20230916120001.jpg", "bildefil2": "https://data.kartverket.no/tilgjengelighet/tilgjengelighet/4601_TettstedHCparkering_20230916120208.jpg", "bildefil3": "https://data.kartverket.no/tilgjengelighet/tilgjengelighet/4601_TettstedHCparkering_20230916120209.jpg", "bilde1_t": "https://data.kartverket.no/tilgjengelighet/tilgjengelighet_thumb/4601_TettstedHCparkering_20230916120001_t.jpg", "bilde2_t": "https://data.kartverket.no/tilgjengelighet/tilgjengelighet_thumb/4601_TettstedHCparkering_20230916120208_t.jpg", "bilde3_t": "https://data.kartverket.no/tilgjengelighet/tilgjengelighet_thumb/4601_TettstedHCparkering_20230916120209_t.jpg"}}, {"type": "Feature", "id": 131, "geometry": {"type": "Point", "coordinates": [5.323930999459563, 60.40511500037483]}, "properties": {"OBJECTID": 131, "adressenavn": "Ladegårdsgaten", "informasjon": null, "gatelangsparkering": "Ja", "fortauskant_mindre_enn25cm": "Nei", "overbygg_parkeringsplaa": "Nei", "stigninggrader": 3, "byggingpagar": "Nei", "bredde_cm": null, "lengde_cm": null, "bildefil1": "https://data.kartverket.no/tilgjengelighet/tilgjengelighet/4601_TettstedHCparkering_20230912192806.jpg", "bildefil2": "https://data.kartverket.no/tilgjengelighet/tilgjengelighet/4601_TettstedHCparkering_20230912192807.jpg", "bildefil3": "https://data.kartverket.no/tilgjengelighet/tilgjengelighet/4601_TettstedHCparkering_20230912193037.jpg", "bilde1_t": "https://data.kartverket.no/tilgjengelighet/tilgjengelighet_thumb/4601_TettstedHCparkering_20230912192806_t.jpg", "bilde2_t": "https://data.kartverket.no/tilgjengelighet/tilgjengelighet_thumb/4601_TettstedHCparkering_20230912192807_t.jpg", "bilde3_t": "https://data.kartverket.no/tilgjengelighet/tilgjengelighet_thumb/4601_TettstedHCparkering_20230912193037_t.jpg"}}, {"type": "Feature", "id": 132, "geometry": {"type": "Point", "coordinates": [5.3288230001809564, 60.4055689997369]}, "properties": {"OBJECTID": 132, "adressenavn": "Gutenbergsveien", "informasjon": null, "gatelangsparkering": "Ja", "fortauskant_mindre_enn25cm": "Nei", "overbygg_parkeringsplaa": "Nei", "stigninggrader": 5, "byggingpagar": "Nei", "bredde_cm": null, "lengde_cm": null, "bildefil1": "https://data.kartverket.no/tilgjengelighet/tilgjengelighet/4601_TettstedHCparkering_20230916112131.jpg", "bildefil2": "https://data.kartverket.no/tilgjengelighet/tilgjengelighet/4601_TettstedHCparkering_20230916112340.jpg", "bildefil3": "https://data.kartverket.no/tilgjengelighet/tilgjengelighet/4601_TettstedHCparkering_20230916112446.jpg", "bilde1_t": "https://data.kartverket.no/tilgjengelighet/tilgjengelighet_thumb/4601_TettstedHCparkering_20230916112131_t.jpg", "bilde2_t": "https://data.kartverket.no/tilgjengelighet/tilgjengelighet_thumb/4601_TettstedHCparkering_20230916112340_t.jpg", "bilde3_t": "https://data.kartverket.no/tilgjengelighet/tilgjengelighet_thumb/4601_TettstedHCparkering_20230916112446_t.jpg"}}, {"type": "Feature", "id": 133, "geometry": {"type": "Point", "coordinates": [5.325886000273778, 60.406630000326366]}, "properties": {"OBJECTID": 133, "adressenavn": "Ekrebakken", "informasjon": null, "gatelangsparkering": "Ja", "fortauskant_mindre_enn25cm": "Nei", "overbygg_parkeringsplaa": "Nei", "stigninggrader": 4, "byggingpagar": "Nei", "bredde_cm": null, "lengde_cm": null, "bildefil1": "https://data.kartverket.no/tilgjengelighet/tilgjengelighet/4601_TettstedHCparkering_20230916093500.jpg", "bildefil2": "https://data.kartverket.no/tilgjengelighet/tilgjengelighet/4601_TettstedHCparkering_20230916093956.jpg", "bildefil3": "https://data.kartverket.no/tilgjengelighet/tilgjengelighet/4601_TettstedHCparkering_20230916093957.jpg", "bilde1_t": "https://data.kartverket.no/tilgjengelighet/tilgjengelighet_thumb/4601_TettstedHCparkering_20230916093500_t.jpg", "bilde2_t": "https://data.kartverket.no/tilgjengelighet/tilgjengelighet_thumb/4601_TettstedHCparkering_20230916093956_t.jpg", "bilde3_t": "https://data.kartverket.no/tilgjengelighet/tilgjengelighet_thumb/4601_TettstedHCparkering_20230916093957_t.jpg"}}, {"type": "Feature", "id": 134, "geometry": {"type": "Point", "coordinates": [5.325845999084465, 60.40668799997906]}, "properties": {"OBJECTID": 134, "adressenavn": "Ekrebakken", "informasjon": null, "gatelangsparkering": "Ja", "fortauskant_mindre_enn25cm": "Nei", "overbygg_parkeringsplaa": "Nei", "stigninggrader": 6, "byggingpagar": "Ja", "bredde_cm": null, "lengde_cm": null, "bildefil1": "https://data.kartverket.no/tilgjengelighet/tilgjengelighet/4601_TettstedHCparkering_20230916093300.jpg", "bildefil2": "https://data.kartverket.no/tilgjengelighet/tilgjengelighet/4601_TettstedHCparkering_20230916093803.jpg", "bildefil3": "https://data.kartverket.no/tilgjengelighet/tilgjengelighet/4601_TettstedHCparkering_20230916093804.jpg", "bilde1_t": "https://data.kartverket.no/tilgjengelighet/tilgjengelighet_thumb/4601_TettstedHCparkering_20230916093300_t.jpg", "bilde2_t": "https://data.kartverket.no/tilgjengelighet/tilgjengelighet_thumb/4601_TettstedHCparkering_20230916093803_t.jpg", "bilde3_t": "https://data.kartverket.no/tilgjengelighet/tilgjengelighet_thumb/4601_TettstedHCparkering_20230916093804_t.jpg"}}, {"type": "Feature", "id": 135, "geometry": {"type": "Point", "coordinates": [5.322842000372326, 60.391505000004315]}, "properties": {"OBJECTID": 135, "adressenavn": "Torggaten", "informasjon": null, "gatelangsparkering": "Ja", "fortauskant_mindre_enn25cm": "Ja", "overbygg_parkeringsplaa": "Nei", "stigninggrader": 1, "byggingpagar": "Nei", "bredde_cm": null, "lengde_cm": null, "bildefil1": "https://data.kartverket.no/tilgjengelighet/tilgjengelighet/4601_TettstedHCparkering_20230819083516.jpg", "bildefil2": "https://data.kartverket.no/tilgjengelighet/tilgjengelighet/4601_TettstedHCparkering_20230819083517.jpg", "bildefil3": "https://data.kartverket.no/tilgjengelighet/tilgjengelighet/4601_TettstedHCparkering_20240419093701.jpg", "bilde1_t": "https://data.kartverket.no/tilgjengelighet/tilgjengelighet_thumb/4601_TettstedHCparkering_20230819083516_t.jpg", "bilde2_t": "https://data.kartverket.no/tilgjengelighet/tilgjengelighet_thumb/4601_TettstedHCparkering_20230819083517_t.jpg", "bilde3_t": "https://data.kartverket.no/tilgjengelighet/tilgjengelighet_thumb/4601_TettstedHCparkering_20240419093701_t.jpg"}}, {"type": "Feature", "id": 136, "geometry": {"type": "Point", "coordinates": [5.3227989998786, 60.39146100011797]}, "properties": {"OBJECTID": 136, "adressenavn": "Torggaten", "informasjon": null, "gatelangsparkering": "Ja", "fortauskant_mindre_enn25cm": "Ja", "overbygg_parkeringsplaa": "Nei", "stigninggrader": 1, "byggingpagar": "Nei", "bredde_cm": null, "lengde_cm": null, "bildefil1": "https://data.kartverket.no/tilgjengelighet/tilgjengelighet/4601_TettstedHCparkering_20230819083325.jpg", "bildefil2": "https://data.kartverket.no/tilgjengelighet/tilgjengelighet/4601_TettstedHCparkering_20230819083326.jpg", "bildefil3": "https://data.kartverket.no/tilgjengelighet/tilgjengelighet/4601_TettstedHCparkering_20240419093824.jpg", "bilde1_t": "https://data.kartverket.no/tilgjengelighet/tilgjengelighet_thumb/4601_TettstedHCparkering_20230819083325_t.jpg", "bilde2_t": "https://data.kartverket.no/tilgjengelighet/tilgjengelighet_thumb/4601_TettstedHCparkering_20230819083326_t.jpg", "bilde3_t": "https://data.kartverket.no/tilgjengelighet/tilgjengelighet_thumb/4601_TettstedHCparkering_20240419093824_t.jpg"}}, {"type": "Feature", "id": 137, "geometry": {"type": "Point", "coordinates": [5.3227320002340734, 60.39140400026158]}, "properties": {"OBJECTID": 137, "adressenavn": "Torggaten", "informasjon": null, "gatelangsparkering": "Ja", "fortauskant_mindre_enn25cm": "Ja", "overbygg_parkeringsplaa": "Nei", "stigninggrader": 1, "byggingpagar": "Nei", "bredde_cm": null, "lengde_cm": null, "bildefil1": "https://data.kartverket.no/tilgjengelighet/tilgjengelighet/4601_TettstedHCparkering_20230819082907.jpg", "bildefil2": "https://data.kartverket.no/tilgjengelighet/tilgjengelighet/4601_TettstedHCparkering_20230819082908.jpg", "bildefil3": "https://data.kartverket.no/tilgjengelighet/tilgjengelighet/4601_TettstedHCparkering_20240419093940.jpg", "bilde1_t": "https://data.kartverket.no/tilgjengelighet/tilgjengelighet_thumb/4601_TettstedHCparkering_20230819082907_t.jpg", "bilde2_t": "https://data.kartverket.no/tilgjengelighet/tilgjengelighet_thumb/4601_TettstedHCparkering_20230819082908_t.jpg", "bilde3_t": "https://data.kartverket.no/tilgjengelighet/tilgjengelighet_thumb/4601_TettstedHCparkering_20240419093940_t.jpg"}}, {"type": "Feature", "id": 138, "geometry": {"type": "Point", "coordinates": [5.321525999730206, 60.39035900037896]}, "properties": {"OBJECTID": 138, "adressenavn": "Vestre Torggaten", "informasjon": null, "gatelangsparkering": "Ja", "fortauskant_mindre_enn25cm": "Ja", "overbygg_parkeringsplaa": "Nei", "stigninggrader": 1, "byggingpagar": "Nei", "bredde_cm": null, "lengde_cm": null, "bildefil1": "https://data.kartverket.no/tilgjengelighet/tilgjengelighet/4601_TettstedHCparkering_20230704141610.jpg", "bildefil2": "https://data.kartverket.no/tilgjengelighet/tilgjengelighet/4601_TettstedHCparkering_20240419094219.jpg", "bildefil3": "https://data.kartverket.no/tilgjengelighet/tilgjengelighet/4601_TettstedHCparkering_20240419094220.jpg", "bilde1_t": "https://data.kartverket.no/tilgjengelighet/tilgjengelighet_thumb/4601_TettstedHCparkering_20230704141610_t.jpg", "bilde2_t": "https://data.kartverket.no/tilgjengelighet/tilgjengelighet_thumb/4601_TettstedHCparkering_20240419094219_t.jpg", "bilde3_t": "https://data.kartverket.no/tilgjengelighet/tilgjengelighet_thumb/4601_TettstedHCparkering_20240419094220_t.jpg"}}, {"type": "Feature", "id": 139, "geometry": {"type": "Point", "coordinates": [5.321613000207106, 60.39043800006999]}, "properties": {"OBJECTID": 139, "adressenavn": "Vestre Torggaten", "informasjon": null, "gatelangsparkering": "Ja", "fortauskant_mindre_enn25cm": "Ja", "overbygg_parkeringsplaa": "Nei", "stigninggrader": 1, "byggingpagar": "Nei", "bredde_cm": null, "lengde_cm": null, "bildefil1": "https://data.kartverket.no/tilgjengelighet/tilgjengelighet/4601_TettstedHCparkering_20230704141355.jpg", "bildefil2": "https://data.kartverket.no/tilgjengelighet/tilgjengelighet/4601_TettstedHCparkering_20240419094422.jpg", "bildefil3": "https://data.kartverket.no/tilgjengelighet/tilgjengelighet/4601_TettstedHCparkering_20240419094423.jpg", "bilde1_t": "https://data.kartverket.no/tilgjengelighet/tilgjengelighet_thumb/4601_TettstedHCparkering_20230704141355_t.jpg", "bilde2_t": "https://data.kartverket.no/tilgjengelighet/tilgjengelighet_thumb/4601_TettstedHCparkering_20240419094422_t.jpg", "bilde3_t": "https://data.kartverket.no/tilgjengelighet/tilgjengelighet_thumb/4601_TettstedHCparkering_20240419094423_t.jpg"}}, {"type": "Feature", "id": 140, "geometry": {"type": "Point", "coordinates": [5.321688999202783, 60.390510000062555]}, "properties": {"OBJECTID": 140, "adressenavn": "Vestre Torggaten", "informasjon": null, "gatelangsparkering": "Ja", "fortauskant_mindre_enn25cm": "Ja", "overbygg_parkeringsplaa": "Nei", "stigninggrader": 1, "byggingpagar": "Nei", "bredde_cm": null, "lengde_cm": null, "bildefil1": "https://data.kartverket.no/tilgjengelighet/tilgjengelighet/4601_TettstedHCparkering_20230704141047.jpg", "bildefil2": "https://data.kartverket.no/tilgjengelighet/tilgjengelighet/4601_TettstedHCparkering_20240419094652.jpg", "bildefil3": "https://data.kartverket.no/tilgjengelighet/tilgjengelighet/4601_TettstedHCparkering_20240419094653.jpg", "bilde1_t": "https://data.kartverket.no/tilgjengelighet/tilgjengelighet_thumb/4601_TettstedHCparkering_20230704141047_t.jpg", "bilde2_t": "https://data.kartverket.no/tilgjengelighet/tilgjengelighet_thumb/4601_TettstedHCparkering_20240419094652_t.jpg", "bilde3_t": "https://data.kartverket.no/tilgjengelighet/tilgjengelighet_thumb/4601_TettstedHCparkering_20240419094653_t.jpg"}}, {"type": "Feature", "id": 141, "geometry": {"type": "Point", "coordinates": [5.319864000259356, 60.393642999940965]}, "properties": {"OBJECTID": 141, "adressenavn": "Jon Smørs gate", "informasjon": null, "gatelangsparkering": "Ja", "fortauskant_mindre_enn25cm": "Ja", "overbygg_parkeringsplaa": "Nei", "stigninggrader": 3, "byggingpagar": "Nei", "bredde_cm": null, "lengde_cm": null, "bildefil1": "https://data.kartverket.no/tilgjengelighet/tilgjengelighet/4601_TettstedHCparkering_20231025131147.jpg", "bildefil2": "https://data.kartverket.no/tilgjengelighet/tilgjengelighet/4601_TettstedHCparkering_20231025132126.jpg", "bildefil3": "https://data.kartverket.no/tilgjengelighet/tilgjengelighet/4601_TettstedHCparkering_20240419094910.jpg", "bilde1_t": "https://data.kartverket.no/tilgjengelighet/tilgjengelighet_thumb/4601_TettstedHCparkering_20231025131147_t.jpg", "bilde2_t": "https://data.kartverket.no/tilgjengelighet/tilgjengelighet_thumb/4601_TettstedHCparkering_20231025132126_t.jpg", "bilde3_t": "https://data.kartverket.no/tilgjengelighet/tilgjengelighet_thumb/4601_TettstedHCparkering_20240419094910_t.jpg"}}, {"type": "Feature", "id": 142, "geometry": {"type": "Point", "coordinates": [5.321070999826823, 60.39356300020301]}, "properties": {"OBJECTID": 142, "adressenavn": "Fortunen", "informasjon": null, "gatelangsparkering": "Ja", "fortauskant_mindre_enn25cm": "Ja", "overbygg_parkeringsplaa": "Nei", "stigninggrader": 2, "byggingpagar": "Nei", "bredde_cm": null, "lengde_cm": null, "bildefil1": "https://data.kartverket.no/tilgjengelighet/tilgjengelighet/4601_TettstedHCparkering_20231104083326.jpg", "bildefil2": "https://data.kartverket.no/tilgjengelighet/tilgjengelighet/4601_TettstedHCparkering_20231104083327.jpg", "bildefil3": "https://data.kartverket.no/tilgjengelighet/tilgjengelighet/4601_TettstedHCparkering_20231104083328.jpg", "bilde1_t": "https://data.kartverket.no/tilgjengelighet/tilgjengelighet_thumb/4601_TettstedHCparkering_20231104083326_t.jpg", "bilde2_t": "https://data.kartverket.no/tilgjengelighet/tilgjengelighet_thumb/4601_TettstedHCparkering_20231104083327_t.jpg", "bilde3_t": "https://data.kartverket.no/tilgjengelighet/tilgjengelighet_thumb/4601_TettstedHCparkering_20231104083328_t.jpg"}}, {"type": "Feature", "id": 143, "geometry": {"type": "Point", "coordinates": [5.32098299996331, 60.39350699957939]}, "properties": {"OBJECTID": 143, "adressenavn": "Fortunen", "informasjon": null, "gatelangsparkering": "Ja", "fortauskant_mindre_enn25cm": "Ja", "overbygg_parkeringsplaa": "Nei", "stigninggrader": 2, "byggingpagar": "Nei", "bredde_cm": null, "lengde_cm": null, "bildefil1": "https://data.kartverket.no/tilgjengelighet/tilgjengelighet/4601_TettstedHCparkering_20231104083155.jpg", "bildefil2": "https://data.kartverket.no/tilgjengelighet/tilgjengelighet/4601_TettstedHCparkering_20231104083156.jpg", "bildefil3": "https://data.kartverket.no/tilgjengelighet/tilgjengelighet/4601_TettstedHCparkering_20231104083157.jpg", "bilde1_t": "https://data.kartverket.no/tilgjengelighet/tilgjengelighet_thumb/4601_TettstedHCparkering_20231104083155_t.jpg", "bilde2_t": "https://data.kartverket.no/tilgjengelighet/tilgjengelighet_thumb/4601_TettstedHCparkering_20231104083156_t.jpg", "bilde3_t": "https://data.kartverket.no/tilgjengelighet/tilgjengelighet_thumb/4601_TettstedHCparkering_20231104083157_t.jpg"}}, {"type": "Feature", "id": 144, "geometry": {"type": "Point", "coordinates": [5.320894000588659, 60.393447999734796]}, "properties": {"OBJECTID": 144, "adressenavn": "Fortunen", "informasjon": null, "gatelangsparkering": "Ja", "fortauskant_mindre_enn25cm": "Ja", "overbygg_parkeringsplaa": "Nei", "stigninggrader": 2, "byggingpagar": "Nei", "bredde_cm": null, "lengde_cm": null, "bildefil1": "https://data.kartverket.no/tilgjengelighet/tilgjengelighet/4601_TettstedHCparkering_20231104083006.jpg", "bildefil2": "https://data.kartverket.no/tilgjengelighet/tilgjengelighet/4601_TettstedHCparkering_20231104083007.jpg", "bildefil3": "https://data.kartverket.no/tilgjengelighet/tilgjengelighet/4601_TettstedHCparkering_20231104083008.jpg", "bilde1_t": "https://data.kartverket.no/tilgjengelighet/tilgjengelighet_thumb/4601_TettstedHCparkering_20231104083006_t.jpg", "bilde2_t": "https://data.kartverket.no/tilgjengelighet/tilgjengelighet_thumb/4601_TettstedHCparkering_20231104083007_t.jpg", "bilde3_t": "https://data.kartverket.no/tilgjengelighet/tilgjengelighet_thumb/4601_TettstedHCparkering_20231104083008_t.jpg"}}, {"type": "Feature", "id": 145, "geometry": {"type": "Point", "coordinates": [5.317984000064646, 60.39405600023212]}, "properties": {"OBJECTID": 145, "adressenavn": "Markeveien", "informasjon": null, "gatelangsparkering": "Ja", "fortauskant_mindre_enn25cm": "Ja", "overbygg_parkeringsplaa": "Nei", "stigninggrader": 1, "byggingpagar": "Nei", "bredde_cm": null, "lengde_cm": null, "bildefil1": "https://data.kartverket.no/tilgjengelighet/tilgjengelighet/4601_TettstedHCparkering_20230829075659.jpg", "bildefil2": "https://data.kartverket.no/tilgjengelighet/tilgjengelighet/4601_TettstedHCparkering_20240419095229.jpg", "bildefil3": "https://data.kartverket.no/tilgjengelighet/tilgjengelighet/4601_TettstedHCparkering_20240419095230.jpg", "bilde1_t": "https://data.kartverket.no/tilgjengelighet/tilgjengelighet_thumb/4601_TettstedHCparkering_20230829075659_t.jpg", "bilde2_t": "https://data.kartverket.no/tilgjengelighet/tilgjengelighet_thumb/4601_TettstedHCparkering_20240419095229_t.jpg", "bilde3_t": "https://data.kartverket.no/tilgjengelighet/tilgjengelighet_thumb/4601_TettstedHCparkering_20240419095230_t.jpg"}}, {"type": "Feature", "id": 146, "geometry": {"type": "Point", "coordinates": [5.317557999766325, 60.39427599986951]}, "properties": {"OBJECTID": 146, "adressenavn": "Klostergaten", "informasjon": null, "gatelangsparkering": "Ja", "fortauskant_mindre_enn25cm": "Ja", "overbygg_parkeringsplaa": "Nei", "stigninggrader": 1, "byggingpagar": "Nei", "bredde_cm": null, "lengde_cm": null, "bildefil1": "https://data.kartverket.no/tilgjengelighet/tilgjengelighet/4601_TettstedHCparkering_20230829075503.jpg", "bildefil2": "https://data.kartverket.no/tilgjengelighet/tilgjengelighet/4601_TettstedHCparkering_20240419095533.jpg", "bildefil3": "https://data.kartverket.no/tilgjengelighet/tilgjengelighet/4601_TettstedHCparkering_20240419095534.jpg", "bilde1_t": "https://data.kartverket.no/tilgjengelighet/tilgjengelighet_thumb/4601_TettstedHCparkering_20230829075503_t.jpg", "bilde2_t": "https://data.kartverket.no/tilgjengelighet/tilgjengelighet_thumb/4601_TettstedHCparkering_20240419095533_t.jpg", "bilde3_t": "https://data.kartverket.no/tilgjengelighet/tilgjengelighet_thumb/4601_TettstedHCparkering_20240419095534_t.jpg"}}, {"type": "Feature", "id": 147, "geometry": {"type": "Point", "coordinates": [5.315161999991432, 60.39542800004044]}, "properties": {"OBJECTID": 147, "adressenavn": "Klosteret", "informasjon": null, "gatelangsparkering": "Ja", "fortauskant_mindre_enn25cm": "Nei", "overbygg_parkeringsplaa": "Nei", "stigninggrader": 3, "byggingpagar": "Nei", "bredde_cm": 336, "lengde_cm": 480, "bildefil1": "https://data.kartverket.no/tilgjengelighet/tilgjengelighet/4601_TettstedHCparkering_20230912155615.jpg", "bildefil2": "https://data.kartverket.no/tilgjengelighet/tilgjengelighet/4601_TettstedHCparkering_20230912160206.jpg", "bildefil3": "https://data.kartverket.no/tilgjengelighet/tilgjengelighet/4601_TettstedHCparkering_20240419095656.jpg", "bilde1_t": "https://data.kartverket.no/tilgjengelighet/tilgjengelighet_thumb/4601_TettstedHCparkering_20230912155615_t.jpg", "bilde2_t": "https://data.kartverket.no/tilgjengelighet/tilgjengelighet_thumb/4601_TettstedHCparkering_20230912160206_t.jpg", "bilde3_t": "https://data.kartverket.no/tilgjengelighet/tilgjengelighet_thumb/4601_TettstedHCparkering_20240419095656_t.jpg"}}, {"type": "Feature", "id": 148, "geometry": {"type": "Point", "coordinates": [5.314849999881632, 60.39524699994609]}, "properties": {"OBJECTID": 148, "adressenavn": "Holbergsallmenningen", "informasjon": null, "gatelangsparkering": "Ja", "fortauskant_mindre_enn25cm": "Ja", "overbygg_parkeringsplaa": "Nei", "stigninggrader": 1, "byggingpagar": "Nei", "bredde_cm": 536, "lengde_cm": 496, "bildefil1": "https://data.kartverket.no/tilgjengelighet/tilgjengelighet/4601_TettstedHCparkering_20230705173314.jpg", "bildefil2": "https://data.kartverket.no/tilgjengelighet/tilgjengelighet/4601_TettstedHCparkering_20230705173315.jpg", "bildefil3": null, "bilde1_t": "https://data.kartverket.no/tilgjengelighet/tilgjengelighet_thumb/4601_TettstedHCparkering_20230705173314_t.jpg", "bilde2_t": "https://data.kartverket.no/tilgjengelighet/tilgjengelighet_thumb/4601_TettstedHCparkering_20230705173315_t.jpg", "bilde3_t": null}}, {"type": "Feature", "id": 149, "geometry": {"type": "Point", "coordinates": [5.315862999213609, 60.396421000434465]}, "properties": {"OBJECTID": 149, "adressenavn": "C. Sundts gate", "informasjon": null, "gatelangsparkering": "Ja", "fortauskant_mindre_enn25cm": "Ja", "overbygg_parkeringsplaa": "Nei", "stigninggrader": 1, "byggingpagar": "Nei", "bredde_cm": 280, "lengde_cm": 500, "bildefil1": "https://data.kartverket.no/tilgjengelighet/tilgjengelighet/4601_TettstedHCparkering_20231025113603.jpg", "bildefil2": "https://data.kartverket.no/tilgjengelighet/tilgjengelighet/4601_TettstedHCparkering_20231025113604.jpg", "bildefil3": "https://data.kartverket.no/tilgjengelighet/tilgjengelighet/4601_TettstedHCparkering_20231025113605.jpg", "bilde1_t": "https://data.kartverket.no/tilgjengelighet/tilgjengelighet_thumb/4601_TettstedHCparkering_20231025113603_t.jpg", "bilde2_t": "https://data.kartverket.no/tilgjengelighet/tilgjengelighet_thumb/4601_TettstedHCparkering_20231025113604_t.jpg", "bilde3_t": "https://data.kartverket.no/tilgjengelighet/tilgjengelighet_thumb/4601_TettstedHCparkering_20231025113605_t.jpg"}}, {"type": "Feature", "id": 150, "geometry": {"type": "Point", "coordinates": [5.3159350004703985, 60.39639599966563]}, "properties": {"OBJECTID": 150, "adressenavn": "C. Sundts gate", "informasjon": null, "gatelangsparkering": "Ja", "fortauskant_mindre_enn25cm": "Ja", "overbygg_parkeringsplaa": "Nei", "stigninggrader": 1, "byggingpagar": "Nei", "bredde_cm": 450, "lengde_cm": 490, "bildefil1": "https://data.kartverket.no/tilgjengelighet/tilgjengelighet/4601_TettstedHCparkering_20231025114037.jpg", "bildefil2": "https://data.kartverket.no/tilgjengelighet/tilgjengelighet/4601_TettstedHCparkering_20231025114038.jpg", "bildefil3": "https://data.kartverket.no/tilgjengelighet/tilgjengelighet/4601_TettstedHCparkering_20231025114039.jpg", "bilde1_t": "https://data.kartverket.no/tilgjengelighet/tilgjengelighet_thumb/4601_TettstedHCparkering_20231025114037_t.jpg", "bilde2_t": "https://data.kartverket.no/tilgjengelighet/tilgjengelighet_thumb/4601_TettstedHCparkering_20231025114038_t.jpg", "bilde3_t": "https://data.kartverket.no/tilgjengelighet/tilgjengelighet_thumb/4601_TettstedHCparkering_20231025114039_t.jpg"}}, {"type": "Feature", "id": 151, "geometry": {"type": "Point", "coordinates": [5.3160070005264615, 60.39637999965162]}, "properties": {"OBJECTID": 151, "adressenavn": "C. Sundts gate", "informasjon": null, "gatelangsparkering": "Ja", "fortauskant_mindre_enn25cm": "Ja", "overbygg_parkeringsplaa": "Nei", "stigninggrader": 1, "byggingpagar": "Nei", "bredde_cm": 450, "lengde_cm": 500, "bildefil1": "https://data.kartverket.no/tilgjengelighet/tilgjengelighet/4601_TettstedHCparkering_20231025113104.jpg", "bildefil2": "https://data.kartverket.no/tilgjengelighet/tilgjengelighet/4601_TettstedHCparkering_20231025113105.jpg", "bildefil3": "https://data.kartverket.no/tilgjengelighet/tilgjengelighet/4601_TettstedHCparkering_20231025113819.jpg", "bilde1_t": "https://data.kartverket.no/tilgjengelighet/tilgjengelighet_thumb/4601_TettstedHCparkering_20231025113104_t.jpg", "bilde2_t": "https://data.kartverket.no/tilgjengelighet/tilgjengelighet_thumb/4601_TettstedHCparkering_20231025113105_t.jpg", "bilde3_t": "https://data.kartverket.no/tilgjengelighet/tilgjengelighet_thumb/4601_TettstedHCparkering_20231025113819_t.jpg"}}, {"type": "Feature", "id": 152, "geometry": {"type": "Point", "coordinates": [5.316089999578623, 60.396345999716615]}, "properties": {"OBJECTID": 152, "adressenavn": "C. Sundts gate", "informasjon": null, "gatelangsparkering": "Ja", "fortauskant_mindre_enn25cm": "Ja", "overbygg_parkeringsplaa": "Nei", "stigninggrader": 1, "byggingpagar": "Nei", "bredde_cm": 440, "lengde_cm": 505, "bildefil1": "https://data.kartverket.no/tilgjengelighet/tilgjengelighet/4601_TettstedHCparkering_20230829071441.jpg", "bildefil2": "https://data.kartverket.no/tilgjengelighet/tilgjengelighet/4601_TettstedHCparkering_20230829071442.jpg", "bildefil3": "https://data.kartverket.no/tilgjengelighet/tilgjengelighet/4601_TettstedHCparkering_20230829071443.jpg", "bilde1_t": "https://data.kartverket.no/tilgjengelighet/tilgjengelighet_thumb/4601_TettstedHCparkering_20230829071441_t.jpg", "bilde2_t": "https://data.kartverket.no/tilgjengelighet/tilgjengelighet_thumb/4601_TettstedHCparkering_20230829071442_t.jpg", "bilde3_t": "https://data.kartverket.no/tilgjengelighet/tilgjengelighet_thumb/4601_TettstedHCparkering_20230829071443_t.jpg"}}, {"type": "Feature", "id": 153, "geometry": {"type": "Point", "coordinates": [5.31347300035473, 60.396782999923815]}, "properties": {"OBJECTID": 153, "adressenavn": "Strandgaten", "informasjon": null, "gatelangsparkering": "Ja", "fortauskant_mindre_enn25cm": "Ja", "overbygg_parkeringsplaa": "Nei", "stigninggrader": 2, "byggingpagar": "Nei", "bredde_cm": null, "lengde_cm": null, "bildefil1": "https://data.kartverket.no/tilgjengelighet/tilgjengelighet/4601_TettstedHCparkering_20231025110937.jpg", "bildefil2": "https://data.kartverket.no/tilgjengelighet/tilgjengelighet/4601_TettstedHCparkering_20231025110938.jpg", "bildefil3": "https://data.kartverket.no/tilgjengelighet/tilgjengelighet/4601_TettstedHCparkering_20240419100001.jpg", "bilde1_t": "https://data.kartverket.no/tilgjengelighet/tilgjengelighet_thumb/4601_TettstedHCparkering_20231025110937_t.jpg", "bilde2_t": "https://data.kartverket.no/tilgjengelighet/tilgjengelighet_thumb/4601_TettstedHCparkering_20231025110938_t.jpg", "bilde3_t": "https://data.kartverket.no/tilgjengelighet/tilgjengelighet_thumb/4601_TettstedHCparkering_20240419100001_t.jpg"}}, {"type": "Feature", "id": 154, "geometry": {"type": "Point", "coordinates": [5.312372999457895, 60.39722300003996]}, "properties": {"OBJECTID": 154, "adressenavn": "Strandgaten", "informasjon": null, "gatelangsparkering": "Ja", "fortauskant_mindre_enn25cm": "Ja", "overbygg_parkeringsplaa": "Nei", "stigninggrader": 1, "byggingpagar": "Nei", "bredde_cm": null, "lengde_cm": null, "bildefil1": "https://data.kartverket.no/tilgjengelighet/tilgjengelighet/4601_TettstedHCparkering_20231025105840.jpg", "bildefil2": "https://data.kartverket.no/tilgjengelighet/tilgjengelighet/4601_TettstedHCparkering_20231025110136.jpg", "bildefil3": "https://data.kartverket.no/tilgjengelighet/tilgjengelighet/4601_TettstedHCparkering_20231025110137.jpg", "bilde1_t": "https://data.kartverket.no/tilgjengelighet/tilgjengelighet_thumb/4601_TettstedHCparkering_20231025105840_t.jpg", "bilde2_t": "https://data.kartverket.no/tilgjengelighet/tilgjengelighet_thumb/4601_TettstedHCparkering_20231025110136_t.jpg", "bilde3_t": "https://data.kartverket.no/tilgjengelighet/tilgjengelighet_thumb/4601_TettstedHCparkering_20231025110137_t.jpg"}}, {"type": "Feature", "id": 155, "geometry": {"type": "Point", "coordinates": [5.31211500017344, 60.397313000288214]}, "properties": {"OBJECTID": 155, "adressenavn": "Strandgaten", "informasjon": null, "gatelangsparkering": "Ja", "fortauskant_mindre_enn25cm": "Ja", "overbygg_parkeringsplaa": "Nei", "stigninggrader": 1, "byggingpagar": "Nei", "bredde_cm": null, "lengde_cm": null, "bildefil1": "https://data.kartverket.no/tilgjengelighet/tilgjengelighet/4601_TettstedHCparkering_20231025105657.jpg", "bildefil2": "https://data.kartverket.no/tilgjengelighet/tilgjengelighet/4601_TettstedHCparkering_20231025110432.jpg", "bildefil3": "https://data.kartverket.no/tilgjengelighet/tilgjengelighet/4601_TettstedHCparkering_20240419100127.jpg", "bilde1_t": "https://data.kartverket.no/tilgjengelighet/tilgjengelighet_thumb/4601_TettstedHCparkering_20231025105657_t.jpg", "bilde2_t": "https://data.kartverket.no/tilgjengelighet/tilgjengelighet_thumb/4601_TettstedHCparkering_20231025110432_t.jpg", "bilde3_t": "https://data.kartverket.no/tilgjengelighet/tilgjengelighet_thumb/4601_TettstedHCparkering_20240419100127_t.jpg"}}, {"type": "Feature", "id": 156, "geometry": {"type": "Point", "coordinates": [5.312912000743046, 60.397484999690775]}, "properties": {"OBJECTID": 156, "adressenavn": "C. Sundts gate", "informasjon": "Maks 3 timer", "gatelangsparkering": "Ja", "fortauskant_mindre_enn25cm": "Nei", "overbygg_parkeringsplaa": "Nei", "stigninggrader": 2, "byggingpagar": "Nei", "bredde_cm": null, "lengde_cm": null, "bildefil1": "https://data.kartverket.no/tilgjengelighet/tilgjengelighet/4601_TettstedHCparkering_20230826130750.jpg", "bildefil2": "https://data.kartverket.no/tilgjengelighet/tilgjengelighet/4601_TettstedHCparkering_20240419100326.jpg", "bildefil3": "https://data.kartverket.no/tilgjengelighet/tilgjengelighet/4601_TettstedHCparkering_20240419100327.jpg", "bilde1_t": "https://data.kartverket.no/tilgjengelighet/tilgjengelighet_thumb/4601_TettstedHCparkering_20230826130750_t.jpg", "bilde2_t": "https://data.kartverket.no/tilgjengelighet/tilgjengelighet_thumb/4601_TettstedHCparkering_20240419100326_t.jpg", "bilde3_t": "https://data.kartverket.no/tilgjengelighet/tilgjengelighet_thumb/4601_TettstedHCparkering_20240419100327_t.jpg"}}, {"type": "Feature", "id": 157, "geometry": {"type": "Point", "coordinates": [5.312788999706839, 60.39752199997645]}, "properties": {"OBJECTID": 157, "adressenavn": "C. Sundts gate", "informasjon": "Maks 3 timer", "gatelangsparkering": "Ja", "fortauskant_mindre_enn25cm": "Nei", "overbygg_parkeringsplaa": "Nei", "stigninggrader": 2, "byggingpagar": "Nei", "bredde_cm": null, "lengde_cm": null, "bildefil1": "https://data.kartverket.no/tilgjengelighet/tilgjengelighet/4601_TettstedHCparkering_20230826125720.jpg", "bildefil2": "https://data.kartverket.no/tilgjengelighet/tilgjengelighet/4601_TettstedHCparkering_20240419100539.jpg", "bildefil3": "https://data.kartverket.no/tilgjengelighet/tilgjengelighet/4601_TettstedHCparkering_20240419100540.jpg", "bilde1_t": "https://data.kartverket.no/tilgjengelighet/tilgjengelighet_thumb/4601_TettstedHCparkering_20230826125720_t.jpg", "bilde2_t": "https://data.kartverket.no/tilgjengelighet/tilgjengelighet_thumb/4601_TettstedHCparkering_20240419100539_t.jpg", "bilde3_t": "https://data.kartverket.no/tilgjengelighet/tilgjengelighet_thumb/4601_TettstedHCparkering_20240419100540_t.jpg"}}, {"type": "Feature", "id": 158, "geometry": {"type": "Point", "coordinates": [5.322106999221314, 60.383682000110596]}, "properties": {"OBJECTID": 158, "adressenavn": "Thormøhlens gate", "informasjon": null, "gatelangsparkering": "Ja", "fortauskant_mindre_enn25cm": "Nei", "overbygg_parkeringsplaa": "Nei", "stigninggrader": 1, "byggingpagar": "Nei", "bredde_cm": null, "lengde_cm": null, "bildefil1": "https://data.kartverket.no/tilgjengelighet/tilgjengelighet/4601_TettstedHCparkering_20230924121211.jpg", "bildefil2": "https://data.kartverket.no/tilgjengelighet/tilgjengelighet/4601_TettstedHCparkering_20230924121212.jpg", "bildefil3": "https://data.kartverket.no/tilgjengelighet/tilgjengelighet/4601_TettstedHCparkering_20230924121213.jpg", "bilde1_t": "https://data.kartverket.no/tilgjengelighet/tilgjengelighet_thumb/4601_TettstedHCparkering_20230924121211_t.jpg", "bilde2_t": "https://data.kartverket.no/tilgjengelighet/tilgjengelighet_thumb/4601_TettstedHCparkering_20230924121212_t.jpg", "bilde3_t": "https://data.kartverket.no/tilgjengelighet/tilgjengelighet_thumb/4601_TettstedHCparkering_20230924121213_t.jpg"}}, {"type": "Feature", "id": 159, "geometry": {"type": "Point", "coordinates": [5.322661999627548, 60.394491000372206]}, "properties": {"OBJECTID": 159, "adressenavn": "Fortunen", "informasjon": null, "gatelangsparkering": "Ja", "fortauskant_mindre_enn25cm": "Ja", "overbygg_parkeringsplaa": "Ja", "stigninggrader": 4, "byggingpagar": "Nei", "bredde_cm": 200, "lengde_cm": 500, "bildefil1": "https://data.kartverket.no/tilgjengelighet/tilgjengelighet/4601_TettstedHCparkering_20231104084722.jpg", "bildefil2": "https://data.kartverket.no/tilgjengelighet/tilgjengelighet/4601_TettstedHCparkering_20231104084723.jpg", "bildefil3": "https://data.kartverket.no/tilgjengelighet/tilgjengelighet/4601_TettstedHCparkering_20231104084901.jpg", "bilde1_t": "https://data.kartverket.no/tilgjengelighet/tilgjengelighet_thumb/4601_TettstedHCparkering_20231104084722_t.jpg", "bilde2_t": "https://data.kartverket.no/tilgjengelighet/tilgjengelighet_thumb/4601_TettstedHCparkering_20231104084723_t.jpg", "bilde3_t": "https://data.kartverket.no/tilgjengelighet/tilgjengelighet_thumb/4601_TettstedHCparkering_20231104084901_t.jpg"}}, {"type": "Feature", "id": 160, "geometry": {"type": "Point", "coordinates": [5.3090899997280125, 60.39873499967166]}, "properties": {"OBJECTID": 160, "adressenavn": "Strandgaten", "informasjon": null, "gatelangsparkering": "Ja", "fortauskant_mindre_enn25cm": "Ja", "overbygg_parkeringsplaa": "Nei", "stigninggrader": 1, "byggingpagar": "Nei", "bredde_cm": null, "lengde_cm": null, "bildefil1": "https://data.kartverket.no/tilgjengelighet/tilgjengelighet/4601_TettstedHCparkering_20231022143307.jpg", "bildefil2": "https://data.kartverket.no/tilgjengelighet/tilgjengelighet/4601_TettstedHCparkering_20231022143856.jpg", "bildefil3": "https://data.kartverket.no/tilgjengelighet/tilgjengelighet/4601_TettstedHCparkering_20231022143857.jpg", "bilde1_t": "https://data.kartverket.no/tilgjengelighet/tilgjengelighet_thumb/4601_TettstedHCparkering_20231022143307_t.jpg", "bilde2_t": "https://data.kartverket.no/tilgjengelighet/tilgjengelighet_thumb/4601_TettstedHCparkering_20231022143856_t.jpg", "bilde3_t": "https://data.kartverket.no/tilgjengelighet/tilgjengelighet_thumb/4601_TettstedHCparkering_20231022143857_t.jpg"}}, {"type": "Feature", "id": 161, "geometry": {"type": "Point", "coordinates": [5.309164999888421, 60.39869000040492]}, "properties": {"OBJECTID": 161, "adressenavn": "Strandgaten", "informasjon": null, "gatelangsparkering": "Ja", "fortauskant_mindre_enn25cm": "Ja", "overbygg_parkeringsplaa": "Nei", "stigninggrader": 1, "byggingpagar": "Nei", "bredde_cm": null, "lengde_cm": null, "bildefil1": "https://data.kartverket.no/tilgjengelighet/tilgjengelighet/4601_TettstedHCparkering_20231022143049.jpg", "bildefil2": "https://data.kartverket.no/tilgjengelighet/tilgjengelighet/4601_TettstedHCparkering_20231022143050.jpg", "bildefil3": "https://data.kartverket.no/tilgjengelighet/tilgjengelighet/4601_TettstedHCparkering_20231022143709.jpg", "bilde1_t": "https://data.kartverket.no/tilgjengelighet/tilgjengelighet_thumb/4601_TettstedHCparkering_20231022143049_t.jpg", "bilde2_t": "https://data.kartverket.no/tilgjengelighet/tilgjengelighet_thumb/4601_TettstedHCparkering_20231022143050_t.jpg", "bilde3_t": "https://data.kartverket.no/tilgjengelighet/tilgjengelighet_thumb/4601_TettstedHCparkering_20231022143709_t.jpg"}}, {"type": "Feature", "id": 162, "geometry": {"type": "Point", "coordinates": [5.309266999943617, 60.39864100004229]}, "properties": {"OBJECTID": 162, "adressenavn": "Strandgaten", "informasjon": null, "gatelangsparkering": "Ja", "fortauskant_mindre_enn25cm": "Ja", "overbygg_parkeringsplaa": "Nei", "stigninggrader": 1, "byggingpagar": "Nei", "bredde_cm": null, "lengde_cm": null, "bildefil1": "https://data.kartverket.no/tilgjengelighet/tilgjengelighet/4601_TettstedHCparkering_20231022142921.jpg", "bildefil2": "https://data.kartverket.no/tilgjengelighet/tilgjengelighet/4601_TettstedHCparkering_20231022142922.jpg", "bildefil3": "https://data.kartverket.no/tilgjengelighet/tilgjengelighet/4601_TettstedHCparkering_20231022143615.jpg", "bilde1_t": "https://data.kartverket.no/tilgjengelighet/tilgjengelighet_thumb/4601_TettstedHCparkering_20231022142921_t.jpg", "bilde2_t": "https://data.kartverket.no/tilgjengelighet/tilgjengelighet_thumb/4601_TettstedHCparkering_20231022142922_t.jpg", "bilde3_t": "https://data.kartverket.no/tilgjengelighet/tilgjengelighet_thumb/4601_TettstedHCparkering_20231022143615_t.jpg"}}, {"type": "Feature", "id": 163, "geometry": {"type": "Point", "coordinates": [5.30984799992387, 60.399154000268254]}, "properties": {"OBJECTID": 163, "adressenavn": "C. Sundts gate", "informasjon": null, "gatelangsparkering": "Ja", "fortauskant_mindre_enn25cm": "Ja", "overbygg_parkeringsplaa": "Nei", "stigninggrader": 1, "byggingpagar": "Nei", "bredde_cm": 460, "lengde_cm": 560, "bildefil1": "https://data.kartverket.no/tilgjengelighet/tilgjengelighet/4601_TettstedHCparkering_20231022141752.jpg", "bildefil2": "https://data.kartverket.no/tilgjengelighet/tilgjengelighet/4601_TettstedHCparkering_20231022141753.jpg", "bildefil3": "https://data.kartverket.no/tilgjengelighet/tilgjengelighet/4601_TettstedHCparkering_20231022141754.jpg", "bilde1_t": "https://data.kartverket.no/tilgjengelighet/tilgjengelighet_thumb/4601_TettstedHCparkering_20231022141752_t.jpg", "bilde2_t": "https://data.kartverket.no/tilgjengelighet/tilgjengelighet_thumb/4601_TettstedHCparkering_20231022141753_t.jpg", "bilde3_t": "https://data.kartverket.no/tilgjengelighet/tilgjengelighet_thumb/4601_TettstedHCparkering_20231022141754_t.jpg"}}, {"type": "Feature", "id": 164, "geometry": {"type": "Point", "coordinates": [5.309908999047438, 60.39912700032728]}, "properties": {"OBJECTID": 164, "adressenavn": "C. Sundts gate", "informasjon": null, "gatelangsparkering": "Ja", "fortauskant_mindre_enn25cm": "Ja", "overbygg_parkeringsplaa": "Nei", "stigninggrader": 1, "byggingpagar": "Nei", "bredde_cm": 460, "lengde_cm": 560, "bildefil1": "https://data.kartverket.no/tilgjengelighet/tilgjengelighet/4601_TettstedHCparkering_20231022141557.jpg", "bildefil2": "https://data.kartverket.no/tilgjengelighet/tilgjengelighet/4601_TettstedHCparkering_20231022141558.jpg", "bildefil3": "https://data.kartverket.no/tilgjengelighet/tilgjengelighet/4601_TettstedHCparkering_20231022141559.jpg", "bilde1_t": "https://data.kartverket.no/tilgjengelighet/tilgjengelighet_thumb/4601_TettstedHCparkering_20231022141557_t.jpg", "bilde2_t": "https://data.kartverket.no/tilgjengelighet/tilgjengelighet_thumb/4601_TettstedHCparkering_20231022141558_t.jpg", "bilde3_t": "https://data.kartverket.no/tilgjengelighet/tilgjengelighet_thumb/4601_TettstedHCparkering_20231022141559_t.jpg"}}, {"type": "Feature", "id": 165, "geometry": {"type": "Point", "coordinates": [5.309964000850854, 60.399098000361406]}, "properties": {"OBJECTID": 165, "adressenavn": "C. Sundts gate", "informasjon": null, "gatelangsparkering": "Ja", "fortauskant_mindre_enn25cm": "Ja", "overbygg_parkeringsplaa": "Nei", "stigninggrader": 1, "byggingpagar": "Nei", "bredde_cm": 440, "lengde_cm": 560, "bildefil1": "https://data.kartverket.no/tilgjengelighet/tilgjengelighet/4601_TettstedHCparkering_20230829081225.jpg", "bildefil2": "https://data.kartverket.no/tilgjengelighet/tilgjengelighet/4601_TettstedHCparkering_20230829081226.jpg", "bildefil3": "https://data.kartverket.no/tilgjengelighet/tilgjengelighet/4601_TettstedHCparkering_20230829081227.jpg", "bilde1_t": "https://data.kartverket.no/tilgjengelighet/tilgjengelighet_thumb/4601_TettstedHCparkering_20230829081225_t.jpg", "bilde2_t": "https://data.kartverket.no/tilgjengelighet/tilgjengelighet_thumb/4601_TettstedHCparkering_20230829081226_t.jpg", "bilde3_t": "https://data.kartverket.no/tilgjengelighet/tilgjengelighet_thumb/4601_TettstedHCparkering_20230829081227_t.jpg"}}, {"type": "Feature", "id": 166, "geometry": {"type": "Point", "coordinates": [5.308095000620388, 60.39833199971118]}, "properties": {"OBJECTID": 166, "adressenavn": "Nordnesveien", "informasjon": null, "gatelangsparkering": "Ja", "fortauskant_mindre_enn25cm": "Nei", "overbygg_parkeringsplaa": "Nei", "stigninggrader": 2, "byggingpagar": "Nei", "bredde_cm": null, "lengde_cm": null, "bildefil1": "https://data.kartverket.no/tilgjengelighet/tilgjengelighet/4601_TettstedHCparkering_20231022144908.jpg", "bildefil2": "https://data.kartverket.no/tilgjengelighet/tilgjengelighet/4601_TettstedHCparkering_20231022145138.jpg", "bildefil3": "https://data.kartverket.no/tilgjengelighet/tilgjengelighet/4601_TettstedHCparkering_20231022145233.jpg", "bilde1_t": "https://data.kartverket.no/tilgjengelighet/tilgjengelighet_thumb/4601_TettstedHCparkering_20231022144908_t.jpg", "bilde2_t": "https://data.kartverket.no/tilgjengelighet/tilgjengelighet_thumb/4601_TettstedHCparkering_20231022145138_t.jpg", "bilde3_t": "https://data.kartverket.no/tilgjengelighet/tilgjengelighet_thumb/4601_TettstedHCparkering_20231022145233_t.jpg"}}, {"type": "Feature", "id": 167, "geometry": {"type": "Point", "coordinates": [5.3058900006026875, 60.39865100026689]}, "properties": {"OBJECTID": 167, "adressenavn": "Abels gate", "informasjon": null, "gatelangsparkering": "Ja", "fortauskant_mindre_enn25cm": "Nei", "overbygg_parkeringsplaa": "Nei", "stigninggrader": 9, "byggingpagar": "Nei", "bredde_cm": null, "lengde_cm": null, "bildefil1": "https://data.kartverket.no/tilgjengelighet/tilgjengelighet/4601_TettstedHCparkering_20230912160923.jpg", "bildefil2": "https://data.kartverket.no/tilgjengelighet/tilgjengelighet/4601_TettstedHCparkering_20230912160924.jpg", "bildefil3": "https://data.kartverket.no/tilgjengelighet/tilgjengelighet/4601_TettstedHCparkering_20230912161144.jpg", "bilde1_t": "https://data.kartverket.no/tilgjengelighet/tilgjengelighet_thumb/4601_TettstedHCparkering_20230912160923_t.jpg", "bilde2_t": "https://data.kartverket.no/tilgjengelighet/tilgjengelighet_thumb/4601_TettstedHCparkering_20230912160924_t.jpg", "bilde3_t": "https://data.kartverket.no/tilgjengelighet/tilgjengelighet_thumb/4601_TettstedHCparkering_20230912161144_t.jpg"}}, {"type": "Feature", "id": 168, "geometry": {"type": "Point", "coordinates": [5.308974999631671, 60.39697100031734]}, "properties": {"OBJECTID": 168, "adressenavn": "Nordnesparken", "informasjon": "Parkering forbudt over 3 timer mellom 8-23 på hverdager", "gatelangsparkering": "Ja", "fortauskant_mindre_enn25cm": "Ja", "overbygg_parkeringsplaa": "Nei", "stigninggrader": 7, "byggingpagar": "Nei", "bredde_cm": null, "lengde_cm": null, "bildefil1": "https://data.kartverket.no/tilgjengelighet/tilgjengelighet/4601_TettstedHCparkering_20231012130311.jpg", "bildefil2": "https://data.kartverket.no/tilgjengelighet/tilgjengelighet/4601_TettstedHCparkering_20231012130312.jpg", "bildefil3": "https://data.kartverket.no/tilgjengelighet/tilgjengelighet/4601_TettstedHCparkering_20231012130313.jpg", "bilde1_t": "https://data.kartverket.no/tilgjengelighet/tilgjengelighet_thumb/4601_TettstedHCparkering_20231012130311_t.jpg", "bilde2_t": "https://data.kartverket.no/tilgjengelighet/tilgjengelighet_thumb/4601_TettstedHCparkering_20231012130312_t.jpg", "bilde3_t": "https://data.kartverket.no/tilgjengelighet/tilgjengelighet_thumb/4601_TettstedHCparkering_20231012130313_t.jpg"}}, {"type": "Feature", "id": 169, "geometry": {"type": "Point", "coordinates": [5.30916200072707, 60.39695800045635]}, "properties": {"OBJECTID": 169, "adressenavn": "Nordnesparken", "informasjon": "Parkering forbudt over 3 timer mellom 8-23 på hverdager", "gatelangsparkering": "Ja", "fortauskant_mindre_enn25cm": "Ja", "overbygg_parkeringsplaa": "Nei", "stigninggrader": 9, "byggingpagar": "Nei", "bredde_cm": null, "lengde_cm": null, "bildefil1": "https://data.kartverket.no/tilgjengelighet/tilgjengelighet/4601_TettstedHCparkering_20231012130020.jpg", "bildefil2": "https://data.kartverket.no/tilgjengelighet/tilgjengelighet/4601_TettstedHCparkering_20231012130021.jpg", "bildefil3": "https://data.kartverket.no/tilgjengelighet/tilgjengelighet/4601_TettstedHCparkering_20231012130022.jpg", "bilde1_t": "https://data.kartverket.no/tilgjengelighet/tilgjengelighet_thumb/4601_TettstedHCparkering_20231012130020_t.jpg", "bilde2_t": "https://data.kartverket.no/tilgjengelighet/tilgjengelighet_thumb/4601_TettstedHCparkering_20231012130021_t.jpg", "bilde3_t": "https://data.kartverket.no/tilgjengelighet/tilgjengelighet_thumb/4601_TettstedHCparkering_20231012130022_t.jpg"}}, {"type": "Feature", "id": 170, "geometry": {"type": "Point", "coordinates": [5.329839000115406, 60.39863100006063]}, "properties": {"OBJECTID": 170, "adressenavn": "Fløygaten", "informasjon": null, "gatelangsparkering": "Ja", "fortauskant_mindre_enn25cm": "Nei", "overbygg_parkeringsplaa": "Nei", "stigninggrader": 7, "byggingpagar": "Nei", "bredde_cm": null, "lengde_cm": null, "bildefil1": "https://data.kartverket.no/tilgjengelighet/tilgjengelighet/4601_TettstedHCparkering_20230916134826.jpg", "bildefil2": "https://data.kartverket.no/tilgjengelighet/tilgjengelighet/4601_TettstedHCparkering_20230916134827.jpg", "bildefil3": "https://data.kartverket.no/tilgjengelighet/tilgjengelighet/4601_TettstedHCparkering_20230916134923.jpg", "bilde1_t": "https://data.kartverket.no/tilgjengelighet/tilgjengelighet_thumb/4601_TettstedHCparkering_20230916134826_t.jpg", "bilde2_t": "https://data.kartverket.no/tilgjengelighet/tilgjengelighet_thumb/4601_TettstedHCparkering_20230916134827_t.jpg", "bilde3_t": "https://data.kartverket.no/tilgjengelighet/tilgjengelighet_thumb/4601_TettstedHCparkering_20230916134923_t.jpg"}}, {"type": "Feature", "id": 171, "geometry": {"type": "Point", "coordinates": [5.323928000084513, 60.39435700015864]}, "properties": {"OBJECTID": 171, "adressenavn": "Strandkaien", "informasjon": null, "gatelangsparkering": "Ja", "fortauskant_mindre_enn25cm": "Nei", "overbygg_parkeringsplaa": "Nei", "stigninggrader": 1, "byggingpagar": "Nei", "bredde_cm": 230, "lengde_cm": 647, "bildefil1": "https://data.kartverket.no/tilgjengelighet/tilgjengelighet/4601_TettstedHCparkering_20230912164108.jpg", "bildefil2": "https://data.kartverket.no/tilgjengelighet/tilgjengelighet/4601_TettstedHCparkering_20240419101711.jpg", "bildefil3": "https://data.kartverket.no/tilgjengelighet/tilgjengelighet/4601_TettstedHCparkering_20240419101712.jpg", "bilde1_t": "https://data.kartverket.no/tilgjengelighet/tilgjengelighet_thumb/4601_TettstedHCparkering_20230912164108_t.jpg", "bilde2_t": "https://data.kartverket.no/tilgjengelighet/tilgjengelighet_thumb/4601_TettstedHCparkering_20240419101711_t.jpg", "bilde3_t": "https://data.kartverket.no/tilgjengelighet/tilgjengelighet_thumb/4601_TettstedHCparkering_20240419101712_t.jpg"}}, {"type": "Feature", "id": 172, "geometry": {"type": "Point", "coordinates": [5.324049000345329, 60.39432999970051]}, "properties": {"OBJECTID": 172, "adressenavn": "Strandkaien", "informasjon": null, "gatelangsparkering": "Ja", "fortauskant_mindre_enn25cm": "Nei", "overbygg_parkeringsplaa": "Nei", "stigninggrader": 2, "byggingpagar": "Nei", "bredde_cm": 230, "lengde_cm": 636, "bildefil1": "https://data.kartverket.no/tilgjengelighet/tilgjengelighet/4601_TettstedHCparkering_20230912163827.jpg", "bildefil2": "https://data.kartverket.no/tilgjengelighet/tilgjengelighet/4601_TettstedHCparkering_20240419101933.jpg", "bildefil3": "https://data.kartverket.no/tilgjengelighet/tilgjengelighet/4601_TettstedHCparkering_20240419101934.jpg", "bilde1_t": "https://data.kartverket.no/tilgjengelighet/tilgjengelighet_thumb/4601_TettstedHCparkering_20230912163827_t.jpg", "bilde2_t": "https://data.kartverket.no/tilgjengelighet/tilgjengelighet_thumb/4601_TettstedHCparkering_20240419101933_t.jpg", "bilde3_t": "https://data.kartverket.no/tilgjengelighet/tilgjengelighet_thumb/4601_TettstedHCparkering_20240419101934_t.jpg"}}, {"type": "Feature", "id": 173, "geometry": {"type": "Point", "coordinates": [5.323015999494687, 60.391068999803466]}, "properties": {"OBJECTID": 173, "adressenavn": "Nordahl Bruns gate", "informasjon": null, "gatelangsparkering": "Ja", "fortauskant_mindre_enn25cm": "Nei", "overbygg_parkeringsplaa": "Nei", "stigninggrader": 0, "byggingpagar": "Nei", "bredde_cm": null, "lengde_cm": null, "bildefil1": "https://data.kartverket.no/tilgjengelighet/tilgjengelighet/4601_TettstedHCparkering_20230704164345.jpg", "bildefil2": "https://data.kartverket.no/tilgjengelighet/tilgjengelighet/4601_TettstedHCparkering_20230704164346.jpg", "bildefil3": "https://data.kartverket.no/tilgjengelighet/tilgjengelighet/4601_TettstedHCparkering_20240419093540.jpg", "bilde1_t": "https://data.kartverket.no/tilgjengelighet/tilgjengelighet_thumb/4601_TettstedHCparkering_20230704164345_t.jpg", "bilde2_t": "https://data.kartverket.no/tilgjengelighet/tilgjengelighet_thumb/4601_TettstedHCparkering_20230704164346_t.jpg", "bilde3_t": "https://data.kartverket.no/tilgjengelighet/tilgjengelighet_thumb/4601_TettstedHCparkering_20240419093540_t.jpg"}}, {"type": "Feature", "id": 174, "geometry": {"type": "Point", "coordinates": [5.326460000408737, 60.392374000397155]}, "properties": {"OBJECTID": 174, "adressenavn": "Christies gate", "informasjon": null, "gatelangsparkering": "Ja", "fortauskant_mindre_enn25cm": "Ja", "overbygg_parkeringsplaa": "Nei", "stigninggrader": 3, "byggingpagar": "Nei", "bredde_cm": 250, "lengde_cm": 600, "bildefil1": "https://data.kartverket.no/tilgjengelighet/tilgjengelighet/4601_TettstedHCparkering_20230826093041.jpg", "bildefil2": "https://data.kartverket.no/tilgjengelighet/tilgjengelighet/4601_TettstedHCparkering_20230826093042.jpg", "bildefil3": "https://data.kartverket.no/tilgjengelighet/tilgjengelighet/4601_TettstedHCparkering_20230826093043.jpg", "bilde1_t": "https://data.kartverket.no/tilgjengelighet/tilgjengelighet_thumb/4601_TettstedHCparkering_20230826093041_t.jpg", "bilde2_t": "https://data.kartverket.no/tilgjengelighet/tilgjengelighet_thumb/4601_TettstedHCparkering_20230826093042_t.jpg", "bilde3_t": "https://data.kartverket.no/tilgjengelighet/tilgjengelighet_thumb/4601_TettstedHCparkering_20230826093043_t.jpg"}}, {"type": "Feature", "id": 175, "geometry": {"type": "Point", "coordinates": [5.32966000076487, 60.39214100024446]}, "properties": {"OBJECTID": 175, "adressenavn": "Peter Motzfeldts gate", "informasjon": null, "gatelangsparkering": "Ja", "fortauskant_mindre_enn25cm": "Nei", "overbygg_parkeringsplaa": "Nei", "stigninggrader": 2, "byggingpagar": "Nei", "bredde_cm": null, "lengde_cm": null, "bildefil1": "https://data.kartverket.no/tilgjengelighet/tilgjengelighet/4601_TettstedHCparkering_20231104103341.jpg", "bildefil2": "https://data.kartverket.no/tilgjengelighet/tilgjengelighet/4601_TettstedHCparkering_20231104103742.jpg", "bildefil3": "https://data.kartverket.no/tilgjengelighet/tilgjengelighet/4601_TettstedHCparkering_20231104103743.jpg", "bilde1_t": "https://data.kartverket.no/tilgjengelighet/tilgjengelighet_thumb/4601_TettstedHCparkering_20231104103341_t.jpg", "bilde2_t": "https://data.kartverket.no/tilgjengelighet/tilgjengelighet_thumb/4601_TettstedHCparkering_20231104103742_t.jpg", "bilde3_t": "https://data.kartverket.no/tilgjengelighet/tilgjengelighet_thumb/4601_TettstedHCparkering_20231104103743_t.jpg"}}, {"type": "Feature", "id": 176, "geometry": {"type": "Point", "coordinates": [5.329019000439355, 60.39153000025278]}, "properties": {"OBJECTID": 176, "adressenavn": "Peter Motzfeldts gate", "informasjon": null, "gatelangsparkering": "Ja", "fortauskant_mindre_enn25cm": "Ja", "overbygg_parkeringsplaa": "Ja", "stigninggrader": 2, "byggingpagar": "Nei", "bredde_cm": null, "lengde_cm": null, "bildefil1": "https://data.kartverket.no/tilgjengelighet/tilgjengelighet/4601_TettstedHCparkering_20230923091502.jpg", "bildefil2": "https://data.kartverket.no/tilgjengelighet/tilgjengelighet/4601_TettstedHCparkering_20230923092038.jpg", "bildefil3": "https://data.kartverket.no/tilgjengelighet/tilgjengelighet/4601_TettstedHCparkering_20230923093053.jpg", "bilde1_t": "https://data.kartverket.no/tilgjengelighet/tilgjengelighet_thumb/4601_TettstedHCparkering_20230923091502_t.jpg", "bilde2_t": "https://data.kartverket.no/tilgjengelighet/tilgjengelighet_thumb/4601_TettstedHCparkering_20230923092038_t.jpg", "bilde3_t": "https://data.kartverket.no/tilgjengelighet/tilgjengelighet_thumb/4601_TettstedHCparkering_20230923093053_t.jpg"}}, {"type": "Feature", "id": 177, "geometry": {"type": "Point", "coordinates": [5.331169999945912, 60.38618699966539]}, "properties": {"OBJECTID": 177, "adressenavn": "Hans Tanks gate", "informasjon": null, "gatelangsparkering": "Ja", "fortauskant_mindre_enn25cm": "Ja", "overbygg_parkeringsplaa": "Nei", "stigninggrader": 1, "byggingpagar": "Nei", "bredde_cm": null, "lengde_cm": null, "bildefil1": "https://data.kartverket.no/tilgjengelighet/tilgjengelighet/4601_TettstedHCparkering_20230924113508.jpg", "bildefil2": "https://data.kartverket.no/tilgjengelighet/tilgjengelighet/4601_TettstedHCparkering_20230924113509.jpg", "bildefil3": "https://data.kartverket.no/tilgjengelighet/tilgjengelighet/4601_TettstedHCparkering_20230924114826.jpg", "bilde1_t": "https://data.kartverket.no/tilgjengelighet/tilgjengelighet_thumb/4601_TettstedHCparkering_20230924113508_t.jpg", "bilde2_t": "https://data.kartverket.no/tilgjengelighet/tilgjengelighet_thumb/4601_TettstedHCparkering_20230924113509_t.jpg", "bilde3_t": "https://data.kartverket.no/tilgjengelighet/tilgjengelighet_thumb/4601_TettstedHCparkering_20230924114826_t.jpg"}}, {"type": "Feature", "id": 178, "geometry": {"type": "Point", "coordinates": [5.330344000817857, 60.385277000431905]}, "properties": {"OBJECTID": 178, "adressenavn": "Johannes Bruns gate", "informasjon": "Parkering forbudt over 3 timer mellom 8-17. 2 plasser men de er ikke merket. Men god plass.", "gatelangsparkering": "Ja", "fortauskant_mindre_enn25cm": "Ja", "overbygg_parkeringsplaa": "Nei", "stigninggrader": 3, "byggingpagar": "Nei", "bredde_cm": null, "lengde_cm": null, "bildefil1": "https://data.kartverket.no/tilgjengelighet/tilgjengelighet/4601_TettstedHCparkering_20230704100125.jpg", "bildefil2": "https://data.kartverket.no/tilgjengelighet/tilgjengelighet/4601_TettstedHCparkering_20230704100126.jpg", "bildefil3": "https://data.kartverket.no/tilgjengelighet/tilgjengelighet/4601_TettstedHCparkering_20240419104100.jpg", "bilde1_t": "https://data.kartverket.no/tilgjengelighet/tilgjengelighet_thumb/4601_TettstedHCparkering_20230704100125_t.jpg", "bilde2_t": "https://data.kartverket.no/tilgjengelighet/tilgjengelighet_thumb/4601_TettstedHCparkering_20230704100126_t.jpg", "bilde3_t": "https://data.kartverket.no/tilgjengelighet/tilgjengelighet_thumb/4601_TettstedHCparkering_20240419104100_t.jpg"}}, {"type": "Feature", "id": 179, "geometry": {"type": "Point", "coordinates": [5.330906999998457, 60.384970999726136]}, "properties": {"OBJECTID": 179, "adressenavn": "Johannes Bruns gate", "informasjon": "Parkering forbudt over 3 timer mellom 8-17", "gatelangsparkering": "Ja", "fortauskant_mindre_enn25cm": "Ja", "overbygg_parkeringsplaa": "Nei", "stigninggrader": 3, "byggingpagar": "Nei", "bredde_cm": null, "lengde_cm": null, "bildefil1": "https://data.kartverket.no/tilgjengelighet/tilgjengelighet/4601_TettstedHCparkering_20230704095044.jpg", "bildefil2": "https://data.kartverket.no/tilgjengelighet/tilgjengelighet/4601_TettstedHCparkering_20230704095045.jpg", "bildefil3": "https://data.kartverket.no/tilgjengelighet/tilgjengelighet/4601_TettstedHCparkering_20230704095046.jpg", "bilde1_t": "https://data.kartverket.no/tilgjengelighet/tilgjengelighet_thumb/4601_TettstedHCparkering_20230704095044_t.jpg", "bilde2_t": "https://data.kartverket.no/tilgjengelighet/tilgjengelighet_thumb/4601_TettstedHCparkering_20230704095045_t.jpg", "bilde3_t": "https://data.kartverket.no/tilgjengelighet/tilgjengelighet_thumb/4601_TettstedHCparkering_20230704095046_t.jpg"}}, {"type": "Feature", "id": 180, "geometry": {"type": "Point", "coordinates": [5.331309999123243, 60.38470100025482]}, "properties": {"OBJECTID": 180, "adressenavn": "Johannes Bruns gate", "informasjon": "Over 3 timer parkering mellom 08-17", "gatelangsparkering": "Ja", "fortauskant_mindre_enn25cm": "Ja", "overbygg_parkeringsplaa": "Nei", "stigninggrader": 2, "byggingpagar": "Nei", "bredde_cm": 250, "lengde_cm": 610, "bildefil1": "https://data.kartverket.no/tilgjengelighet/tilgjengelighet/4601_TettstedHCparkering_20230704093329.jpg", "bildefil2": "https://data.kartverket.no/tilgjengelighet/tilgjengelighet/4601_TettstedHCparkering_20230704093330.jpg", "bildefil3": "https://data.kartverket.no/tilgjengelighet/tilgjengelighet/4601_TettstedHCparkering_20230704093331.jpg", "bilde1_t": "https://data.kartverket.no/tilgjengelighet/tilgjengelighet_thumb/4601_TettstedHCparkering_20230704093329_t.jpg", "bilde2_t": "https://data.kartverket.no/tilgjengelighet/tilgjengelighet_thumb/4601_TettstedHCparkering_20230704093330_t.jpg", "bilde3_t": "https://data.kartverket.no/tilgjengelighet/tilgjengelighet_thumb/4601_TettstedHCparkering_20230704093331_t.jpg"}}, {"type": "Feature", "id": 181, "geometry": {"type": "Point", "coordinates": [5.316200000037679, 60.39153699960242]}, "properties": {"OBJECTID": 181, "adressenavn": "Håkonsgaten", "informasjon": null, "gatelangsparkering": "Ja", "fortauskant_mindre_enn25cm": "Ja", "overbygg_parkeringsplaa": "Nei", "stigninggrader": 2, "byggingpagar": "Nei", "bredde_cm": 210, "lengde_cm": 420, "bildefil1": "https://data.kartverket.no/tilgjengelighet/tilgjengelighet/4601_TettstedHCparkering_20240419105317.jpg", "bildefil2": "https://data.kartverket.no/tilgjengelighet/tilgjengelighet/4601_TettstedHCparkering_20240419105318.jpg", "bildefil3": "https://data.kartverket.no/tilgjengelighet/tilgjengelighet/4601_TettstedHCparkering_20240419105526.jpg", "bilde1_t": "https://data.kartverket.no/tilgjengelighet/tilgjengelighet_thumb/4601_TettstedHCparkering_20240419105317_t.jpg", "bilde2_t": "https://data.kartverket.no/tilgjengelighet/tilgjengelighet_thumb/4601_TettstedHCparkering_20240419105318_t.jpg", "bilde3_t": "https://data.kartverket.no/tilgjengelighet/tilgjengelighet_thumb/4601_TettstedHCparkering_20240419105526_t.jpg"}}, {"type": "Feature", "id": 182, "geometry": {"type": "Point", "coordinates": [5.316128000353677, 60.391562999856525]}, "properties": {"OBJECTID": 182, "adressenavn": "Håkonsgaten", "informasjon": null, "gatelangsparkering": "Ja", "fortauskant_mindre_enn25cm": "Ja", "overbygg_parkeringsplaa": "Nei", "stigninggrader": 2, "byggingpagar": "Nei", "bredde_cm": 210, "lengde_cm": 460, "bildefil1": "https://data.kartverket.no/tilgjengelighet/tilgjengelighet/4601_TettstedHCparkering_20240419105127.jpg", "bildefil2": "https://data.kartverket.no/tilgjengelighet/tilgjengelighet/4601_TettstedHCparkering_20240419105129.jpg", "bildefil3": "https://data.kartverket.no/tilgjengelighet/tilgjengelighet/4601_TettstedHCparkering_20240419105632.jpg", "bilde1_t": "https://data.kartverket.no/tilgjengelighet/tilgjengelighet_thumb/4601_TettstedHCparkering_20240419105127_t.jpg", "bilde2_t": "https://data.kartverket.no/tilgjengelighet/tilgjengelighet_thumb/4601_TettstedHCparkering_20240419105129_t.jpg", "bilde3_t": "https://data.kartverket.no/tilgjengelighet/tilgjengelighet_thumb/4601_TettstedHCparkering_20240419105632_t.jpg"}}, {"type": "Feature", "id": 183, "geometry": {"type": "Point", "coordinates": [5.3160369993206915, 60.3915849997259]}, "properties": {"OBJECTID": 183, "adressenavn": "Håkonsgaten", "informasjon": null, "gatelangsparkering": "Ja", "fortauskant_mindre_enn25cm": "Ja", "overbygg_parkeringsplaa": "Nei", "stigninggrader": 2, "byggingpagar": "Nei", "bredde_cm": 210, "lengde_cm": 560, "bildefil1": "https://data.kartverket.no/tilgjengelighet/tilgjengelighet/4601_TettstedHCparkering_20240419104921.jpg", "bildefil2": "https://data.kartverket.no/tilgjengelighet/tilgjengelighet/4601_TettstedHCparkering_20240419104923.jpg", "bildefil3": "https://data.kartverket.no/tilgjengelighet/tilgjengelighet/4601_TettstedHCparkering_20240419105654.jpg", "bilde1_t": "https://data.kartverket.no/tilgjengelighet/tilgjengelighet_thumb/4601_TettstedHCparkering_20240419104921_t.jpg", "bilde2_t": "https://data.kartverket.no/tilgjengelighet/tilgjengelighet_thumb/4601_TettstedHCparkering_20240419104923_t.jpg", "bilde3_t": "https://data.kartverket.no/tilgjengelighet/tilgjengelighet_thumb/4601_TettstedHCparkering_20240419105654_t.jpg"}}, {"type": "Feature", "id": 184, "geometry": {"type": "Point", "coordinates": [5.331276999692723, 60.38623200040873]}, "properties": {"OBJECTID": 184, "adressenavn": "Hans Tanks gate", "informasjon": null, "gatelangsparkering": "Ja", "fortauskant_mindre_enn25cm": "Ja", "overbygg_parkeringsplaa": "Nei", "stigninggrader": 1, "byggingpagar": "Nei", "bredde_cm": null, "lengde_cm": null, "bildefil1": "https://data.kartverket.no/tilgjengelighet/tilgjengelighet/4601_TettstedHCparkering_20230924113202.jpg", "bildefil2": "https://data.kartverket.no/tilgjengelighet/tilgjengelighet/4601_TettstedHCparkering_20240419110327.jpg", "bildefil3": "https://data.kartverket.no/tilgjengelighet/tilgjengelighet/4601_TettstedHCparkering_20240419110328.jpg", "bilde1_t": "https://data.kartverket.no/tilgjengelighet/tilgjengelighet_thumb/4601_TettstedHCparkering_20230924113202_t.jpg", "bilde2_t": "https://data.kartverket.no/tilgjengelighet/tilgjengelighet_thumb/4601_TettstedHCparkering_20240419110327_t.jpg", "bilde3_t": "https://data.kartverket.no/tilgjengelighet/tilgjengelighet_thumb/4601_TettstedHCparkering_20240419110328_t.jpg"}}, {"type": "Feature", "id": 185, "geometry": {"type": "Point", "coordinates": [5.32530099939161, 60.390103999855185]}, "properties": {"OBJECTID": 185, "adressenavn": "Rasmus Meyers allé", "informasjon": null, "gatelangsparkering": "Ja", "fortauskant_mindre_enn25cm": "Nei", "overbygg_parkeringsplaa": "Nei", "stigninggrader": 1, "byggingpagar": "Nei", "bredde_cm": null, "lengde_cm": null, "bildefil1": "https://data.kartverket.no/tilgjengelighet/tilgjengelighet/4601_TettstedHCparkering_20230826090807.jpg", "bildefil2": "https://data.kartverket.no/tilgjengelighet/tilgjengelighet/4601_TettstedHCparkering_20230826090808.jpg", "bildefil3": "https://data.kartverket.no/tilgjengelighet/tilgjengelighet/4601_TettstedHCparkering_20230826090809.jpg", "bilde1_t": "https://data.kartverket.no/tilgjengelighet/tilgjengelighet_thumb/4601_TettstedHCparkering_20230826090807_t.jpg", "bilde2_t": "https://data.kartverket.no/tilgjengelighet/tilgjengelighet_thumb/4601_TettstedHCparkering_20230826090808_t.jpg", "bilde3_t": "https://data.kartverket.no/tilgjengelighet/tilgjengelighet_thumb/4601_TettstedHCparkering_20230826090809_t.jpg"}}, {"type": "Feature", "id": 186, "geometry": {"type": "Point", "coordinates": [5.325607000451861, 60.39002500034745]}, "properties": {"OBJECTID": 186, "adressenavn": "Rasmus Meyers allé", "informasjon": null, "gatelangsparkering": "Ja", "fortauskant_mindre_enn25cm": "Nei", "overbygg_parkeringsplaa": "Nei", "stigninggrader": 1, "byggingpagar": "Nei", "bredde_cm": null, "lengde_cm": null, "bildefil1": "https://data.kartverket.no/tilgjengelighet/tilgjengelighet/4601_TettstedHCparkering_20230826091208.jpg", "bildefil2": "https://data.kartverket.no/tilgjengelighet/tilgjengelighet/4601_TettstedHCparkering_20230826091209.jpg", "bildefil3": "https://data.kartverket.no/tilgjengelighet/tilgjengelighet/4601_TettstedHCparkering_20230826091210.jpg", "bilde1_t": "https://data.kartverket.no/tilgjengelighet/tilgjengelighet_thumb/4601_TettstedHCparkering_20230826091208_t.jpg", "bilde2_t": "https://data.kartverket.no/tilgjengelighet/tilgjengelighet_thumb/4601_TettstedHCparkering_20230826091209_t.jpg", "bilde3_t": "https://data.kartverket.no/tilgjengelighet/tilgjengelighet_thumb/4601_TettstedHCparkering_20230826091210_t.jpg"}}, {"type": "Feature", "id": 187, "geometry": {"type": "Point", "coordinates": [5.325450999360035, 60.39006699958133]}, "properties": {"OBJECTID": 187, "adressenavn": "Rasmus Meyers allé", "informasjon": null, "gatelangsparkering": "Ja", "fortauskant_mindre_enn25cm": "Nei", "overbygg_parkeringsplaa": "Nei", "stigninggrader": 1, "byggingpagar": "Nei", "bredde_cm": null, "lengde_cm": null, "bildefil1": "https://data.kartverket.no/tilgjengelighet/tilgjengelighet/4601_TettstedHCparkering_20230826090953.jpg", "bildefil2": "https://data.kartverket.no/tilgjengelighet/tilgjengelighet/4601_TettstedHCparkering_20230826090954.jpg", "bildefil3": "https://data.kartverket.no/tilgjengelighet/tilgjengelighet/4601_TettstedHCparkering_20230826090955.jpg", "bilde1_t": "https://data.kartverket.no/tilgjengelighet/tilgjengelighet_thumb/4601_TettstedHCparkering_20230826090953_t.jpg", "bilde2_t": "https://data.kartverket.no/tilgjengelighet/tilgjengelighet_thumb/4601_TettstedHCparkering_20230826090954_t.jpg", "bilde3_t": "https://data.kartverket.no/tilgjengelighet/tilgjengelighet_thumb/4601_TettstedHCparkering_20230826090955_t.jpg"}}, {"type": "Feature", "id": 188, "geometry": {"type": "Point", "coordinates": [5.32514599969767, 60.390146999839715]}, "properties": {"OBJECTID": 188, "adressenavn": "Rasmus Meyers allé", "informasjon": null, "gatelangsparkering": "Ja", "fortauskant_mindre_enn25cm": "Ja", "overbygg_parkeringsplaa": "Ja", "stigninggrader": 1, "byggingpagar": "Nei", "bredde_cm": null, "lengde_cm": null, "bildefil1": "https://data.kartverket.no/tilgjengelighet/tilgjengelighet/4601_TettstedHCparkering_20230826090623.jpg", "bildefil2": "https://data.kartverket.no/tilgjengelighet/tilgjengelighet/4601_TettstedHCparkering_20230826090624.jpg", "bildefil3": "https://data.kartverket.no/tilgjengelighet/tilgjengelighet/4601_TettstedHCparkering_20230826090625.jpg", "bilde1_t": "https://data.kartverket.no/tilgjengelighet/tilgjengelighet_thumb/4601_TettstedHCparkering_20230826090623_t.jpg", "bilde2_t": "https://data.kartverket.no/tilgjengelighet/tilgjengelighet_thumb/4601_TettstedHCparkering_20230826090624_t.jpg", "bilde3_t": "https://data.kartverket.no/tilgjengelighet/tilgjengelighet_thumb/4601_TettstedHCparkering_20230826090625_t.jpg"}}, {"type": "Feature", "id": 189, "geometry": {"type": "Point", "coordinates": [5.3234570006782365, 60.38689399993961]}, "properties": {"OBJECTID": 189, "adressenavn": "Parkveien", "informasjon": null, "gatelangsparkering": "Ja", "fortauskant_mindre_enn25cm": "Nei", "overbygg_parkeringsplaa": "Nei", "stigninggrader": 1, "byggingpagar": "Nei", "bredde_cm": null, "lengde_cm": null, "bildefil1": "https://data.kartverket.no/tilgjengelighet/tilgjengelighet/4601_TettstedHCparkering_20230704193403.jpg", "bildefil2": "https://data.kartverket.no/tilgjengelighet/tilgjengelighet/4601_TettstedHCparkering_20230704193404.jpg", "bildefil3": "https://data.kartverket.no/tilgjengelighet/tilgjengelighet/4601_TettstedHCparkering_20230704193405.jpg", "bilde1_t": "https://data.kartverket.no/tilgjengelighet/tilgjengelighet_thumb/4601_TettstedHCparkering_20230704193403_t.jpg", "bilde2_t": "https://data.kartverket.no/tilgjengelighet/tilgjengelighet_thumb/4601_TettstedHCparkering_20230704193404_t.jpg", "bilde3_t": "https://data.kartverket.no/tilgjengelighet/tilgjengelighet_thumb/4601_TettstedHCparkering_20230704193405_t.jpg"}}, {"type": "Feature", "id": 190, "geometry": {"type": "Point", "coordinates": [5.323391999145022, 60.386949000057]}, "properties": {"OBJECTID": 190, "adressenavn": "Parkveien", "informasjon": null, "gatelangsparkering": "Ja", "fortauskant_mindre_enn25cm": "Nei", "overbygg_parkeringsplaa": "Nei", "stigninggrader": 1, "byggingpagar": "Nei", "bredde_cm": null, "lengde_cm": null, "bildefil1": "https://data.kartverket.no/tilgjengelighet/tilgjengelighet/4601_TettstedHCparkering_20230704193141.jpg", "bildefil2": "https://data.kartverket.no/tilgjengelighet/tilgjengelighet/4601_TettstedHCparkering_20230704193142.jpg", "bildefil3": "https://data.kartverket.no/tilgjengelighet/tilgjengelighet/4601_TettstedHCparkering_20240419110745.jpg", "bilde1_t": "https://data.kartverket.no/tilgjengelighet/tilgjengelighet_thumb/4601_TettstedHCparkering_20230704193141_t.jpg", "bilde2_t": "https://data.kartverket.no/tilgjengelighet/tilgjengelighet_thumb/4601_TettstedHCparkering_20230704193142_t.jpg", "bilde3_t": "https://data.kartverket.no/tilgjengelighet/tilgjengelighet_thumb/4601_TettstedHCparkering_20240419110745_t.jpg"}}, {"type": "Feature", "id": 191, "geometry": {"type": "Point", "coordinates": [5.319615000610229, 60.387227999947406]}, "properties": {"OBJECTID": 191, "adressenavn": "Haakon Sheteligs plass", "informasjon": null, "gatelangsparkering": "Ja", "fortauskant_mindre_enn25cm": "Nei", "overbygg_parkeringsplaa": "Nei", "stigninggrader": 1, "byggingpagar": "Nei", "bredde_cm": 240, "lengde_cm": 550, "bildefil1": "https://data.kartverket.no/tilgjengelighet/tilgjengelighet/4601_TettstedHCparkering_20230704120136.jpg", "bildefil2": "https://data.kartverket.no/tilgjengelighet/tilgjengelighet/4601_TettstedHCparkering_20230704120137.jpg", "bildefil3": null, "bilde1_t": "https://data.kartverket.no/tilgjengelighet/tilgjengelighet_thumb/4601_TettstedHCparkering_20230704120136_t.jpg", "bilde2_t": "https://data.kartverket.no/tilgjengelighet/tilgjengelighet_thumb/4601_TettstedHCparkering_20230704120137_t.jpg", "bilde3_t": null}}, {"type": "Feature", "id": 192, "geometry": {"type": "Point", "coordinates": [5.31967600066112, 60.387299999646075]}, "properties": {"OBJECTID": 192, "adressenavn": "Møhlenprisbakken", "informasjon": null, "gatelangsparkering": "Ja", "fortauskant_mindre_enn25cm": "Nei", "overbygg_parkeringsplaa": "Nei", "stigninggrader": 0, "byggingpagar": "Nei", "bredde_cm": 240, "lengde_cm": 750, "bildefil1": "https://data.kartverket.no/tilgjengelighet/tilgjengelighet/4601_TettstedHCparkering_20230704120847.jpg", "bildefil2": "https://data.kartverket.no/tilgjengelighet/tilgjengelighet/4601_TettstedHCparkering_20230704120848.jpg", "bildefil3": "https://data.kartverket.no/tilgjengelighet/tilgjengelighet/4601_TettstedHCparkering_20230704120849.jpg", "bilde1_t": "https://data.kartverket.no/tilgjengelighet/tilgjengelighet_thumb/4601_TettstedHCparkering_20230704120847_t.jpg", "bilde2_t": "https://data.kartverket.no/tilgjengelighet/tilgjengelighet_thumb/4601_TettstedHCparkering_20230704120848_t.jpg", "bilde3_t": "https://data.kartverket.no/tilgjengelighet/tilgjengelighet_thumb/4601_TettstedHCparkering_20230704120849_t.jpg"}}, {"type": "Feature", "id": 193, "geometry": {"type": "Point", "coordinates": [5.318632999983404, 60.38845399979532]}, "properties": {"OBJECTID": 193, "adressenavn": "Sydnesplassen", "informasjon": null, "gatelangsparkering": "Ja", "fortauskant_mindre_enn25cm": "Nei", "overbygg_parkeringsplaa": "Nei", "stigninggrader": 0, "byggingpagar": "Nei", "bredde_cm": 192, "lengde_cm": 472, "bildefil1": "https://data.kartverket.no/tilgjengelighet/tilgjengelighet/4601_TettstedHCparkering_20230704135703.jpg", "bildefil2": "https://data.kartverket.no/tilgjengelighet/tilgjengelighet/4601_TettstedHCparkering_20240419111048.jpg", "bildefil3": "https://data.kartverket.no/tilgjengelighet/tilgjengelighet/4601_TettstedHCparkering_20240419111049.jpg", "bilde1_t": "https://data.kartverket.no/tilgjengelighet/tilgjengelighet_thumb/4601_TettstedHCparkering_20230704135703_t.jpg", "bilde2_t": "https://data.kartverket.no/tilgjengelighet/tilgjengelighet_thumb/4601_TettstedHCparkering_20240419111048_t.jpg", "bilde3_t": "https://data.kartverket.no/tilgjengelighet/tilgjengelighet_thumb/4601_TettstedHCparkering_20240419111049_t.jpg"}}, {"type": "Feature", "id": 194, "geometry": {"type": "Point", "coordinates": [5.31879100011664, 60.38842999990043]}, "properties": {"OBJECTID": 194, "adressenavn": "Sydnesplassen", "informasjon": null, "gatelangsparkering": "Ja", "fortauskant_mindre_enn25cm": "Nei", "overbygg_parkeringsplaa": "Nei", "stigninggrader": 0, "byggingpagar": "Nei", "bredde_cm": 192, "lengde_cm": 574, "bildefil1": "https://data.kartverket.no/tilgjengelighet/tilgjengelighet/4601_TettstedHCparkering_20230704135455.jpg", "bildefil2": "https://data.kartverket.no/tilgjengelighet/tilgjengelighet/4601_TettstedHCparkering_20230704135457.jpg", "bildefil3": "https://data.kartverket.no/tilgjengelighet/tilgjengelighet/4601_TettstedHCparkering_20240419111237.jpg", "bilde1_t": "https://data.kartverket.no/tilgjengelighet/tilgjengelighet_thumb/4601_TettstedHCparkering_20230704135455_t.jpg", "bilde2_t": "https://data.kartverket.no/tilgjengelighet/tilgjengelighet_thumb/4601_TettstedHCparkering_20230704135457_t.jpg", "bilde3_t": "https://data.kartverket.no/tilgjengelighet/tilgjengelighet_thumb/4601_TettstedHCparkering_20240419111237_t.jpg"}}, {"type": "Feature", "id": 195, "geometry": {"type": "Point", "coordinates": [5.318510999638721, 60.38863400011024]}, "properties": {"OBJECTID": 195, "adressenavn": "Sydnesplassen", "informasjon": null, "gatelangsparkering": "Ja", "fortauskant_mindre_enn25cm": "Nei", "overbygg_parkeringsplaa": "Nei", "stigninggrader": 0, "byggingpagar": "Nei", "bredde_cm": 215, "lengde_cm": 600, "bildefil1": "https://data.kartverket.no/tilgjengelighet/tilgjengelighet/4601_TettstedHCparkering_20230704134543.jpg", "bildefil2": "https://data.kartverket.no/tilgjengelighet/tilgjengelighet/4601_TettstedHCparkering_20240419111514.jpg", "bildefil3": "https://data.kartverket.no/tilgjengelighet/tilgjengelighet/4601_TettstedHCparkering_20240419111515.jpg", "bilde1_t": "https://data.kartverket.no/tilgjengelighet/tilgjengelighet_thumb/4601_TettstedHCparkering_20230704134543_t.jpg", "bilde2_t": "https://data.kartverket.no/tilgjengelighet/tilgjengelighet_thumb/4601_TettstedHCparkering_20240419111514_t.jpg", "bilde3_t": "https://data.kartverket.no/tilgjengelighet/tilgjengelighet_thumb/4601_TettstedHCparkering_20240419111515_t.jpg"}}, {"type": "Feature", "id": 196, "geometry": {"type": "Point", "coordinates": [5.31866399926532, 60.38875999956657]}, "properties": {"OBJECTID": 196, "adressenavn": "Sydnesplassen", "informasjon": null, "gatelangsparkering": "Ja", "fortauskant_mindre_enn25cm": "Nei", "overbygg_parkeringsplaa": "Nei", "stigninggrader": 0, "byggingpagar": "Nei", "bredde_cm": 216, "lengde_cm": 567, "bildefil1": "https://data.kartverket.no/tilgjengelighet/tilgjengelighet/4601_TettstedHCparkering_20230704133716.jpg", "bildefil2": "https://data.kartverket.no/tilgjengelighet/tilgjengelighet/4601_TettstedHCparkering_20240419111632.jpg", "bildefil3": "https://data.kartverket.no/tilgjengelighet/tilgjengelighet/4601_TettstedHCparkering_20240419111739.jpg", "bilde1_t": "https://data.kartverket.no/tilgjengelighet/tilgjengelighet_thumb/4601_TettstedHCparkering_20230704133716_t.jpg", "bilde2_t": "https://data.kartverket.no/tilgjengelighet/tilgjengelighet_thumb/4601_TettstedHCparkering_20240419111632_t.jpg", "bilde3_t": "https://data.kartverket.no/tilgjengelighet/tilgjengelighet_thumb/4601_TettstedHCparkering_20240419111739_t.jpg"}}, {"type": "Feature", "id": 197, "geometry": {"type": "Point", "coordinates": [5.318581999229791, 60.38869299972465]}, "properties": {"OBJECTID": 197, "adressenavn": "Sydnesplassen", "informasjon": null, "gatelangsparkering": "Nei", "fortauskant_mindre_enn25cm": null, "overbygg_parkeringsplaa": "Nei", "stigninggrader": null, "byggingpagar": "Nei", "bredde_cm": 215, "lengde_cm": 566, "bildefil1": "https://data.kartverket.no/tilgjengelighet/tilgjengelighet/4601_TettstedHCparkering_20230704134053.jpg", "bildefil2": "https://data.kartverket.no/tilgjengelighet/tilgjengelighet/4601_TettstedHCparkering_20240419111917.jpg", "bildefil3": "https://data.kartverket.no/tilgjengelighet/tilgjengelighet/4601_TettstedHCparkering_20240419111918.jpg", "bilde1_t": "https://data.kartverket.no/tilgjengelighet/tilgjengelighet_thumb/4601_TettstedHCparkering_20230704134053_t.jpg", "bilde2_t": "https://data.kartverket.no/tilgjengelighet/tilgjengelighet_thumb/4601_TettstedHCparkering_20240419111917_t.jpg", "bilde3_t": "https://data.kartverket.no/tilgjengelighet/tilgjengelighet_thumb/4601_TettstedHCparkering_20240419111918_t.jpg"}}, {"type": "Feature", "id": 198, "geometry": {"type": "Point", "coordinates": [5.319894000828312, 60.384442000342474]}, "properties": {"OBJECTID": 198, "adressenavn": "Thormøhlens gate", "informasjon": null, "gatelangsparkering": "Ja", "fortauskant_mindre_enn25cm": "Nei", "overbygg_parkeringsplaa": "Nei", "stigninggrader": 1, "byggingpagar": "Nei", "bredde_cm": null, "lengde_cm": null, "bildefil1": "https://data.kartverket.no/tilgjengelighet/tilgjengelighet/4601_TettstedHCparkering_20230924121728.jpg", "bildefil2": "https://data.kartverket.no/tilgjengelighet/tilgjengelighet/4601_TettstedHCparkering_20230924121729.jpg", "bildefil3": "https://data.kartverket.no/tilgjengelighet/tilgjengelighet/4601_TettstedHCparkering_20240419112054.jpg", "bilde1_t": "https://data.kartverket.no/tilgjengelighet/tilgjengelighet_thumb/4601_TettstedHCparkering_20230924121728_t.jpg", "bilde2_t": "https://data.kartverket.no/tilgjengelighet/tilgjengelighet_thumb/4601_TettstedHCparkering_20230924121729_t.jpg", "bilde3_t": "https://data.kartverket.no/tilgjengelighet/tilgjengelighet_thumb/4601_TettstedHCparkering_20240419112054_t.jpg"}}, {"type": "Feature", "id": 199, "geometry": {"type": "Point", "coordinates": [5.319770000546774, 60.38448099985528]}, "properties": {"OBJECTID": 199, "adressenavn": "Thormøhlens gate", "informasjon": null, "gatelangsparkering": "Ja", "fortauskant_mindre_enn25cm": "Nei", "overbygg_parkeringsplaa": "Nei", "stigninggrader": 1, "byggingpagar": "Nei", "bredde_cm": null, "lengde_cm": null, "bildefil1": "https://data.kartverket.no/tilgjengelighet/tilgjengelighet/4601_TettstedHCparkering_20230924121926.jpg", "bildefil2": "https://data.kartverket.no/tilgjengelighet/tilgjengelighet/4601_TettstedHCparkering_20230924121928.jpg", "bildefil3": "https://data.kartverket.no/tilgjengelighet/tilgjengelighet/4601_TettstedHCparkering_20240419112203.jpg", "bilde1_t": "https://data.kartverket.no/tilgjengelighet/tilgjengelighet_thumb/4601_TettstedHCparkering_20230924121926_t.jpg", "bilde2_t": "https://data.kartverket.no/tilgjengelighet/tilgjengelighet_thumb/4601_TettstedHCparkering_20230924121928_t.jpg", "bilde3_t": "https://data.kartverket.no/tilgjengelighet/tilgjengelighet_thumb/4601_TettstedHCparkering_20240419112203_t.jpg"}}, {"type": "Feature", "id": 200, "geometry": {"type": "Point", "coordinates": [5.319828999325782, 60.38481099990913]}, "properties": {"OBJECTID": 200, "adressenavn": "Konsul Børs' gate", "informasjon": null, "gatelangsparkering": "Ja", "fortauskant_mindre_enn25cm": "Nei", "overbygg_parkeringsplaa": "Nei", "stigninggrader": 1, "byggingpagar": "Nei", "bredde_cm": null, "lengde_cm": null, "bildefil1": "https://data.kartverket.no/tilgjengelighet/tilgjengelighet/4601_TettstedHCparkering_20230924122644.jpg", "bildefil2": "https://data.kartverket.no/tilgjengelighet/tilgjengelighet/4601_TettstedHCparkering_20230924124150.jpg", "bildefil3": "https://data.kartverket.no/tilgjengelighet/tilgjengelighet/4601_TettstedHCparkering_20240419112323.jpg", "bilde1_t": "https://data.kartverket.no/tilgjengelighet/tilgjengelighet_thumb/4601_TettstedHCparkering_20230924122644_t.jpg", "bilde2_t": "https://data.kartverket.no/tilgjengelighet/tilgjengelighet_thumb/4601_TettstedHCparkering_20230924124150_t.jpg", "bilde3_t": "https://data.kartverket.no/tilgjengelighet/tilgjengelighet_thumb/4601_TettstedHCparkering_20240419112323_t.jpg"}}, {"type": "Feature", "id": 201, "geometry": {"type": "Point", "coordinates": [5.319607000398285, 60.38488400016676]}, "properties": {"OBJECTID": 201, "adressenavn": "Konsul Børs' gate", "informasjon": null, "gatelangsparkering": "Ja", "fortauskant_mindre_enn25cm": "Nei", "overbygg_parkeringsplaa": "Nei", "stigninggrader": 1, "byggingpagar": "Nei", "bredde_cm": null, "lengde_cm": null, "bildefil1": "https://data.kartverket.no/tilgjengelighet/tilgjengelighet/4601_TettstedHCparkering_20230924122848.jpg", "bildefil2": "https://data.kartverket.no/tilgjengelighet/tilgjengelighet/4601_TettstedHCparkering_20230924125044.jpg", "bildefil3": "https://data.kartverket.no/tilgjengelighet/tilgjengelighet/4601_TettstedHCparkering_20240419112430.jpg", "bilde1_t": "https://data.kartverket.no/tilgjengelighet/tilgjengelighet_thumb/4601_TettstedHCparkering_20230924122848_t.jpg", "bilde2_t": "https://data.kartverket.no/tilgjengelighet/tilgjengelighet_thumb/4601_TettstedHCparkering_20230924125044_t.jpg", "bilde3_t": "https://data.kartverket.no/tilgjengelighet/tilgjengelighet_thumb/4601_TettstedHCparkering_20240419112430_t.jpg"}}, {"type": "Feature", "id": 202, "geometry": {"type": "Point", "coordinates": [5.319480999109472, 60.384922000294324]}, "properties": {"OBJECTID": 202, "adressenavn": "Konsul Børs' gate", "informasjon": null, "gatelangsparkering": "Ja", "fortauskant_mindre_enn25cm": "Nei", "overbygg_parkeringsplaa": "Nei", "stigninggrader": 1.03, "byggingpagar": "Nei", "bredde_cm": null, "lengde_cm": null, "bildefil1": "https://data.kartverket.no/tilgjengelighet/tilgjengelighet/4601_TettstedHCparkering_20230924123039.jpg", "bildefil2": "https://data.kartverket.no/tilgjengelighet/tilgjengelighet/4601_TettstedHCparkering_20230924124601.jpg", "bildefil3": "https://data.kartverket.no/tilgjengelighet/tilgjengelighet/4601_TettstedHCparkering_20230924124734.jpg", "bilde1_t": "https://data.kartverket.no/tilgjengelighet/tilgjengelighet_thumb/4601_TettstedHCparkering_20230924123039_t.jpg", "bilde2_t": "https://data.kartverket.no/tilgjengelighet/tilgjengelighet_thumb/4601_TettstedHCparkering_20230924124601_t.jpg", "bilde3_t": "https://data.kartverket.no/tilgjengelighet/tilgjengelighet_thumb/4601_TettstedHCparkering_20230924124734_t.jpg"}}, {"type": "Feature", "id": 203, "geometry": {"type": "Point", "coordinates": [5.319367999967384, 60.38495799991871]}, "properties": {"OBJECTID": 203, "adressenavn": "Konsul Børs' gate", "informasjon": null, "gatelangsparkering": "Ja", "fortauskant_mindre_enn25cm": "Nei", "overbygg_parkeringsplaa": "Nei", "stigninggrader": 1, "byggingpagar": "Nei", "bredde_cm": null, "lengde_cm": null, "bildefil1": "https://data.kartverket.no/tilgjengelighet/tilgjengelighet/4601_TettstedHCparkering_20230924123217.jpg", "bildefil2": "https://data.kartverket.no/tilgjengelighet/tilgjengelighet/4601_TettstedHCparkering_20230924123218.jpg", "bildefil3": "https://data.kartverket.no/tilgjengelighet/tilgjengelighet/4601_TettstedHCparkering_20240419112625.jpg", "bilde1_t": "https://data.kartverket.no/tilgjengelighet/tilgjengelighet_thumb/4601_TettstedHCparkering_20230924123217_t.jpg", "bilde2_t": "https://data.kartverket.no/tilgjengelighet/tilgjengelighet_thumb/4601_TettstedHCparkering_20230924123218_t.jpg", "bilde3_t": "https://data.kartverket.no/tilgjengelighet/tilgjengelighet_thumb/4601_TettstedHCparkering_20240419112625_t.jpg"}}, {"type": "Feature", "id": 204, "geometry": {"type": "Point", "coordinates": [5.319280000734066, 60.38498200012179]}, "properties": {"OBJECTID": 204, "adressenavn": "Konsul Børs' gate", "informasjon": null, "gatelangsparkering": "Ja", "fortauskant_mindre_enn25cm": "Nei", "overbygg_parkeringsplaa": "Nei", "stigninggrader": 1, "byggingpagar": "Nei", "bredde_cm": null, "lengde_cm": null, "bildefil1": "https://data.kartverket.no/tilgjengelighet/tilgjengelighet/4601_TettstedHCparkering_20230924123419.jpg", "bildefil2": "https://data.kartverket.no/tilgjengelighet/tilgjengelighet/4601_TettstedHCparkering_20230924123710.jpg", "bildefil3": "https://data.kartverket.no/tilgjengelighet/tilgjengelighet/4601_TettstedHCparkering_20240419112740.jpg", "bilde1_t": "https://data.kartverket.no/tilgjengelighet/tilgjengelighet_thumb/4601_TettstedHCparkering_20230924123419_t.jpg", "bilde2_t": "https://data.kartverket.no/tilgjengelighet/tilgjengelighet_thumb/4601_TettstedHCparkering_20230924123710_t.jpg", "bilde3_t": "https://data.kartverket.no/tilgjengelighet/tilgjengelighet_thumb/4601_TettstedHCparkering_20240419112740_t.jpg"}}, {"type": "Feature", "id": 205, "geometry": {"type": "Point", "coordinates": [5.3196339994976665, 60.384932999919414]}, "properties": {"OBJECTID": 205, "adressenavn": "Konsul Børs' gate", "informasjon": null, "gatelangsparkering": "Ja", "fortauskant_mindre_enn25cm": "Nei", "overbygg_parkeringsplaa": "Nei", "stigninggrader": 1, "byggingpagar": "Nei", "bredde_cm": null, "lengde_cm": null, "bildefil1": "https://data.kartverket.no/tilgjengelighet/tilgjengelighet/4601_TettstedHCparkering_20230924125632.jpg", "bildefil2": "https://data.kartverket.no/tilgjengelighet/tilgjengelighet/4601_TettstedHCparkering_20230924125818.jpg", "bildefil3": "https://data.kartverket.no/tilgjengelighet/tilgjengelighet/4601_TettstedHCparkering_20240419112855.jpg", "bilde1_t": "https://data.kartverket.no/tilgjengelighet/tilgjengelighet_thumb/4601_TettstedHCparkering_20230924125632_t.jpg", "bilde2_t": "https://data.kartverket.no/tilgjengelighet/tilgjengelighet_thumb/4601_TettstedHCparkering_20230924125818_t.jpg", "bilde3_t": "https://data.kartverket.no/tilgjengelighet/tilgjengelighet_thumb/4601_TettstedHCparkering_20240419112855_t.jpg"}}, {"type": "Feature", "id": 206, "geometry": {"type": "Point", "coordinates": [5.319495999794486, 60.38497300039849]}, "properties": {"OBJECTID": 206, "adressenavn": "Konsul Børs' gate", "informasjon": null, "gatelangsparkering": "Ja", "fortauskant_mindre_enn25cm": "Nei", "overbygg_parkeringsplaa": "Nei", "stigninggrader": 1, "byggingpagar": "Nei", "bredde_cm": null, "lengde_cm": null, "bildefil1": "https://data.kartverket.no/tilgjengelighet/tilgjengelighet/4601_TettstedHCparkering_20230924125521.jpg", "bildefil2": "https://data.kartverket.no/tilgjengelighet/tilgjengelighet/4601_TettstedHCparkering_20230924130013.jpg", "bildefil3": "https://data.kartverket.no/tilgjengelighet/tilgjengelighet/4601_TettstedHCparkering_20240419113003.jpg", "bilde1_t": "https://data.kartverket.no/tilgjengelighet/tilgjengelighet_thumb/4601_TettstedHCparkering_20230924125521_t.jpg", "bilde2_t": "https://data.kartverket.no/tilgjengelighet/tilgjengelighet_thumb/4601_TettstedHCparkering_20230924130013_t.jpg", "bilde3_t": "https://data.kartverket.no/tilgjengelighet/tilgjengelighet_thumb/4601_TettstedHCparkering_20240419113003_t.jpg"}}, {"type": "Feature", "id": 207, "geometry": {"type": "Point", "coordinates": [5.320295999282819, 60.383833000431295]}, "properties": {"OBJECTID": 207, "adressenavn": "Stubs gate", "informasjon": null, "gatelangsparkering": "Ja", "fortauskant_mindre_enn25cm": "Ja", "overbygg_parkeringsplaa": "Nei", "stigninggrader": 1, "byggingpagar": "Nei", "bredde_cm": 190, "lengde_cm": 500, "bildefil1": "https://data.kartverket.no/tilgjengelighet/tilgjengelighet/4601_TettstedHCparkering_20230924115837.jpg", "bildefil2": "https://data.kartverket.no/tilgjengelighet/tilgjengelighet/4601_TettstedHCparkering_20230924120725.jpg", "bildefil3": "https://data.kartverket.no/tilgjengelighet/tilgjengelighet/4601_TettstedHCparkering_20230924120835.jpg", "bilde1_t": "https://data.kartverket.no/tilgjengelighet/tilgjengelighet_thumb/4601_TettstedHCparkering_20230924115837_t.jpg", "bilde2_t": "https://data.kartverket.no/tilgjengelighet/tilgjengelighet_thumb/4601_TettstedHCparkering_20230924120725_t.jpg", "bilde3_t": "https://data.kartverket.no/tilgjengelighet/tilgjengelighet_thumb/4601_TettstedHCparkering_20230924120835_t.jpg"}}, {"type": "Feature", "id": 208, "geometry": {"type": "Point", "coordinates": [5.32036599939508, 60.383880000170436]}, "properties": {"OBJECTID": 208, "adressenavn": "Stubs gate", "informasjon": null, "gatelangsparkering": "Ja", "fortauskant_mindre_enn25cm": "Ja", "overbygg_parkeringsplaa": "Nei", "stigninggrader": 1, "byggingpagar": "Nei", "bredde_cm": 190, "lengde_cm": 500, "bildefil1": "https://data.kartverket.no/tilgjengelighet/tilgjengelighet/4601_TettstedHCparkering_20230924120142.jpg", "bildefil2": "https://data.kartverket.no/tilgjengelighet/tilgjengelighet/4601_TettstedHCparkering_20230924120144.jpg", "bildefil3": "https://data.kartverket.no/tilgjengelighet/tilgjengelighet/4601_TettstedHCparkering_20230924120455.jpg", "bilde1_t": "https://data.kartverket.no/tilgjengelighet/tilgjengelighet_thumb/4601_TettstedHCparkering_20230924120142_t.jpg", "bilde2_t": "https://data.kartverket.no/tilgjengelighet/tilgjengelighet_thumb/4601_TettstedHCparkering_20230924120144_t.jpg", "bilde3_t": "https://data.kartverket.no/tilgjengelighet/tilgjengelighet_thumb/4601_TettstedHCparkering_20230924120455_t.jpg"}}, {"type": "Feature", "id": 209, "geometry": {"type": "Point", "coordinates": [5.328202000596499, 60.38530699993265]}, "properties": {"OBJECTID": 209, "adressenavn": "Allégaten", "informasjon": null, "gatelangsparkering": "Ja", "fortauskant_mindre_enn25cm": "Nei", "overbygg_parkeringsplaa": "Nei", "stigninggrader": 0, "byggingpagar": "Nei", "bredde_cm": 260, "lengde_cm": 470, "bildefil1": "https://data.kartverket.no/tilgjengelighet/tilgjengelighet/4601_TettstedHCparkering_20230704112631.jpg", "bildefil2": "https://data.kartverket.no/tilgjengelighet/tilgjengelighet/4601_TettstedHCparkering_20230704112632.jpg", "bildefil3": "https://data.kartverket.no/tilgjengelighet/tilgjengelighet/4601_TettstedHCparkering_20230704112633.jpg", "bilde1_t": "https://data.kartverket.no/tilgjengelighet/tilgjengelighet_thumb/4601_TettstedHCparkering_20230704112631_t.jpg", "bilde2_t": "https://data.kartverket.no/tilgjengelighet/tilgjengelighet_thumb/4601_TettstedHCparkering_20230704112632_t.jpg", "bilde3_t": "https://data.kartverket.no/tilgjengelighet/tilgjengelighet_thumb/4601_TettstedHCparkering_20230704112633_t.jpg"}}, {"type": "Feature", "id": 210, "geometry": {"type": "Point", "coordinates": [5.331057000181863, 60.38615199979448]}, "properties": {"OBJECTID": 210, "adressenavn": "Hans Tanks gate", "informasjon": null, "gatelangsparkering": "Ja", "fortauskant_mindre_enn25cm": "Ja", "overbygg_parkeringsplaa": "Nei", "stigninggrader": 2, "byggingpagar": "Nei", "bredde_cm": null, "lengde_cm": null, "bildefil1": "https://data.kartverket.no/tilgjengelighet/tilgjengelighet/4601_TettstedHCparkering_20240419113457.jpg", "bildefil2": "https://data.kartverket.no/tilgjengelighet/tilgjengelighet/4601_TettstedHCparkering_20240419113458.jpg", "bildefil3": "https://data.kartverket.no/tilgjengelighet/tilgjengelighet/4601_TettstedHCparkering_20240419113546.jpg", "bilde1_t": "https://data.kartverket.no/tilgjengelighet/tilgjengelighet_thumb/4601_TettstedHCparkering_20240419113457_t.jpg", "bilde2_t": "https://data.kartverket.no/tilgjengelighet/tilgjengelighet_thumb/4601_TettstedHCparkering_20240419113458_t.jpg", "bilde3_t": "https://data.kartverket.no/tilgjengelighet/tilgjengelighet_thumb/4601_TettstedHCparkering_20240419113546_t.jpg"}}, {"type": "Feature", "id": 211, "geometry": {"type": "Point", "coordinates": [5.333042000786381, 60.386781999803205]}, "properties": {"OBJECTID": 211, "adressenavn": "Vestre Strømkaien", "informasjon": "Parkering forbudt over 3 timer på hverdager mellom 8-17", "gatelangsparkering": "Ja", "fortauskant_mindre_enn25cm": "Ja", "overbygg_parkeringsplaa": "Nei", "stigninggrader": 0, "byggingpagar": "Nei", "bredde_cm": 346, "lengde_cm": 680, "bildefil1": "https://data.kartverket.no/tilgjengelighet/tilgjengelighet/4601_TettstedHCparkering_20230704181656.jpg", "bildefil2": "https://data.kartverket.no/tilgjengelighet/tilgjengelighet/4601_TettstedHCparkering_20230704181657.jpg", "bildefil3": "https://data.kartverket.no/tilgjengelighet/tilgjengelighet/4601_TettstedHCparkering_20230704181658.jpg", "bilde1_t": "https://data.kartverket.no/tilgjengelighet/tilgjengelighet_thumb/4601_TettstedHCparkering_20230704181656_t.jpg", "bilde2_t": "https://data.kartverket.no/tilgjengelighet/tilgjengelighet_thumb/4601_TettstedHCparkering_20230704181657_t.jpg", "bilde3_t": "https://data.kartverket.no/tilgjengelighet/tilgjengelighet_thumb/4601_TettstedHCparkering_20230704181658_t.jpg"}}, {"type": "Feature", "id": 212, "geometry": {"type": "Point", "coordinates": [5.333021000551918, 60.38684799957465]}, "properties": {"OBJECTID": 212, "adressenavn": "Vestre Strømkaien", "informasjon": "Parkering forbudt over 3 timer på hverdager mellom 8-17", "gatelangsparkering": "Ja", "fortauskant_mindre_enn25cm": "Ja", "overbygg_parkeringsplaa": "Nei", "stigninggrader": 1, "byggingpagar": "Ja", "bredde_cm": 347, "lengde_cm": 688, "bildefil1": "https://data.kartverket.no/tilgjengelighet/tilgjengelighet/4601_TettstedHCparkering_20230704181334.jpg", "bildefil2": "https://data.kartverket.no/tilgjengelighet/tilgjengelighet/4601_TettstedHCparkering_20230704181335.jpg", "bildefil3": "https://data.kartverket.no/tilgjengelighet/tilgjengelighet/4601_TettstedHCparkering_20230704181336.jpg", "bilde1_t": "https://data.kartverket.no/tilgjengelighet/tilgjengelighet_thumb/4601_TettstedHCparkering_20230704181334_t.jpg", "bilde2_t": "https://data.kartverket.no/tilgjengelighet/tilgjengelighet_thumb/4601_TettstedHCparkering_20230704181335_t.jpg", "bilde3_t": "https://data.kartverket.no/tilgjengelighet/tilgjengelighet_thumb/4601_TettstedHCparkering_20230704181336_t.jpg"}}, {"type": "Feature", "id": 213, "geometry": {"type": "Point", "coordinates": [5.333001999387254, 60.386909000430535]}, "properties": {"OBJECTID": 213, "adressenavn": "Vestre Strømkaien", "informasjon": "Parkerg forbudt over 3 timer på hverdager mellom 8-17", "gatelangsparkering": "Ja", "fortauskant_mindre_enn25cm": "Ja", "overbygg_parkeringsplaa": "Nei", "stigninggrader": 1, "byggingpagar": "Nei", "bredde_cm": 347, "lengde_cm": 687, "bildefil1": "https://data.kartverket.no/tilgjengelighet/tilgjengelighet/4601_TettstedHCparkering_20230704181029.jpg", "bildefil2": "https://data.kartverket.no/tilgjengelighet/tilgjengelighet/4601_TettstedHCparkering_20230704181031.jpg", "bildefil3": "https://data.kartverket.no/tilgjengelighet/tilgjengelighet/4601_TettstedHCparkering_20240419113747.jpg", "bilde1_t": "https://data.kartverket.no/tilgjengelighet/tilgjengelighet_thumb/4601_TettstedHCparkering_20230704181029_t.jpg", "bilde2_t": "https://data.kartverket.no/tilgjengelighet/tilgjengelighet_thumb/4601_TettstedHCparkering_20230704181031_t.jpg", "bilde3_t": "https://data.kartverket.no/tilgjengelighet/tilgjengelighet_thumb/4601_TettstedHCparkering_20240419113747_t.jpg"}}, {"type": "Feature", "id": 214, "geometry": {"type": "Point", "coordinates": [5.332977999331015, 60.38699400023478]}, "properties": {"OBJECTID": 214, "adressenavn": "Vestre Strømkaien", "informasjon": "Parkering forbudt over 3 timer på hverdager mellom  8-17", "gatelangsparkering": "Ja", "fortauskant_mindre_enn25cm": "Ja", "overbygg_parkeringsplaa": "Nei", "stigninggrader": 1, "byggingpagar": "Nei", "bredde_cm": 341, "lengde_cm": 686, "bildefil1": "https://data.kartverket.no/tilgjengelighet/tilgjengelighet/4601_TettstedHCparkering_20230704180738.jpg", "bildefil2": "https://data.kartverket.no/tilgjengelighet/tilgjengelighet/4601_TettstedHCparkering_20230704180739.jpg", "bildefil3": "https://data.kartverket.no/tilgjengelighet/tilgjengelighet/4601_TettstedHCparkering_20230704180740.jpg", "bilde1_t": "https://data.kartverket.no/tilgjengelighet/tilgjengelighet_thumb/4601_TettstedHCparkering_20230704180738_t.jpg", "bilde2_t": "https://data.kartverket.no/tilgjengelighet/tilgjengelighet_thumb/4601_TettstedHCparkering_20230704180739_t.jpg", "bilde3_t": "https://data.kartverket.no/tilgjengelighet/tilgjengelighet_thumb/4601_TettstedHCparkering_20230704180740_t.jpg"}}, {"type": "Feature", "id": 215, "geometry": {"type": "Point", "coordinates": [5.332962000612744, 60.38709599979614]}, "properties": {"OBJECTID": 215, "adressenavn": "Vestre Strømkaien", "informasjon": "Parkering forbudt over 3 timer mellom 8-17 på hverdager", "gatelangsparkering": "Ja", "fortauskant_mindre_enn25cm": "Ja", "overbygg_parkeringsplaa": "Nei", "stigninggrader": 0, "byggingpagar": "Nei", "bredde_cm": 340, "lengde_cm": 730, "bildefil1": "https://data.kartverket.no/tilgjengelighet/tilgjengelighet/4601_TettstedHCparkering_20230704180330.jpg", "bildefil2": "https://data.kartverket.no/tilgjengelighet/tilgjengelighet/4601_TettstedHCparkering_20230704180331.jpg", "bildefil3": "https://data.kartverket.no/tilgjengelighet/tilgjengelighet/4601_TettstedHCparkering_20240419113853.jpg", "bilde1_t": "https://data.kartverket.no/tilgjengelighet/tilgjengelighet_thumb/4601_TettstedHCparkering_20230704180330_t.jpg", "bilde2_t": "https://data.kartverket.no/tilgjengelighet/tilgjengelighet_thumb/4601_TettstedHCparkering_20230704180331_t.jpg", "bilde3_t": "https://data.kartverket.no/tilgjengelighet/tilgjengelighet_thumb/4601_TettstedHCparkering_20240419113853_t.jpg"}}, {"type": "Feature", "id": 216, "geometry": {"type": "Point", "coordinates": [5.323310999333134, 60.38300999954133]}, "properties": {"OBJECTID": 216, "adressenavn": "Wolffs gate", "informasjon": null, "gatelangsparkering": "Nei", "fortauskant_mindre_enn25cm": null, "overbygg_parkeringsplaa": "Nei", "stigninggrader": null, "byggingpagar": "Nei", "bredde_cm": null, "lengde_cm": null, "bildefil1": "https://data.kartverket.no/tilgjengelighet/tilgjengelighet/4601_TettstedHCparkering_20230924131044.jpg", "bildefil2": "https://data.kartverket.no/tilgjengelighet/tilgjengelighet/4601_TettstedHCparkering_20230924131045.jpg", "bildefil3": "https://data.kartverket.no/tilgjengelighet/tilgjengelighet/4601_TettstedHCparkering_20230924131046.jpg", "bilde1_t": "https://data.kartverket.no/tilgjengelighet/tilgjengelighet_thumb/4601_TettstedHCparkering_20230924131044_t.jpg", "bilde2_t": "https://data.kartverket.no/tilgjengelighet/tilgjengelighet_thumb/4601_TettstedHCparkering_20230924131045_t.jpg", "bilde3_t": "https://data.kartverket.no/tilgjengelighet/tilgjengelighet_thumb/4601_TettstedHCparkering_20230924131046_t.jpg"}}, {"type": "Feature", "id": 217, "geometry": {"type": "Point", "coordinates": [5.301868999835845, 60.385658999852495]}, "properties": {"OBJECTID": 217, "adressenavn": "Damsgårdsveien", "informasjon": null, "gatelangsparkering": "Ja", "fortauskant_mindre_enn25cm": "Ja", "overbygg_parkeringsplaa": "Nei", "stigninggrader": 2, "byggingpagar": "Nei", "bredde_cm": null, "lengde_cm": null, "bildefil1": "https://data.kartverket.no/tilgjengelighet/tilgjengelighet/4601_TettstedHCparkering_20231025135315.jpg", "bildefil2": "https://data.kartverket.no/tilgjengelighet/tilgjengelighet/4601_TettstedHCparkering_20231025135316.jpg", "bildefil3": "https://data.kartverket.no/tilgjengelighet/tilgjengelighet/4601_TettstedHCparkering_20231025135317.jpg", "bilde1_t": "https://data.kartverket.no/tilgjengelighet/tilgjengelighet_thumb/4601_TettstedHCparkering_20231025135315_t.jpg", "bilde2_t": "https://data.kartverket.no/tilgjengelighet/tilgjengelighet_thumb/4601_TettstedHCparkering_20231025135316_t.jpg", "bilde3_t": "https://data.kartverket.no/tilgjengelighet/tilgjengelighet_thumb/4601_TettstedHCparkering_20231025135317_t.jpg"}}, {"type": "Feature", "id": 218, "geometry": {"type": "Point", "coordinates": [5.301348999517009, 60.38561300042618]}, "properties": {"OBJECTID": 218, "adressenavn": "Damsgårdsveien", "informasjon": null, "gatelangsparkering": "Ja", "fortauskant_mindre_enn25cm": "Ja", "overbygg_parkeringsplaa": "Nei", "stigninggrader": 2, "byggingpagar": "Nei", "bredde_cm": null, "lengde_cm": null, "bildefil1": "https://data.kartverket.no/tilgjengelighet/tilgjengelighet/4601_TettstedHCparkering_20231025134821.jpg", "bildefil2": "https://data.kartverket.no/tilgjengelighet/tilgjengelighet/4601_TettstedHCparkering_20231025134822.jpg", "bildefil3": "https://data.kartverket.no/tilgjengelighet/tilgjengelighet/4601_TettstedHCparkering_20231025134823.jpg", "bilde1_t": "https://data.kartverket.no/tilgjengelighet/tilgjengelighet_thumb/4601_TettstedHCparkering_20231025134821_t.jpg", "bilde2_t": "https://data.kartverket.no/tilgjengelighet/tilgjengelighet_thumb/4601_TettstedHCparkering_20231025134822_t.jpg", "bilde3_t": "https://data.kartverket.no/tilgjengelighet/tilgjengelighet_thumb/4601_TettstedHCparkering_20231025134823_t.jpg"}}, {"type": "Feature", "id": 219, "geometry": {"type": "Point", "coordinates": [5.2992349995751, 60.38185799977053]}, "properties": {"OBJECTID": 219, "adressenavn": "Øvre Stadionveien", "informasjon": null, "gatelangsparkering": "Ja", "fortauskant_mindre_enn25cm": "Nei", "overbygg_parkeringsplaa": "Nei", "stigninggrader": 10, "byggingpagar": "Nei", "bredde_cm": null, "lengde_cm": null, "bildefil1": "https://data.kartverket.no/tilgjengelighet/tilgjengelighet/4601_TettstedHCparkering_20231104112629.jpg", "bildefil2": "https://data.kartverket.no/tilgjengelighet/tilgjengelighet/4601_TettstedHCparkering_20231104112630.jpg", "bildefil3": "https://data.kartverket.no/tilgjengelighet/tilgjengelighet/4601_TettstedHCparkering_20231104112631.jpg", "bilde1_t": "https://data.kartverket.no/tilgjengelighet/tilgjengelighet_thumb/4601_TettstedHCparkering_20231104112629_t.jpg", "bilde2_t": "https://data.kartverket.no/tilgjengelighet/tilgjengelighet_thumb/4601_TettstedHCparkering_20231104112630_t.jpg", "bilde3_t": "https://data.kartverket.no/tilgjengelighet/tilgjengelighet_thumb/4601_TettstedHCparkering_20231104112631_t.jpg"}}, {"type": "Feature", "id": 220, "geometry": {"type": "Point", "coordinates": [5.297291000398802, 60.38627300023814]}, "properties": {"OBJECTID": 220, "adressenavn": "Håsteins gate", "informasjon": null, "gatelangsparkering": "Ja", "fortauskant_mindre_enn25cm": "Nei", "overbygg_parkeringsplaa": "Nei", "stigninggrader": 1, "byggingpagar": "Nei", "bredde_cm": null, "lengde_cm": null, "bildefil1": "https://data.kartverket.no/tilgjengelighet/tilgjengelighet/4601_TettstedHCparkering_20230912180920.jpg", "bildefil2": "https://data.kartverket.no/tilgjengelighet/tilgjengelighet/4601_TettstedHCparkering_20230912181342.jpg", "bildefil3": "https://data.kartverket.no/tilgjengelighet/tilgjengelighet/4601_TettstedHCparkering_20240419114158.jpg", "bilde1_t": "https://data.kartverket.no/tilgjengelighet/tilgjengelighet_thumb/4601_TettstedHCparkering_20230912180920_t.jpg", "bilde2_t": "https://data.kartverket.no/tilgjengelighet/tilgjengelighet_thumb/4601_TettstedHCparkering_20230912181342_t.jpg", "bilde3_t": "https://data.kartverket.no/tilgjengelighet/tilgjengelighet_thumb/4601_TettstedHCparkering_20240419114158_t.jpg"}}, {"type": "Feature", "id": 221, "geometry": {"type": "Point", "coordinates": [5.29737099967332, 60.38621499976884]}, "properties": {"OBJECTID": 221, "adressenavn": "Håsteins gate", "informasjon": null, "gatelangsparkering": "Ja", "fortauskant_mindre_enn25cm": "Nei", "overbygg_parkeringsplaa": "Nei", "stigninggrader": 1, "byggingpagar": "Nei", "bredde_cm": null, "lengde_cm": null, "bildefil1": "https://data.kartverket.no/tilgjengelighet/tilgjengelighet/4601_TettstedHCparkering_20230912181157.jpg", "bildefil2": "https://data.kartverket.no/tilgjengelighet/tilgjengelighet/4601_TettstedHCparkering_20230912181159.jpg", "bildefil3": "https://data.kartverket.no/tilgjengelighet/tilgjengelighet/4601_TettstedHCparkering_20240419114315.jpg", "bilde1_t": "https://data.kartverket.no/tilgjengelighet/tilgjengelighet_thumb/4601_TettstedHCparkering_20230912181157_t.jpg", "bilde2_t": "https://data.kartverket.no/tilgjengelighet/tilgjengelighet_thumb/4601_TettstedHCparkering_20230912181159_t.jpg", "bilde3_t": "https://data.kartverket.no/tilgjengelighet/tilgjengelighet_thumb/4601_TettstedHCparkering_20240419114315_t.jpg"}}, {"type": "Feature", "id": 222, "geometry": {"type": "Point", "coordinates": [5.296767999696863, 60.38670599999074]}, "properties": {"OBJECTID": 222, "adressenavn": "Håsteins gate", "informasjon": null, "gatelangsparkering": "Ja", "fortauskant_mindre_enn25cm": "Nei", "overbygg_parkeringsplaa": "Nei", "stigninggrader": 2, "byggingpagar": "Nei", "bredde_cm": null, "lengde_cm": null, "bildefil1": "https://data.kartverket.no/tilgjengelighet/tilgjengelighet/4601_TettstedHCparkering_20230912180621.jpg", "bildefil2": "https://data.kartverket.no/tilgjengelighet/tilgjengelighet/4601_TettstedHCparkering_20230912180622.jpg", "bildefil3": "https://data.kartverket.no/tilgjengelighet/tilgjengelighet/4601_TettstedHCparkering_20230912180623.jpg", "bilde1_t": "https://data.kartverket.no/tilgjengelighet/tilgjengelighet_thumb/4601_TettstedHCparkering_20230912180621_t.jpg", "bilde2_t": "https://data.kartverket.no/tilgjengelighet/tilgjengelighet_thumb/4601_TettstedHCparkering_20230912180622_t.jpg", "bilde3_t": "https://data.kartverket.no/tilgjengelighet/tilgjengelighet_thumb/4601_TettstedHCparkering_20230912180623_t.jpg"}}, {"type": "Feature", "id": 223, "geometry": {"type": "Point", "coordinates": [5.303194000305493, 60.37882699994771]}, "properties": {"OBJECTID": 223, "adressenavn": "Damsgårdslien", "informasjon": null, "gatelangsparkering": "Ja", "fortauskant_mindre_enn25cm": "Nei", "overbygg_parkeringsplaa": "Nei", "stigninggrader": 2, "byggingpagar": "Nei", "bredde_cm": null, "lengde_cm": null, "bildefil1": "https://data.kartverket.no/tilgjengelighet/tilgjengelighet/4601_TettstedHCparkering_20231104112857.jpg", "bildefil2": "https://data.kartverket.no/tilgjengelighet/tilgjengelighet/4601_TettstedHCparkering_20231104113114.jpg", "bildefil3": "https://data.kartverket.no/tilgjengelighet/tilgjengelighet/4601_TettstedHCparkering_20231104113226.jpg", "bilde1_t": "https://data.kartverket.no/tilgjengelighet/tilgjengelighet_thumb/4601_TettstedHCparkering_20231104112857_t.jpg", "bilde2_t": "https://data.kartverket.no/tilgjengelighet/tilgjengelighet_thumb/4601_TettstedHCparkering_20231104113114_t.jpg", "bilde3_t": "https://data.kartverket.no/tilgjengelighet/tilgjengelighet_thumb/4601_TettstedHCparkering_20231104113226_t.jpg"}}, {"type": "Feature", "id": 224, "geometry": {"type": "Point", "coordinates": [5.3060159991685545, 60.36774199970733]}, "properties": {"OBJECTID": 224, "adressenavn": "Krohnegården", "informasjon": null, "gatelangsparkering": "Ja", "fortauskant_mindre_enn25cm": "Nei", "overbygg_parkeringsplaa": "Nei", "stigninggrader": 1, "byggingpagar": "Nei", "bredde_cm": 400, "lengde_cm": 500, "bildefil1": "https://data.kartverket.no/tilgjengelighet/tilgjengelighet/4601_TettstedHCparkering_20231104114842.jpg", "bildefil2": "https://data.kartverket.no/tilgjengelighet/tilgjengelighet/4601_TettstedHCparkering_20231104114843.jpg", "bildefil3": null, "bilde1_t": "https://data.kartverket.no/tilgjengelighet/tilgjengelighet_thumb/4601_TettstedHCparkering_20231104114842_t.jpg", "bilde2_t": "https://data.kartverket.no/tilgjengelighet/tilgjengelighet_thumb/4601_TettstedHCparkering_20231104114843_t.jpg", "bilde3_t": null}}, {"type": "Feature", "id": 225, "geometry": {"type": "Point", "coordinates": [5.305871000076291, 60.36782399964867]}, "properties": {"OBJECTID": 225, "adressenavn": "Krohnegården", "informasjon": null, "gatelangsparkering": "Ja", "fortauskant_mindre_enn25cm": "Nei", "overbygg_parkeringsplaa": "Nei", "stigninggrader": 1, "byggingpagar": "Nei", "bredde_cm": 400, "lengde_cm": 500, "bildefil1": "https://data.kartverket.no/tilgjengelighet/tilgjengelighet/4601_TettstedHCparkering_20231104114658.jpg", "bildefil2": "https://data.kartverket.no/tilgjengelighet/tilgjengelighet/4601_TettstedHCparkering_20231104114659.jpg", "bildefil3": null, "bilde1_t": "https://data.kartverket.no/tilgjengelighet/tilgjengelighet_thumb/4601_TettstedHCparkering_20231104114658_t.jpg", "bilde2_t": "https://data.kartverket.no/tilgjengelighet/tilgjengelighet_thumb/4601_TettstedHCparkering_20231104114659_t.jpg", "bilde3_t": null}}, {"type": "Feature", "id": 226, "geometry": {"type": "Point", "coordinates": [5.3057099991326595, 60.36787499979495]}, "properties": {"OBJECTID": 226, "adressenavn": "Krohnegården", "informasjon": null, "gatelangsparkering": "Ja", "fortauskant_mindre_enn25cm": "Nei", "overbygg_parkeringsplaa": "Nei", "stigninggrader": 1, "byggingpagar": "Nei", "bredde_cm": 400, "lengde_cm": 500, "bildefil1": "https://data.kartverket.no/tilgjengelighet/tilgjengelighet/4601_TettstedHCparkering_20231104114421.jpg", "bildefil2": "https://data.kartverket.no/tilgjengelighet/tilgjengelighet/4601_TettstedHCparkering_20231104114422.jpg", "bildefil3": "https://data.kartverket.no/tilgjengelighet/tilgjengelighet/4601_TettstedHCparkering_20231104114423.jpg", "bilde1_t": "https://data.kartverket.no/tilgjengelighet/tilgjengelighet_thumb/4601_TettstedHCparkering_20231104114421_t.jpg", "bilde2_t": "https://data.kartverket.no/tilgjengelighet/tilgjengelighet_thumb/4601_TettstedHCparkering_20231104114422_t.jpg", "bilde3_t": "https://data.kartverket.no/tilgjengelighet/tilgjengelighet_thumb/4601_TettstedHCparkering_20231104114423_t.jpg"}}, {"type": "Feature", "id": 227, "geometry": {"type": "Point", "coordinates": [5.334704999350417, 60.39023400037408]}, "properties": {"OBJECTID": 227, "adressenavn": "Zander Kaaes gate", "informasjon": "Parkering forbudt over 3timer", "gatelangsparkering": "Ja", "fortauskant_mindre_enn25cm": "Nei", "overbygg_parkeringsplaa": "Nei", "stigninggrader": 1, "byggingpagar": "Nei", "bredde_cm": null, "lengde_cm": null, "bildefil1": "https://data.kartverket.no/tilgjengelighet/tilgjengelighet/4601_TettstedHCparkering_20231104102123.jpg", "bildefil2": "https://data.kartverket.no/tilgjengelighet/tilgjengelighet/4601_TettstedHCparkering_20231104102124.jpg", "bildefil3": "https://data.kartverket.no/tilgjengelighet/tilgjengelighet/4601_TettstedHCparkering_20231104102630.jpg", "bilde1_t": "https://data.kartverket.no/tilgjengelighet/tilgjengelighet_thumb/4601_TettstedHCparkering_20231104102123_t.jpg", "bilde2_t": "https://data.kartverket.no/tilgjengelighet/tilgjengelighet_thumb/4601_TettstedHCparkering_20231104102124_t.jpg", "bilde3_t": "https://data.kartverket.no/tilgjengelighet/tilgjengelighet_thumb/4601_TettstedHCparkering_20231104102630_t.jpg"}}, {"type": "Feature", "id": 228, "geometry": {"type": "Point", "coordinates": [5.334861000216989, 60.39017599966375]}, "properties": {"OBJECTID": 228, "adressenavn": "Zander Kaaes gate", "informasjon": "Parkering forbudt over 3 timer", "gatelangsparkering": "Ja", "fortauskant_mindre_enn25cm": "Nei", "overbygg_parkeringsplaa": "Nei", "stigninggrader": 1, "byggingpagar": "Nei", "bredde_cm": null, "lengde_cm": null, "bildefil1": "https://data.kartverket.no/tilgjengelighet/tilgjengelighet/4601_TettstedHCparkering_20231104102357.jpg", "bildefil2": "https://data.kartverket.no/tilgjengelighet/tilgjengelighet/4601_TettstedHCparkering_20231104102358.jpg", "bildefil3": "https://data.kartverket.no/tilgjengelighet/tilgjengelighet/4601_TettstedHCparkering_20231104102359.jpg", "bilde1_t": "https://data.kartverket.no/tilgjengelighet/tilgjengelighet_thumb/4601_TettstedHCparkering_20231104102357_t.jpg", "bilde2_t": "https://data.kartverket.no/tilgjengelighet/tilgjengelighet_thumb/4601_TettstedHCparkering_20231104102358_t.jpg", "bilde3_t": "https://data.kartverket.no/tilgjengelighet/tilgjengelighet_thumb/4601_TettstedHCparkering_20231104102359_t.jpg"}}, {"type": "Feature", "id": 229, "geometry": {"type": "Point", "coordinates": [5.3340180003032165, 60.39551100025315]}, "properties": {"OBJECTID": 229, "adressenavn": "Fjellveien", "informasjon": null, "gatelangsparkering": "Ja", "fortauskant_mindre_enn25cm": "Nei", "overbygg_parkeringsplaa": "Nei", "stigninggrader": 1, "byggingpagar": "Nei", "bredde_cm": null, "lengde_cm": null, "bildefil1": "https://data.kartverket.no/tilgjengelighet/tilgjengelighet/4601_TettstedHCparkering_20230912204256.jpg", "bildefil2": "https://data.kartverket.no/tilgjengelighet/tilgjengelighet/4601_TettstedHCparkering_20230912204257.jpg", "bildefil3": "https://data.kartverket.no/tilgjengelighet/tilgjengelighet/4601_TettstedHCparkering_20230912204258.jpg", "bilde1_t": "https://data.kartverket.no/tilgjengelighet/tilgjengelighet_thumb/4601_TettstedHCparkering_20230912204256_t.jpg", "bilde2_t": "https://data.kartverket.no/tilgjengelighet/tilgjengelighet_thumb/4601_TettstedHCparkering_20230912204257_t.jpg", "bilde3_t": "https://data.kartverket.no/tilgjengelighet/tilgjengelighet_thumb/4601_TettstedHCparkering_20230912204258_t.jpg"}}, {"type": "Feature", "id": 230, "geometry": {"type": "Point", "coordinates": [5.332279999827584, 60.395890000295886]}, "properties": {"OBJECTID": 230, "adressenavn": "Fjellien", "informasjon": null, "gatelangsparkering": "Ja", "fortauskant_mindre_enn25cm": "Nei", "overbygg_parkeringsplaa": "Nei", "stigninggrader": 4, "byggingpagar": "Nei", "bredde_cm": null, "lengde_cm": null, "bildefil1": "https://data.kartverket.no/tilgjengelighet/tilgjengelighet/4601_TettstedHCparkering_20230912203443.jpg", "bildefil2": "https://data.kartverket.no/tilgjengelighet/tilgjengelighet/4601_TettstedHCparkering_20230912203706.jpg", "bildefil3": "https://data.kartverket.no/tilgjengelighet/tilgjengelighet/4601_TettstedHCparkering_20240419114936.jpg", "bilde1_t": "https://data.kartverket.no/tilgjengelighet/tilgjengelighet_thumb/4601_TettstedHCparkering_20230912203443_t.jpg", "bilde2_t": "https://data.kartverket.no/tilgjengelighet/tilgjengelighet_thumb/4601_TettstedHCparkering_20230912203706_t.jpg", "bilde3_t": "https://data.kartverket.no/tilgjengelighet/tilgjengelighet_thumb/4601_TettstedHCparkering_20240419114936_t.jpg"}}, {"type": "Feature", "id": 231, "geometry": {"type": "Point", "coordinates": [5.303212999497827, 60.39934700005672]}, "properties": {"OBJECTID": 231, "adressenavn": "Nordnesparken", "informasjon": null, "gatelangsparkering": "Nei", "fortauskant_mindre_enn25cm": null, "overbygg_parkeringsplaa": "Nei", "stigninggrader": null, "byggingpagar": "Nei", "bredde_cm": null, "lengde_cm": null, "bildefil1": "https://data.kartverket.no/tilgjengelighet/tilgjengelighet/4601_TettstedHCparkering_20240419115512.jpg", "bildefil2": "https://data.kartverket.no/tilgjengelighet/tilgjengelighet/4601_TettstedHCparkering_20240419115513.jpg", "bildefil3": "https://data.kartverket.no/tilgjengelighet/tilgjengelighet/4601_TettstedHCparkering_20240419115514.jpg", "bilde1_t": "https://data.kartverket.no/tilgjengelighet/tilgjengelighet_thumb/4601_TettstedHCparkering_20240419115512_t.jpg", "bilde2_t": "https://data.kartverket.no/tilgjengelighet/tilgjengelighet_thumb/4601_TettstedHCparkering_20240419115513_t.jpg", "bilde3_t": "https://data.kartverket.no/tilgjengelighet/tilgjengelighet_thumb/4601_TettstedHCparkering_20240419115514_t.jpg"}}, {"type": "Feature", "id": 232, "geometry": {"type": "Point", "coordinates": [5.303176000739343, 60.39937900009597]}, "properties": {"OBJECTID": 232, "adressenavn": "Nordnesparken", "informasjon": null, "gatelangsparkering": "Nei", "fortauskant_mindre_enn25cm": null, "overbygg_parkeringsplaa": "Nei", "stigninggrader": null, "byggingpagar": "Nei", "bredde_cm": null, "lengde_cm": null, "bildefil1": "https://data.kartverket.no/tilgjengelighet/tilgjengelighet/4601_TettstedHCparkering_20240419115629.jpg", "bildefil2": "https://data.kartverket.no/tilgjengelighet/tilgjengelighet/4601_TettstedHCparkering_20240419115630.jpg", "bildefil3": "https://data.kartverket.no/tilgjengelighet/tilgjengelighet/4601_TettstedHCparkering_20240419115631.jpg", "bilde1_t": "https://data.kartverket.no/tilgjengelighet/tilgjengelighet_thumb/4601_TettstedHCparkering_20240419115629_t.jpg", "bilde2_t": "https://data.kartverket.no/tilgjengelighet/tilgjengelighet_thumb/4601_TettstedHCparkering_20240419115630_t.jpg", "bilde3_t": "https://data.kartverket.no/tilgjengelighet/tilgjengelighet_thumb/4601_TettstedHCparkering_20240419115631_t.jpg"}}, {"type": "Feature", "id": 233, "geometry": {"type": "Point", "coordinates": [5.325357999540227, 60.39694500026297]}, "properties": {"OBJECTID": 233, "adressenavn": "Rosenkrantzgaten", "informasjon": null, "gatelangsparkering": "Ja", "fortauskant_mindre_enn25cm": "Nei", "overbygg_parkeringsplaa": "Nei", "stigninggrader": 1, "byggingpagar": "Nei", "bredde_cm": null, "lengde_cm": null, "bildefil1": "https://data.kartverket.no/tilgjengelighet/tilgjengelighet/4601_TettstedHCparkering_20240419121454.jpg", "bildefil2": "https://data.kartverket.no/tilgjengelighet/tilgjengelighet/4601_TettstedHCparkering_20240419122359.jpg", "bildefil3": "https://data.kartverket.no/tilgjengelighet/tilgjengelighet/4601_TettstedHCparkering_20240419122400.jpg", "bilde1_t": "https://data.kartverket.no/tilgjengelighet/tilgjengelighet_thumb/4601_TettstedHCparkering_20240419121454_t.jpg", "bilde2_t": "https://data.kartverket.no/tilgjengelighet/tilgjengelighet_thumb/4601_TettstedHCparkering_20240419122359_t.jpg", "bilde3_t": "https://data.kartverket.no/tilgjengelighet/tilgjengelighet_thumb/4601_TettstedHCparkering_20240419122400_t.jpg"}}, {"type": "Feature", "id": 234, "geometry": {"type": "Point", "coordinates": [5.325422000343524, 60.396909000174595]}, "properties": {"OBJECTID": 234, "adressenavn": "Rosenkrantzgaten", "informasjon": null, "gatelangsparkering": "Ja", "fortauskant_mindre_enn25cm": "Nei", "overbygg_parkeringsplaa": "Nei", "stigninggrader": 1, "byggingpagar": "Nei", "bredde_cm": null, "lengde_cm": null, "bildefil1": "https://data.kartverket.no/tilgjengelighet/tilgjengelighet/4601_TettstedHCparkering_20240419121719.jpg", "bildefil2": "https://data.kartverket.no/tilgjengelighet/tilgjengelighet/4601_TettstedHCparkering_20240419122602.jpg", "bildefil3": "https://data.kartverket.no/tilgjengelighet/tilgjengelighet/4601_TettstedHCparkering_20240419122603.jpg", "bilde1_t": "https://data.kartverket.no/tilgjengelighet/tilgjengelighet_thumb/4601_TettstedHCparkering_20240419121719_t.jpg", "bilde2_t": "https://data.kartverket.no/tilgjengelighet/tilgjengelighet_thumb/4601_TettstedHCparkering_20240419122602_t.jpg", "bilde3_t": "https://data.kartverket.no/tilgjengelighet/tilgjengelighet_thumb/4601_TettstedHCparkering_20240419122603_t.jpg"}}, {"type": "Feature", "id": 235, "geometry": {"type": "Point", "coordinates": [5.3254839992495535, 60.39687299957627]}, "properties": {"OBJECTID": 235, "adressenavn": "Rosenkrantzgaten", "informasjon": null, "gatelangsparkering": "Ja", "fortauskant_mindre_enn25cm": "Nei", "overbygg_parkeringsplaa": "Nei", "stigninggrader": 1, "byggingpagar": "Nei", "bredde_cm": null, "lengde_cm": null, "bildefil1": "https://data.kartverket.no/tilgjengelighet/tilgjengelighet/4601_TettstedHCparkering_20240419122043.jpg", "bildefil2": "https://data.kartverket.no/tilgjengelighet/tilgjengelighet/4601_TettstedHCparkering_20240419122719.jpg", "bildefil3": "https://data.kartverket.no/tilgjengelighet/tilgjengelighet/4601_TettstedHCparkering_20240419122830.jpg", "bilde1_t": "https://data.kartverket.no/tilgjengelighet/tilgjengelighet_thumb/4601_TettstedHCparkering_20240419122043_t.jpg", "bilde2_t": "https://data.kartverket.no/tilgjengelighet/tilgjengelighet_thumb/4601_TettstedHCparkering_20240419122719_t.jpg", "bilde3_t": "https://data.kartverket.no/tilgjengelighet/tilgjengelighet_thumb/4601_TettstedHCparkering_20240419122830_t.jpg"}}, {"type": "Feature", "id": 236, "geometry": {"type": "Point", "coordinates": [5.280093000071414, 60.393313999932886]}, "properties": {"OBJECTID": 236, "adressenavn": "Oldernesveien", "informasjon": null, "gatelangsparkering": "Ja", "fortauskant_mindre_enn25cm": "Nei", "overbygg_parkeringsplaa": "Nei", "stigninggrader": 1, "byggingpagar": "Nei", "bredde_cm": null, "lengde_cm": null, "bildefil1": "https://data.kartverket.no/tilgjengelighet/tilgjengelighet/4601_TettstedHCparkering_20230912175847.jpg", "bildefil2": "https://data.kartverket.no/tilgjengelighet/tilgjengelighet/4601_TettstedHCparkering_20230912175848.jpg", "bildefil3": "https://data.kartverket.no/tilgjengelighet/tilgjengelighet/4601_TettstedHCparkering_20230912175849.jpg", "bilde1_t": "https://data.kartverket.no/tilgjengelighet/tilgjengelighet_thumb/4601_TettstedHCparkering_20230912175847_t.jpg", "bilde2_t": "https://data.kartverket.no/tilgjengelighet/tilgjengelighet_thumb/4601_TettstedHCparkering_20230912175848_t.jpg", "bilde3_t": "https://data.kartverket.no/tilgjengelighet/tilgjengelighet_thumb/4601_TettstedHCparkering_20230912175849_t.jpg"}}, {"type": "Feature", "id": 237, "geometry": {"type": "Point", "coordinates": [5.218241000019171, 60.381933000015096]}, "properties": {"OBJECTID": 237, "adressenavn": "Olsvikåsen", "informasjon": null, "gatelangsparkering": "Ja", "fortauskant_mindre_enn25cm": "Nei", "overbygg_parkeringsplaa": "Nei", "stigninggrader": 4, "byggingpagar": "Nei", "bredde_cm": 230, "lengde_cm": 600, "bildefil1": "https://data.kartverket.no/tilgjengelighet/tilgjengelighet/4601_TettstedHCparkering_20230912173418.jpg", "bildefil2": "https://data.kartverket.no/tilgjengelighet/tilgjengelighet/4601_TettstedHCparkering_20230912173419.jpg", "bildefil3": "https://data.kartverket.no/tilgjengelighet/tilgjengelighet/4601_TettstedHCparkering_20230912173420.jpg", "bilde1_t": "https://data.kartverket.no/tilgjengelighet/tilgjengelighet_thumb/4601_TettstedHCparkering_20230912173418_t.jpg", "bilde2_t": "https://data.kartverket.no/tilgjengelighet/tilgjengelighet_thumb/4601_TettstedHCparkering_20230912173419_t.jpg", "bilde3_t": "https://data.kartverket.no/tilgjengelighet/tilgjengelighet_thumb/4601_TettstedHCparkering_20230912173420_t.jpg"}}, {"type": "Feature", "id": 238, "geometry": {"type": "Point", "coordinates": [5.352200000800767, 60.34634499985634]}, "properties": {"OBJECTID": 238, "adressenavn": "Fantoftvegen", "informasjon": null, "gatelangsparkering": "Ja", "fortauskant_mindre_enn25cm": "Nei", "overbygg_parkeringsplaa": "Nei", "stigninggrader": 1, "byggingpagar": "Nei", "bredde_cm": 300, "lengde_cm": 580, "bildefil1": "https://data.kartverket.no/tilgjengelighet/tilgjengelighet/4601_TettstedHCparkering_20231007112810.jpg", "bildefil2": "https://data.kartverket.no/tilgjengelighet/tilgjengelighet/4601_TettstedHCparkering_20231007112812.jpg", "bildefil3": "https://data.kartverket.no/tilgjengelighet/tilgjengelighet/4601_TettstedHCparkering_20240419123455.jpg", "bilde1_t": "https://data.kartverket.no/tilgjengelighet/tilgjengelighet_thumb/4601_TettstedHCparkering_20231007112810_t.jpg", "bilde2_t": "https://data.kartverket.no/tilgjengelighet/tilgjengelighet_thumb/4601_TettstedHCparkering_20231007112812_t.jpg", "bilde3_t": "https://data.kartverket.no/tilgjengelighet/tilgjengelighet_thumb/4601_TettstedHCparkering_20240419123455_t.jpg"}}, {"type": "Feature", "id": 239, "geometry": {"type": "Point", "coordinates": [5.352458999118802, 60.34633300020377]}, "properties": {"OBJECTID": 239, "adressenavn": "Fantoftvegen", "informasjon": null, "gatelangsparkering": "Ja", "fortauskant_mindre_enn25cm": "Nei", "overbygg_parkeringsplaa": "Nei", "stigninggrader": 1, "byggingpagar": "Nei", "bredde_cm": 300, "lengde_cm": 580, "bildefil1": "https://data.kartverket.no/tilgjengelighet/tilgjengelighet/4601_TettstedHCparkering_20231007112429.jpg", "bildefil2": "https://data.kartverket.no/tilgjengelighet/tilgjengelighet/4601_TettstedHCparkering_20240419123338.jpg", "bildefil3": "https://data.kartverket.no/tilgjengelighet/tilgjengelighet/4601_TettstedHCparkering_20240419123554.jpg", "bilde1_t": "https://data.kartverket.no/tilgjengelighet/tilgjengelighet_thumb/4601_TettstedHCparkering_20231007112429_t.jpg", "bilde2_t": "https://data.kartverket.no/tilgjengelighet/tilgjengelighet_thumb/4601_TettstedHCparkering_20240419123338_t.jpg", "bilde3_t": "https://data.kartverket.no/tilgjengelighet/tilgjengelighet_thumb/4601_TettstedHCparkering_20240419123554_t.jpg"}}, {"type": "Feature", "id": 240, "geometry": {"type": "Point", "coordinates": [5.35233099962186, 60.346340000295896]}, "properties": {"OBJECTID": 240, "adressenavn": "Fantoftvegen", "informasjon": null, "gatelangsparkering": "Nei", "fortauskant_mindre_enn25cm": null, "overbygg_parkeringsplaa": "Nei", "stigninggrader": null, "byggingpagar": "Nei", "bredde_cm": 300, "lengde_cm": 580, "bildefil1": "https://data.kartverket.no/tilgjengelighet/tilgjengelighet/4601_TettstedHCparkering_20231007112603.jpg", "bildefil2": "https://data.kartverket.no/tilgjengelighet/tilgjengelighet/4601_TettstedHCparkering_20231007112604.jpg", "bildefil3": "https://data.kartverket.no/tilgjengelighet/tilgjengelighet/4601_TettstedHCparkering_20240419123659.jpg", "bilde1_t": "https://data.kartverket.no/tilgjengelighet/tilgjengelighet_thumb/4601_TettstedHCparkering_20231007112603_t.jpg", "bilde2_t": "https://data.kartverket.no/tilgjengelighet/tilgjengelighet_thumb/4601_TettstedHCparkering_20231007112604_t.jpg", "bilde3_t": "https://data.kartverket.no/tilgjengelighet/tilgjengelighet_thumb/4601_TettstedHCparkering_20240419123659_t.jpg"}}, {"type": "Feature", "id": 241, "geometry": {"type": "Point", "coordinates": [5.3680820008045345, 60.358745999856886]}, "properties": {"OBJECTID": 241, "adressenavn": "Nattlandsveien", "informasjon": null, "gatelangsparkering": "Ja", "fortauskant_mindre_enn25cm": "Ja", "overbygg_parkeringsplaa": "Nei", "stigninggrader": 1, "byggingpagar": "Nei", "bredde_cm": 225, "lengde_cm": 690, "bildefil1": "https://data.kartverket.no/tilgjengelighet/tilgjengelighet/4601_TettstedHCparkering_20231007095237.jpg", "bildefil2": "https://data.kartverket.no/tilgjengelighet/tilgjengelighet/4601_TettstedHCparkering_20231007095238.jpg", "bildefil3": "https://data.kartverket.no/tilgjengelighet/tilgjengelighet/4601_TettstedHCparkering_20231007095239.jpg", "bilde1_t": "https://data.kartverket.no/tilgjengelighet/tilgjengelighet_thumb/4601_TettstedHCparkering_20231007095237_t.jpg", "bilde2_t": "https://data.kartverket.no/tilgjengelighet/tilgjengelighet_thumb/4601_TettstedHCparkering_20231007095238_t.jpg", "bilde3_t": "https://data.kartverket.no/tilgjengelighet/tilgjengelighet_thumb/4601_TettstedHCparkering_20231007095239_t.jpg"}}, {"type": "Feature", "id": 242, "geometry": {"type": "Point", "coordinates": [5.368069000615998, 60.359681000087335]}, "properties": {"OBJECTID": 242, "adressenavn": "Nattlandsveien", "informasjon": null, "gatelangsparkering": "Ja", "fortauskant_mindre_enn25cm": "Nei", "overbygg_parkeringsplaa": "Nei", "stigninggrader": 1, "byggingpagar": "Nei", "bredde_cm": 240, "lengde_cm": 660, "bildefil1": "https://data.kartverket.no/tilgjengelighet/tilgjengelighet/4601_TettstedHCparkering_20231007094206.jpg", "bildefil2": "https://data.kartverket.no/tilgjengelighet/tilgjengelighet/4601_TettstedHCparkering_20231007094207.jpg", "bildefil3": "https://data.kartverket.no/tilgjengelighet/tilgjengelighet/4601_TettstedHCparkering_20231007095647.jpg", "bilde1_t": "https://data.kartverket.no/tilgjengelighet/tilgjengelighet_thumb/4601_TettstedHCparkering_20231007094206_t.jpg", "bilde2_t": "https://data.kartverket.no/tilgjengelighet/tilgjengelighet_thumb/4601_TettstedHCparkering_20231007094207_t.jpg", "bilde3_t": "https://data.kartverket.no/tilgjengelighet/tilgjengelighet_thumb/4601_TettstedHCparkering_20231007095647_t.jpg"}}, {"type": "Feature", "id": 243, "geometry": {"type": "Point", "coordinates": [5.361250999858207, 60.35821000003604]}, "properties": {"OBJECTID": 243, "adressenavn": "Adolph Bergs vei", "informasjon": null, "gatelangsparkering": "Ja", "fortauskant_mindre_enn25cm": "Nei", "overbygg_parkeringsplaa": "Nei", "stigninggrader": 2, "byggingpagar": "Nei", "bredde_cm": null, "lengde_cm": null, "bildefil1": "https://data.kartverket.no/tilgjengelighet/tilgjengelighet/4601_TettstedHCparkering_20231007105444.jpg", "bildefil2": "https://data.kartverket.no/tilgjengelighet/tilgjengelighet/4601_TettstedHCparkering_20231007105445.jpg", "bildefil3": "https://data.kartverket.no/tilgjengelighet/tilgjengelighet/4601_TettstedHCparkering_20231007105446.jpg", "bilde1_t": "https://data.kartverket.no/tilgjengelighet/tilgjengelighet_thumb/4601_TettstedHCparkering_20231007105444_t.jpg", "bilde2_t": "https://data.kartverket.no/tilgjengelighet/tilgjengelighet_thumb/4601_TettstedHCparkering_20231007105445_t.jpg", "bilde3_t": "https://data.kartverket.no/tilgjengelighet/tilgjengelighet_thumb/4601_TettstedHCparkering_20231007105446_t.jpg"}}, {"type": "Feature", "id": 244, "geometry": {"type": "Point", "coordinates": [5.36121099984345, 60.358166999849864]}, "properties": {"OBJECTID": 244, "adressenavn": "Adolph Bergs vei", "informasjon": null, "gatelangsparkering": "Ja", "fortauskant_mindre_enn25cm": "Nei", "overbygg_parkeringsplaa": "Nei", "stigninggrader": 1, "byggingpagar": "Nei", "bredde_cm": null, "lengde_cm": null, "bildefil1": "https://data.kartverket.no/tilgjengelighet/tilgjengelighet/4601_TettstedHCparkering_20231007105132.jpg", "bildefil2": "https://data.kartverket.no/tilgjengelighet/tilgjengelighet/4601_TettstedHCparkering_20231007105133.jpg", "bildefil3": "https://data.kartverket.no/tilgjengelighet/tilgjengelighet/4601_TettstedHCparkering_20231007105134.jpg", "bilde1_t": "https://data.kartverket.no/tilgjengelighet/tilgjengelighet_thumb/4601_TettstedHCparkering_20231007105132_t.jpg", "bilde2_t": "https://data.kartverket.no/tilgjengelighet/tilgjengelighet_thumb/4601_TettstedHCparkering_20231007105133_t.jpg", "bilde3_t": "https://data.kartverket.no/tilgjengelighet/tilgjengelighet_thumb/4601_TettstedHCparkering_20231007105134_t.jpg"}}, {"type": "Feature", "id": 245, "geometry": {"type": "Point", "coordinates": [5.361178000485881, 60.358127000101646]}, "properties": {"OBJECTID": 245, "adressenavn": "Adolph Bergs vei", "informasjon": null, "gatelangsparkering": "Ja", "fortauskant_mindre_enn25cm": "Nei", "overbygg_parkeringsplaa": "Nei", "stigninggrader": 1, "byggingpagar": "Nei", "bredde_cm": 220, "lengde_cm": 580, "bildefil1": "https://data.kartverket.no/tilgjengelighet/tilgjengelighet/4601_TettstedHCparkering_20231007104911.jpg", "bildefil2": "https://data.kartverket.no/tilgjengelighet/tilgjengelighet/4601_TettstedHCparkering_20231007104912.jpg", "bildefil3": "https://data.kartverket.no/tilgjengelighet/tilgjengelighet/4601_TettstedHCparkering_20231007104913.jpg", "bilde1_t": "https://data.kartverket.no/tilgjengelighet/tilgjengelighet_thumb/4601_TettstedHCparkering_20231007104911_t.jpg", "bilde2_t": "https://data.kartverket.no/tilgjengelighet/tilgjengelighet_thumb/4601_TettstedHCparkering_20231007104912_t.jpg", "bilde3_t": "https://data.kartverket.no/tilgjengelighet/tilgjengelighet_thumb/4601_TettstedHCparkering_20231007104913_t.jpg"}}, {"type": "Feature", "id": 246, "geometry": {"type": "Point", "coordinates": [5.368088000578893, 60.35866200015287]}, "properties": {"OBJECTID": 246, "adressenavn": "Nattlandsveien", "informasjon": null, "gatelangsparkering": "Ja", "fortauskant_mindre_enn25cm": "Ja", "overbygg_parkeringsplaa": "Nei", "stigninggrader": 2, "byggingpagar": "Nei", "bredde_cm": 225, "lengde_cm": 690, "bildefil1": "https://data.kartverket.no/tilgjengelighet/tilgjengelighet/4601_TettstedHCparkering_20231007094827.jpg", "bildefil2": "https://data.kartverket.no/tilgjengelighet/tilgjengelighet/4601_TettstedHCparkering_20231007094828.jpg", "bildefil3": "https://data.kartverket.no/tilgjengelighet/tilgjengelighet/4601_TettstedHCparkering_20231007095001.jpg", "bilde1_t": "https://data.kartverket.no/tilgjengelighet/tilgjengelighet_thumb/4601_TettstedHCparkering_20231007094827_t.jpg", "bilde2_t": "https://data.kartverket.no/tilgjengelighet/tilgjengelighet_thumb/4601_TettstedHCparkering_20231007094828_t.jpg", "bilde3_t": "https://data.kartverket.no/tilgjengelighet/tilgjengelighet_thumb/4601_TettstedHCparkering_20231007095001_t.jpg"}}, {"type": "Feature", "id": 247, "geometry": {"type": "Point", "coordinates": [5.36807999918159, 60.35959200035379]}, "properties": {"OBJECTID": 247, "adressenavn": "Nattlandsveien", "informasjon": null, "gatelangsparkering": "Ja", "fortauskant_mindre_enn25cm": "Nei", "overbygg_parkeringsplaa": "Nei", "stigninggrader": 1, "byggingpagar": "Nei", "bredde_cm": 240, "lengde_cm": 660, "bildefil1": "https://data.kartverket.no/tilgjengelighet/tilgjengelighet/4601_TettstedHCparkering_20231007095536.jpg", "bildefil2": "https://data.kartverket.no/tilgjengelighet/tilgjengelighet/4601_TettstedHCparkering_20231007095537.jpg", "bildefil3": "https://data.kartverket.no/tilgjengelighet/tilgjengelighet/4601_TettstedHCparkering_20231007095538.jpg", "bilde1_t": "https://data.kartverket.no/tilgjengelighet/tilgjengelighet_thumb/4601_TettstedHCparkering_20231007095536_t.jpg", "bilde2_t": "https://data.kartverket.no/tilgjengelighet/tilgjengelighet_thumb/4601_TettstedHCparkering_20231007095537_t.jpg", "bilde3_t": "https://data.kartverket.no/tilgjengelighet/tilgjengelighet_thumb/4601_TettstedHCparkering_20231007095538_t.jpg"}}, {"type": "Feature", "id": 248, "geometry": {"type": "Point", "coordinates": [5.3680739993861115, 60.359694000328204]}, "properties": {"OBJECTID": 248, "adressenavn": "Nattlandsveien", "informasjon": null, "gatelangsparkering": "Ja", "fortauskant_mindre_enn25cm": "Ja", "overbygg_parkeringsplaa": "Nei", "stigninggrader": 1, "byggingpagar": "Nei", "bredde_cm": 255, "lengde_cm": 580, "bildefil1": "https://data.kartverket.no/tilgjengelighet/tilgjengelighet/4601_TettstedHCparkering_20231005131202.jpg", "bildefil2": "https://data.kartverket.no/tilgjengelighet/tilgjengelighet/4601_TettstedHCparkering_20231005131203.jpg", "bildefil3": "https://data.kartverket.no/tilgjengelighet/tilgjengelighet/4601_TettstedHCparkering_20231005131323.jpg", "bilde1_t": "https://data.kartverket.no/tilgjengelighet/tilgjengelighet_thumb/4601_TettstedHCparkering_20231005131202_t.jpg", "bilde2_t": "https://data.kartverket.no/tilgjengelighet/tilgjengelighet_thumb/4601_TettstedHCparkering_20231005131203_t.jpg", "bilde3_t": "https://data.kartverket.no/tilgjengelighet/tilgjengelighet_thumb/4601_TettstedHCparkering_20231005131323_t.jpg"}}, {"type": "Feature", "id": 249, "geometry": {"type": "Point", "coordinates": [5.367385000546481, 60.353918000258496]}, "properties": {"OBJECTID": 249, "adressenavn": "Mannsverk", "informasjon": null, "gatelangsparkering": "Ja", "fortauskant_mindre_enn25cm": "Nei", "overbygg_parkeringsplaa": "Nei", "stigninggrader": 3, "byggingpagar": "Nei", "bredde_cm": null, "lengde_cm": null, "bildefil1": "https://data.kartverket.no/tilgjengelighet/tilgjengelighet/4601_TettstedHCparkering_20231007093023.jpg", "bildefil2": "https://data.kartverket.no/tilgjengelighet/tilgjengelighet/4601_TettstedHCparkering_20231007093121.jpg", "bildefil3": "https://data.kartverket.no/tilgjengelighet/tilgjengelighet/4601_TettstedHCparkering_20240419124143.jpg", "bilde1_t": "https://data.kartverket.no/tilgjengelighet/tilgjengelighet_thumb/4601_TettstedHCparkering_20231007093023_t.jpg", "bilde2_t": "https://data.kartverket.no/tilgjengelighet/tilgjengelighet_thumb/4601_TettstedHCparkering_20231007093121_t.jpg", "bilde3_t": "https://data.kartverket.no/tilgjengelighet/tilgjengelighet_thumb/4601_TettstedHCparkering_20240419124143_t.jpg"}}, {"type": "Feature", "id": 250, "geometry": {"type": "Point", "coordinates": [5.367203000738238, 60.35391000030197]}, "properties": {"OBJECTID": 250, "adressenavn": "Mannsverk", "informasjon": null, "gatelangsparkering": "Ja", "fortauskant_mindre_enn25cm": "Nei", "overbygg_parkeringsplaa": "Nei", "stigninggrader": 1, "byggingpagar": "Nei", "bredde_cm": null, "lengde_cm": null, "bildefil1": "https://data.kartverket.no/tilgjengelighet/tilgjengelighet/4601_TettstedHCparkering_20231007092708.jpg", "bildefil2": "https://data.kartverket.no/tilgjengelighet/tilgjengelighet/4601_TettstedHCparkering_20231007093230.jpg", "bildefil3": "https://data.kartverket.no/tilgjengelighet/tilgjengelighet/4601_TettstedHCparkering_20231007093322.jpg", "bilde1_t": "https://data.kartverket.no/tilgjengelighet/tilgjengelighet_thumb/4601_TettstedHCparkering_20231007092708_t.jpg", "bilde2_t": "https://data.kartverket.no/tilgjengelighet/tilgjengelighet_thumb/4601_TettstedHCparkering_20231007093230_t.jpg", "bilde3_t": "https://data.kartverket.no/tilgjengelighet/tilgjengelighet_thumb/4601_TettstedHCparkering_20231007093322_t.jpg"}}, {"type": "Feature", "id": 251, "geometry": {"type": "Point", "coordinates": [5.367010000211515, 60.35391499979751]}, "properties": {"OBJECTID": 251, "adressenavn": "Mannsverk", "informasjon": null, "gatelangsparkering": "Ja", "fortauskant_mindre_enn25cm": "Nei", "overbygg_parkeringsplaa": "Nei", "stigninggrader": 1, "byggingpagar": "Nei", "bredde_cm": null, "lengde_cm": null, "bildefil1": "https://data.kartverket.no/tilgjengelighet/tilgjengelighet/4601_TettstedHCparkering_20231007092910.jpg", "bildefil2": "https://data.kartverket.no/tilgjengelighet/tilgjengelighet/4601_TettstedHCparkering_20231007093536.jpg", "bildefil3": "https://data.kartverket.no/tilgjengelighet/tilgjengelighet/4601_TettstedHCparkering_20231007093537.jpg", "bilde1_t": "https://data.kartverket.no/tilgjengelighet/tilgjengelighet_thumb/4601_TettstedHCparkering_20231007092910_t.jpg", "bilde2_t": "https://data.kartverket.no/tilgjengelighet/tilgjengelighet_thumb/4601_TettstedHCparkering_20231007093536_t.jpg", "bilde3_t": "https://data.kartverket.no/tilgjengelighet/tilgjengelighet_thumb/4601_TettstedHCparkering_20231007093537_t.jpg"}}, {"type": "Feature", "id": 252, "geometry": {"type": "Point", "coordinates": [5.325324999167567, 60.38254600005771]}, "properties": {"OBJECTID": 252, "adressenavn": "Kong Christian Frederiks plass", "informasjon": null, "gatelangsparkering": "Ja", "fortauskant_mindre_enn25cm": "Ja", "overbygg_parkeringsplaa": "Nei", "stigninggrader": 1, "byggingpagar": "Nei", "bredde_cm": 470, "lengde_cm": 490, "bildefil1": "https://data.kartverket.no/tilgjengelighet/tilgjengelighet/4601_TettstedHCparkering_20240419130341.jpg", "bildefil2": "https://data.kartverket.no/tilgjengelighet/tilgjengelighet/4601_TettstedHCparkering_20240419130342.jpg", "bildefil3": "https://data.kartverket.no/tilgjengelighet/tilgjengelighet/4601_TettstedHCparkering_20240419130343.jpg", "bilde1_t": "https://data.kartverket.no/tilgjengelighet/tilgjengelighet_thumb/4601_TettstedHCparkering_20240419130341_t.jpg", "bilde2_t": "https://data.kartverket.no/tilgjengelighet/tilgjengelighet_thumb/4601_TettstedHCparkering_20240419130342_t.jpg", "bilde3_t": "https://data.kartverket.no/tilgjengelighet/tilgjengelighet_thumb/4601_TettstedHCparkering_20240419130343_t.jpg"}}, {"type": "Feature", "id": 253, "geometry": {"type": "Point", "coordinates": [5.325403000200343, 60.38250600025772]}, "properties": {"OBJECTID": 253, "adressenavn": "Kong Christian Frederiks plass", "informasjon": null, "gatelangsparkering": "Ja", "fortauskant_mindre_enn25cm": "Ja", "overbygg_parkeringsplaa": "Nei", "stigninggrader": 1, "byggingpagar": "Nei", "bredde_cm": 470, "lengde_cm": 490, "bildefil1": "https://data.kartverket.no/tilgjengelighet/tilgjengelighet/4601_TettstedHCparkering_20240419130536.jpg", "bildefil2": "https://data.kartverket.no/tilgjengelighet/tilgjengelighet/4601_TettstedHCparkering_20240419130537.jpg", "bildefil3": "https://data.kartverket.no/tilgjengelighet/tilgjengelighet/4601_TettstedHCparkering_20240419130538.jpg", "bilde1_t": "https://data.kartverket.no/tilgjengelighet/tilgjengelighet_thumb/4601_TettstedHCparkering_20240419130536_t.jpg", "bilde2_t": "https://data.kartverket.no/tilgjengelighet/tilgjengelighet_thumb/4601_TettstedHCparkering_20240419130537_t.jpg", "bilde3_t": "https://data.kartverket.no/tilgjengelighet/tilgjengelighet_thumb/4601_TettstedHCparkering_20240419130538_t.jpg"}}, {"type": "Feature", "id": 254, "geometry": {"type": "Point", "coordinates": [5.338883999610086, 60.385939000344905]}, "properties": {"OBJECTID": 254, "adressenavn": "Lungegårdskaien", "informasjon": null, "gatelangsparkering": "Ja", "fortauskant_mindre_enn25cm": "Ja", "overbygg_parkeringsplaa": "Nei", "stigninggrader": 1, "byggingpagar": "Nei", "bredde_cm": 440, "lengde_cm": 490, "bildefil1": "https://data.kartverket.no/tilgjengelighet/tilgjengelighet/4601_TettstedHCparkering_20230812114309.jpg", "bildefil2": "https://data.kartverket.no/tilgjengelighet/tilgjengelighet/4601_TettstedHCparkering_20230812114310.jpg", "bildefil3": "https://data.kartverket.no/tilgjengelighet/tilgjengelighet/4601_TettstedHCparkering_20230812114311.jpg", "bilde1_t": "https://data.kartverket.no/tilgjengelighet/tilgjengelighet_thumb/4601_TettstedHCparkering_20230812114309_t.jpg", "bilde2_t": "https://data.kartverket.no/tilgjengelighet/tilgjengelighet_thumb/4601_TettstedHCparkering_20230812114310_t.jpg", "bilde3_t": "https://data.kartverket.no/tilgjengelighet/tilgjengelighet_thumb/4601_TettstedHCparkering_20230812114311_t.jpg"}}, {"type": "Feature", "id": 255, "geometry": {"type": "Point", "coordinates": [5.338846000344823, 60.38594899958805]}, "properties": {"OBJECTID": 255, "adressenavn": "Lungegårdskaien", "informasjon": null, "gatelangsparkering": "Ja", "fortauskant_mindre_enn25cm": "Ja", "overbygg_parkeringsplaa": "Nei", "stigninggrader": 4, "byggingpagar": "Nei", "bredde_cm": 440, "lengde_cm": 495, "bildefil1": "https://data.kartverket.no/tilgjengelighet/tilgjengelighet/4601_TettstedHCparkering_20230812113958.jpg", "bildefil2": "https://data.kartverket.no/tilgjengelighet/tilgjengelighet/4601_TettstedHCparkering_20230812113959.jpg", "bildefil3": "https://data.kartverket.no/tilgjengelighet/tilgjengelighet/4601_TettstedHCparkering_20230812114000.jpg", "bilde1_t": "https://data.kartverket.no/tilgjengelighet/tilgjengelighet_thumb/4601_TettstedHCparkering_20230812113958_t.jpg", "bilde2_t": "https://data.kartverket.no/tilgjengelighet/tilgjengelighet_thumb/4601_TettstedHCparkering_20230812113959_t.jpg", "bilde3_t": "https://data.kartverket.no/tilgjengelighet/tilgjengelighet_thumb/4601_TettstedHCparkering_20230812114000_t.jpg"}}, {"type": "Feature", "id": 256, "geometry": {"type": "Point", "coordinates": [5.3387770006773865, 60.38596299972895]}, "properties": {"OBJECTID": 256, "adressenavn": "Lungegårdskaien", "informasjon": null, "gatelangsparkering": "Ja", "fortauskant_mindre_enn25cm": "Ja", "overbygg_parkeringsplaa": "Nei", "stigninggrader": 1, "byggingpagar": "Nei", "bredde_cm": 440, "lengde_cm": 495, "bildefil1": "https://data.kartverket.no/tilgjengelighet/tilgjengelighet/4601_TettstedHCparkering_20230812113725.jpg", "bildefil2": "https://data.kartverket.no/tilgjengelighet/tilgjengelighet/4601_TettstedHCparkering_20230812113726.jpg", "bildefil3": "https://data.kartverket.no/tilgjengelighet/tilgjengelighet/4601_TettstedHCparkering_20230812113727.jpg", "bilde1_t": "https://data.kartverket.no/tilgjengelighet/tilgjengelighet_thumb/4601_TettstedHCparkering_20230812113725_t.jpg", "bilde2_t": "https://data.kartverket.no/tilgjengelighet/tilgjengelighet_thumb/4601_TettstedHCparkering_20230812113726_t.jpg", "bilde3_t": "https://data.kartverket.no/tilgjengelighet/tilgjengelighet_thumb/4601_TettstedHCparkering_20230812113727_t.jpg"}}, {"type": "Feature", "id": 257, "geometry": {"type": "Point", "coordinates": [5.338708000653717, 60.38598500016216]}, "properties": {"OBJECTID": 257, "adressenavn": "Lungegårdskaien", "informasjon": null, "gatelangsparkering": "Ja", "fortauskant_mindre_enn25cm": "Ja", "overbygg_parkeringsplaa": "Nei", "stigninggrader": 1, "byggingpagar": "Nei", "bredde_cm": 440, "lengde_cm": 495, "bildefil1": "https://data.kartverket.no/tilgjengelighet/tilgjengelighet/4601_TettstedHCparkering_20230812113442.jpg", "bildefil2": "https://data.kartverket.no/tilgjengelighet/tilgjengelighet/4601_TettstedHCparkering_20230812113443.jpg", "bildefil3": "https://data.kartverket.no/tilgjengelighet/tilgjengelighet/4601_TettstedHCparkering_20230812113444.jpg", "bilde1_t": "https://data.kartverket.no/tilgjengelighet/tilgjengelighet_thumb/4601_TettstedHCparkering_20230812113442_t.jpg", "bilde2_t": "https://data.kartverket.no/tilgjengelighet/tilgjengelighet_thumb/4601_TettstedHCparkering_20230812113443_t.jpg", "bilde3_t": "https://data.kartverket.no/tilgjengelighet/tilgjengelighet_thumb/4601_TettstedHCparkering_20230812113444_t.jpg"}}, {"type": "Feature", "id": 258, "geometry": {"type": "Point", "coordinates": [5.338621000723461, 60.38601299974538]}, "properties": {"OBJECTID": 258, "adressenavn": "Lungegårdskaien", "informasjon": null, "gatelangsparkering": "Ja", "fortauskant_mindre_enn25cm": "Ja", "overbygg_parkeringsplaa": "Nei", "stigninggrader": 1, "byggingpagar": "Ja", "bredde_cm": 440, "lengde_cm": 495, "bildefil1": "https://data.kartverket.no/tilgjengelighet/tilgjengelighet/4601_TettstedHCparkering_20230812113225.jpg", "bildefil2": "https://data.kartverket.no/tilgjengelighet/tilgjengelighet/4601_TettstedHCparkering_20230812113226.jpg", "bildefil3": "https://data.kartverket.no/tilgjengelighet/tilgjengelighet/4601_TettstedHCparkering_20230812113227.jpg", "bilde1_t": "https://data.kartverket.no/tilgjengelighet/tilgjengelighet_thumb/4601_TettstedHCparkering_20230812113225_t.jpg", "bilde2_t": "https://data.kartverket.no/tilgjengelighet/tilgjengelighet_thumb/4601_TettstedHCparkering_20230812113226_t.jpg", "bilde3_t": "https://data.kartverket.no/tilgjengelighet/tilgjengelighet_thumb/4601_TettstedHCparkering_20230812113227_t.jpg"}}, {"type": "Feature", "id": 259, "geometry": {"type": "Point", "coordinates": [5.338532999406955, 60.38603800022277]}, "properties": {"OBJECTID": 259, "adressenavn": "Lungegårdskaien", "informasjon": null, "gatelangsparkering": "Ja", "fortauskant_mindre_enn25cm": "Ja", "overbygg_parkeringsplaa": "Nei", "stigninggrader": 1, "byggingpagar": "Nei", "bredde_cm": 440, "lengde_cm": 495, "bildefil1": "https://data.kartverket.no/tilgjengelighet/tilgjengelighet/4601_TettstedHCparkering_20230812112828.jpg", "bildefil2": "https://data.kartverket.no/tilgjengelighet/tilgjengelighet/4601_TettstedHCparkering_20230812112829.jpg", "bildefil3": "https://data.kartverket.no/tilgjengelighet/tilgjengelighet/4601_TettstedHCparkering_20230812112830.jpg", "bilde1_t": "https://data.kartverket.no/tilgjengelighet/tilgjengelighet_thumb/4601_TettstedHCparkering_20230812112828_t.jpg", "bilde2_t": "https://data.kartverket.no/tilgjengelighet/tilgjengelighet_thumb/4601_TettstedHCparkering_20230812112829_t.jpg", "bilde3_t": "https://data.kartverket.no/tilgjengelighet/tilgjengelighet_thumb/4601_TettstedHCparkering_20230812112830_t.jpg"}}, {"type": "Feature", "id": 260, "geometry": {"type": "Point", "coordinates": [5.338441000131122, 60.38605699972904]}, "properties": {"OBJECTID": 260, "adressenavn": "Lungegårdskaien", "informasjon": null, "gatelangsparkering": "Ja", "fortauskant_mindre_enn25cm": "Ja", "overbygg_parkeringsplaa": "Nei", "stigninggrader": 1, "byggingpagar": "Nei", "bredde_cm": 440, "lengde_cm": 495, "bildefil1": "https://data.kartverket.no/tilgjengelighet/tilgjengelighet/4601_TettstedHCparkering_20230812112351.jpg", "bildefil2": "https://data.kartverket.no/tilgjengelighet/tilgjengelighet/4601_TettstedHCparkering_20230812112352.jpg", "bildefil3": "https://data.kartverket.no/tilgjengelighet/tilgjengelighet/4601_TettstedHCparkering_20230812112353.jpg", "bilde1_t": "https://data.kartverket.no/tilgjengelighet/tilgjengelighet_thumb/4601_TettstedHCparkering_20230812112351_t.jpg", "bilde2_t": "https://data.kartverket.no/tilgjengelighet/tilgjengelighet_thumb/4601_TettstedHCparkering_20230812112352_t.jpg", "bilde3_t": "https://data.kartverket.no/tilgjengelighet/tilgjengelighet_thumb/4601_TettstedHCparkering_20230812112353_t.jpg"}}, {"type": "Feature", "id": 261, "geometry": {"type": "Point", "coordinates": [5.327061000118964, 60.3960490003068]}, "properties": {"OBJECTID": 261, "adressenavn": "Rosenkrantzgaten", "informasjon": null, "gatelangsparkering": "Ja", "fortauskant_mindre_enn25cm": "Ja", "overbygg_parkeringsplaa": "Nei", "stigninggrader": 3, "byggingpagar": "Nei", "bredde_cm": null, "lengde_cm": null, "bildefil1": "https://data.kartverket.no/tilgjengelighet/tilgjengelighet/4601_TettstedHCparkering_20230831083752.jpg", "bildefil2": "https://data.kartverket.no/tilgjengelighet/tilgjengelighet/4601_TettstedHCparkering_20230831083753.jpg", "bildefil3": "https://data.kartverket.no/tilgjengelighet/tilgjengelighet/4601_TettstedHCparkering_20230831083754.jpg", "bilde1_t": "https://data.kartverket.no/tilgjengelighet/tilgjengelighet_thumb/4601_TettstedHCparkering_20230831083752_t.jpg", "bilde2_t": "https://data.kartverket.no/tilgjengelighet/tilgjengelighet_thumb/4601_TettstedHCparkering_20230831083753_t.jpg", "bilde3_t": "https://data.kartverket.no/tilgjengelighet/tilgjengelighet_thumb/4601_TettstedHCparkering_20230831083754_t.jpg"}}, {"type": "Feature", "id": 262, "geometry": {"type": "Point", "coordinates": [5.320621000599251, 60.41305200029933]}, "properties": {"OBJECTID": 262, "adressenavn": "Måseskjæret", "informasjon": null, "gatelangsparkering": "Ja", "fortauskant_mindre_enn25cm": "Nei", "overbygg_parkeringsplaa": "Nei", "stigninggrader": 1, "byggingpagar": "Nei", "bredde_cm": null, "lengde_cm": null, "bildefil1": "https://data.kartverket.no/tilgjengelighet/tilgjengelighet/4601_TettstedHCparkering_20230831092509.jpg", "bildefil2": "https://data.kartverket.no/tilgjengelighet/tilgjengelighet/4601_TettstedHCparkering_20230831092510.jpg", "bildefil3": "https://data.kartverket.no/tilgjengelighet/tilgjengelighet/4601_TettstedHCparkering_20240422120801.jpg", "bilde1_t": "https://data.kartverket.no/tilgjengelighet/tilgjengelighet_thumb/4601_TettstedHCparkering_20230831092509_t.jpg", "bilde2_t": "https://data.kartverket.no/tilgjengelighet/tilgjengelighet_thumb/4601_TettstedHCparkering_20230831092510_t.jpg", "bilde3_t": "https://data.kartverket.no/tilgjengelighet/tilgjengelighet_thumb/4601_TettstedHCparkering_20240422120801_t.jpg"}}, {"type": "Feature", "id": 263, "geometry": {"type": "Point", "coordinates": [5.319601999769454, 60.413435000390265]}, "properties": {"OBJECTID": 263, "adressenavn": "Måseskjærveien", "informasjon": null, "gatelangsparkering": "Ja", "fortauskant_mindre_enn25cm": "Nei", "overbygg_parkeringsplaa": "Nei", "stigninggrader": 5, "byggingpagar": "Nei", "bredde_cm": null, "lengde_cm": null, "bildefil1": "https://data.kartverket.no/tilgjengelighet/tilgjengelighet/4601_TettstedHCparkering_20230916104412.jpg", "bildefil2": "https://data.kartverket.no/tilgjengelighet/tilgjengelighet/4601_TettstedHCparkering_20230916105206.jpg", "bildefil3": "https://data.kartverket.no/tilgjengelighet/tilgjengelighet/4601_TettstedHCparkering_20230916105207.jpg", "bilde1_t": "https://data.kartverket.no/tilgjengelighet/tilgjengelighet_thumb/4601_TettstedHCparkering_20230916104412_t.jpg", "bilde2_t": "https://data.kartverket.no/tilgjengelighet/tilgjengelighet_thumb/4601_TettstedHCparkering_20230916105206_t.jpg", "bilde3_t": "https://data.kartverket.no/tilgjengelighet/tilgjengelighet_thumb/4601_TettstedHCparkering_20230916105207_t.jpg"}}, {"type": "Feature", "id": 264, "geometry": {"type": "Point", "coordinates": [5.319488999843852, 60.41341300004135]}, "properties": {"OBJECTID": 264, "adressenavn": "Måseskjærveien", "informasjon": null, "gatelangsparkering": "Ja", "fortauskant_mindre_enn25cm": "Nei", "overbygg_parkeringsplaa": "Nei", "stigninggrader": 5, "byggingpagar": "Nei", "bredde_cm": null, "lengde_cm": null, "bildefil1": "https://data.kartverket.no/tilgjengelighet/tilgjengelighet/4601_TettstedHCparkering_20230916104240.jpg", "bildefil2": "https://data.kartverket.no/tilgjengelighet/tilgjengelighet/4601_TettstedHCparkering_20230916104241.jpg", "bildefil3": "https://data.kartverket.no/tilgjengelighet/tilgjengelighet/4601_TettstedHCparkering_20230916104929.jpg", "bilde1_t": "https://data.kartverket.no/tilgjengelighet/tilgjengelighet_thumb/4601_TettstedHCparkering_20230916104240_t.jpg", "bilde2_t": "https://data.kartverket.no/tilgjengelighet/tilgjengelighet_thumb/4601_TettstedHCparkering_20230916104241_t.jpg", "bilde3_t": "https://data.kartverket.no/tilgjengelighet/tilgjengelighet_thumb/4601_TettstedHCparkering_20230916104929_t.jpg"}}, {"type": "Feature", "id": 265, "geometry": {"type": "Point", "coordinates": [5.319368000415289, 60.41338900041814]}, "properties": {"OBJECTID": 265, "adressenavn": "Måseskjærveien", "informasjon": null, "gatelangsparkering": "Ja", "fortauskant_mindre_enn25cm": "Nei", "overbygg_parkeringsplaa": "Ja", "stigninggrader": 5, "byggingpagar": "Nei", "bredde_cm": null, "lengde_cm": null, "bildefil1": "https://data.kartverket.no/tilgjengelighet/tilgjengelighet/4601_TettstedHCparkering_20230916104114.jpg", "bildefil2": "https://data.kartverket.no/tilgjengelighet/tilgjengelighet/4601_TettstedHCparkering_20230916104115.jpg", "bildefil3": "https://data.kartverket.no/tilgjengelighet/tilgjengelighet/4601_TettstedHCparkering_20230916104828.jpg", "bilde1_t": "https://data.kartverket.no/tilgjengelighet/tilgjengelighet_thumb/4601_TettstedHCparkering_20230916104114_t.jpg", "bilde2_t": "https://data.kartverket.no/tilgjengelighet/tilgjengelighet_thumb/4601_TettstedHCparkering_20230916104115_t.jpg", "bilde3_t": "https://data.kartverket.no/tilgjengelighet/tilgjengelighet_thumb/4601_TettstedHCparkering_20230916104828_t.jpg"}}, {"type": "Feature", "id": 266, "geometry": {"type": "Point", "coordinates": [5.319237000194158, 60.41336400044727]}, "properties": {"OBJECTID": 266, "adressenavn": "Måseskjærveien", "informasjon": null, "gatelangsparkering": "Ja", "fortauskant_mindre_enn25cm": "Nei", "overbygg_parkeringsplaa": "Nei", "stigninggrader": 7, "byggingpagar": "Nei", "bredde_cm": null, "lengde_cm": null, "bildefil1": "https://data.kartverket.no/tilgjengelighet/tilgjengelighet/4601_TettstedHCparkering_20230916103933.jpg", "bildefil2": "https://data.kartverket.no/tilgjengelighet/tilgjengelighet/4601_TettstedHCparkering_20230916103934.jpg", "bildefil3": "https://data.kartverket.no/tilgjengelighet/tilgjengelighet/4601_TettstedHCparkering_20230916104706.jpg", "bilde1_t": "https://data.kartverket.no/tilgjengelighet/tilgjengelighet_thumb/4601_TettstedHCparkering_20230916103933_t.jpg", "bilde2_t": "https://data.kartverket.no/tilgjengelighet/tilgjengelighet_thumb/4601_TettstedHCparkering_20230916103934_t.jpg", "bilde3_t": "https://data.kartverket.no/tilgjengelighet/tilgjengelighet_thumb/4601_TettstedHCparkering_20230916104706_t.jpg"}}, {"type": "Feature", "id": 267, "geometry": {"type": "Point", "coordinates": [5.319081000562706, 60.41332800009795]}, "properties": {"OBJECTID": 267, "adressenavn": "Måseskjærveien", "informasjon": null, "gatelangsparkering": "Ja", "fortauskant_mindre_enn25cm": "Nei", "overbygg_parkeringsplaa": "Nei", "stigninggrader": 5, "byggingpagar": "Nei", "bredde_cm": null, "lengde_cm": null, "bildefil1": "https://data.kartverket.no/tilgjengelighet/tilgjengelighet/4601_TettstedHCparkering_20230916103757.jpg", "bildefil2": "https://data.kartverket.no/tilgjengelighet/tilgjengelighet/4601_TettstedHCparkering_20230916103758.jpg", "bildefil3": "https://data.kartverket.no/tilgjengelighet/tilgjengelighet/4601_TettstedHCparkering_20230916104529.jpg", "bilde1_t": "https://data.kartverket.no/tilgjengelighet/tilgjengelighet_thumb/4601_TettstedHCparkering_20230916103757_t.jpg", "bilde2_t": "https://data.kartverket.no/tilgjengelighet/tilgjengelighet_thumb/4601_TettstedHCparkering_20230916103758_t.jpg", "bilde3_t": "https://data.kartverket.no/tilgjengelighet/tilgjengelighet_thumb/4601_TettstedHCparkering_20230916104529_t.jpg"}}, {"type": "Feature", "id": 268, "geometry": {"type": "Point", "coordinates": [5.310242999243474, 60.41848700035896]}, "properties": {"OBJECTID": 268, "adressenavn": "Nyhavnsveien", "informasjon": null, "gatelangsparkering": "Ja", "fortauskant_mindre_enn25cm": "Ja", "overbygg_parkeringsplaa": "Nei", "stigninggrader": 6, "byggingpagar": "Nei", "bredde_cm": null, "lengde_cm": null, "bildefil1": "https://data.kartverket.no/tilgjengelighet/tilgjengelighet/4601_TettstedHCparkering_20230831093842.jpg", "bildefil2": "https://data.kartverket.no/tilgjengelighet/tilgjengelighet/4601_TettstedHCparkering_20230831093843.jpg", "bildefil3": "https://data.kartverket.no/tilgjengelighet/tilgjengelighet/4601_TettstedHCparkering_20240422121502.jpg", "bilde1_t": "https://data.kartverket.no/tilgjengelighet/tilgjengelighet_thumb/4601_TettstedHCparkering_20230831093842_t.jpg", "bilde2_t": "https://data.kartverket.no/tilgjengelighet/tilgjengelighet_thumb/4601_TettstedHCparkering_20230831093843_t.jpg", "bilde3_t": "https://data.kartverket.no/tilgjengelighet/tilgjengelighet_thumb/4601_TettstedHCparkering_20240422121502_t.jpg"}}, {"type": "Feature", "id": 269, "geometry": {"type": "Point", "coordinates": [5.3103909992602585, 60.418468000157496]}, "properties": {"OBJECTID": 269, "adressenavn": "Nyhavnsveien", "informasjon": null, "gatelangsparkering": "Ja", "fortauskant_mindre_enn25cm": "Ja", "overbygg_parkeringsplaa": "Nei", "stigninggrader": 6, "byggingpagar": "Nei", "bredde_cm": null, "lengde_cm": null, "bildefil1": "https://data.kartverket.no/tilgjengelighet/tilgjengelighet/4601_TettstedHCparkering_20230831094105.jpg", "bildefil2": "https://data.kartverket.no/tilgjengelighet/tilgjengelighet/4601_TettstedHCparkering_20230831094106.jpg", "bildefil3": "https://data.kartverket.no/tilgjengelighet/tilgjengelighet/4601_TettstedHCparkering_20240422121340.jpg", "bilde1_t": "https://data.kartverket.no/tilgjengelighet/tilgjengelighet_thumb/4601_TettstedHCparkering_20230831094105_t.jpg", "bilde2_t": "https://data.kartverket.no/tilgjengelighet/tilgjengelighet_thumb/4601_TettstedHCparkering_20230831094106_t.jpg", "bilde3_t": "https://data.kartverket.no/tilgjengelighet/tilgjengelighet_thumb/4601_TettstedHCparkering_20240422121340_t.jpg"}}, {"type": "Feature", "id": 270, "geometry": {"type": "Point", "coordinates": [5.310097999174824, 60.41852000010805]}, "properties": {"OBJECTID": 270, "adressenavn": "Nyhavnsveien", "informasjon": null, "gatelangsparkering": "Ja", "fortauskant_mindre_enn25cm": "Ja", "overbygg_parkeringsplaa": "Nei", "stigninggrader": 12, "byggingpagar": "Nei", "bredde_cm": null, "lengde_cm": null, "bildefil1": "https://data.kartverket.no/tilgjengelighet/tilgjengelighet/4601_TettstedHCparkering_20230831093557.jpg", "bildefil2": "https://data.kartverket.no/tilgjengelighet/tilgjengelighet/4601_TettstedHCparkering_20230831093558.jpg", "bildefil3": "https://data.kartverket.no/tilgjengelighet/tilgjengelighet/4601_TettstedHCparkering_20240422121746.jpg", "bilde1_t": "https://data.kartverket.no/tilgjengelighet/tilgjengelighet_thumb/4601_TettstedHCparkering_20230831093557_t.jpg", "bilde2_t": "https://data.kartverket.no/tilgjengelighet/tilgjengelighet_thumb/4601_TettstedHCparkering_20230831093558_t.jpg", "bilde3_t": "https://data.kartverket.no/tilgjengelighet/tilgjengelighet_thumb/4601_TettstedHCparkering_20240422121746_t.jpg"}}, {"type": "Feature", "id": 271, "geometry": {"type": "Point", "coordinates": [5.2902450007258075, 60.429800999779964]}, "properties": {"OBJECTID": 271, "adressenavn": "Helleveien", "informasjon": null, "gatelangsparkering": "Ja", "fortauskant_mindre_enn25cm": "Nei", "overbygg_parkeringsplaa": "Nei", "stigninggrader": 3, "byggingpagar": "Nei", "bredde_cm": 200, "lengde_cm": 490, "bildefil1": "https://data.kartverket.no/tilgjengelighet/tilgjengelighet/4601_TettstedHCparkering_20230831101730.jpg", "bildefil2": "https://data.kartverket.no/tilgjengelighet/tilgjengelighet/4601_TettstedHCparkering_20230831101731.jpg", "bildefil3": "https://data.kartverket.no/tilgjengelighet/tilgjengelighet/4601_TettstedHCparkering_20230831101732.jpg", "bilde1_t": "https://data.kartverket.no/tilgjengelighet/tilgjengelighet_thumb/4601_TettstedHCparkering_20230831101730_t.jpg", "bilde2_t": "https://data.kartverket.no/tilgjengelighet/tilgjengelighet_thumb/4601_TettstedHCparkering_20230831101731_t.jpg", "bilde3_t": "https://data.kartverket.no/tilgjengelighet/tilgjengelighet_thumb/4601_TettstedHCparkering_20230831101732_t.jpg"}}, {"type": "Feature", "id": 272, "geometry": {"type": "Point", "coordinates": [5.285590999535835, 60.432158000291786]}, "properties": {"OBJECTID": 272, "adressenavn": "Helleveien", "informasjon": null, "gatelangsparkering": "Ja", "fortauskant_mindre_enn25cm": "Nei", "overbygg_parkeringsplaa": "Nei", "stigninggrader": 1, "byggingpagar": "Nei", "bredde_cm": 200, "lengde_cm": 490, "bildefil1": "https://data.kartverket.no/tilgjengelighet/tilgjengelighet/4601_TettstedHCparkering_20240422122655.jpg", "bildefil2": "https://data.kartverket.no/tilgjengelighet/tilgjengelighet/4601_TettstedHCparkering_20240422122656.jpg", "bildefil3": "https://data.kartverket.no/tilgjengelighet/tilgjengelighet/4601_TettstedHCparkering_20240422122657.jpg", "bilde1_t": "https://data.kartverket.no/tilgjengelighet/tilgjengelighet_thumb/4601_TettstedHCparkering_20240422122655_t.jpg", "bilde2_t": "https://data.kartverket.no/tilgjengelighet/tilgjengelighet_thumb/4601_TettstedHCparkering_20240422122656_t.jpg", "bilde3_t": "https://data.kartverket.no/tilgjengelighet/tilgjengelighet_thumb/4601_TettstedHCparkering_20240422122657_t.jpg"}}, {"type": "Feature", "id": 273, "geometry": {"type": "Point", "coordinates": [5.288702000359665, 60.430501999734744]}, "properties": {"OBJECTID": 273, "adressenavn": "Helleveien", "informasjon": null, "gatelangsparkering": "Ja", "fortauskant_mindre_enn25cm": "Nei", "overbygg_parkeringsplaa": "Nei", "stigninggrader": 1, "byggingpagar": "Nei", "bredde_cm": 194, "lengde_cm": 590, "bildefil1": "https://data.kartverket.no/tilgjengelighet/tilgjengelighet/4601_TettstedHCparkering_20230831105955.jpg", "bildefil2": "https://data.kartverket.no/tilgjengelighet/tilgjengelighet/4601_TettstedHCparkering_20230831105957.jpg", "bildefil3": "https://data.kartverket.no/tilgjengelighet/tilgjengelighet/4601_TettstedHCparkering_20240422122424.jpg", "bilde1_t": "https://data.kartverket.no/tilgjengelighet/tilgjengelighet_thumb/4601_TettstedHCparkering_20230831105955_t.jpg", "bilde2_t": "https://data.kartverket.no/tilgjengelighet/tilgjengelighet_thumb/4601_TettstedHCparkering_20230831105957_t.jpg", "bilde3_t": "https://data.kartverket.no/tilgjengelighet/tilgjengelighet_thumb/4601_TettstedHCparkering_20240422122424_t.jpg"}}, {"type": "Feature", "id": 274, "geometry": {"type": "Point", "coordinates": [5.28883099966232, 60.430452999824475]}, "properties": {"OBJECTID": 274, "adressenavn": "Helleveien", "informasjon": null, "gatelangsparkering": "Ja", "fortauskant_mindre_enn25cm": "Nei", "overbygg_parkeringsplaa": "Nei", "stigninggrader": 1, "byggingpagar": "Nei", "bredde_cm": 194, "lengde_cm": 490, "bildefil1": "https://data.kartverket.no/tilgjengelighet/tilgjengelighet/4601_TettstedHCparkering_20230831110305.jpg", "bildefil2": "https://data.kartverket.no/tilgjengelighet/tilgjengelighet/4601_TettstedHCparkering_20230831110306.jpg", "bildefil3": "https://data.kartverket.no/tilgjengelighet/tilgjengelighet/4601_TettstedHCparkering_20240422122334.jpg", "bilde1_t": "https://data.kartverket.no/tilgjengelighet/tilgjengelighet_thumb/4601_TettstedHCparkering_20230831110305_t.jpg", "bilde2_t": "https://data.kartverket.no/tilgjengelighet/tilgjengelighet_thumb/4601_TettstedHCparkering_20230831110306_t.jpg", "bilde3_t": "https://data.kartverket.no/tilgjengelighet/tilgjengelighet_thumb/4601_TettstedHCparkering_20240422122334_t.jpg"}}, {"type": "Feature", "id": 275, "geometry": {"type": "Point", "coordinates": [5.285350000117788, 60.43338199974687]}, "properties": {"OBJECTID": 275, "adressenavn": "Helleveien", "informasjon": null, "gatelangsparkering": "Ja", "fortauskant_mindre_enn25cm": "Nei", "overbygg_parkeringsplaa": "Nei", "stigninggrader": 1, "byggingpagar": "Nei", "bredde_cm": 200, "lengde_cm": 510, "bildefil1": "https://data.kartverket.no/tilgjengelighet/tilgjengelighet/4601_TettstedHCparkering_20230831102456.jpg", "bildefil2": "https://data.kartverket.no/tilgjengelighet/tilgjengelighet/4601_TettstedHCparkering_20230831102457.jpg", "bildefil3": "https://data.kartverket.no/tilgjengelighet/tilgjengelighet/4601_TettstedHCparkering_20240422122851.jpg", "bilde1_t": "https://data.kartverket.no/tilgjengelighet/tilgjengelighet_thumb/4601_TettstedHCparkering_20230831102456_t.jpg", "bilde2_t": "https://data.kartverket.no/tilgjengelighet/tilgjengelighet_thumb/4601_TettstedHCparkering_20230831102457_t.jpg", "bilde3_t": "https://data.kartverket.no/tilgjengelighet/tilgjengelighet_thumb/4601_TettstedHCparkering_20240422122851_t.jpg"}}, {"type": "Feature", "id": 276, "geometry": {"type": "Point", "coordinates": [5.284700999978693, 60.43480600012926]}, "properties": {"OBJECTID": 276, "adressenavn": "Helleveien", "informasjon": null, "gatelangsparkering": "Ja", "fortauskant_mindre_enn25cm": "Nei", "overbygg_parkeringsplaa": "Nei", "stigninggrader": 1, "byggingpagar": "Nei", "bredde_cm": 240, "lengde_cm": 490, "bildefil1": "https://data.kartverket.no/tilgjengelighet/tilgjengelighet/4601_TettstedHCparkering_20230831104645.jpg", "bildefil2": "https://data.kartverket.no/tilgjengelighet/tilgjengelighet/4601_TettstedHCparkering_20230831104646.jpg", "bildefil3": "https://data.kartverket.no/tilgjengelighet/tilgjengelighet/4601_TettstedHCparkering_20240422122956.jpg", "bilde1_t": "https://data.kartverket.no/tilgjengelighet/tilgjengelighet_thumb/4601_TettstedHCparkering_20230831104645_t.jpg", "bilde2_t": "https://data.kartverket.no/tilgjengelighet/tilgjengelighet_thumb/4601_TettstedHCparkering_20230831104646_t.jpg", "bilde3_t": "https://data.kartverket.no/tilgjengelighet/tilgjengelighet_thumb/4601_TettstedHCparkering_20240422122956_t.jpg"}}, {"type": "Feature", "id": 277, "geometry": {"type": "Point", "coordinates": [5.284719000591864, 60.43483399982941]}, "properties": {"OBJECTID": 277, "adressenavn": "Helleveien", "informasjon": null, "gatelangsparkering": "Ja", "fortauskant_mindre_enn25cm": "Nei", "overbygg_parkeringsplaa": "Nei", "stigninggrader": 1, "byggingpagar": "Nei", "bredde_cm": 240, "lengde_cm": 490, "bildefil1": "https://data.kartverket.no/tilgjengelighet/tilgjengelighet/4601_TettstedHCparkering_20230831104412.jpg", "bildefil2": "https://data.kartverket.no/tilgjengelighet/tilgjengelighet/4601_TettstedHCparkering_20230831104414.jpg", "bildefil3": "https://data.kartverket.no/tilgjengelighet/tilgjengelighet/4601_TettstedHCparkering_20240422123101.jpg", "bilde1_t": "https://data.kartverket.no/tilgjengelighet/tilgjengelighet_thumb/4601_TettstedHCparkering_20230831104412_t.jpg", "bilde2_t": "https://data.kartverket.no/tilgjengelighet/tilgjengelighet_thumb/4601_TettstedHCparkering_20230831104414_t.jpg", "bilde3_t": "https://data.kartverket.no/tilgjengelighet/tilgjengelighet_thumb/4601_TettstedHCparkering_20240422123101_t.jpg"}}, {"type": "Feature", "id": 278, "geometry": {"type": "Point", "coordinates": [5.286130000156678, 60.43689900032912]}, "properties": {"OBJECTID": 278, "adressenavn": "Helleveien", "informasjon": "Parkering forbudt over en time 07-23 alle dager unntatt søndag", "gatelangsparkering": "Ja", "fortauskant_mindre_enn25cm": "Nei", "overbygg_parkeringsplaa": "Nei", "stigninggrader": 2, "byggingpagar": "Nei", "bredde_cm": 240, "lengde_cm": 550, "bildefil1": "https://data.kartverket.no/tilgjengelighet/tilgjengelighet/4601_TettstedHCparkering_20230831103132.jpg", "bildefil2": "https://data.kartverket.no/tilgjengelighet/tilgjengelighet/4601_TettstedHCparkering_20240422123311.jpg", "bildefil3": "https://data.kartverket.no/tilgjengelighet/tilgjengelighet/4601_TettstedHCparkering_20240422123312.jpg", "bilde1_t": "https://data.kartverket.no/tilgjengelighet/tilgjengelighet_thumb/4601_TettstedHCparkering_20230831103132_t.jpg", "bilde2_t": "https://data.kartverket.no/tilgjengelighet/tilgjengelighet_thumb/4601_TettstedHCparkering_20240422123311_t.jpg", "bilde3_t": "https://data.kartverket.no/tilgjengelighet/tilgjengelighet_thumb/4601_TettstedHCparkering_20240422123312_t.jpg"}}, {"type": "Feature", "id": 279, "geometry": {"type": "Point", "coordinates": [5.28635300082261, 60.438828999810674]}, "properties": {"OBJECTID": 279, "adressenavn": "Helleveien", "informasjon": null, "gatelangsparkering": "Ja", "fortauskant_mindre_enn25cm": "Nei", "overbygg_parkeringsplaa": "Nei", "stigninggrader": 2, "byggingpagar": "Nei", "bredde_cm": 240, "lengde_cm": 490, "bildefil1": "https://data.kartverket.no/tilgjengelighet/tilgjengelighet/4601_TettstedHCparkering_20230831103902.jpg", "bildefil2": "https://data.kartverket.no/tilgjengelighet/tilgjengelighet/4601_TettstedHCparkering_20230901124834.jpg", "bildefil3": "https://data.kartverket.no/tilgjengelighet/tilgjengelighet/4601_TettstedHCparkering_20240422124111.jpg", "bilde1_t": "https://data.kartverket.no/tilgjengelighet/tilgjengelighet_thumb/4601_TettstedHCparkering_20230831103902_t.jpg", "bilde2_t": "https://data.kartverket.no/tilgjengelighet/tilgjengelighet_thumb/4601_TettstedHCparkering_20230901124834_t.jpg", "bilde3_t": "https://data.kartverket.no/tilgjengelighet/tilgjengelighet_thumb/4601_TettstedHCparkering_20240422124111_t.jpg"}}, {"type": "Feature", "id": 280, "geometry": {"type": "Point", "coordinates": [5.431784999658005, 60.463285999773085]}, "properties": {"OBJECTID": 280, "adressenavn": "Bankvegen", "informasjon": null, "gatelangsparkering": "Ja", "fortauskant_mindre_enn25cm": "Nei", "overbygg_parkeringsplaa": "Nei", "stigninggrader": 3, "byggingpagar": "Nei", "bredde_cm": 240, "lengde_cm": 580, "bildefil1": "https://data.kartverket.no/tilgjengelighet/tilgjengelighet/4601_TettstedHCparkering_20240507081052.jpg", "bildefil2": "https://data.kartverket.no/tilgjengelighet/tilgjengelighet/4601_TettstedHCparkering_20240507081053.jpg", "bildefil3": "https://data.kartverket.no/tilgjengelighet/tilgjengelighet/4601_TettstedHCparkering_20240507081054.jpg", "bilde1_t": "https://data.kartverket.no/tilgjengelighet/tilgjengelighet_thumb/4601_TettstedHCparkering_20240507081052_t.jpg", "bilde2_t": "https://data.kartverket.no/tilgjengelighet/tilgjengelighet_thumb/4601_TettstedHCparkering_20240507081053_t.jpg", "bilde3_t": "https://data.kartverket.no/tilgjengelighet/tilgjengelighet_thumb/4601_TettstedHCparkering_20240507081054_t.jpg"}}, {"type": "Feature", "id": 281, "geometry": {"type": "Point", "coordinates": [5.4317769996424525, 60.46334699996344]}, "properties": {"OBJECTID": 281, "adressenavn": "Bankvegen", "informasjon": null, "gatelangsparkering": "Ja", "fortauskant_mindre_enn25cm": "Nei", "overbygg_parkeringsplaa": "Nei", "stigninggrader": 3, "byggingpagar": "Nei", "bredde_cm": null, "lengde_cm": null, "bildefil1": "https://data.kartverket.no/tilgjengelighet/tilgjengelighet/4601_TettstedHCparkering_20240507081249.jpg", "bildefil2": "https://data.kartverket.no/tilgjengelighet/tilgjengelighet/4601_TettstedHCparkering_20240507081250.jpg", "bildefil3": "https://data.kartverket.no/tilgjengelighet/tilgjengelighet/4601_TettstedHCparkering_20240507084725.jpg", "bilde1_t": "https://data.kartverket.no/tilgjengelighet/tilgjengelighet_thumb/4601_TettstedHCparkering_20240507081249_t.jpg", "bilde2_t": "https://data.kartverket.no/tilgjengelighet/tilgjengelighet_thumb/4601_TettstedHCparkering_20240507081250_t.jpg", "bilde3_t": "https://data.kartverket.no/tilgjengelighet/tilgjengelighet_thumb/4601_TettstedHCparkering_20240507084725_t.jpg"}}, {"type": "Feature", "id": 282, "geometry": {"type": "Point", "coordinates": [5.4765910007868355, 60.41398499958953]}, "properties": {"OBJECTID": 282, "adressenavn": "Stølsvegen", "informasjon": null, "gatelangsparkering": "Ja", "fortauskant_mindre_enn25cm": "Nei", "overbygg_parkeringsplaa": "Nei", "stigninggrader": 1, "byggingpagar": "Ja", "bredde_cm": null, "lengde_cm": null, "bildefil1": "https://data.kartverket.no/tilgjengelighet/tilgjengelighet/4601_TettstedHCparkering_20240507085425.jpg", "bildefil2": "https://data.kartverket.no/tilgjengelighet/tilgjengelighet/4601_TettstedHCparkering_20240507085613.jpg", "bildefil3": "https://data.kartverket.no/tilgjengelighet/tilgjengelighet/4601_TettstedHCparkering_20240507085614.jpg", "bilde1_t": "https://data.kartverket.no/tilgjengelighet/tilgjengelighet_thumb/4601_TettstedHCparkering_20240507085425_t.jpg", "bilde2_t": "https://data.kartverket.no/tilgjengelighet/tilgjengelighet_thumb/4601_TettstedHCparkering_20240507085613_t.jpg", "bilde3_t": "https://data.kartverket.no/tilgjengelighet/tilgjengelighet_thumb/4601_TettstedHCparkering_20240507085614_t.jpg"}}, {"type": "Feature", "id": 283, "geometry": {"type": "Point", "coordinates": [5.476631000267592, 60.41391199979533]}, "properties": {"OBJECTID": 283, "adressenavn": "Stølsvegen", "informasjon": null, "gatelangsparkering": "Ja", "fortauskant_mindre_enn25cm": "Nei", "overbygg_parkeringsplaa": "Nei", "stigninggrader": 1, "byggingpagar": "Ja", "bredde_cm": null, "lengde_cm": null, "bildefil1": "https://data.kartverket.no/tilgjengelighet/tilgjengelighet/4601_TettstedHCparkering_20240507085020.jpg", "bildefil2": "https://data.kartverket.no/tilgjengelighet/tilgjengelighet/4601_TettstedHCparkering_20240507085021.jpg", "bildefil3": "https://data.kartverket.no/tilgjengelighet/tilgjengelighet/4601_TettstedHCparkering_20240507085714.jpg", "bilde1_t": "https://data.kartverket.no/tilgjengelighet/tilgjengelighet_thumb/4601_TettstedHCparkering_20240507085020_t.jpg", "bilde2_t": "https://data.kartverket.no/tilgjengelighet/tilgjengelighet_thumb/4601_TettstedHCparkering_20240507085021_t.jpg", "bilde3_t": "https://data.kartverket.no/tilgjengelighet/tilgjengelighet_thumb/4601_TettstedHCparkering_20240507085714_t.jpg"}}, {"type": "Feature", "id": 284, "geometry": {"type": "Point", "coordinates": [5.352734999295435, 60.31834899971314]}, "properties": {"OBJECTID": 284, "adressenavn": "Nesttunvegen", "informasjon": "Parkering forbudt over 3 timer", "gatelangsparkering": "Ja", "fortauskant_mindre_enn25cm": "Ja", "overbygg_parkeringsplaa": "Nei", "stigninggrader": 1, "byggingpagar": "Ja", "bredde_cm": null, "lengde_cm": null, "bildefil1": "https://data.kartverket.no/tilgjengelighet/tilgjengelighet/4601_TettstedHCparkering_20231007084428.jpg", "bildefil2": "https://data.kartverket.no/tilgjengelighet/tilgjengelighet/4601_TettstedHCparkering_20231007084429.jpg", "bildefil3": "https://data.kartverket.no/tilgjengelighet/tilgjengelighet/4601_TettstedHCparkering_20231007085150.jpg", "bilde1_t": "https://data.kartverket.no/tilgjengelighet/tilgjengelighet_thumb/4601_TettstedHCparkering_20231007084428_t.jpg", "bilde2_t": "https://data.kartverket.no/tilgjengelighet/tilgjengelighet_thumb/4601_TettstedHCparkering_20231007084429_t.jpg", "bilde3_t": "https://data.kartverket.no/tilgjengelighet/tilgjengelighet_thumb/4601_TettstedHCparkering_20231007085150_t.jpg"}}, {"type": "Feature", "id": 285, "geometry": {"type": "Point", "coordinates": [5.352699999722868, 60.31839799967851]}, "properties": {"OBJECTID": 285, "adressenavn": "Nesttunvegen", "informasjon": "Parkering forbudt over 3 timer", "gatelangsparkering": "Ja", "fortauskant_mindre_enn25cm": "Ja", "overbygg_parkeringsplaa": "Nei", "stigninggrader": 1, "byggingpagar": "Nei", "bredde_cm": null, "lengde_cm": null, "bildefil1": "https://data.kartverket.no/tilgjengelighet/tilgjengelighet/4601_TettstedHCparkering_20231007084712.jpg", "bildefil2": "https://data.kartverket.no/tilgjengelighet/tilgjengelighet/4601_TettstedHCparkering_20231007085252.jpg", "bildefil3": "https://data.kartverket.no/tilgjengelighet/tilgjengelighet/4601_TettstedHCparkering_20240507085929.jpg", "bilde1_t": "https://data.kartverket.no/tilgjengelighet/tilgjengelighet_thumb/4601_TettstedHCparkering_20231007084712_t.jpg", "bilde2_t": "https://data.kartverket.no/tilgjengelighet/tilgjengelighet_thumb/4601_TettstedHCparkering_20231007085252_t.jpg", "bilde3_t": "https://data.kartverket.no/tilgjengelighet/tilgjengelighet_thumb/4601_TettstedHCparkering_20240507085929_t.jpg"}}, {"type": "Feature", "id": 286, "geometry": {"type": "Point", "coordinates": [5.352677999654773, 60.31846700024029]}, "properties": {"OBJECTID": 286, "adressenavn": "Nesttunvegen", "informasjon": "Parkering forbudt over 3 timer", "gatelangsparkering": "Ja", "fortauskant_mindre_enn25cm": "Ja", "overbygg_parkeringsplaa": "Nei", "stigninggrader": 1, "byggingpagar": "Nei", "bredde_cm": null, "lengde_cm": null, "bildefil1": "https://data.kartverket.no/tilgjengelighet/tilgjengelighet/4601_TettstedHCparkering_20231007085040.jpg", "bildefil2": "https://data.kartverket.no/tilgjengelighet/tilgjengelighet/4601_TettstedHCparkering_20231007085041.jpg", "bildefil3": "https://data.kartverket.no/tilgjengelighet/tilgjengelighet/4601_TettstedHCparkering_20240507090038.jpg", "bilde1_t": "https://data.kartverket.no/tilgjengelighet/tilgjengelighet_thumb/4601_TettstedHCparkering_20231007085040_t.jpg", "bilde2_t": "https://data.kartverket.no/tilgjengelighet/tilgjengelighet_thumb/4601_TettstedHCparkering_20231007085041_t.jpg", "bilde3_t": "https://data.kartverket.no/tilgjengelighet/tilgjengelighet_thumb/4601_TettstedHCparkering_20240507090038_t.jpg"}}, {"type": "Feature", "id": 287, "geometry": {"type": "Point", "coordinates": [5.325800000126499, 60.3899719997116]}, "properties": {"OBJECTID": 287, "adressenavn": "Rasmus Meyers allé", "informasjon": null, "gatelangsparkering": "Ja", "fortauskant_mindre_enn25cm": "Nei", "overbygg_parkeringsplaa": "Nei", "stigninggrader": 1, "byggingpagar": "Nei", "bredde_cm": null, "lengde_cm": null, "bildefil1": "https://data.kartverket.no/tilgjengelighet/tilgjengelighet/4601_TettstedHCparkering_20230826091408.jpg", "bildefil2": "https://data.kartverket.no/tilgjengelighet/tilgjengelighet/4601_TettstedHCparkering_20230826091409.jpg", "bildefil3": "https://data.kartverket.no/tilgjengelighet/tilgjengelighet/4601_TettstedHCparkering_20230826091410.jpg", "bilde1_t": "https://data.kartverket.no/tilgjengelighet/tilgjengelighet_thumb/4601_TettstedHCparkering_20230826091408_t.jpg", "bilde2_t": "https://data.kartverket.no/tilgjengelighet/tilgjengelighet_thumb/4601_TettstedHCparkering_20230826091409_t.jpg", "bilde3_t": "https://data.kartverket.no/tilgjengelighet/tilgjengelighet_thumb/4601_TettstedHCparkering_20230826091410_t.jpg"}}, {"type": "Feature", "id": 288, "geometry": {"type": "Point", "coordinates": [5.3252310000273555, 60.38259200039364]}, "properties": {"OBJECTID": 288, "adressenavn": "Kong Christian Frederiks plass", "informasjon": null, "gatelangsparkering": "Ja", "fortauskant_mindre_enn25cm": "Ja", "overbygg_parkeringsplaa": "Ja", "stigninggrader": 1, "byggingpagar": "Nei", "bredde_cm": 300, "lengde_cm": 490, "bildefil1": "https://data.kartverket.no/tilgjengelighet/tilgjengelighet/4601_TettstedHCparkering_20240419130158.jpg", "bildefil2": "https://data.kartverket.no/tilgjengelighet/tilgjengelighet/4601_TettstedHCparkering_20240711121729.jpg", "bildefil3": "https://data.kartverket.no/tilgjengelighet/tilgjengelighet/4601_TettstedHCparkering_20240711122248.jpg", "bilde1_t": "https://data.kartverket.no/tilgjengelighet/tilgjengelighet_thumb/4601_TettstedHCparkering_20240419130158_t.jpg", "bilde2_t": "https://data.kartverket.no/tilgjengelighet/tilgjengelighet_thumb/4601_TettstedHCparkering_20240711121729_t.jpg", "bilde3_t": "https://data.kartverket.no/tilgjengelighet/tilgjengelighet_thumb/4601_TettstedHCparkering_20240711122248_t.jpg"}}, {"type": "Feature", "id": 289, "geometry": {"type": "Point", "coordinates": [5.326572999353535, 60.396930999960965]}, "properties": {"OBJECTID": 289, "adressenavn": "Lodin Lepps gate", "informasjon": "Parkering forbudt over 2 timer på hverdager mellom 8-17", "gatelangsparkering": "Ja", "fortauskant_mindre_enn25cm": "Nei", "overbygg_parkeringsplaa": "Nei", "stigninggrader": 5, "byggingpagar": "Nei", "bredde_cm": null, "lengde_cm": null, "bildefil1": "https://data.kartverket.no/tilgjengelighet/tilgjengelighet/4601_TettstedHCparkering_20240717095137.jpg", "bildefil2": "https://data.kartverket.no/tilgjengelighet/tilgjengelighet/4601_TettstedHCparkering_20240717095139.jpg", "bildefil3": "https://data.kartverket.no/tilgjengelighet/tilgjengelighet/4601_TettstedHCparkering_20240717100401.jpg", "bilde1_t": "https://data.kartverket.no/tilgjengelighet/tilgjengelighet_thumb/4601_TettstedHCparkering_20240717095137_t.jpg", "bilde2_t": "https://data.kartverket.no/tilgjengelighet/tilgjengelighet_thumb/4601_TettstedHCparkering_20240717095139_t.jpg", "bilde3_t": "https://data.kartverket.no/tilgjengelighet/tilgjengelighet_thumb/4601_TettstedHCparkering_20240717100401_t.jpg"}}, {"type": "Feature", "id": 290, "geometry": {"type": "Point", "coordinates": [5.32645499918275, 60.39686799981674]}, "properties": {"OBJECTID": 290, "adressenavn": "Lodin Lepps gate", "informasjon": "Parkering forbudt over 2 timer på hverdager mellom 8-17", "gatelangsparkering": "Ja", "fortauskant_mindre_enn25cm": "Nei", "overbygg_parkeringsplaa": "Nei", "stigninggrader": 5, "byggingpagar": "Nei", "bredde_cm": null, "lengde_cm": null, "bildefil1": "https://data.kartverket.no/tilgjengelighet/tilgjengelighet/4601_TettstedHCparkering_20240717095353.jpg", "bildefil2": "https://data.kartverket.no/tilgjengelighet/tilgjengelighet/4601_TettstedHCparkering_20240717100606.jpg", "bildefil3": "https://data.kartverket.no/tilgjengelighet/tilgjengelighet/4601_TettstedHCparkering_20240717100607.jpg", "bilde1_t": "https://data.kartverket.no/tilgjengelighet/tilgjengelighet_thumb/4601_TettstedHCparkering_20240717095353_t.jpg", "bilde2_t": "https://data.kartverket.no/tilgjengelighet/tilgjengelighet_thumb/4601_TettstedHCparkering_20240717100606_t.jpg", "bilde3_t": "https://data.kartverket.no/tilgjengelighet/tilgjengelighet_thumb/4601_TettstedHCparkering_20240717100607_t.jpg"}}, {"type": "Feature", "id": 291, "geometry": {"type": "Point", "coordinates": [5.326362999936509, 60.39681999998952]}, "properties": {"OBJECTID": 291, "adressenavn": "Lodin Lepps gate", "informasjon": "Parkering forbudt over 2 timer på hverdager mellom 8-17", "gatelangsparkering": "Ja", "fortauskant_mindre_enn25cm": "Nei", "overbygg_parkeringsplaa": "Nei", "stigninggrader": 5, "byggingpagar": "Nei", "bredde_cm": null, "lengde_cm": null, "bildefil1": "https://data.kartverket.no/tilgjengelighet/tilgjengelighet/4601_TettstedHCparkering_20240717095553.jpg", "bildefil2": "https://data.kartverket.no/tilgjengelighet/tilgjengelighet/4601_TettstedHCparkering_20240717095554.jpg", "bildefil3": "https://data.kartverket.no/tilgjengelighet/tilgjengelighet/4601_TettstedHCparkering_20240717100749.jpg", "bilde1_t": "https://data.kartverket.no/tilgjengelighet/tilgjengelighet_thumb/4601_TettstedHCparkering_20240717095553_t.jpg", "bilde2_t": "https://data.kartverket.no/tilgjengelighet/tilgjengelighet_thumb/4601_TettstedHCparkering_20240717095554_t.jpg", "bilde3_t": "https://data.kartverket.no/tilgjengelighet/tilgjengelighet_thumb/4601_TettstedHCparkering_20240717100749_t.jpg"}}, {"type": "Feature", "id": 292, "geometry": {"type": "Point", "coordinates": [5.326282999470008, 60.396769999995875]}, "properties": {"OBJECTID": 292, "adressenavn": "Lodin Lepps gate", "informasjon": "Parkering forbudt over 2 timer på hverdager mellom 8-17", "gatelangsparkering": "Ja", "fortauskant_mindre_enn25cm": "Nei", "overbygg_parkeringsplaa": "Nei", "stigninggrader": 5, "byggingpagar": "Nei", "bredde_cm": null, "lengde_cm": null, "bildefil1": "https://data.kartverket.no/tilgjengelighet/tilgjengelighet/4601_TettstedHCparkering_20240717095757.jpg", "bildefil2": "https://data.kartverket.no/tilgjengelighet/tilgjengelighet/4601_TettstedHCparkering_20240717100942.jpg", "bildefil3": "https://data.kartverket.no/tilgjengelighet/tilgjengelighet/4601_TettstedHCparkering_20240717100943.jpg", "bilde1_t": "https://data.kartverket.no/tilgjengelighet/tilgjengelighet_thumb/4601_TettstedHCparkering_20240717095757_t.jpg", "bilde2_t": "https://data.kartverket.no/tilgjengelighet/tilgjengelighet_thumb/4601_TettstedHCparkering_20240717100942_t.jpg", "bilde3_t": "https://data.kartverket.no/tilgjengelighet/tilgjengelighet_thumb/4601_TettstedHCparkering_20240717100943_t.jpg"}}, {"type": "Feature", "id": 293, "geometry": {"type": "Point", "coordinates": [5.326191999252185, 60.396742999776066]}, "properties": {"OBJECTID": 293, "adressenavn": "Lodin Lepps gate", "informasjon": "Parkering forbudt over 2 timer på hverdager mellom 8-17", "gatelangsparkering": "Ja", "fortauskant_mindre_enn25cm": "Nei", "overbygg_parkeringsplaa": "Nei", "stigninggrader": 5, "byggingpagar": "Nei", "bredde_cm": null, "lengde_cm": null, "bildefil1": "https://data.kartverket.no/tilgjengelighet/tilgjengelighet/4601_TettstedHCparkering_20240717100004.jpg", "bildefil2": "https://data.kartverket.no/tilgjengelighet/tilgjengelighet/4601_TettstedHCparkering_20240717101109.jpg", "bildefil3": "https://data.kartverket.no/tilgjengelighet/tilgjengelighet/4601_TettstedHCparkering_20240717101200.jpg", "bilde1_t": "https://data.kartverket.no/tilgjengelighet/tilgjengelighet_thumb/4601_TettstedHCparkering_20240717100004_t.jpg", "bilde2_t": "https://data.kartverket.no/tilgjengelighet/tilgjengelighet_thumb/4601_TettstedHCparkering_20240717101109_t.jpg", "bilde3_t": "https://data.kartverket.no/tilgjengelighet/tilgjengelighet_thumb/4601_TettstedHCparkering_20240717101200_t.jpg"}}, {"type": "Feature", "id": 294, "geometry": {"type": "Point", "coordinates": [5.352638000219905, 60.378004000445294]}, "properties": {"OBJECTID": 294, "adressenavn": "Møllendalsveien", "informasjon": null, "gatelangsparkering": "Ja", "fortauskant_mindre_enn25cm": "Ja", "overbygg_parkeringsplaa": "Ja", "stigninggrader": 1, "byggingpagar": "Nei", "bredde_cm": 455, "lengde_cm": 555, "bildefil1": "https://data.kartverket.no/tilgjengelighet/tilgjengelighet/4601_TettstedHCparkering_20240717105628.jpg", "bildefil2": "https://data.kartverket.no/tilgjengelighet/tilgjengelighet/4601_TettstedHCparkering_20240717105629.jpg", "bildefil3": "https://data.kartverket.no/tilgjengelighet/tilgjengelighet/4601_TettstedHCparkering_20240717105630.jpg", "bilde1_t": "https://data.kartverket.no/tilgjengelighet/tilgjengelighet_thumb/4601_TettstedHCparkering_20240717105628_t.jpg", "bilde2_t": "https://data.kartverket.no/tilgjengelighet/tilgjengelighet_thumb/4601_TettstedHCparkering_20240717105629_t.jpg", "bilde3_t": "https://data.kartverket.no/tilgjengelighet/tilgjengelighet_thumb/4601_TettstedHCparkering_20240717105630_t.jpg"}}, {"type": "Feature", "id": 295, "geometry": {"type": "Point", "coordinates": [5.331524000073568, 60.39308199993294]}, "properties": {"OBJECTID": 295, "adressenavn": "Heggebakken", "informasjon": null, "gatelangsparkering": "Ja", "fortauskant_mindre_enn25cm": "Ja", "overbygg_parkeringsplaa": "Nei", "stigninggrader": 3, "byggingpagar": "Nei", "bredde_cm": 210, "lengde_cm": 530, "bildefil1": "https://data.kartverket.no/tilgjengelighet/tilgjengelighet/4601_TettstedHCparkering_20231104094121.jpg", "bildefil2": "https://data.kartverket.no/tilgjengelighet/tilgjengelighet/4601_TettstedHCparkering_20231104094122.jpg", "bildefil3": "https://data.kartverket.no/tilgjengelighet/tilgjengelighet/4601_TettstedHCparkering_20231104094123.jpg", "bilde1_t": "https://data.kartverket.no/tilgjengelighet/tilgjengelighet_thumb/4601_TettstedHCparkering_20231104094121_t.jpg", "bilde2_t": "https://data.kartverket.no/tilgjengelighet/tilgjengelighet_thumb/4601_TettstedHCparkering_20231104094122_t.jpg", "bilde3_t": "https://data.kartverket.no/tilgjengelighet/tilgjengelighet_thumb/4601_TettstedHCparkering_20231104094123_t.jpg"}}, {"type": "Feature", "id": 296, "geometry": {"type": "Point", "coordinates": [5.331409000057976, 60.393049999838055]}, "properties": {"OBJECTID": 296, "adressenavn": "Heggebakken", "informasjon": null, "gatelangsparkering": "Ja", "fortauskant_mindre_enn25cm": "Ja", "overbygg_parkeringsplaa": "Nei", "stigninggrader": 5, "byggingpagar": "Nei", "bredde_cm": 210, "lengde_cm": 560, "bildefil1": "https://data.kartverket.no/tilgjengelighet/tilgjengelighet/4601_TettstedHCparkering_20231104093725.jpg", "bildefil2": "https://data.kartverket.no/tilgjengelighet/tilgjengelighet/4601_TettstedHCparkering_20231104093836.jpg", "bildefil3": "https://data.kartverket.no/tilgjengelighet/tilgjengelighet/4601_TettstedHCparkering_20240419103325.jpg", "bilde1_t": "https://data.kartverket.no/tilgjengelighet/tilgjengelighet_thumb/4601_TettstedHCparkering_20231104093725_t.jpg", "bilde2_t": "https://data.kartverket.no/tilgjengelighet/tilgjengelighet_thumb/4601_TettstedHCparkering_20231104093836_t.jpg", "bilde3_t": "https://data.kartverket.no/tilgjengelighet/tilgjengelighet_thumb/4601_TettstedHCparkering_20240419103325_t.jpg"}}, {"type": "Feature", "id": 297, "geometry": {"type": "Point", "coordinates": [5.3290989993852005, 60.39163399971448]}, "properties": {"OBJECTID": 297, "adressenavn": "Peter Motzfeldts gate", "informasjon": null, "gatelangsparkering": "Ja", "fortauskant_mindre_enn25cm": "Ja", "overbygg_parkeringsplaa": "Nei", "stigninggrader": 5, "byggingpagar": "Nei", "bredde_cm": 240, "lengde_cm": 700, "bildefil1": "https://data.kartverket.no/tilgjengelighet/tilgjengelighet/4601_TettstedHCparkering_20230923091811.jpg", "bildefil2": "https://data.kartverket.no/tilgjengelighet/tilgjengelighet/4601_TettstedHCparkering_20230923091812.jpg", "bildefil3": "https://data.kartverket.no/tilgjengelighet/tilgjengelighet/4601_TettstedHCparkering_20230923091813.jpg", "bilde1_t": "https://data.kartverket.no/tilgjengelighet/tilgjengelighet_thumb/4601_TettstedHCparkering_20230923091811_t.jpg", "bilde2_t": "https://data.kartverket.no/tilgjengelighet/tilgjengelighet_thumb/4601_TettstedHCparkering_20230923091812_t.jpg", "bilde3_t": "https://data.kartverket.no/tilgjengelighet/tilgjengelighet_thumb/4601_TettstedHCparkering_20230923091813_t.jpg"}}, {"type": "Feature", "id": 298, "geometry": {"type": "Point", "coordinates": [5.3290719994545155, 60.39158200021058]}, "properties": {"OBJECTID": 298, "adressenavn": "Peter Motzfeldts gate", "informasjon": null, "gatelangsparkering": "Ja", "fortauskant_mindre_enn25cm": "Ja", "overbygg_parkeringsplaa": "Nei", "stigninggrader": 2, "byggingpagar": "Nei", "bredde_cm": 240, "lengde_cm": 700, "bildefil1": "https://data.kartverket.no/tilgjengelighet/tilgjengelighet/4601_TettstedHCparkering_20230923093657.jpg", "bildefil2": "https://data.kartverket.no/tilgjengelighet/tilgjengelighet/4601_TettstedHCparkering_20230923093834.jpg", "bildefil3": "https://data.kartverket.no/tilgjengelighet/tilgjengelighet/4601_TettstedHCparkering_20230923093929.jpg", "bilde1_t": "https://data.kartverket.no/tilgjengelighet/tilgjengelighet_thumb/4601_TettstedHCparkering_20230923093657_t.jpg", "bilde2_t": "https://data.kartverket.no/tilgjengelighet/tilgjengelighet_thumb/4601_TettstedHCparkering_20230923093834_t.jpg", "bilde3_t": "https://data.kartverket.no/tilgjengelighet/tilgjengelighet_thumb/4601_TettstedHCparkering_20230923093929_t.jpg"}}, {"type": "Feature", "id": 299, "geometry": {"type": "Point", "coordinates": [5.3289280005137645, 60.3914489997941]}, "properties": {"OBJECTID": 299, "adressenavn": "Peter Motzfeldts gate", "informasjon": null, "gatelangsparkering": "Ja", "fortauskant_mindre_enn25cm": "Ja", "overbygg_parkeringsplaa": "Nei", "stigninggrader": 2, "byggingpagar": "Nei", "bredde_cm": null, "lengde_cm": null, "bildefil1": "https://data.kartverket.no/tilgjengelighet/tilgjengelighet/4601_TettstedHCparkering_20230923092836.jpg", "bildefil2": "https://data.kartverket.no/tilgjengelighet/tilgjengelighet/4601_TettstedHCparkering_20230923093228.jpg", "bildefil3": "https://data.kartverket.no/tilgjengelighet/tilgjengelighet/4601_TettstedHCparkering_20240419103615.jpg", "bilde1_t": "https://data.kartverket.no/tilgjengelighet/tilgjengelighet_thumb/4601_TettstedHCparkering_20230923092836_t.jpg", "bilde2_t": "https://data.kartverket.no/tilgjengelighet/tilgjengelighet_thumb/4601_TettstedHCparkering_20230923093228_t.jpg", "bilde3_t": "https://data.kartverket.no/tilgjengelighet/tilgjengelighet_thumb/4601_TettstedHCparkering_20240419103615_t.jpg"}}, {"type": "Feature", "id": 300, "geometry": {"type": "Point", "coordinates": [5.326589000222861, 60.3924770001507]}, "properties": {"OBJECTID": 300, "adressenavn": "Christies gate", "informasjon": null, "gatelangsparkering": "Ja", "fortauskant_mindre_enn25cm": "Ja", "overbygg_parkeringsplaa": "Nei", "stigninggrader": 3, "byggingpagar": "Nei", "bredde_cm": 250, "lengde_cm": 600, "bildefil1": "https://data.kartverket.no/tilgjengelighet/tilgjengelighet/4601_TettstedHCparkering_20230826093231.jpg", "bildefil2": "https://data.kartverket.no/tilgjengelighet/tilgjengelighet/4601_TettstedHCparkering_20230826093232.jpg", "bildefil3": "https://data.kartverket.no/tilgjengelighet/tilgjengelighet/4601_TettstedHCparkering_20230826093233.jpg", "bilde1_t": "https://data.kartverket.no/tilgjengelighet/tilgjengelighet_thumb/4601_TettstedHCparkering_20230826093231_t.jpg", "bilde2_t": "https://data.kartverket.no/tilgjengelighet/tilgjengelighet_thumb/4601_TettstedHCparkering_20230826093232_t.jpg", "bilde3_t": "https://data.kartverket.no/tilgjengelighet/tilgjengelighet_thumb/4601_TettstedHCparkering_20230826093233_t.jpg"}}, {"type": "Feature", "id": 301, "geometry": {"type": "Point", "coordinates": [5.328061000166034, 60.392746999697245]}, "properties": {"OBJECTID": 301, "adressenavn": "Rådstuplassen", "informasjon": null, "gatelangsparkering": "Ja", "fortauskant_mindre_enn25cm": "Ja", "overbygg_parkeringsplaa": "Nei", "stigninggrader": 1, "byggingpagar": "Nei", "bredde_cm": 240, "lengde_cm": 700, "bildefil1": "https://data.kartverket.no/tilgjengelighet/tilgjengelighet/4601_TettstedHCparkering_20230826094133.jpg", "bildefil2": "https://data.kartverket.no/tilgjengelighet/tilgjengelighet/4601_TettstedHCparkering_20230826094134.jpg", "bildefil3": "https://data.kartverket.no/tilgjengelighet/tilgjengelighet/4601_TettstedHCparkering_20230826094135.jpg", "bilde1_t": "https://data.kartverket.no/tilgjengelighet/tilgjengelighet_thumb/4601_TettstedHCparkering_20230826094133_t.jpg", "bilde2_t": "https://data.kartverket.no/tilgjengelighet/tilgjengelighet_thumb/4601_TettstedHCparkering_20230826094134_t.jpg", "bilde3_t": "https://data.kartverket.no/tilgjengelighet/tilgjengelighet_thumb/4601_TettstedHCparkering_20230826094135_t.jpg"}}, {"type": "Feature", "id": 302, "geometry": {"type": "Point", "coordinates": [5.327946000291431, 60.39276900022091]}, "properties": {"OBJECTID": 302, "adressenavn": "Rådstuplassen", "informasjon": "Parkering forbudt over 3 timer på hverdager mellom 8-23", "gatelangsparkering": "Ja", "fortauskant_mindre_enn25cm": "Ja", "overbygg_parkeringsplaa": "Nei", "stigninggrader": 1, "byggingpagar": "Nei", "bredde_cm": 240, "lengde_cm": 700, "bildefil1": "https://data.kartverket.no/tilgjengelighet/tilgjengelighet/4601_TettstedHCparkering_20230826093941.jpg", "bildefil2": "https://data.kartverket.no/tilgjengelighet/tilgjengelighet/4601_TettstedHCparkering_20230826093942.jpg", "bildefil3": "https://data.kartverket.no/tilgjengelighet/tilgjengelighet/4601_TettstedHCparkering_20230826093943.jpg", "bilde1_t": "https://data.kartverket.no/tilgjengelighet/tilgjengelighet_thumb/4601_TettstedHCparkering_20230826093941_t.jpg", "bilde2_t": "https://data.kartverket.no/tilgjengelighet/tilgjengelighet_thumb/4601_TettstedHCparkering_20230826093942_t.jpg", "bilde3_t": "https://data.kartverket.no/tilgjengelighet/tilgjengelighet_thumb/4601_TettstedHCparkering_20230826093943_t.jpg"}}, {"type": "Feature", "id": 303, "geometry": {"type": "Point", "coordinates": [5.327931999594592, 60.38957599988158]}, "properties": {"OBJECTID": 303, "adressenavn": "Rasmus Meyers allé", "informasjon": null, "gatelangsparkering": "Ja", "fortauskant_mindre_enn25cm": "Nei", "overbygg_parkeringsplaa": "Nei", "stigninggrader": 1, "byggingpagar": "Nei", "bredde_cm": 255, "lengde_cm": 490, "bildefil1": "https://data.kartverket.no/tilgjengelighet/tilgjengelighet/4601_TettstedHCparkering_20230826092256.jpg", "bildefil2": "https://data.kartverket.no/tilgjengelighet/tilgjengelighet/4601_TettstedHCparkering_20230826092257.jpg", "bildefil3": "https://data.kartverket.no/tilgjengelighet/tilgjengelighet/4601_TettstedHCparkering_20230826092258.jpg", "bilde1_t": "https://data.kartverket.no/tilgjengelighet/tilgjengelighet_thumb/4601_TettstedHCparkering_20230826092256_t.jpg", "bilde2_t": "https://data.kartverket.no/tilgjengelighet/tilgjengelighet_thumb/4601_TettstedHCparkering_20230826092257_t.jpg", "bilde3_t": "https://data.kartverket.no/tilgjengelighet/tilgjengelighet_thumb/4601_TettstedHCparkering_20230826092258_t.jpg"}}, {"type": "Feature", "id": 304, "geometry": {"type": "Point", "coordinates": [5.3278140003858665, 60.38959400021332]}, "properties": {"OBJECTID": 304, "adressenavn": "Rasmus Meyers allé", "informasjon": null, "gatelangsparkering": "Ja", "fortauskant_mindre_enn25cm": "Nei", "overbygg_parkeringsplaa": "Nei", "stigninggrader": 1, "byggingpagar": "Nei", "bredde_cm": 255, "lengde_cm": 490, "bildefil1": "https://data.kartverket.no/tilgjengelighet/tilgjengelighet/4601_TettstedHCparkering_20230826092052.jpg", "bildefil2": "https://data.kartverket.no/tilgjengelighet/tilgjengelighet/4601_TettstedHCparkering_20230826092053.jpg", "bildefil3": "https://data.kartverket.no/tilgjengelighet/tilgjengelighet/4601_TettstedHCparkering_20240419110431.jpg", "bilde1_t": "https://data.kartverket.no/tilgjengelighet/tilgjengelighet_thumb/4601_TettstedHCparkering_20230826092052_t.jpg", "bilde2_t": "https://data.kartverket.no/tilgjengelighet/tilgjengelighet_thumb/4601_TettstedHCparkering_20230826092053_t.jpg", "bilde3_t": "https://data.kartverket.no/tilgjengelighet/tilgjengelighet_thumb/4601_TettstedHCparkering_20240419110431_t.jpg"}}, {"type": "Feature", "id": 305, "geometry": {"type": "Point", "coordinates": [5.332162000327855, 60.39069399993445]}, "properties": {"OBJECTID": 305, "adressenavn": "Marken", "informasjon": null, "gatelangsparkering": "Ja", "fortauskant_mindre_enn25cm": "Ja", "overbygg_parkeringsplaa": "Nei", "stigninggrader": 2, "byggingpagar": "Nei", "bredde_cm": null, "lengde_cm": null, "bildefil1": "https://data.kartverket.no/tilgjengelighet/tilgjengelighet/4601_TettstedHCparkering_20230923085843.jpg", "bildefil2": "https://data.kartverket.no/tilgjengelighet/tilgjengelighet/4601_TettstedHCparkering_20230923085844.jpg", "bildefil3": "https://data.kartverket.no/tilgjengelighet/tilgjengelighet/4601_TettstedHCparkering_20230923085845.jpg", "bilde1_t": "https://data.kartverket.no/tilgjengelighet/tilgjengelighet_thumb/4601_TettstedHCparkering_20230923085843_t.jpg", "bilde2_t": "https://data.kartverket.no/tilgjengelighet/tilgjengelighet_thumb/4601_TettstedHCparkering_20230923085844_t.jpg", "bilde3_t": "https://data.kartverket.no/tilgjengelighet/tilgjengelighet_thumb/4601_TettstedHCparkering_20230923085845_t.jpg"}}, {"type": "Feature", "id": 306, "geometry": {"type": "Point", "coordinates": [5.332244999791452, 60.3906460004175]}, "properties": {"OBJECTID": 306, "adressenavn": "Marken", "informasjon": null, "gatelangsparkering": "Ja", "fortauskant_mindre_enn25cm": "Ja", "overbygg_parkeringsplaa": "Nei", "stigninggrader": 2, "byggingpagar": "Nei", "bredde_cm": null, "lengde_cm": null, "bildefil1": "https://data.kartverket.no/tilgjengelighet/tilgjengelighet/4601_TettstedHCparkering_20230923090521.jpg", "bildefil2": "https://data.kartverket.no/tilgjengelighet/tilgjengelighet/4601_TettstedHCparkering_20230923090522.jpg", "bildefil3": "https://data.kartverket.no/tilgjengelighet/tilgjengelighet/4601_TettstedHCparkering_20230923090523.jpg", "bilde1_t": "https://data.kartverket.no/tilgjengelighet/tilgjengelighet_thumb/4601_TettstedHCparkering_20230923090521_t.jpg", "bilde2_t": "https://data.kartverket.no/tilgjengelighet/tilgjengelighet_thumb/4601_TettstedHCparkering_20230923090522_t.jpg", "bilde3_t": "https://data.kartverket.no/tilgjengelighet/tilgjengelighet_thumb/4601_TettstedHCparkering_20230923090523_t.jpg"}}, {"type": "Feature", "id": 307, "geometry": {"type": "Point", "coordinates": [5.332092999648176, 60.39074000006507]}, "properties": {"OBJECTID": 307, "adressenavn": "Marken", "informasjon": null, "gatelangsparkering": "Ja", "fortauskant_mindre_enn25cm": "Ja", "overbygg_parkeringsplaa": "Nei", "stigninggrader": 2, "byggingpagar": "Nei", "bredde_cm": null, "lengde_cm": null, "bildefil1": "https://data.kartverket.no/tilgjengelighet/tilgjengelighet/4601_TettstedHCparkering_20230923090038.jpg", "bildefil2": "https://data.kartverket.no/tilgjengelighet/tilgjengelighet/4601_TettstedHCparkering_20230923090039.jpg", "bildefil3": "https://data.kartverket.no/tilgjengelighet/tilgjengelighet/4601_TettstedHCparkering_20230923090040.jpg", "bilde1_t": "https://data.kartverket.no/tilgjengelighet/tilgjengelighet_thumb/4601_TettstedHCparkering_20230923090038_t.jpg", "bilde2_t": "https://data.kartverket.no/tilgjengelighet/tilgjengelighet_thumb/4601_TettstedHCparkering_20230923090039_t.jpg", "bilde3_t": "https://data.kartverket.no/tilgjengelighet/tilgjengelighet_thumb/4601_TettstedHCparkering_20230923090040_t.jpg"}}, {"type": "Feature", "id": 308, "geometry": {"type": "Point", "coordinates": [5.334034000562407, 60.39145899965294]}, "properties": {"OBJECTID": 308, "adressenavn": "Richard Nordraaks gate", "informasjon": null, "gatelangsparkering": "Ja", "fortauskant_mindre_enn25cm": "Ja", "overbygg_parkeringsplaa": "Ja", "stigninggrader": 5, "byggingpagar": "Nei", "bredde_cm": null, "lengde_cm": null, "bildefil1": "https://data.kartverket.no/tilgjengelighet/tilgjengelighet/4601_TettstedHCparkering_20231104100724.jpg", "bildefil2": "https://data.kartverket.no/tilgjengelighet/tilgjengelighet/4601_TettstedHCparkering_20231104100725.jpg", "bildefil3": "https://data.kartverket.no/tilgjengelighet/tilgjengelighet/4601_TettstedHCparkering_20231104100908.jpg", "bilde1_t": "https://data.kartverket.no/tilgjengelighet/tilgjengelighet_thumb/4601_TettstedHCparkering_20231104100724_t.jpg", "bilde2_t": "https://data.kartverket.no/tilgjengelighet/tilgjengelighet_thumb/4601_TettstedHCparkering_20231104100725_t.jpg", "bilde3_t": "https://data.kartverket.no/tilgjengelighet/tilgjengelighet_thumb/4601_TettstedHCparkering_20231104100908_t.jpg"}}, {"type": "Feature", "id": 309, "geometry": {"type": "Point", "coordinates": [5.33431299920501, 60.392237999738484]}, "properties": {"OBJECTID": 309, "adressenavn": "St. Jørgens gate", "informasjon": null, "gatelangsparkering": "Ja", "fortauskant_mindre_enn25cm": "Nei", "overbygg_parkeringsplaa": "Nei", "stigninggrader": 2, "byggingpagar": "Nei", "bredde_cm": null, "lengde_cm": null, "bildefil1": "https://data.kartverket.no/tilgjengelighet/tilgjengelighet/4601_TettstedHCparkering_20231104101258.jpg", "bildefil2": "https://data.kartverket.no/tilgjengelighet/tilgjengelighet/4601_TettstedHCparkering_20231104101450.jpg", "bildefil3": "https://data.kartverket.no/tilgjengelighet/tilgjengelighet/4601_TettstedHCparkering_20231104101612.jpg", "bilde1_t": "https://data.kartverket.no/tilgjengelighet/tilgjengelighet_thumb/4601_TettstedHCparkering_20231104101258_t.jpg", "bilde2_t": "https://data.kartverket.no/tilgjengelighet/tilgjengelighet_thumb/4601_TettstedHCparkering_20231104101450_t.jpg", "bilde3_t": "https://data.kartverket.no/tilgjengelighet/tilgjengelighet_thumb/4601_TettstedHCparkering_20231104101612_t.jpg"}}, {"type": "Feature", "id": 310, "geometry": {"type": "Point", "coordinates": [5.3323339997596015, 60.390594999821225]}, "properties": {"OBJECTID": 310, "adressenavn": "Marken", "informasjon": null, "gatelangsparkering": "Ja", "fortauskant_mindre_enn25cm": "Ja", "overbygg_parkeringsplaa": "Nei", "stigninggrader": 2, "byggingpagar": "Nei", "bredde_cm": null, "lengde_cm": null, "bildefil1": "https://data.kartverket.no/tilgjengelighet/tilgjengelighet/4601_TettstedHCparkering_20230923085500.jpg", "bildefil2": "https://data.kartverket.no/tilgjengelighet/tilgjengelighet/4601_TettstedHCparkering_20230923085501.jpg", "bildefil3": "https://data.kartverket.no/tilgjengelighet/tilgjengelighet/4601_TettstedHCparkering_20230923085502.jpg", "bilde1_t": "https://data.kartverket.no/tilgjengelighet/tilgjengelighet_thumb/4601_TettstedHCparkering_20230923085500_t.jpg", "bilde2_t": "https://data.kartverket.no/tilgjengelighet/tilgjengelighet_thumb/4601_TettstedHCparkering_20230923085501_t.jpg", "bilde3_t": "https://data.kartverket.no/tilgjengelighet/tilgjengelighet_thumb/4601_TettstedHCparkering_20230923085502_t.jpg"}}, {"type": "Feature", "id": 311, "geometry": {"type": "Point", "coordinates": [5.329228000115375, 60.40325100004795]}, "properties": {"OBJECTID": 311, "adressenavn": "Sophus Pihls gate", "informasjon": null, "gatelangsparkering": "Ja", "fortauskant_mindre_enn25cm": "Nei", "overbygg_parkeringsplaa": "Nei", "stigninggrader": 4, "byggingpagar": "Nei", "bredde_cm": null, "lengde_cm": null, "bildefil1": "https://data.kartverket.no/tilgjengelighet/tilgjengelighet/4601_TettstedHCparkering_20230916114240.jpg", "bildefil2": "https://data.kartverket.no/tilgjengelighet/tilgjengelighet/4601_TettstedHCparkering_20230916114527.jpg", "bildefil3": "https://data.kartverket.no/tilgjengelighet/tilgjengelighet/4601_TettstedHCparkering_20230916114528.jpg", "bilde1_t": "https://data.kartverket.no/tilgjengelighet/tilgjengelighet_thumb/4601_TettstedHCparkering_20230916114240_t.jpg", "bilde2_t": "https://data.kartverket.no/tilgjengelighet/tilgjengelighet_thumb/4601_TettstedHCparkering_20230916114527_t.jpg", "bilde3_t": "https://data.kartverket.no/tilgjengelighet/tilgjengelighet_thumb/4601_TettstedHCparkering_20230916114528_t.jpg"}}, {"type": "Feature", "id": 312, "geometry": {"type": "Point", "coordinates": [5.3284820003174485, 60.40466000006351]}, "properties": {"OBJECTID": 312, "adressenavn": "Øvre Sandviksveien", "informasjon": null, "gatelangsparkering": "Ja", "fortauskant_mindre_enn25cm": "Nei", "overbygg_parkeringsplaa": "Nei", "stigninggrader": 3, "byggingpagar": "Nei", "bredde_cm": null, "lengde_cm": null, "bildefil1": "https://data.kartverket.no/tilgjengelighet/tilgjengelighet/4601_TettstedHCparkering_20230916110335.jpg", "bildefil2": "https://data.kartverket.no/tilgjengelighet/tilgjengelighet/4601_TettstedHCparkering_20230916110811.jpg", "bildefil3": "https://data.kartverket.no/tilgjengelighet/tilgjengelighet/4601_TettstedHCparkering_20230916111016.jpg", "bilde1_t": "https://data.kartverket.no/tilgjengelighet/tilgjengelighet_thumb/4601_TettstedHCparkering_20230916110335_t.jpg", "bilde2_t": "https://data.kartverket.no/tilgjengelighet/tilgjengelighet_thumb/4601_TettstedHCparkering_20230916110811_t.jpg", "bilde3_t": "https://data.kartverket.no/tilgjengelighet/tilgjengelighet_thumb/4601_TettstedHCparkering_20230916111016_t.jpg"}}, {"type": "Feature", "id": 313, "geometry": {"type": "Point", "coordinates": [5.328442000412005, 60.40474699984428]}, "properties": {"OBJECTID": 313, "adressenavn": "Øvre Sandviksveien", "informasjon": null, "gatelangsparkering": "Ja", "fortauskant_mindre_enn25cm": "Nei", "overbygg_parkeringsplaa": "Nei", "stigninggrader": 3, "byggingpagar": "Nei", "bredde_cm": null, "lengde_cm": null, "bildefil1": "https://data.kartverket.no/tilgjengelighet/tilgjengelighet/4601_TettstedHCparkering_20230916110610.jpg", "bildefil2": "https://data.kartverket.no/tilgjengelighet/tilgjengelighet/4601_TettstedHCparkering_20230916111129.jpg", "bildefil3": "https://data.kartverket.no/tilgjengelighet/tilgjengelighet/4601_TettstedHCparkering_20230916111221.jpg", "bilde1_t": "https://data.kartverket.no/tilgjengelighet/tilgjengelighet_thumb/4601_TettstedHCparkering_20230916110610_t.jpg", "bilde2_t": "https://data.kartverket.no/tilgjengelighet/tilgjengelighet_thumb/4601_TettstedHCparkering_20230916111129_t.jpg", "bilde3_t": "https://data.kartverket.no/tilgjengelighet/tilgjengelighet_thumb/4601_TettstedHCparkering_20230916111221_t.jpg"}}, {"type": "Feature", "id": 314, "geometry": {"type": "Point", "coordinates": [5.328843999629471, 60.39740299993381]}, "properties": {"OBJECTID": 314, "adressenavn": "Fjellgaten", "informasjon": null, "gatelangsparkering": "Ja", "fortauskant_mindre_enn25cm": "Nei", "overbygg_parkeringsplaa": "Nei", "stigninggrader": 2, "byggingpagar": "Nei", "bredde_cm": null, "lengde_cm": null, "bildefil1": "https://data.kartverket.no/tilgjengelighet/tilgjengelighet/4601_TettstedHCparkering_20230912202952.jpg", "bildefil2": "https://data.kartverket.no/tilgjengelighet/tilgjengelighet/4601_TettstedHCparkering_20230912202953.jpg", "bildefil3": "https://data.kartverket.no/tilgjengelighet/tilgjengelighet/4601_TettstedHCparkering_20230912202954.jpg", "bilde1_t": "https://data.kartverket.no/tilgjengelighet/tilgjengelighet_thumb/4601_TettstedHCparkering_20230912202952_t.jpg", "bilde2_t": "https://data.kartverket.no/tilgjengelighet/tilgjengelighet_thumb/4601_TettstedHCparkering_20230912202953_t.jpg", "bilde3_t": "https://data.kartverket.no/tilgjengelighet/tilgjengelighet_thumb/4601_TettstedHCparkering_20230912202954_t.jpg"}}, {"type": "Feature", "id": 315, "geometry": {"type": "Point", "coordinates": [5.328815000619773, 60.39742900041033]}, "properties": {"OBJECTID": 315, "adressenavn": "Fjellgaten", "informasjon": null, "gatelangsparkering": "Ja", "fortauskant_mindre_enn25cm": "Nei", "overbygg_parkeringsplaa": "Nei", "stigninggrader": 2, "byggingpagar": "Nei", "bredde_cm": null, "lengde_cm": null, "bildefil1": "https://data.kartverket.no/tilgjengelighet/tilgjengelighet/4601_TettstedHCparkering_20230912202752.jpg", "bildefil2": "https://data.kartverket.no/tilgjengelighet/tilgjengelighet/4601_TettstedHCparkering_20230912202753.jpg", "bildefil3": "https://data.kartverket.no/tilgjengelighet/tilgjengelighet/4601_TettstedHCparkering_20230912202754.jpg", "bilde1_t": "https://data.kartverket.no/tilgjengelighet/tilgjengelighet_thumb/4601_TettstedHCparkering_20230912202752_t.jpg", "bilde2_t": "https://data.kartverket.no/tilgjengelighet/tilgjengelighet_thumb/4601_TettstedHCparkering_20230912202753_t.jpg", "bilde3_t": "https://data.kartverket.no/tilgjengelighet/tilgjengelighet_thumb/4601_TettstedHCparkering_20230912202754_t.jpg"}}, {"type": "Feature", "id": 316, "geometry": {"type": "Point", "coordinates": [5.3279930001875755, 60.39872499960456]}, "properties": {"OBJECTID": 316, "adressenavn": "Ole Eides gate", "informasjon": null, "gatelangsparkering": "Ja", "fortauskant_mindre_enn25cm": "Nei", "overbygg_parkeringsplaa": "Nei", "stigninggrader": 10, "byggingpagar": "Nei", "bredde_cm": null, "lengde_cm": null, "bildefil1": "https://data.kartverket.no/tilgjengelighet/tilgjengelighet/4601_TettstedHCparkering_20230912202121.jpg", "bildefil2": "https://data.kartverket.no/tilgjengelighet/tilgjengelighet/4601_TettstedHCparkering_20230912202122.jpg", "bildefil3": "https://data.kartverket.no/tilgjengelighet/tilgjengelighet/4601_TettstedHCparkering_20230912202123.jpg", "bilde1_t": "https://data.kartverket.no/tilgjengelighet/tilgjengelighet_thumb/4601_TettstedHCparkering_20230912202121_t.jpg", "bilde2_t": "https://data.kartverket.no/tilgjengelighet/tilgjengelighet_thumb/4601_TettstedHCparkering_20230912202122_t.jpg", "bilde3_t": "https://data.kartverket.no/tilgjengelighet/tilgjengelighet_thumb/4601_TettstedHCparkering_20230912202123_t.jpg"}}, {"type": "Feature", "id": 317, "geometry": {"type": "Point", "coordinates": [5.328090999299238, 60.39874099960154]}, "properties": {"OBJECTID": 317, "adressenavn": "Ole Eides gate", "informasjon": null, "gatelangsparkering": "Ja", "fortauskant_mindre_enn25cm": "Nei", "overbygg_parkeringsplaa": "Nei", "stigninggrader": 10, "byggingpagar": "Nei", "bredde_cm": null, "lengde_cm": null, "bildefil1": "https://data.kartverket.no/tilgjengelighet/tilgjengelighet/4601_TettstedHCparkering_20230912202427.jpg", "bildefil2": "https://data.kartverket.no/tilgjengelighet/tilgjengelighet/4601_TettstedHCparkering_20230912202428.jpg", "bildefil3": "https://data.kartverket.no/tilgjengelighet/tilgjengelighet/4601_TettstedHCparkering_20230912202429.jpg", "bilde1_t": "https://data.kartverket.no/tilgjengelighet/tilgjengelighet_thumb/4601_TettstedHCparkering_20230912202427_t.jpg", "bilde2_t": "https://data.kartverket.no/tilgjengelighet/tilgjengelighet_thumb/4601_TettstedHCparkering_20230912202428_t.jpg", "bilde3_t": "https://data.kartverket.no/tilgjengelighet/tilgjengelighet_thumb/4601_TettstedHCparkering_20230912202429_t.jpg"}}, {"type": "Feature", "id": 318, "geometry": {"type": "Point", "coordinates": [5.325678999209465, 60.39961799988995]}, "properties": {"OBJECTID": 318, "adressenavn": "Stølegaten", "informasjon": null, "gatelangsparkering": "Ja", "fortauskant_mindre_enn25cm": "Nei", "overbygg_parkeringsplaa": "Nei", "stigninggrader": 1, "byggingpagar": "Nei", "bredde_cm": null, "lengde_cm": null, "bildefil1": "https://data.kartverket.no/tilgjengelighet/tilgjengelighet/4601_TettstedHCparkering_20230912201637.jpg", "bildefil2": "https://data.kartverket.no/tilgjengelighet/tilgjengelighet/4601_TettstedHCparkering_20230912201638.jpg", "bildefil3": "https://data.kartverket.no/tilgjengelighet/tilgjengelighet/4601_TettstedHCparkering_20230912201639.jpg", "bilde1_t": "https://data.kartverket.no/tilgjengelighet/tilgjengelighet_thumb/4601_TettstedHCparkering_20230912201637_t.jpg", "bilde2_t": "https://data.kartverket.no/tilgjengelighet/tilgjengelighet_thumb/4601_TettstedHCparkering_20230912201638_t.jpg", "bilde3_t": "https://data.kartverket.no/tilgjengelighet/tilgjengelighet_thumb/4601_TettstedHCparkering_20230912201639_t.jpg"}}, {"type": "Feature", "id": 319, "geometry": {"type": "Point", "coordinates": [5.328155000237903, 60.396188000118656]}, "properties": {"OBJECTID": 319, "adressenavn": "Vetrlidsallmenningen", "informasjon": null, "gatelangsparkering": "Ja", "fortauskant_mindre_enn25cm": "Ja", "overbygg_parkeringsplaa": "Nei", "stigninggrader": 4, "byggingpagar": "Nei", "bredde_cm": 160, "lengde_cm": 600, "bildefil1": "https://data.kartverket.no/tilgjengelighet/tilgjengelighet/4601_TettstedHCparkering_20240409080731.jpg", "bildefil2": "https://data.kartverket.no/tilgjengelighet/tilgjengelighet/4601_TettstedHCparkering_20240409080732.jpg", "bildefil3": "https://data.kartverket.no/tilgjengelighet/tilgjengelighet/4601_TettstedHCparkering_20240409081225.jpg", "bilde1_t": "https://data.kartverket.no/tilgjengelighet/tilgjengelighet_thumb/4601_TettstedHCparkering_20240409080731_t.jpg", "bilde2_t": "https://data.kartverket.no/tilgjengelighet/tilgjengelighet_thumb/4601_TettstedHCparkering_20240409080732_t.jpg", "bilde3_t": "https://data.kartverket.no/tilgjengelighet/tilgjengelighet_thumb/4601_TettstedHCparkering_20240409081225_t.jpg"}}, {"type": "Feature", "id": 320, "geometry": {"type": "Point", "coordinates": [5.328060999436542, 60.39614799962273]}, "properties": {"OBJECTID": 320, "adressenavn": "Vetrlidsallmenningen", "informasjon": null, "gatelangsparkering": "Ja", "fortauskant_mindre_enn25cm": "Ja", "overbygg_parkeringsplaa": "Nei", "stigninggrader": 4, "byggingpagar": "Nei", "bredde_cm": 160, "lengde_cm": 630, "bildefil1": "https://data.kartverket.no/tilgjengelighet/tilgjengelighet/4601_TettstedHCparkering_20240409080536.jpg", "bildefil2": "https://data.kartverket.no/tilgjengelighet/tilgjengelighet/4601_TettstedHCparkering_20240409081054.jpg", "bildefil3": "https://data.kartverket.no/tilgjengelighet/tilgjengelighet/4601_TettstedHCparkering_20240409081055.jpg", "bilde1_t": "https://data.kartverket.no/tilgjengelighet/tilgjengelighet_thumb/4601_TettstedHCparkering_20240409080536_t.jpg", "bilde2_t": "https://data.kartverket.no/tilgjengelighet/tilgjengelighet_thumb/4601_TettstedHCparkering_20240409081054_t.jpg", "bilde3_t": "https://data.kartverket.no/tilgjengelighet/tilgjengelighet_thumb/4601_TettstedHCparkering_20240409081055_t.jpg"}}, {"type": "Feature", "id": 321, "geometry": {"type": "Point", "coordinates": [5.328852000789647, 60.393084999946815]}, "properties": {"OBJECTID": 321, "adressenavn": "Domkirkegaten", "informasjon": null, "gatelangsparkering": "Ja", "fortauskant_mindre_enn25cm": "Ja", "overbygg_parkeringsplaa": "Nei", "stigninggrader": 1, "byggingpagar": "Nei", "bredde_cm": null, "lengde_cm": null, "bildefil1": "https://data.kartverket.no/tilgjengelighet/tilgjengelighet/4601_TettstedHCparkering_20230812133313.jpg", "bildefil2": "https://data.kartverket.no/tilgjengelighet/tilgjengelighet/4601_TettstedHCparkering_20230812133314.jpg", "bildefil3": "https://data.kartverket.no/tilgjengelighet/tilgjengelighet/4601_TettstedHCparkering_20240419103037.jpg", "bilde1_t": "https://data.kartverket.no/tilgjengelighet/tilgjengelighet_thumb/4601_TettstedHCparkering_20230812133313_t.jpg", "bilde2_t": "https://data.kartverket.no/tilgjengelighet/tilgjengelighet_thumb/4601_TettstedHCparkering_20230812133314_t.jpg", "bilde3_t": "https://data.kartverket.no/tilgjengelighet/tilgjengelighet_thumb/4601_TettstedHCparkering_20240419103037_t.jpg"}}, {"type": "Feature", "id": 322, "geometry": {"type": "Point", "coordinates": [5.328817999986856, 60.39304999973768]}, "properties": {"OBJECTID": 322, "adressenavn": "Domkirkegaten", "informasjon": null, "gatelangsparkering": "Ja", "fortauskant_mindre_enn25cm": "Ja", "overbygg_parkeringsplaa": "Nei", "stigninggrader": 1, "byggingpagar": "Nei", "bredde_cm": null, "lengde_cm": null, "bildefil1": "https://data.kartverket.no/tilgjengelighet/tilgjengelighet/4601_TettstedHCparkering_20230812133602.jpg", "bildefil2": "https://data.kartverket.no/tilgjengelighet/tilgjengelighet/4601_TettstedHCparkering_20230812133604.jpg", "bildefil3": "https://data.kartverket.no/tilgjengelighet/tilgjengelighet/4601_TettstedHCparkering_20240419102923.jpg", "bilde1_t": "https://data.kartverket.no/tilgjengelighet/tilgjengelighet_thumb/4601_TettstedHCparkering_20230812133602_t.jpg", "bilde2_t": "https://data.kartverket.no/tilgjengelighet/tilgjengelighet_thumb/4601_TettstedHCparkering_20230812133604_t.jpg", "bilde3_t": "https://data.kartverket.no/tilgjengelighet/tilgjengelighet_thumb/4601_TettstedHCparkering_20240419102923_t.jpg"}}, {"type": "Feature", "id": 323, "geometry": {"type": "Point", "coordinates": [5.330118000607637, 60.392659000135644]}, "properties": {"OBJECTID": 323, "adressenavn": "Nygaten", "informasjon": "Parkering forbudt over 3 timer mellom 8-17 på hverdager", "gatelangsparkering": "Ja", "fortauskant_mindre_enn25cm": "Ja", "overbygg_parkeringsplaa": "Nei", "stigninggrader": 1, "byggingpagar": "Nei", "bredde_cm": null, "lengde_cm": null, "bildefil1": "https://data.kartverket.no/tilgjengelighet/tilgjengelighet/4601_TettstedHCparkering_20231104094532.jpg", "bildefil2": "https://data.kartverket.no/tilgjengelighet/tilgjengelighet/4601_TettstedHCparkering_20231104094533.jpg", "bildefil3": "https://data.kartverket.no/tilgjengelighet/tilgjengelighet/4601_TettstedHCparkering_20231104094534.jpg", "bilde1_t": "https://data.kartverket.no/tilgjengelighet/tilgjengelighet_thumb/4601_TettstedHCparkering_20231104094532_t.jpg", "bilde2_t": "https://data.kartverket.no/tilgjengelighet/tilgjengelighet_thumb/4601_TettstedHCparkering_20231104094533_t.jpg", "bilde3_t": "https://data.kartverket.no/tilgjengelighet/tilgjengelighet_thumb/4601_TettstedHCparkering_20231104094534_t.jpg"}}, {"type": "Feature", "id": 324, "geometry": {"type": "Point", "coordinates": [5.3281270004806975, 60.38534100019397]}, "properties": {"OBJECTID": 324, "adressenavn": "Allégaten", "informasjon": null, "gatelangsparkering": "Ja", "fortauskant_mindre_enn25cm": "Nei", "overbygg_parkeringsplaa": "Nei", "stigninggrader": 0, "byggingpagar": "Nei", "bredde_cm": 520, "lengde_cm": 470, "bildefil1": "https://data.kartverket.no/tilgjengelighet/tilgjengelighet/4601_TettstedHCparkering_20230704112217.jpg", "bildefil2": "https://data.kartverket.no/tilgjengelighet/tilgjengelighet/4601_TettstedHCparkering_20230704112218.jpg", "bildefil3": "https://data.kartverket.no/tilgjengelighet/tilgjengelighet/4601_TettstedHCparkering_20240419113232.jpg", "bilde1_t": "https://data.kartverket.no/tilgjengelighet/tilgjengelighet_thumb/4601_TettstedHCparkering_20230704112217_t.jpg", "bilde2_t": "https://data.kartverket.no/tilgjengelighet/tilgjengelighet_thumb/4601_TettstedHCparkering_20230704112218_t.jpg", "bilde3_t": "https://data.kartverket.no/tilgjengelighet/tilgjengelighet_thumb/4601_TettstedHCparkering_20240419113232_t.jpg"}}, {"type": "Feature", "id": 325, "geometry": {"type": "Point", "coordinates": [5.330745999197028, 60.38606499983083]}, "properties": {"OBJECTID": 325, "adressenavn": "Hans Tanks gate", "informasjon": null, "gatelangsparkering": "Ja", "fortauskant_mindre_enn25cm": "Ja", "overbygg_parkeringsplaa": "Nei", "stigninggrader": 2, "byggingpagar": "Nei", "bredde_cm": null, "lengde_cm": null, "bildefil1": "https://data.kartverket.no/tilgjengelighet/tilgjengelighet/4601_TettstedHCparkering_20230924114231.jpg", "bildefil2": "https://data.kartverket.no/tilgjengelighet/tilgjengelighet/4601_TettstedHCparkering_20230924114232.jpg", "bildefil3": "https://data.kartverket.no/tilgjengelighet/tilgjengelighet/4601_TettstedHCparkering_20230924114233.jpg", "bilde1_t": "https://data.kartverket.no/tilgjengelighet/tilgjengelighet_thumb/4601_TettstedHCparkering_20230924114231_t.jpg", "bilde2_t": "https://data.kartverket.no/tilgjengelighet/tilgjengelighet_thumb/4601_TettstedHCparkering_20230924114232_t.jpg", "bilde3_t": "https://data.kartverket.no/tilgjengelighet/tilgjengelighet_thumb/4601_TettstedHCparkering_20230924114233_t.jpg"}}, {"type": "Feature", "id": 326, "geometry": {"type": "Point", "coordinates": [5.330635999213501, 60.38688600009497]}, "properties": {"OBJECTID": 326, "adressenavn": "Daniel Hansens gate", "informasjon": null, "gatelangsparkering": "Ja", "fortauskant_mindre_enn25cm": "Nei", "overbygg_parkeringsplaa": "Nei", "stigninggrader": 1, "byggingpagar": "Nei", "bredde_cm": 200, "lengde_cm": 670, "bildefil1": "https://data.kartverket.no/tilgjengelighet/tilgjengelighet/4601_TettstedHCparkering_20250325161047.jpg", "bildefil2": "https://data.kartverket.no/tilgjengelighet/tilgjengelighet/4601_TettstedHCparkering_20250325164422.jpg", "bildefil3": "https://data.kartverket.no/tilgjengelighet/tilgjengelighet/4601_TettstedHCparkering_20250325164423.jpg", "bilde1_t": "https://data.kartverket.no/tilgjengelighet/tilgjengelighet_thumb/4601_TettstedHCparkering_20250325161047_t.jpg", "bilde2_t": "https://data.kartverket.no/tilgjengelighet/tilgjengelighet_thumb/4601_TettstedHCparkering_20250325164422_t.jpg", "bilde3_t": "https://data.kartverket.no/tilgjengelighet/tilgjengelighet_thumb/4601_TettstedHCparkering_20250325164423_t.jpg"}}, {"type": "Feature", "id": 327, "geometry": {"type": "Point", "coordinates": [5.330592999395894, 60.3869450000943]}, "properties": {"OBJECTID": 327, "adressenavn": "Daniel Hansens gate", "informasjon": null, "gatelangsparkering": "Ja", "fortauskant_mindre_enn25cm": "Nei", "overbygg_parkeringsplaa": "Nei", "stigninggrader": 1, "byggingpagar": "Nei", "bredde_cm": 200, "lengde_cm": 630, "bildefil1": "https://data.kartverket.no/tilgjengelighet/tilgjengelighet/4601_TettstedHCparkering_20250325161430.jpg", "bildefil2": "https://data.kartverket.no/tilgjengelighet/tilgjengelighet/4601_TettstedHCparkering_20250325164624.jpg", "bildefil3": "https://data.kartverket.no/tilgjengelighet/tilgjengelighet/4601_TettstedHCparkering_20250325164625.jpg", "bilde1_t": "https://data.kartverket.no/tilgjengelighet/tilgjengelighet_thumb/4601_TettstedHCparkering_20250325161430_t.jpg", "bilde2_t": "https://data.kartverket.no/tilgjengelighet/tilgjengelighet_thumb/4601_TettstedHCparkering_20250325164624_t.jpg", "bilde3_t": "https://data.kartverket.no/tilgjengelighet/tilgjengelighet_thumb/4601_TettstedHCparkering_20250325164625_t.jpg"}}, {"type": "Feature", "id": 328, "geometry": {"type": "Point", "coordinates": [5.330767999837031, 60.38695300028543]}, "properties": {"OBJECTID": 328, "adressenavn": "Daniel Hansens gate", "informasjon": null, "gatelangsparkering": "Ja", "fortauskant_mindre_enn25cm": "Nei", "overbygg_parkeringsplaa": "Nei", "stigninggrader": 1, "byggingpagar": "Nei", "bredde_cm": 190, "lengde_cm": 680, "bildefil1": "https://data.kartverket.no/tilgjengelighet/tilgjengelighet/4601_TettstedHCparkering_20250325162814.jpg", "bildefil2": "https://data.kartverket.no/tilgjengelighet/tilgjengelighet/4601_TettstedHCparkering_20250325162815.jpg", "bildefil3": "https://data.kartverket.no/tilgjengelighet/tilgjengelighet/4601_TettstedHCparkering_20250325162816.jpg", "bilde1_t": "https://data.kartverket.no/tilgjengelighet/tilgjengelighet_thumb/4601_TettstedHCparkering_20250325162814_t.jpg", "bilde2_t": "https://data.kartverket.no/tilgjengelighet/tilgjengelighet_thumb/4601_TettstedHCparkering_20250325162815_t.jpg", "bilde3_t": "https://data.kartverket.no/tilgjengelighet/tilgjengelighet_thumb/4601_TettstedHCparkering_20250325162816_t.jpg"}}, {"type": "Feature", "id": 329, "geometry": {"type": "Point", "coordinates": [5.330716999876513, 60.387030000386176]}, "properties": {"OBJECTID": 329, "adressenavn": "Daniel Hansens gate", "informasjon": null, "gatelangsparkering": "Ja", "fortauskant_mindre_enn25cm": "Nei", "overbygg_parkeringsplaa": "Nei", "stigninggrader": 1, "byggingpagar": "Nei", "bredde_cm": 180, "lengde_cm": 560, "bildefil1": "https://data.kartverket.no/tilgjengelighet/tilgjengelighet/4601_TettstedHCparkering_20250325163623.jpg", "bildefil2": "https://data.kartverket.no/tilgjengelighet/tilgjengelighet/4601_TettstedHCparkering_20250325163624.jpg", "bildefil3": "https://data.kartverket.no/tilgjengelighet/tilgjengelighet/4601_TettstedHCparkering_20250325164940.jpg", "bilde1_t": "https://data.kartverket.no/tilgjengelighet/tilgjengelighet_thumb/4601_TettstedHCparkering_20250325163623_t.jpg", "bilde2_t": "https://data.kartverket.no/tilgjengelighet/tilgjengelighet_thumb/4601_TettstedHCparkering_20250325163624_t.jpg", "bilde3_t": "https://data.kartverket.no/tilgjengelighet/tilgjengelighet_thumb/4601_TettstedHCparkering_20250325164940_t.jpg"}}, {"type": "Feature", "id": 330, "geometry": {"type": "Point", "coordinates": [5.32938099933313, 60.38817699959448]}, "properties": {"OBJECTID": 330, "adressenavn": "Daniel Hansens gate", "informasjon": null, "gatelangsparkering": "Ja", "fortauskant_mindre_enn25cm": "Nei", "overbygg_parkeringsplaa": "Nei", "stigninggrader": 1, "byggingpagar": "Nei", "bredde_cm": null, "lengde_cm": null, "bildefil1": "https://data.kartverket.no/tilgjengelighet/tilgjengelighet/4601_TettstedHCparkering_20250325171420.jpg", "bildefil2": "https://data.kartverket.no/tilgjengelighet/tilgjengelighet/4601_TettstedHCparkering_20250325171421.jpg", "bildefil3": "https://data.kartverket.no/tilgjengelighet/tilgjengelighet/4601_TettstedHCparkering_20250325171422.jpg", "bilde1_t": "https://data.kartverket.no/tilgjengelighet/tilgjengelighet_thumb/4601_TettstedHCparkering_20250325171420_t.jpg", "bilde2_t": "https://data.kartverket.no/tilgjengelighet/tilgjengelighet_thumb/4601_TettstedHCparkering_20250325171421_t.jpg", "bilde3_t": "https://data.kartverket.no/tilgjengelighet/tilgjengelighet_thumb/4601_TettstedHCparkering_20250325171422_t.jpg"}}, {"type": "Feature", "id": 331, "geometry": {"type": "Point", "coordinates": [5.329475000301808, 60.38812399980631]}, "properties": {"OBJECTID": 331, "adressenavn": "Daniel Hansens gate", "informasjon": null, "gatelangsparkering": "Ja", "fortauskant_mindre_enn25cm": "Nei", "overbygg_parkeringsplaa": "Nei", "stigninggrader": 1, "byggingpagar": "Nei", "bredde_cm": null, "lengde_cm": null, "bildefil1": "https://data.kartverket.no/tilgjengelighet/tilgjengelighet/4601_TettstedHCparkering_20250325171933.jpg", "bildefil2": "https://data.kartverket.no/tilgjengelighet/tilgjengelighet/4601_TettstedHCparkering_20250325171934.jpg", "bildefil3": "https://data.kartverket.no/tilgjengelighet/tilgjengelighet/4601_TettstedHCparkering_20250325171935.jpg", "bilde1_t": "https://data.kartverket.no/tilgjengelighet/tilgjengelighet_thumb/4601_TettstedHCparkering_20250325171933_t.jpg", "bilde2_t": "https://data.kartverket.no/tilgjengelighet/tilgjengelighet_thumb/4601_TettstedHCparkering_20250325171934_t.jpg", "bilde3_t": "https://data.kartverket.no/tilgjengelighet/tilgjengelighet_thumb/4601_TettstedHCparkering_20250325171935_t.jpg"}}, {"type": "Feature", "id": 332, "geometry": {"type": "Point", "coordinates": [5.329539000699277, 60.38806500005363]}, "properties": {"OBJECTID": 332, "adressenavn": "Daniel Hansens gate", "informasjon": null, "gatelangsparkering": "Ja", "fortauskant_mindre_enn25cm": "Nei", "overbygg_parkeringsplaa": "Nei", "stigninggrader": 1, "byggingpagar": "Nei", "bredde_cm": null, "lengde_cm": null, "bildefil1": "https://data.kartverket.no/tilgjengelighet/tilgjengelighet/4601_TettstedHCparkering_20250325172307.jpg", "bildefil2": "https://data.kartverket.no/tilgjengelighet/tilgjengelighet/4601_TettstedHCparkering_20250325172308.jpg", "bildefil3": "https://data.kartverket.no/tilgjengelighet/tilgjengelighet/4601_TettstedHCparkering_20250325172309.jpg", "bilde1_t": "https://data.kartverket.no/tilgjengelighet/tilgjengelighet_thumb/4601_TettstedHCparkering_20250325172307_t.jpg", "bilde2_t": "https://data.kartverket.no/tilgjengelighet/tilgjengelighet_thumb/4601_TettstedHCparkering_20250325172308_t.jpg", "bilde3_t": "https://data.kartverket.no/tilgjengelighet/tilgjengelighet_thumb/4601_TettstedHCparkering_20250325172309_t.jpg"}}, {"type": "Feature", "id": 333, "geometry": {"type": "Point", "coordinates": [5.329635999177126, 60.388014000080865]}, "properties": {"OBJECTID": 333, "adressenavn": "Daniel Hansens gate", "informasjon": null, "gatelangsparkering": "Ja", "fortauskant_mindre_enn25cm": "Nei", "overbygg_parkeringsplaa": "Nei", "stigninggrader": 1, "byggingpagar": "Nei", "bredde_cm": null, "lengde_cm": null, "bildefil1": "https://data.kartverket.no/tilgjengelighet/tilgjengelighet/4601_TettstedHCparkering_20250325172601.jpg", "bildefil2": "https://data.kartverket.no/tilgjengelighet/tilgjengelighet/4601_TettstedHCparkering_20250325172603.jpg", "bildefil3": "https://data.kartverket.no/tilgjengelighet/tilgjengelighet/4601_TettstedHCparkering_20250325173441.jpg", "bilde1_t": "https://data.kartverket.no/tilgjengelighet/tilgjengelighet_thumb/4601_TettstedHCparkering_20250325172601_t.jpg", "bilde2_t": "https://data.kartverket.no/tilgjengelighet/tilgjengelighet_thumb/4601_TettstedHCparkering_20250325172603_t.jpg", "bilde3_t": "https://data.kartverket.no/tilgjengelighet/tilgjengelighet_thumb/4601_TettstedHCparkering_20250325173441_t.jpg"}}, {"type": "Feature", "id": 334, "geometry": {"type": "Point", "coordinates": [5.3297269996333965, 60.387955999876894]}, "properties": {"OBJECTID": 334, "adressenavn": "Daniel Hansens gate", "informasjon": null, "gatelangsparkering": "Ja", "fortauskant_mindre_enn25cm": "Nei", "overbygg_parkeringsplaa": "Nei", "stigninggrader": 1, "byggingpagar": "Nei", "bredde_cm": null, "lengde_cm": null, "bildefil1": "https://data.kartverket.no/tilgjengelighet/tilgjengelighet/4601_TettstedHCparkering_20250325172857.jpg", "bildefil2": "https://data.kartverket.no/tilgjengelighet/tilgjengelighet/4601_TettstedHCparkering_20250325173748.jpg", "bildefil3": "https://data.kartverket.no/tilgjengelighet/tilgjengelighet/4601_TettstedHCparkering_20250325173749.jpg", "bilde1_t": "https://data.kartverket.no/tilgjengelighet/tilgjengelighet_thumb/4601_TettstedHCparkering_20250325172857_t.jpg", "bilde2_t": "https://data.kartverket.no/tilgjengelighet/tilgjengelighet_thumb/4601_TettstedHCparkering_20250325173748_t.jpg", "bilde3_t": "https://data.kartverket.no/tilgjengelighet/tilgjengelighet_thumb/4601_TettstedHCparkering_20250325173749_t.jpg"}}, {"type": "Feature", "id": 335, "geometry": {"type": "Point", "coordinates": [5.294482000070364, 60.42822299978525]}, "properties": {"OBJECTID": 335, "adressenavn": "Helleveien", "informasjon": null, "gatelangsparkering": "Nei", "fortauskant_mindre_enn25cm": null, "overbygg_parkeringsplaa": "Nei", "stigninggrader": null, "byggingpagar": "Nei", "bredde_cm": 21, "lengde_cm": 60, "bildefil1": null, "bildefil2": null, "bildefil3": null, "bilde1_t": null, "bilde2_t": null, "bilde3_t": null}}, {"type": "Feature", "id": 336, "geometry": {"type": "Point", "coordinates": [5.326157000171294, 60.393445000397165]}, "properties": {"OBJECTID": 336, "adressenavn": "Olav Kyrres gate", "informasjon": "Parkering forbudt over 2 timer mellom 08?17 hverdager", "gatelangsparkering": "Ja", "fortauskant_mindre_enn25cm": "Ja", "overbygg_parkeringsplaa": "Nei", "stigninggrader": 2, "byggingpagar": "Nei", "bredde_cm": null, "lengde_cm": null, "bildefil1": "https://data.kartverket.no/tilgjengelighet/tilgjengelighet/4601_TettstedHCparkering_20250712090611.jpg", "bildefil2": "https://data.kartverket.no/tilgjengelighet/tilgjengelighet/4601_TettstedHCparkering_20250712090612.jpg", "bildefil3": "https://data.kartverket.no/tilgjengelighet/tilgjengelighet/4601_TettstedHCparkering_20250712091505.jpg", "bilde1_t": "https://data.kartverket.no/tilgjengelighet/tilgjengelighet_thumb/4601_TettstedHCparkering_20250712090611_t.jpg", "bilde2_t": "https://data.kartverket.no/tilgjengelighet/tilgjengelighet_thumb/4601_TettstedHCparkering_20250712090612_t.jpg", "bilde3_t": "https://data.kartverket.no/tilgjengelighet/tilgjengelighet_thumb/4601_TettstedHCparkering_20250712091505_t.jpg"}}, {"type": "Feature", "id": 337, "geometry": {"type": "Point", "coordinates": [5.3261889996154075, 60.393476000227686]}, "properties": {"OBJECTID": 337, "adressenavn": "Olav Kyrres gate", "informasjon": "Parkering forbudt over 2 timer mellom 08?17 på hverdager", "gatelangsparkering": "Ja", "fortauskant_mindre_enn25cm": "Ja", "overbygg_parkeringsplaa": "Nei", "stigninggrader": 2, "byggingpagar": "Nei", "bredde_cm": null, "lengde_cm": null, "bildefil1": "https://data.kartverket.no/tilgjengelighet/tilgjengelighet/4601_TettstedHCparkering_20250712091240.jpg", "bildefil2": "https://data.kartverket.no/tilgjengelighet/tilgjengelighet/4601_TettstedHCparkering_20250712091241.jpg", "bildefil3": "https://data.kartverket.no/tilgjengelighet/tilgjengelighet/4601_TettstedHCparkering_20250712091715.jpg", "bilde1_t": "https://data.kartverket.no/tilgjengelighet/tilgjengelighet_thumb/4601_TettstedHCparkering_20250712091240_t.jpg", "bilde2_t": "https://data.kartverket.no/tilgjengelighet/tilgjengelighet_thumb/4601_TettstedHCparkering_20250712091241_t.jpg", "bilde3_t": "https://data.kartverket.no/tilgjengelighet/tilgjengelighet_thumb/4601_TettstedHCparkering_20250712091715_t.jpg"}}, {"type": "Feature", "id": 338, "geometry": {"type": "Point", "coordinates": [5.325341000621432, 60.408287000292546]}, "properties": {"OBJECTID": 338, "adressenavn": "Amalie Skrams vei", "informasjon": null, "gatelangsparkering": "Ja", "fortauskant_mindre_enn25cm": "Ja", "overbygg_parkeringsplaa": "Ja", "stigninggrader": 1, "byggingpagar": "Nei", "bredde_cm": null, "lengde_cm": null, "bildefil1": "https://data.kartverket.no/tilgjengelighet/tilgjengelighet/4601_TettstedHCparkering_20230916094420.jpg", "bildefil2": "https://data.kartverket.no/tilgjengelighet/tilgjengelighet/4601_TettstedHCparkering_20230916094740.jpg", "bildefil3": "https://data.kartverket.no/tilgjengelighet/tilgjengelighet/4601_TettstedHCparkering_20240419093335.jpg", "bilde1_t": "https://data.kartverket.no/tilgjengelighet/tilgjengelighet_thumb/4601_TettstedHCparkering_20230916094420_t.jpg", "bilde2_t": "https://data.kartverket.no/tilgjengelighet/tilgjengelighet_thumb/4601_TettstedHCparkering_20230916094740_t.jpg", "bilde3_t": "https://data.kartverket.no/tilgjengelighet/tilgjengelighet_thumb/4601_TettstedHCparkering_20240419093335_t.jpg"}}, {"type": "Feature", "id": 339, "geometry": {"type": "Point", "coordinates": [5.325430000533165, 60.408200000226955]}, "properties": {"OBJECTID": 339, "adressenavn": "Amalie Skrams vei", "informasjon": null, "gatelangsparkering": "Ja", "fortauskant_mindre_enn25cm": "Ja", "overbygg_parkeringsplaa": "Nei", "stigninggrader": 1, "byggingpagar": "Nei", "bredde_cm": null, "lengde_cm": null, "bildefil1": "https://data.kartverket.no/tilgjengelighet/tilgjengelighet/4601_TettstedHCparkering_20230916094545.jpg", "bildefil2": "https://data.kartverket.no/tilgjengelighet/tilgjengelighet/4601_TettstedHCparkering_20230916094839.jpg", "bildefil3": "https://data.kartverket.no/tilgjengelighet/tilgjengelighet/4601_TettstedHCparkering_20240419093218.jpg", "bilde1_t": "https://data.kartverket.no/tilgjengelighet/tilgjengelighet_thumb/4601_TettstedHCparkering_20230916094545_t.jpg", "bilde2_t": "https://data.kartverket.no/tilgjengelighet/tilgjengelighet_thumb/4601_TettstedHCparkering_20230916094839_t.jpg", "bilde3_t": "https://data.kartverket.no/tilgjengelighet/tilgjengelighet_thumb/4601_TettstedHCparkering_20240419093218_t.jpg"}}, {"type": "Feature", "id": 340, "geometry": {"type": "Point", "coordinates": [5.3238530005053235, 60.40980800035939]}, "properties": {"OBJECTID": 340, "adressenavn": "Amalie Skrams vei", "informasjon": null, "gatelangsparkering": "Ja", "fortauskant_mindre_enn25cm": "Ja", "overbygg_parkeringsplaa": "Nei", "stigninggrader": 1, "byggingpagar": "Nei", "bredde_cm": null, "lengde_cm": null, "bildefil1": "https://data.kartverket.no/tilgjengelighet/tilgjengelighet/4601_TettstedHCparkering_20250712093839.jpg", "bildefil2": "https://data.kartverket.no/tilgjengelighet/tilgjengelighet/4601_TettstedHCparkering_20250712094512.jpg", "bildefil3": "https://data.kartverket.no/tilgjengelighet/tilgjengelighet/4601_TettstedHCparkering_20250712094743.jpg", "bilde1_t": "https://data.kartverket.no/tilgjengelighet/tilgjengelighet_thumb/4601_TettstedHCparkering_20250712093839_t.jpg", "bilde2_t": "https://data.kartverket.no/tilgjengelighet/tilgjengelighet_thumb/4601_TettstedHCparkering_20250712094512_t.jpg", "bilde3_t": "https://data.kartverket.no/tilgjengelighet/tilgjengelighet_thumb/4601_TettstedHCparkering_20250712094743_t.jpg"}}, {"type": "Feature", "id": 341, "geometry": {"type": "Point", "coordinates": [5.371803000027965, 60.36339899964088]}, "properties": {"OBJECTID": 341, "adressenavn": "Landåsveien", "informasjon": null, "gatelangsparkering": "Ja", "fortauskant_mindre_enn25cm": "Nei", "overbygg_parkeringsplaa": "Nei", "stigninggrader": 8, "byggingpagar": "Nei", "bredde_cm": null, "lengde_cm": null, "bildefil1": "https://data.kartverket.no/tilgjengelighet/tilgjengelighet/4601_TettstedHCparkering_20231005113339.jpg", "bildefil2": "https://data.kartverket.no/tilgjengelighet/tilgjengelighet/4601_TettstedHCparkering_20231005113628.jpg", "bildefil3": "https://data.kartverket.no/tilgjengelighet/tilgjengelighet/4601_TettstedHCparkering_20231005113629.jpg", "bilde1_t": "https://data.kartverket.no/tilgjengelighet/tilgjengelighet_thumb/4601_TettstedHCparkering_20231005113339_t.jpg", "bilde2_t": "https://data.kartverket.no/tilgjengelighet/tilgjengelighet_thumb/4601_TettstedHCparkering_20231005113628_t.jpg", "bilde3_t": "https://data.kartverket.no/tilgjengelighet/tilgjengelighet_thumb/4601_TettstedHCparkering_20231005113629_t.jpg"}}, {"type": "Feature", "id": 342, "geometry": {"type": "Point", "coordinates": [5.371888000045644, 60.36337999959368]}, "properties": {"OBJECTID": 342, "adressenavn": "Landåsveien", "informasjon": null, "gatelangsparkering": "Ja", "fortauskant_mindre_enn25cm": "Nei", "overbygg_parkeringsplaa": "Nei", "stigninggrader": 8, "byggingpagar": "Nei", "bredde_cm": null, "lengde_cm": null, "bildefil1": "https://data.kartverket.no/tilgjengelighet/tilgjengelighet/4601_TettstedHCparkering_20231005112906.jpg", "bildefil2": "https://data.kartverket.no/tilgjengelighet/tilgjengelighet/4601_TettstedHCparkering_20231005113130.jpg", "bildefil3": "https://data.kartverket.no/tilgjengelighet/tilgjengelighet/4601_TettstedHCparkering_20231005113131.jpg", "bilde1_t": "https://data.kartverket.no/tilgjengelighet/tilgjengelighet_thumb/4601_TettstedHCparkering_20231005112906_t.jpg", "bilde2_t": "https://data.kartverket.no/tilgjengelighet/tilgjengelighet_thumb/4601_TettstedHCparkering_20231005113130_t.jpg", "bilde3_t": "https://data.kartverket.no/tilgjengelighet/tilgjengelighet_thumb/4601_TettstedHCparkering_20231005113131_t.jpg"}}, {"type": "Feature", "id": 343, "geometry": {"type": "Point", "coordinates": [5.317861000361558, 60.39307399981484]}, "properties": {"OBJECTID": 343, "adressenavn": "Nedre Gartnergaten", "informasjon": null, "gatelangsparkering": "Ja", "fortauskant_mindre_enn25cm": "Ja", "overbygg_parkeringsplaa": "Ja", "stigninggrader": 12, "byggingpagar": "Nei", "bredde_cm": 220, "lengde_cm": 500, "bildefil1": "https://data.kartverket.no/tilgjengelighet/tilgjengelighet/4601_TettstedHCparkering_20251002091049.jpg", "bildefil2": "https://data.kartverket.no/tilgjengelighet/tilgjengelighet/4601_TettstedHCparkering_20251002091050.jpg", "bildefil3": "https://data.kartverket.no/tilgjengelighet/tilgjengelighet/4601_TettstedHCparkering_20251002091433.jpg", "bilde1_t": "https://data.kartverket.no/tilgjengelighet/tilgjengelighet_thumb/4601_TettstedHCparkering_20251002091049_t.jpg", "bilde2_t": "https://data.kartverket.no/tilgjengelighet/tilgjengelighet_thumb/4601_TettstedHCparkering_20251002091050_t.jpg", "bilde3_t": "https://data.kartverket.no/tilgjengelighet/tilgjengelighet_thumb/4601_TettstedHCparkering_20251002091433_t.jpg"}}, {"type": "Feature", "id": 344, "geometry": {"type": "Point", "coordinates": [5.308129999936888, 60.39603300028293]}, "properties": {"OBJECTID": 344, "adressenavn": "Georgernes Verft", "informasjon": null, "gatelangsparkering": "Nei", "fortauskant_mindre_enn25cm": null, "overbygg_parkeringsplaa": "Nei", "stigninggrader": null, "byggingpagar": "Nei", "bredde_cm": 340, "lengde_cm": 500, "bildefil1": "https://data.kartverket.no/tilgjengelighet/tilgjengelighet/4601_TettstedHCparkering_20251002093146.jpg", "bildefil2": "https://data.kartverket.no/tilgjengelighet/tilgjengelighet/4601_TettstedHCparkering_20251002093147.jpg", "bildefil3": "https://data.kartverket.no/tilgjengelighet/tilgjengelighet/4601_TettstedHCparkering_20251002093148.jpg", "bilde1_t": "https://data.kartverket.no/tilgjengelighet/tilgjengelighet_thumb/4601_TettstedHCparkering_20251002093146_t.jpg", "bilde2_t": "https://data.kartverket.no/tilgjengelighet/tilgjengelighet_thumb/4601_TettstedHCparkering_20251002093147_t.jpg", "bilde3_t": "https://data.kartverket.no/tilgjengelighet/tilgjengelighet_thumb/4601_TettstedHCparkering_20251002093148_t.jpg"}}, {"type": "Feature", "id": 345, "geometry": {"type": "Point", "coordinates": [5.3717920005891555, 60.361915000112646]}, "properties": {"OBJECTID": 345, "adressenavn": "Rugdeveien", "informasjon": null, "gatelangsparkering": "Ja", "fortauskant_mindre_enn25cm": "Nei", "overbygg_parkeringsplaa": "Nei", "stigninggrader": 2, "byggingpagar": "Nei", "bredde_cm": null, "lengde_cm": null, "bildefil1": "https://data.kartverket.no/tilgjengelighet/tilgjengelighet/4601_TettstedHCparkering_20231005111726.jpg", "bildefil2": "https://data.kartverket.no/tilgjengelighet/tilgjengelighet/4601_TettstedHCparkering_20231005111952.jpg", "bildefil3": "https://data.kartverket.no/tilgjengelighet/tilgjengelighet/4601_TettstedHCparkering_20231005111953.jpg", "bilde1_t": "https://data.kartverket.no/tilgjengelighet/tilgjengelighet_thumb/4601_TettstedHCparkering_20231005111726_t.jpg", "bilde2_t": "https://data.kartverket.no/tilgjengelighet/tilgjengelighet_thumb/4601_TettstedHCparkering_20231005111952_t.jpg", "bilde3_t": "https://data.kartverket.no/tilgjengelighet/tilgjengelighet_thumb/4601_TettstedHCparkering_20231005111953_t.jpg"}}, {"type": "Feature", "id": 346, "geometry": {"type": "Point", "coordinates": [5.364055999377146, 60.36326300033929]}, "properties": {"OBJECTID": 346, "adressenavn": "Fiolveien", "informasjon": null, "gatelangsparkering": "Ja", "fortauskant_mindre_enn25cm": "Nei", "overbygg_parkeringsplaa": "Nei", "stigninggrader": 8, "byggingpagar": "Nei", "bredde_cm": null, "lengde_cm": null, "bildefil1": "https://data.kartverket.no/tilgjengelighet/tilgjengelighet/4601_TettstedHCparkering_20230928093213.jpg", "bildefil2": "https://data.kartverket.no/tilgjengelighet/tilgjengelighet/4601_TettstedHCparkering_20230928093439.jpg", "bildefil3": "https://data.kartverket.no/tilgjengelighet/tilgjengelighet/4601_TettstedHCparkering_20230928093440.jpg", "bilde1_t": "https://data.kartverket.no/tilgjengelighet/tilgjengelighet_thumb/4601_TettstedHCparkering_20230928093213_t.jpg", "bilde2_t": "https://data.kartverket.no/tilgjengelighet/tilgjengelighet_thumb/4601_TettstedHCparkering_20230928093439_t.jpg", "bilde3_t": "https://data.kartverket.no/tilgjengelighet/tilgjengelighet_thumb/4601_TettstedHCparkering_20230928093440_t.jpg"}}, {"type": "Feature", "id": 347, "geometry": {"type": "Point", "coordinates": [5.364990999916123, 60.36508699957603]}, "properties": {"OBJECTID": 347, "adressenavn": "Fiolveien", "informasjon": null, "gatelangsparkering": "Ja", "fortauskant_mindre_enn25cm": "Nei", "overbygg_parkeringsplaa": "Nei", "stigninggrader": 2, "byggingpagar": "Nei", "bredde_cm": null, "lengde_cm": null, "bildefil1": "https://data.kartverket.no/tilgjengelighet/tilgjengelighet/4601_TettstedHCparkering_20230928092203.jpg", "bildefil2": "https://data.kartverket.no/tilgjengelighet/tilgjengelighet/4601_TettstedHCparkering_20230928092204.jpg", "bildefil3": "https://data.kartverket.no/tilgjengelighet/tilgjengelighet/4601_TettstedHCparkering_20230928092710.jpg", "bilde1_t": "https://data.kartverket.no/tilgjengelighet/tilgjengelighet_thumb/4601_TettstedHCparkering_20230928092203_t.jpg", "bilde2_t": "https://data.kartverket.no/tilgjengelighet/tilgjengelighet_thumb/4601_TettstedHCparkering_20230928092204_t.jpg", "bilde3_t": "https://data.kartverket.no/tilgjengelighet/tilgjengelighet_thumb/4601_TettstedHCparkering_20230928092710_t.jpg"}}, {"type": "Feature", "id": 348, "geometry": {"type": "Point", "coordinates": [5.365247000267868, 60.365152999774274]}, "properties": {"OBJECTID": 348, "adressenavn": "Fiolveien", "informasjon": null, "gatelangsparkering": "Ja", "fortauskant_mindre_enn25cm": "Nei", "overbygg_parkeringsplaa": "Nei", "stigninggrader": 9, "byggingpagar": "Nei", "bredde_cm": 230, "lengde_cm": 600, "bildefil1": "https://data.kartverket.no/tilgjengelighet/tilgjengelighet/4601_TettstedHCparkering_20230928092216.jpg", "bildefil2": "https://data.kartverket.no/tilgjengelighet/tilgjengelighet/4601_TettstedHCparkering_20230928092456.jpg", "bildefil3": "https://data.kartverket.no/tilgjengelighet/tilgjengelighet/4601_TettstedHCparkering_20230928092457.jpg", "bilde1_t": "https://data.kartverket.no/tilgjengelighet/tilgjengelighet_thumb/4601_TettstedHCparkering_20230928092216_t.jpg", "bilde2_t": "https://data.kartverket.no/tilgjengelighet/tilgjengelighet_thumb/4601_TettstedHCparkering_20230928092456_t.jpg", "bilde3_t": "https://data.kartverket.no/tilgjengelighet/tilgjengelighet_thumb/4601_TettstedHCparkering_20230928092457_t.jpg"}}, {"type": "Feature", "id": 349, "geometry": {"type": "Point", "coordinates": [5.361431000288543, 60.36440299999028]}, "properties": {"OBJECTID": 349, "adressenavn": "Birkeveien", "informasjon": null, "gatelangsparkering": "Ja", "fortauskant_mindre_enn25cm": "Ja", "overbygg_parkeringsplaa": "Nei", "stigninggrader": 5, "byggingpagar": "Nei", "bredde_cm": null, "lengde_cm": null, "bildefil1": "https://data.kartverket.no/tilgjengelighet/tilgjengelighet/4601_TettstedHCparkering_20230928105429.jpg", "bildefil2": "https://data.kartverket.no/tilgjengelighet/tilgjengelighet/4601_TettstedHCparkering_20230928105431.jpg", "bildefil3": "https://data.kartverket.no/tilgjengelighet/tilgjengelighet/4601_TettstedHCparkering_20230928105555.jpg", "bilde1_t": "https://data.kartverket.no/tilgjengelighet/tilgjengelighet_thumb/4601_TettstedHCparkering_20230928105429_t.jpg", "bilde2_t": "https://data.kartverket.no/tilgjengelighet/tilgjengelighet_thumb/4601_TettstedHCparkering_20230928105431_t.jpg", "bilde3_t": "https://data.kartverket.no/tilgjengelighet/tilgjengelighet_thumb/4601_TettstedHCparkering_20230928105555_t.jpg"}}, {"type": "Feature", "id": 350, "geometry": {"type": "Point", "coordinates": [5.360378999809455, 60.36385099962777]}, "properties": {"OBJECTID": 350, "adressenavn": "Slettebakksveien", "informasjon": null, "gatelangsparkering": "Ja", "fortauskant_mindre_enn25cm": "Ja", "overbygg_parkeringsplaa": "Nei", "stigninggrader": 2, "byggingpagar": "Nei", "bredde_cm": null, "lengde_cm": null, "bildefil1": "https://data.kartverket.no/tilgjengelighet/tilgjengelighet/4601_TettstedHCparkering_20231007103806.jpg", "bildefil2": "https://data.kartverket.no/tilgjengelighet/tilgjengelighet/4601_TettstedHCparkering_20231007104157.jpg", "bildefil3": "https://data.kartverket.no/tilgjengelighet/tilgjengelighet/4601_TettstedHCparkering_20231007104158.jpg", "bilde1_t": "https://data.kartverket.no/tilgjengelighet/tilgjengelighet_thumb/4601_TettstedHCparkering_20231007103806_t.jpg", "bilde2_t": "https://data.kartverket.no/tilgjengelighet/tilgjengelighet_thumb/4601_TettstedHCparkering_20231007104157_t.jpg", "bilde3_t": "https://data.kartverket.no/tilgjengelighet/tilgjengelighet_thumb/4601_TettstedHCparkering_20231007104158_t.jpg"}}, {"type": "Feature", "id": 351, "geometry": {"type": "Point", "coordinates": [5.360368000031029, 60.36370799979408]}, "properties": {"OBJECTID": 351, "adressenavn": "Slettebakksveien", "informasjon": null, "gatelangsparkering": "Ja", "fortauskant_mindre_enn25cm": "Ja", "overbygg_parkeringsplaa": "Nei", "stigninggrader": 1, "byggingpagar": "Nei", "bredde_cm": null, "lengde_cm": null, "bildefil1": "https://data.kartverket.no/tilgjengelighet/tilgjengelighet/4601_TettstedHCparkering_20231007103820.jpg", "bildefil2": "https://data.kartverket.no/tilgjengelighet/tilgjengelighet/4601_TettstedHCparkering_20231007104330.jpg", "bildefil3": "https://data.kartverket.no/tilgjengelighet/tilgjengelighet/4601_TettstedHCparkering_20231007104331.jpg", "bilde1_t": "https://data.kartverket.no/tilgjengelighet/tilgjengelighet_thumb/4601_TettstedHCparkering_20231007103820_t.jpg", "bilde2_t": "https://data.kartverket.no/tilgjengelighet/tilgjengelighet_thumb/4601_TettstedHCparkering_20231007104330_t.jpg", "bilde3_t": "https://data.kartverket.no/tilgjengelighet/tilgjengelighet_thumb/4601_TettstedHCparkering_20231007104331_t.jpg"}}, {"type": "Feature", "id": 352, "geometry": {"type": "Point", "coordinates": [5.360923999180516, 60.3606679997326]}, "properties": {"OBJECTID": 352, "adressenavn": "Hagerups vei", "informasjon": "Parkering forbudt over 2 timer", "gatelangsparkering": "Ja", "fortauskant_mindre_enn25cm": "Ja", "overbygg_parkeringsplaa": "Nei", "stigninggrader": 1, "byggingpagar": "Nei", "bredde_cm": 300, "lengde_cm": 480, "bildefil1": "https://data.kartverket.no/tilgjengelighet/tilgjengelighet/4601_TettstedHCparkering_20230929081254.jpg", "bildefil2": "https://data.kartverket.no/tilgjengelighet/tilgjengelighet/4601_TettstedHCparkering_20230929081539.jpg", "bildefil3": "https://data.kartverket.no/tilgjengelighet/tilgjengelighet/4601_TettstedHCparkering_20230929081540.jpg", "bilde1_t": "https://data.kartverket.no/tilgjengelighet/tilgjengelighet_thumb/4601_TettstedHCparkering_20230929081254_t.jpg", "bilde2_t": "https://data.kartverket.no/tilgjengelighet/tilgjengelighet_thumb/4601_TettstedHCparkering_20230929081539_t.jpg", "bilde3_t": "https://data.kartverket.no/tilgjengelighet/tilgjengelighet_thumb/4601_TettstedHCparkering_20230929081540_t.jpg"}}, {"type": "Feature", "id": 353, "geometry": {"type": "Point", "coordinates": [5.364113999317519, 60.36236599971696]}, "properties": {"OBJECTID": 353, "adressenavn": "Birkeveien", "informasjon": null, "gatelangsparkering": "Ja", "fortauskant_mindre_enn25cm": "Nei", "overbygg_parkeringsplaa": "Nei", "stigninggrader": 4, "byggingpagar": "Nei", "bredde_cm": 220, "lengde_cm": 600, "bildefil1": "https://data.kartverket.no/tilgjengelighet/tilgjengelighet/4601_TettstedHCparkering_20251002105411.jpg", "bildefil2": "https://data.kartverket.no/tilgjengelighet/tilgjengelighet/4601_TettstedHCparkering_20251002105413.jpg", "bildefil3": "https://data.kartverket.no/tilgjengelighet/tilgjengelighet/4601_TettstedHCparkering_20251002105743.jpg", "bilde1_t": "https://data.kartverket.no/tilgjengelighet/tilgjengelighet_thumb/4601_TettstedHCparkering_20251002105411_t.jpg", "bilde2_t": "https://data.kartverket.no/tilgjengelighet/tilgjengelighet_thumb/4601_TettstedHCparkering_20251002105413_t.jpg", "bilde3_t": "https://data.kartverket.no/tilgjengelighet/tilgjengelighet_thumb/4601_TettstedHCparkering_20251002105743_t.jpg"}}, {"type": "Feature", "id": 354, "geometry": {"type": "Point", "coordinates": [5.359954999396985, 60.36238700031655]}, "properties": {"OBJECTID": 354, "adressenavn": "Slettebakksveien", "informasjon": null, "gatelangsparkering": "Ja", "fortauskant_mindre_enn25cm": "Ja", "overbygg_parkeringsplaa": "Nei", "stigninggrader": 4, "byggingpagar": "Nei", "bredde_cm": null, "lengde_cm": null, "bildefil1": "https://data.kartverket.no/tilgjengelighet/tilgjengelighet/4601_TettstedHCparkering_20251002110915.jpg", "bildefil2": "https://data.kartverket.no/tilgjengelighet/tilgjengelighet/4601_TettstedHCparkering_20251002110916.jpg", "bildefil3": "https://data.kartverket.no/tilgjengelighet/tilgjengelighet/4601_TettstedHCparkering_20251002110917.jpg", "bilde1_t": "https://data.kartverket.no/tilgjengelighet/tilgjengelighet_thumb/4601_TettstedHCparkering_20251002110915_t.jpg", "bilde2_t": "https://data.kartverket.no/tilgjengelighet/tilgjengelighet_thumb/4601_TettstedHCparkering_20251002110916_t.jpg", "bilde3_t": "https://data.kartverket.no/tilgjengelighet/tilgjengelighet_thumb/4601_TettstedHCparkering_20251002110917_t.jpg"}}, {"type": "Feature", "id": 355, "geometry": {"type": "Point", "coordinates": [5.359977000296262, 60.362435999899645]}, "properties": {"OBJECTID": 355, "adressenavn": "Slettebakksveien", "informasjon": null, "gatelangsparkering": "Ja", "fortauskant_mindre_enn25cm": "Ja", "overbygg_parkeringsplaa": "Nei", "stigninggrader": 4, "byggingpagar": "Nei", "bredde_cm": null, "lengde_cm": null, "bildefil1": "https://data.kartverket.no/tilgjengelighet/tilgjengelighet/4601_TettstedHCparkering_20251002111134.jpg", "bildefil2": "https://data.kartverket.no/tilgjengelighet/tilgjengelighet/4601_TettstedHCparkering_20251002111135.jpg", "bildefil3": "https://data.kartverket.no/tilgjengelighet/tilgjengelighet/4601_TettstedHCparkering_20251002111136.jpg", "bilde1_t": "https://data.kartverket.no/tilgjengelighet/tilgjengelighet_thumb/4601_TettstedHCparkering_20251002111134_t.jpg", "bilde2_t": "https://data.kartverket.no/tilgjengelighet/tilgjengelighet_thumb/4601_TettstedHCparkering_20251002111135_t.jpg", "bilde3_t": "https://data.kartverket.no/tilgjengelighet/tilgjengelighet_thumb/4601_TettstedHCparkering_20251002111136_t.jpg"}}, {"type": "Feature", "id": 356, "geometry": {"type": "Point", "coordinates": [5.343963999887422, 60.39096599957996]}, "properties": {"OBJECTID": 356, "adressenavn": "Ole Irgens' vei", "informasjon": null, "gatelangsparkering": "Ja", "fortauskant_mindre_enn25cm": "Nei", "overbygg_parkeringsplaa": "Nei", "stigninggrader": 6, "byggingpagar": "Nei", "bredde_cm": null, "lengde_cm": null, "bildefil1": "https://data.kartverket.no/tilgjengelighet/tilgjengelighet/4601_TettstedHCparkering_20251002113330.jpg", "bildefil2": "https://data.kartverket.no/tilgjengelighet/tilgjengelighet/4601_TettstedHCparkering_20251002113331.jpg", "bildefil3": "https://data.kartverket.no/tilgjengelighet/tilgjengelighet/4601_TettstedHCparkering_20251002113546.jpg", "bilde1_t": "https://data.kartverket.no/tilgjengelighet/tilgjengelighet_thumb/4601_TettstedHCparkering_20251002113330_t.jpg", "bilde2_t": "https://data.kartverket.no/tilgjengelighet/tilgjengelighet_thumb/4601_TettstedHCparkering_20251002113331_t.jpg", "bilde3_t": "https://data.kartverket.no/tilgjengelighet/tilgjengelighet_thumb/4601_TettstedHCparkering_20251002113546_t.jpg"}}, {"type": "Feature", "id": 357, "geometry": {"type": "Point", "coordinates": [5.331588000674643, 60.38444999994038]}, "properties": {"OBJECTID": 357, "adressenavn": "Johannes Bruns gate", "informasjon": "Parkering forbudt over 3 timer melliom 8-17", "gatelangsparkering": "Ja", "fortauskant_mindre_enn25cm": "Ja", "overbygg_parkeringsplaa": "Nei", "stigninggrader": 3, "byggingpagar": "Ja", "bredde_cm": 250, "lengde_cm": 650, "bildefil1": "https://data.kartverket.no/tilgjengelighet/tilgjengelighet/4601_TettstedHCparkering_20230704094222.jpg", "bildefil2": "https://data.kartverket.no/tilgjengelighet/tilgjengelighet/4601_TettstedHCparkering_20230704094223.jpg", "bildefil3": "https://data.kartverket.no/tilgjengelighet/tilgjengelighet/4601_TettstedHCparkering_20230704094224.jpg", "bilde1_t": "https://data.kartverket.no/tilgjengelighet/tilgjengelighet_thumb/4601_TettstedHCparkering_20230704094222_t.jpg", "bilde2_t": "https://data.kartverket.no/tilgjengelighet/tilgjengelighet_thumb/4601_TettstedHCparkering_20230704094223_t.jpg", "bilde3_t": "https://data.kartverket.no/tilgjengelighet/tilgjengelighet_thumb/4601_TettstedHCparkering_20230704094224_t.jpg"}}, {"type": "Feature", "id": 358, "geometry": {"type": "Point", "coordinates": [5.330922999855785, 60.38611000008741]}, "properties": {"OBJECTID": 358, "adressenavn": "Hans Tanks gate", "informasjon": null, "gatelangsparkering": "Ja", "fortauskant_mindre_enn25cm": "Ja", "overbygg_parkeringsplaa": "Nei", "stigninggrader": 2, "byggingpagar": "Nei", "bredde_cm": null, "lengde_cm": null, "bildefil1": "https://data.kartverket.no/tilgjengelighet/tilgjengelighet/4601_TettstedHCparkering_20230924114027.jpg", "bildefil2": "https://data.kartverket.no/tilgjengelighet/tilgjengelighet/4601_TettstedHCparkering_20230924114028.jpg", "bildefil3": "https://data.kartverket.no/tilgjengelighet/tilgjengelighet/4601_TettstedHCparkering_20230924114029.jpg", "bilde1_t": "https://data.kartverket.no/tilgjengelighet/tilgjengelighet_thumb/4601_TettstedHCparkering_20230924114027_t.jpg", "bilde2_t": "https://data.kartverket.no/tilgjengelighet/tilgjengelighet_thumb/4601_TettstedHCparkering_20230924114028_t.jpg", "bilde3_t": "https://data.kartverket.no/tilgjengelighet/tilgjengelighet_thumb/4601_TettstedHCparkering_20230924114029_t.jpg"}}, {"type": "Feature", "id": 359, "geometry": {"type": "Point", "coordinates": [5.327330000052868, 60.39965999963842]}, "properties": {"OBJECTID": 359, "adressenavn": "Henrik Wergelands gate", "informasjon": null, "gatelangsparkering": "Ja", "fortauskant_mindre_enn25cm": "Ja", "overbygg_parkeringsplaa": "Nei", "stigninggrader": 8, "byggingpagar": "Nei", "bredde_cm": null, "lengde_cm": null, "bildefil1": "https://data.kartverket.no/tilgjengelighet/tilgjengelighet/4601_TettstedHCparkering_20251002133218.jpg", "bildefil2": "https://data.kartverket.no/tilgjengelighet/tilgjengelighet/4601_TettstedHCparkering_20251002133219.jpg", "bildefil3": "https://data.kartverket.no/tilgjengelighet/tilgjengelighet/4601_TettstedHCparkering_20251002133220.jpg", "bilde1_t": "https://data.kartverket.no/tilgjengelighet/tilgjengelighet_thumb/4601_TettstedHCparkering_20251002133218_t.jpg", "bilde2_t": "https://data.kartverket.no/tilgjengelighet/tilgjengelighet_thumb/4601_TettstedHCparkering_20251002133219_t.jpg", "bilde3_t": "https://data.kartverket.no/tilgjengelighet/tilgjengelighet_thumb/4601_TettstedHCparkering_20251002133220_t.jpg"}}, {"type": "Feature", "id": 360, "geometry": {"type": "Point", "coordinates": [5.320153999413067, 60.412929000171125]}, "properties": {"OBJECTID": 360, "adressenavn": "Måseskjæret", "informasjon": null, "gatelangsparkering": "Ja", "fortauskant_mindre_enn25cm": "Ja", "overbygg_parkeringsplaa": "Nei", "stigninggrader": 1, "byggingpagar": "Nei", "bredde_cm": null, "lengde_cm": null, "bildefil1": "https://data.kartverket.no/tilgjengelighet/tilgjengelighet/4601_TettstedHCparkering_20251002135236.jpg", "bildefil2": "https://data.kartverket.no/tilgjengelighet/tilgjengelighet/4601_TettstedHCparkering_20251002135846.jpg", "bildefil3": "https://data.kartverket.no/tilgjengelighet/tilgjengelighet/4601_TettstedHCparkering_20251002135847.jpg", "bilde1_t": "https://data.kartverket.no/tilgjengelighet/tilgjengelighet_thumb/4601_TettstedHCparkering_20251002135236_t.jpg", "bilde2_t": "https://data.kartverket.no/tilgjengelighet/tilgjengelighet_thumb/4601_TettstedHCparkering_20251002135846_t.jpg", "bilde3_t": "https://data.kartverket.no/tilgjengelighet/tilgjengelighet_thumb/4601_TettstedHCparkering_20251002135847_t.jpg"}}, {"type": "Feature", "id": 361, "geometry": {"type": "Point", "coordinates": [5.320609999780593, 60.398657999845824]}, "properties": {"OBJECTID": 361, "adressenavn": "Bradbenken", "informasjon": null, "gatelangsparkering": "Ja", "fortauskant_mindre_enn25cm": "Nei", "overbygg_parkeringsplaa": "Nei", "stigninggrader": 3, "byggingpagar": "Nei", "bredde_cm": 460, "lengde_cm": 500, "bildefil1": "https://data.kartverket.no/tilgjengelighet/tilgjengelighet/4601_TettstedHCparkering_20251002141140.jpg", "bildefil2": "https://data.kartverket.no/tilgjengelighet/tilgjengelighet/4601_TettstedHCparkering_20251002141141.jpg", "bildefil3": "https://data.kartverket.no/tilgjengelighet/tilgjengelighet/4601_TettstedHCparkering_20251002141142.jpg", "bilde1_t": "https://data.kartverket.no/tilgjengelighet/tilgjengelighet_thumb/4601_TettstedHCparkering_20251002141140_t.jpg", "bilde2_t": "https://data.kartverket.no/tilgjengelighet/tilgjengelighet_thumb/4601_TettstedHCparkering_20251002141141_t.jpg", "bilde3_t": "https://data.kartverket.no/tilgjengelighet/tilgjengelighet_thumb/4601_TettstedHCparkering_20251002141142_t.jpg"}}, {"type": "Feature", "id": 362, "geometry": {"type": "Point", "coordinates": [5.320424999322393, 60.398701999711975]}, "properties": {"OBJECTID": 362, "adressenavn": "Bradbenken", "informasjon": null, "gatelangsparkering": "Ja", "fortauskant_mindre_enn25cm": "Nei", "overbygg_parkeringsplaa": "Nei", "stigninggrader": 4, "byggingpagar": "Nei", "bredde_cm": 480, "lengde_cm": 500, "bildefil1": "https://data.kartverket.no/tilgjengelighet/tilgjengelighet/4601_TettstedHCparkering_20251002141611.jpg", "bildefil2": "https://data.kartverket.no/tilgjengelighet/tilgjengelighet/4601_TettstedHCparkering_20251002141612.jpg", "bildefil3": "https://data.kartverket.no/tilgjengelighet/tilgjengelighet/4601_TettstedHCparkering_20251002141613.jpg", "bilde1_t": "https://data.kartverket.no/tilgjengelighet/tilgjengelighet_thumb/4601_TettstedHCparkering_20251002141611_t.jpg", "bilde2_t": "https://data.kartverket.no/tilgjengelighet/tilgjengelighet_thumb/4601_TettstedHCparkering_20251002141612_t.jpg", "bilde3_t": "https://data.kartverket.no/tilgjengelighet/tilgjengelighet_thumb/4601_TettstedHCparkering_20251002141613_t.jpg"}}, {"type": "Feature", "id": 363, "geometry": {"type": "Point", "coordinates": [5.3288499998314185, 60.395025999943755]}, "properties": {"OBJECTID": 363, "adressenavn": "Øvre Korskirkeallmenningen", "informasjon": "Sentrum parkering", "gatelangsparkering": "Ja", "fortauskant_mindre_enn25cm": "Nei", "overbygg_parkeringsplaa": "Nei", "stigninggrader": 3, "byggingpagar": "Nei", "bredde_cm": 50, "lengde_cm": 40, "bildefil1": "https://data.kartverket.no/tilgjengelighet/tilgjengelighet/4601_TettstedHCparkering_20251003111258.jpg", "bildefil2": "https://data.kartverket.no/tilgjengelighet/tilgjengelighet/4601_TettstedHCparkering_20251003111259.jpg", "bildefil3": "https://data.kartverket.no/tilgjengelighet/tilgjengelighet/4601_TettstedHCparkering_20251003111408.jpg", "bilde1_t": "https://data.kartverket.no/tilgjengelighet/tilgjengelighet_thumb/4601_TettstedHCparkering_20251003111258_t.jpg", "bilde2_t": "https://data.kartverket.no/tilgjengelighet/tilgjengelighet_thumb/4601_TettstedHCparkering_20251003111259_t.jpg", "bilde3_t": "https://data.kartverket.no/tilgjengelighet/tilgjengelighet_thumb/4601_TettstedHCparkering_20251003111408_t.jpg"}}, {"type": "Feature", "id": 364, "geometry": {"type": "Point", "coordinates": [5.328767000407187, 60.39501100039417]}, "properties": {"OBJECTID": 364, "adressenavn": "Øvre Korskirkeallmenningen", "informasjon": "Sentrum parkering", "gatelangsparkering": "Ja", "fortauskant_mindre_enn25cm": "Nei", "overbygg_parkeringsplaa": "Nei", "stigninggrader": 4, "byggingpagar": "Nei", "bredde_cm": 50, "lengde_cm": 40, "bildefil1": "https://data.kartverket.no/tilgjengelighet/tilgjengelighet/4601_TettstedHCparkering_20251003111737.jpg", "bildefil2": "https://data.kartverket.no/tilgjengelighet/tilgjengelighet/4601_TettstedHCparkering_20251003111738.jpg", "bildefil3": "https://data.kartverket.no/tilgjengelighet/tilgjengelighet/4601_TettstedHCparkering_20251003111739.jpg", "bilde1_t": "https://data.kartverket.no/tilgjengelighet/tilgjengelighet_thumb/4601_TettstedHCparkering_20251003111737_t.jpg", "bilde2_t": "https://data.kartverket.no/tilgjengelighet/tilgjengelighet_thumb/4601_TettstedHCparkering_20251003111738_t.jpg", "bilde3_t": "https://data.kartverket.no/tilgjengelighet/tilgjengelighet_thumb/4601_TettstedHCparkering_20251003111739_t.jpg"}}, {"type": "Feature", "id": 365, "geometry": {"type": "Point", "coordinates": [5.321901000784822, 60.393196999934126]}, "properties": {"OBJECTID": 365, "adressenavn": "Christian Michelsens gate", "informasjon": null, "gatelangsparkering": "Ja", "fortauskant_mindre_enn25cm": "Nei", "overbygg_parkeringsplaa": "Nei", "stigninggrader": 3, "byggingpagar": "Nei", "bredde_cm": 250, "lengde_cm": 500, "bildefil1": "https://data.kartverket.no/tilgjengelighet/tilgjengelighet/4601_TettstedHCparkering_20251006131814.jpg", "bildefil2": "https://data.kartverket.no/tilgjengelighet/tilgjengelighet/4601_TettstedHCparkering_20251006131815.jpg", "bildefil3": "https://data.kartverket.no/tilgjengelighet/tilgjengelighet/4601_TettstedHCparkering_20251006131816.jpg", "bilde1_t": "https://data.kartverket.no/tilgjengelighet/tilgjengelighet_thumb/4601_TettstedHCparkering_20251006131814_t.jpg", "bilde2_t": "https://data.kartverket.no/tilgjengelighet/tilgjengelighet_thumb/4601_TettstedHCparkering_20251006131815_t.jpg", "bilde3_t": "https://data.kartverket.no/tilgjengelighet/tilgjengelighet_thumb/4601_TettstedHCparkering_20251006131816_t.jpg"}}, {"type": "Feature", "id": 366, "geometry": {"type": "Point", "coordinates": [5.32183600057135, 60.39317900000423]}, "properties": {"OBJECTID": 366, "adressenavn": "Christian Michelsens gate", "informasjon": null, "gatelangsparkering": "Ja", "fortauskant_mindre_enn25cm": "Nei", "overbygg_parkeringsplaa": "Nei", "stigninggrader": 3, "byggingpagar": "Nei", "bredde_cm": 250, "lengde_cm": 500, "bildefil1": "https://data.kartverket.no/tilgjengelighet/tilgjengelighet/4601_TettstedHCparkering_20251006132034.jpg", "bildefil2": "https://data.kartverket.no/tilgjengelighet/tilgjengelighet/4601_TettstedHCparkering_20251006132035.jpg", "bildefil3": "https://data.kartverket.no/tilgjengelighet/tilgjengelighet/4601_TettstedHCparkering_20251006132036.jpg", "bilde1_t": "https://data.kartverket.no/tilgjengelighet/tilgjengelighet_thumb/4601_TettstedHCparkering_20251006132034_t.jpg", "bilde2_t": "https://data.kartverket.no/tilgjengelighet/tilgjengelighet_thumb/4601_TettstedHCparkering_20251006132035_t.jpg", "bilde3_t": "https://data.kartverket.no/tilgjengelighet/tilgjengelighet_thumb/4601_TettstedHCparkering_20251006132036_t.jpg"}}, {"type": "Feature", "id": 367, "geometry": {"type": "Point", "coordinates": [5.2947999991721115, 60.42830100009343]}, "properties": {"OBJECTID": 367, "adressenavn": "Helleveien", "informasjon": null, "gatelangsparkering": "Nei", "fortauskant_mindre_enn25cm": null, "overbygg_parkeringsplaa": "Nei", "stigninggrader": null, "byggingpagar": "Nei", "bredde_cm": 21, "lengde_cm": 60, "bildefil1": null, "bildefil2": null, "bildefil3": null, "bilde1_t": null, "bilde2_t": null, "bilde3_t": null}}, {"type": "Feature", "id": 368, "geometry": {"type": "Point", "coordinates": [5.324057000629095, 60.30750899988178]}, "properties": {"OBJECTID": 368, "adressenavn": "Nordåsgrenda", "informasjon": null, "gatelangsparkering": "Nei", "fortauskant_mindre_enn25cm": null, "overbygg_parkeringsplaa": "Nei", "stigninggrader": null, "byggingpagar": "Nei", "bredde_cm": null, "lengde_cm": null, "bildefil1": "https://data.kartverket.no/tilgjengelighet/tilgjengelighet/4601_tettstedhcparkering_20260513155327_950f4e2c-7111-452d-ae57-9b0d8e2e25bb_2.jpg", "bildefil2": "https://data.kartverket.no/tilgjengelighet/tilgjengelighet/4601_tettstedhcparkering_20260513155327_945eee6d-0c62-414c-8131-4f9c5667d46a_3.jpg", "bildefil3": null, "bilde1_t": "https://data.kartverket.no/tilgjengelighet/tilgjengelighet_thumb/4601_tettstedhcparkering_20260513155327_950f4e2c-7111-452d-ae57-9b0d8e2e25bb_2_t.jpg", "bilde2_t": "https://data.kartverket.no/tilgjengelighet/tilgjengelighet_thumb/4601_tettstedhcparkering_20260513155327_945eee6d-0c62-414c-8131-4f9c5667d46a_3_t.jpg", "bilde3_t": null}}, {"type": "Feature", "id": 369, "geometry": {"type": "Point", "coordinates": [5.325922999587217, 60.38399300023531]}, "properties": {"OBJECTID": 369, "adressenavn": "Welhavens gate", "informasjon": null, "gatelangsparkering": "Ja", "fortauskant_mindre_enn25cm": "Ja", "overbygg_parkeringsplaa": "Nei", "stigninggrader": 4, "byggingpagar": "Nei", "bredde_cm": null, "lengde_cm": null, "bildefil1": "https://data.kartverket.no/tilgjengelighet/tilgjengelighet/4601_tettstedhcparkering_20260613084904_3e82925b-73a3-4511-a436-4264237043cd_1.jpg", "bildefil2": "https://data.kartverket.no/tilgjengelighet/tilgjengelighet/4601_tettstedhcparkering_20260613084917_ac5081f1-870f-4d65-b2dc-de5ff4100067_2.jpg", "bildefil3": "https://data.kartverket.no/tilgjengelighet/tilgjengelighet/4601_tettstedhcparkering_20260613084936_446e0cf9-a10f-44c4-9e4b-e5c1ec139b54_3.jpg", "bilde1_t": "https://data.kartverket.no/tilgjengelighet/tilgjengelighet_thumb/4601_tettstedhcparkering_20260613084904_3e82925b-73a3-4511-a436-4264237043cd_1_t.jpg", "bilde2_t": "https://data.kartverket.no/tilgjengelighet/tilgjengelighet_thumb/4601_tettstedhcparkering_20260613084917_ac5081f1-870f-4d65-b2dc-de5ff4100067_2_t.jpg", "bilde3_t": "https://data.kartverket.no/tilgjengelighet/tilgjengelighet_thumb/4601_tettstedhcparkering_20260613084936_446e0cf9-a10f-44c4-9e4b-e5c1ec139b54_3_t.jpg"}}, {"type": "Feature", "id": 370, "geometry": {"type": "Point", "coordinates": [5.3642350008469375, 60.35818799994477]}, "properties": {"OBJECTID": 370, "adressenavn": "Kristofer Jansons vei", "informasjon": "Gjelder 1 time mellom 07-17", "gatelangsparkering": "Ja", "fortauskant_mindre_enn25cm": "Ja", "overbygg_parkeringsplaa": "Nei", "stigninggrader": 3.4, "byggingpagar": "Ja", "bredde_cm": 21, "lengde_cm": 65, "bildefil1": "https://data.kartverket.no/tilgjengelighet/tilgjengelighet/4601_tettstedhcparkering_20260613092012_50528dfc-afc9-40e3-a5c6-4ec6a15a4eb9_1.jpg", "bildefil2": "https://data.kartverket.no/tilgjengelighet/tilgjengelighet/4601_tettstedhcparkering_20260613092012_198bad09-b365-45b9-be84-978fccf7da1e_2.jpg", "bildefil3": "https://data.kartverket.no/tilgjengelighet/tilgjengelighet/4601_tettstedhcparkering_20260613092012_857c05c6-13ff-4913-9397-a6e1eb356884_3.jpg", "bilde1_t": "https://data.kartverket.no/tilgjengelighet/tilgjengelighet_thumb/4601_tettstedhcparkering_20260613092012_50528dfc-afc9-40e3-a5c6-4ec6a15a4eb9_1_t.jpg", "bilde2_t": "https://data.kartverket.no/tilgjengelighet/tilgjengelighet_thumb/4601_tettstedhcparkering_20260613092012_198bad09-b365-45b9-be84-978fccf7da1e_2_t.jpg", "bilde3_t": "https://data.kartverket.no/tilgjengelighet/tilgjengelighet_thumb/4601_tettstedhcparkering_20260613092012_857c05c6-13ff-4913-9397-a6e1eb356884_3_t.jpg"}}, {"type": "Feature", "id": 371, "geometry": {"type": "Point", "coordinates": [5.3585309994111086, 60.31362000026362]}, "properties": {"OBJECTID": 371, "adressenavn": "Osvegen", "informasjon": null, "gatelangsparkering": "Nei", "fortauskant_mindre_enn25cm": null, "overbygg_parkeringsplaa": "Nei", "stigninggrader": null, "byggingpagar": "Nei", "bredde_cm": 37, "lengde_cm": 50, "bildefil1": "https://data.kartverket.no/tilgjengelighet/tilgjengelighet/4601_tettstedhcparkering_20260618140002_f446746a-aa53-4c21-a186-f72d4972d690_1.jpg", "bildefil2": "https://data.kartverket.no/tilgjengelighet/tilgjengelighet/4601_tettstedhcparkering_20260618140014_39f0d89a-dbe7-4572-8e72-d80951dd3635_2.jpg", "bildefil3": "https://data.kartverket.no/tilgjengelighet/tilgjengelighet/4601_tettstedhcparkering_20260618140036_6ddec3b3-1520-4dfe-b733-e6d91da21ae0_3.jpg", "bilde1_t": "https://data.kartverket.no/tilgjengelighet/tilgjengelighet_thumb/4601_tettstedhcparkering_20260618140002_f446746a-aa53-4c21-a186-f72d4972d690_1_t.jpg", "bilde2_t": "https://data.kartverket.no/tilgjengelighet/tilgjengelighet_thumb/4601_tettstedhcparkering_20260618140014_39f0d89a-dbe7-4572-8e72-d80951dd3635_2_t.jpg", "bilde3_t": "https://data.kartverket.no/tilgjengelighet/tilgjengelighet_thumb/4601_tettstedhcparkering_20260618140036_6ddec3b3-1520-4dfe-b733-e6d91da21ae0_3_t.jpg"}}, {"type": "Feature", "id": 372, "geometry": {"type": "Point", "coordinates": [5.358462999235745, 60.31363499955978]}, "properties": {"OBJECTID": 372, "adressenavn": "Osvegen", "informasjon": null, "gatelangsparkering": "Nei", "fortauskant_mindre_enn25cm": null, "overbygg_parkeringsplaa": "Nei", "stigninggrader": null, "byggingpagar": "Nei", "bredde_cm": 55, "lengde_cm": 50, "bildefil1": "https://data.kartverket.no/tilgjengelighet/tilgjengelighet/4601_tettstedhcparkering_20260618140847_2a5b0892-1f55-4e2d-b70f-e462bf395f1e_1.jpg", "bildefil2": "https://data.kartverket.no/tilgjengelighet/tilgjengelighet/4601_tettstedhcparkering_20260618140847_4d20038a-20d3-4cf3-93fd-1cdda1836fb0_2.jpg", "bildefil3": "https://data.kartverket.no/tilgjengelighet/tilgjengelighet/4601_tettstedhcparkering_20260618140847_930e3ef1-f76b-42a5-b4ee-1a382c6c22cb_3.jpg", "bilde1_t": "https://data.kartverket.no/tilgjengelighet/tilgjengelighet_thumb/4601_tettstedhcparkering_20260618140847_2a5b0892-1f55-4e2d-b70f-e462bf395f1e_1_t.jpg", "bilde2_t": "https://data.kartverket.no/tilgjengelighet/tilgjengelighet_thumb/4601_tettstedhcparkering_20260618140847_4d20038a-20d3-4cf3-93fd-1cdda1836fb0_2_t.jpg", "bilde3_t": "https://data.kartverket.no/tilgjengelighet/tilgjengelighet_thumb/4601_tettstedhcparkering_20260618140847_930e3ef1-f76b-42a5-b4ee-1a382c6c22cb_3_t.jpg"}}, {"type": "Feature", "id": 373, "geometry": {"type": "Point", "coordinates": [5.305226000231589, 60.43733199978966]}, "properties": {"OBJECTID": 373, "adressenavn": "Kongleveien", "informasjon": null, "gatelangsparkering": "Ja", "fortauskant_mindre_enn25cm": "Ja", "overbygg_parkeringsplaa": "Nei", "stigninggrader": 5.5, "byggingpagar": "Nei", "bredde_cm": 45, "lengde_cm": 75, "bildefil1": "https://data.kartverket.no/tilgjengelighet/tilgjengelighet/4601_tettstedhcparkering_20260619144852_25728d4a-1fd8-4c26-b3bc-3a910ef30a3f_1.jpg", "bildefil2": "https://data.kartverket.no/tilgjengelighet/tilgjengelighet/4601_tettstedhcparkering_20260619144900_2d2c603c-d999-40f0-ba26-6ce698602631_2.jpg", "bildefil3": "https://data.kartverket.no/tilgjengelighet/tilgjengelighet/4601_tettstedhcparkering_20260619144913_892bd39d-c1ed-4458-a2c0-0ec84a964de6_3.jpg", "bilde1_t": "https://data.kartverket.no/tilgjengelighet/tilgjengelighet_thumb/4601_tettstedhcparkering_20260619144852_25728d4a-1fd8-4c26-b3bc-3a910ef30a3f_1_t.jpg", "bilde2_t": "https://data.kartverket.no/tilgjengelighet/tilgjengelighet_thumb/4601_tettstedhcparkering_20260619144900_2d2c603c-d999-40f0-ba26-6ce698602631_2_t.jpg", "bilde3_t": "https://data.kartverket.no/tilgjengelighet/tilgjengelighet_thumb/4601_tettstedhcparkering_20260619144913_892bd39d-c1ed-4458-a2c0-0ec84a964de6_3_t.jpg"}}, {"type": "Feature", "id": 374, "geometry": {"type": "Point", "coordinates": [5.305177000346907, 60.437313000180204]}, "properties": {"OBJECTID": 374, "adressenavn": "Kongleveien", "informasjon": null, "gatelangsparkering": "Ja", "fortauskant_mindre_enn25cm": "Ja", "overbygg_parkeringsplaa": "Nei", "stigninggrader": 4.7, "byggingpagar": "Nei", "bredde_cm": 43, "lengde_cm": 75, "bildefil1": "https://data.kartverket.no/tilgjengelighet/tilgjengelighet/4601_tettstedhcparkering_20260619144954_1c083584-4118-4bec-ac68-cc6fb04cad1a_1.jpg", "bildefil2": "https://data.kartverket.no/tilgjengelighet/tilgjengelighet/4601_tettstedhcparkering_20260619145005_5a589881-b9bf-420a-ae84-dacda6c53781_2.jpg", "bildefil3": "https://data.kartverket.no/tilgjengelighet/tilgjengelighet/4601_tettstedhcparkering_20260619145013_f16bbdc2-d064-4780-bbca-23fe9fe4efa8_3.jpg", "bilde1_t": "https://data.kartverket.no/tilgjengelighet/tilgjengelighet_thumb/4601_tettstedhcparkering_20260619144954_1c083584-4118-4bec-ac68-cc6fb04cad1a_1_t.jpg", "bilde2_t": "https://data.kartverket.no/tilgjengelighet/tilgjengelighet_thumb/4601_tettstedhcparkering_20260619145005_5a589881-b9bf-420a-ae84-dacda6c53781_2_t.jpg", "bilde3_t": "https://data.kartverket.no/tilgjengelighet/tilgjengelighet_thumb/4601_tettstedhcparkering_20260619145013_f16bbdc2-d064-4780-bbca-23fe9fe4efa8_3_t.jpg"}}, {"type": "Feature", "id": 375, "geometry": {"type": "Point", "coordinates": [5.305130000200723, 60.43728500038421]}, "properties": {"OBJECTID": 375, "adressenavn": "Kongleveien", "informasjon": null, "gatelangsparkering": "Ja", "fortauskant_mindre_enn25cm": "Ja", "overbygg_parkeringsplaa": "Nei", "stigninggrader": 3.3, "byggingpagar": "Nei", "bredde_cm": 45, "lengde_cm": 75, "bildefil1": "https://data.kartverket.no/tilgjengelighet/tilgjengelighet/4601_tettstedhcparkering_20260619145156_6895ef25-d516-48f0-8f5d-1381fb2ebc9e_1.jpg", "bildefil2": "https://data.kartverket.no/tilgjengelighet/tilgjengelighet/4601_tettstedhcparkering_20260619145206_4b848838-8318-4464-a35d-1ddcc922a1b1_2.jpg", "bildefil3": "https://data.kartverket.no/tilgjengelighet/tilgjengelighet/4601_tettstedhcparkering_20260619145213_cca4464f-bb5e-451b-984e-0a88b0b99bff_3.jpg", "bilde1_t": "https://data.kartverket.no/tilgjengelighet/tilgjengelighet_thumb/4601_tettstedhcparkering_20260619145156_6895ef25-d516-48f0-8f5d-1381fb2ebc9e_1_t.jpg", "bilde2_t": "https://data.kartverket.no/tilgjengelighet/tilgjengelighet_thumb/4601_tettstedhcparkering_20260619145206_4b848838-8318-4464-a35d-1ddcc922a1b1_2_t.jpg", "bilde3_t": "https://data.kartverket.no/tilgjengelighet/tilgjengelighet_thumb/4601_tettstedhcparkering_20260619145213_cca4464f-bb5e-451b-984e-0a88b0b99bff_3_t.jpg"}}, {"type": "Feature", "id": 376, "geometry": {"type": "Point", "coordinates": [5.293653999321532, 60.42816800043632]}, "properties": {"OBJECTID": 376, "adressenavn": "Helleveien", "informasjon": null, "gatelangsparkering": "Ja", "fortauskant_mindre_enn25cm": "Ja", "overbygg_parkeringsplaa": "Nei", "stigninggrader": 0.3, "byggingpagar": "Nei", "bredde_cm": 22, "lengde_cm": 49, "bildefil1": "https://data.kartverket.no/tilgjengelighet/tilgjengelighet/4601_tettstedhcparkering_20260630164400_a4ba16d7-9c61-4065-8098-176d680ad508_1.jpg", "bildefil2": "https://data.kartverket.no/tilgjengelighet/tilgjengelighet/4601_tettstedhcparkering_20260630164400_a19ee901-6913-4fe1-9196-4bf193646362_2.jpg", "bildefil3": "https://data.kartverket.no/tilgjengelighet/tilgjengelighet/4601_tettstedhcparkering_20260630164400_bf28e561-3abc-41ed-b8cb-78ab19b8b7ca_3.jpg", "bilde1_t": "https://data.kartverket.no/tilgjengelighet/tilgjengelighet_thumb/4601_tettstedhcparkering_20260630164400_a4ba16d7-9c61-4065-8098-176d680ad508_1_t.jpg", "bilde2_t": "https://data.kartverket.no/tilgjengelighet/tilgjengelighet_thumb/4601_tettstedhcparkering_20260630164400_a19ee901-6913-4fe1-9196-4bf193646362_2_t.jpg", "bilde3_t": "https://data.kartverket.no/tilgjengelighet/tilgjengelighet_thumb/4601_tettstedhcparkering_20260630164400_bf28e561-3abc-41ed-b8cb-78ab19b8b7ca_3_t.jpg"}}, {"type": "Feature", "id": 377, "geometry": {"type": "Point", "coordinates": [5.324009999509077, 60.40512400020705]}, "properties": {"OBJECTID": 377, "adressenavn": "Ladegårdsgaten", "informasjon": null, "gatelangsparkering": "Ja", "fortauskant_mindre_enn25cm": "Ja", "overbygg_parkeringsplaa": "Nei", "stigninggrader": 6.1, "byggingpagar": "Nei", "bredde_cm": null, "lengde_cm": null, "bildefil1": "https://data.kartverket.no/tilgjengelighet/tilgjengelighet/4601_tettstedhcparkering_20260630180254_b2b53a7d-c22a-436a-82b8-7706da8dc6f4_1.jpg", "bildefil2": "https://data.kartverket.no/tilgjengelighet/tilgjengelighet/4601_tettstedhcparkering_20260630180422_6270e7b3-303d-4d56-add2-95a53039dac4_2.jpg", "bildefil3": "https://data.kartverket.no/tilgjengelighet/tilgjengelighet/4601_tettstedhcparkering_20260630180433_4fac6e27-d1a0-43ae-adc4-ee69f1cecb6d_3.jpg", "bilde1_t": "https://data.kartverket.no/tilgjengelighet/tilgjengelighet_thumb/4601_tettstedhcparkering_20260630180254_b2b53a7d-c22a-436a-82b8-7706da8dc6f4_1_t.jpg", "bilde2_t": "https://data.kartverket.no/tilgjengelighet/tilgjengelighet_thumb/4601_tettstedhcparkering_20260630180422_6270e7b3-303d-4d56-add2-95a53039dac4_2_t.jpg", "bilde3_t": "https://data.kartverket.no/tilgjengelighet/tilgjengelighet_thumb/4601_tettstedhcparkering_20260630180433_4fac6e27-d1a0-43ae-adc4-ee69f1cecb6d_3_t.jpg"}}, {"type": "Feature", "id": 378, "geometry": {"type": "Point", "coordinates": [5.313781999778816, 60.39440599957057]}, "properties": {"OBJECTID": 378, "adressenavn": "Skottegaten", "informasjon": null, "gatelangsparkering": "Ja", "fortauskant_mindre_enn25cm": "Ja", "overbygg_parkeringsplaa": "Nei", "stigninggrader": 6, "byggingpagar": "Nei", "bredde_cm": null, "lengde_cm": null, "bildefil1": "https://data.kartverket.no/tilgjengelighet/tilgjengelighet/4601_tettstedhcparkering_20260727155428_696ee0ce-2a89-47e4-9928-2a483f8677a3_1.jpg", "bildefil2": "https://data.kartverket.no/tilgjengelighet/tilgjengelighet/4601_tettstedhcparkering_20260727155439_01e94eaf-52fa-41ee-90d5-7ef6809a3d7a_2.jpg", "bildefil3": "https://data.kartverket.no/tilgjengelighet/tilgjengelighet/4601_tettstedhcparkering_20260727155449_7d9c7811-9848-4168-912b-01acc74bae58_3.jpg", "bilde1_t": "https://data.kartverket.no/tilgjengelighet/tilgjengelighet_thumb/4601_tettstedhcparkering_20260727155428_696ee0ce-2a89-47e4-9928-2a483f8677a3_1_t.jpg", "bilde2_t": "https://data.kartverket.no/tilgjengelighet/tilgjengelighet_thumb/4601_tettstedhcparkering_20260727155439_01e94eaf-52fa-41ee-90d5-7ef6809a3d7a_2_t.jpg", "bilde3_t": "https://data.kartverket.no/tilgjengelighet/tilgjengelighet_thumb/4601_tettstedhcparkering_20260727155449_7d9c7811-9848-4168-912b-01acc74bae58_3_t.jpg"}}]}