{"type": "FeatureCollection", "features": [{"type": "Feature", "properties": {"nvdb_id": 487080089, "type": 47, "Areal": 50, "Dekketype": "Asfalt", "Bruksområde": "Lomme, generell", "Vinteråpen": "Ja", "vegsystem": "FV584 S1D40 m65-89", "veglenkesekvenser": [1691690]}, "geometry": {"type": "LineString", "coordinates": [[5.33672944, 60.37682535], [5.33672247, 60.37683473], [5.33667815, 60.37689073], [5.33664474, 60.3769279], [5.33661155, 60.37696255], [5.33656794, 60.37701308], [5.33656101, 60.37702139]]}}, {"type": "Feature", "properties": {"nvdb_id": 207718854, "type": 47, "Areal": 20, "Dekketype": "Asfalt", "Bruksområde": "Busslomme", "Vinteråpen": "Ja", "vegsystem": "FV584 S1D1 m1949-1970", "veglenkesekvenser": [805142]}, "geometry": {"type": "LineString", "coordinates": [[5.33104145, 60.37710186], [5.33081967, 60.3771486], [5.33069305, 60.37717531]]}}, {"type": "Feature", "properties": {"nvdb_id": 82571759, "type": 47, "Areal": 20, "Dekketype": "Asfalt", "Bruksområde": "Busslomme", "Vinteråpen": "Ja", "vegsystem": "FV584 S1D1 m1970-1990", "veglenkesekvenser": [805142]}, "geometry": {"type": "LineString", "coordinates": [[5.33069305, 60.37717531], [5.33051741, 60.37721237], [5.33038759, 60.37724265], [5.33036288, 60.37724773]]}}, {"type": "Feature", "properties": {"nvdb_id": 1019261866, "type": 47, "Bredde": 3.0, "Lengde med full bredde": 30.0, "Belysning": "Ja, belyst av gatebelysning", "Spesielt parkeringsformål": "Teknisk rom", "Bruksområde": "Havarilomme", "Tilleggsinformasjon": "Overført fra vegobjekt 804.", "vegsystem": "FV540 S1D1 m682-712", "veglenkesekvenser": [804949]}, "geometry": {"type": "LineString", "coordinates": [[5.30833337, 60.37601392], [5.30810129, 60.37577153]]}}, {"type": "Feature", "properties": {"nvdb_id": 1019261755, "type": 47, "Bredde": 3.0, "Lengde med full bredde": 25.0, "Belysning": "Nei", "Spesielt parkeringsformål": "Nei", "Bruksområde": "Havarilomme", "Tilleggsinformasjon": "Overført fra vegobjekt 804.", "vegsystem": "FV540 S1D1 m582-607", "veglenkesekvenser": [804949]}, "geometry": {"type": "LineString", "coordinates": [[5.30910268, 60.37681739], [5.30890927, 60.3766154]]}}, {"type": "Feature", "properties": {"nvdb_id": 207718855, "type": 47, "Areal": 20, "Dekketype": "Asfalt", "Bruksområde": "Busslomme", "Vinteråpen": "Ja", "vegsystem": "FV584 S1D1 m2173-2193", "veglenkesekvenser": [805142]}, "geometry": {"type": "LineString", "coordinates": [[5.32752285, 60.37807131], [5.32749501, 60.37808066], [5.32741666, 60.37811109], [5.32722839, 60.37817481]]}}, {"type": "Feature", "properties": {"nvdb_id": 487080001, "type": 47, "Areal": 20, "Dekketype": "Asfalt", "Bruksområde": "Busslomme", "Vinteråpen": "Ja", "vegsystem": "FV584 S1D1 m2232-2250", "veglenkesekvenser": [805142]}, "geometry": {"type": "LineString", "coordinates": [[5.32662782, 60.37835681], [5.32654284, 60.37838076], [5.326353, 60.37844271]]}}, {"type": "Feature", "properties": {"nvdb_id": 1019261875, "type": 47, "Bredde": 3.0, "Lengde med full bredde": 20.0, "Belysning": "Ja, belyst av gatebelysning", "Spesielt parkeringsformål": "Teknisk rom", "Bruksområde": "Havarilomme", "Tilleggsinformasjon": "Overført fra vegobjekt 804.", "vegsystem": "FV540 S1D1 m348-368", "veglenkesekvenser": [804949]}, "geometry": {"type": "LineString", "coordinates": [[5.31091593, 60.37871098], [5.31076119, 60.37854939]]}}, {"type": "Feature", "properties": {"nvdb_id": 487080005, "type": 47, "Areal": 30, "Dekketype": "Asfalt", "Bruksområde": "Busslomme", "Vinteråpen": "Ja", "vegsystem": "FV584 S1D1 m2480-2524", "veglenkesekvenser": [805142]}, "geometry": {"type": "LineString", "coordinates": [[5.32301972, 60.37966059], [5.32296961, 60.37967891], [5.32274208, 60.37975538], [5.32250844, 60.3798522], [5.32235108, 60.37991216]]}}, {"type": "Feature", "properties": {"nvdb_id": 82571757, "type": 47, "Areal": 150, "Dekketype": "Asfalt", "Bruksområde": "Busslomme", "Vinteråpen": "Ja", "vegsystem": "FV584 S1D1 m2579-2599", "veglenkesekvenser": [805142]}, "geometry": {"type": "LineString", "coordinates": [[5.32154719, 60.38022486], [5.32150161, 60.38024234], [5.32125788, 60.38032866]]}}, {"type": "Feature", "properties": {"nvdb_id": 82563195, "type": 47, "Areal": 70, "Dekketype": "Asfalt", "Bruksområde": "Havarilomme", "Vinteråpen": "Ja", "vegsystem": "RV555 S1D1 m6077-6099", "veglenkesekvenser": [4083943]}, "geometry": {"type": "LineString", "coordinates": [[5.30763283, 60.38073907], [5.3077322, 60.38074344], [5.3078526, 60.38074873], [5.30797302, 60.38075402], [5.30801415, 60.38075633]]}}, {"type": "Feature", "properties": {"nvdb_id": 520213745, "type": 47, "Areal": 30, "Dekketype": "Asfalt", "Bruksområde": "Havarilomme", "Vinteråpen": "Ja", "vegsystem": "RV555 S1D1 m1783-1808", "veglenkesekvenser": [4083942]}, "geometry": {"type": "LineString", "coordinates": [[5.30833192, 60.38094576], [5.30819868, 60.38093741], [5.30806569, 60.38093031], [5.3079327, 60.3809232], [5.30788995, 60.38092129]]}}, {"type": "Feature", "properties": {"nvdb_id": 568878085, "type": 47, "Areal": 62, "Dekketype": "Asfalt", "Bruksområde": "Havarilomme", "Vinteråpen": "Ja", "vegsystem": "FV584 S1D1 m3045 KD1 m73-88", "veglenkesekvenser": [805017]}, "geometry": {"type": "LineString", "coordinates": [[5.31475921, 60.38159102], [5.3148122, 60.38158471], [5.31502664, 60.3815676]]}}, {"type": "Feature", "properties": {"nvdb_id": 82563193, "type": 47, "Areal": 70, "Dekketype": "Asfalt", "Bruksområde": "Havarilomme", "Vinteråpen": "Ja", "vegsystem": "RV555 S1D1 m5744-5757", "veglenkesekvenser": [4083943]}, "geometry": {"type": "LineString", "coordinates": [[5.30161963, 60.38084342], [5.30176223, 60.3808378], [5.30185385, 60.38083418]]}}, {"type": "Feature", "properties": {"nvdb_id": 520213749, "type": 47, "Areal": 40, "Dekketype": "Asfalt", "Bruksområde": "Havarilomme", "Vinteråpen": "Ja", "vegsystem": "RV555 S1D1 m2107-2134", "veglenkesekvenser": [4083942]}, "geometry": {"type": "LineString", "coordinates": [[5.30249313, 60.38097561], [5.30236658, 60.38098063], [5.30218909, 60.38098765], [5.3020116, 60.38099467], [5.30200669, 60.38099487]]}}, {"type": "Feature", "properties": {"nvdb_id": 82563191, "type": 47, "Areal": 951, "Dekketype": "Asfalt", "Bruksområde": "Havarilomme", "Vinteråpen": "Ja", "vegsystem": "RV555 S1D1 m5521-5534", "veglenkesekvenser": [4083943]}, "geometry": {"type": "LineString", "coordinates": [[5.29760187, 60.38100187], [5.29765839, 60.38099964], [5.29783609, 60.38099264]]}}, {"type": "Feature", "properties": {"nvdb_id": 82563192, "type": 47, "Areal": 50, "Dekketype": "Asfalt", "Bruksområde": "Havarilomme", "Vinteråpen": "Ja", "vegsystem": "RV555 S1D1 m2336-2364", "veglenkesekvenser": [4083942]}, "geometry": {"type": "LineString", "coordinates": [[5.29836741, 60.3811389], [5.29828441, 60.38114218], [5.29810694, 60.3811492], [5.29792945, 60.38115623], [5.29786294, 60.38115885]]}}, {"type": "Feature", "properties": {"nvdb_id": 523248909, "type": 47, "Areal": 100, "Dekketype": "Asfalt", "Bruksområde": "Havarilomme", "Vinteråpen": "Ja", "vegsystem": "RV555 S1D1 m243-291", "veglenkesekvenser": [805707]}, "geometry": {"type": "LineString", "coordinates": [[5.32994768, 60.38359364], [5.32981167, 60.38361898], [5.32947141, 60.38369353], [5.3291578, 60.3837702]]}}, {"type": "Feature", "properties": {"nvdb_id": 495841875, "type": 47, "Areal": 90, "Dekketype": "Asfalt", "Bruksområde": "Busslomme", "Vinteråpen": "Ja", "vegsystem": "FV5332 S1D1 m533-548", "veglenkesekvenser": [2353784]}, "geometry": {"type": "LineString", "coordinates": [[5.33331777, 60.38384488], [5.33331008, 60.3838505], [5.33327374, 60.38387606], [5.33316458, 60.38395263], [5.33316111, 60.38395507]]}}, {"type": "Feature", "properties": {"nvdb_id": 82563199, "type": 47, "Areal": 120, "Dekketype": "Asfalt", "Bruksområde": "Havarilomme", "Vinteråpen": "Ja", "vegsystem": "RV555 S1D1 m294-344", "veglenkesekvenser": [805707]}, "geometry": {"type": "LineString", "coordinates": [[5.32911026, 60.38378306], [5.3288184, 60.38386725], [5.32850522, 60.3839673], [5.3283487, 60.38402307]]}}, {"type": "Feature", "properties": {"nvdb_id": 495841914, "type": 47, "Areal": 90, "Dekketype": "Asfalt", "Bruksområde": "Busslomme", "Vinteråpen": "Ja", "vegsystem": "FV5332 S1D1 m598-606", "veglenkesekvenser": [2353784]}, "geometry": {"type": "LineString", "coordinates": [[5.33273523, 60.38434781], [5.33272929, 60.38435644], [5.33271163, 60.38438553], [5.33269321, 60.38441657]]}}, {"type": "Feature", "properties": {"nvdb_id": 494048309, "type": 47, "Areal": 40, "Dekketype": "Asfalt", "Bruksområde": "Lomme, generell", "Vinteråpen": "Ja", "vegsystem": "FV5332 S1D10 m338-353", "veglenkesekvenser": [805412]}, "geometry": {"type": "LineString", "coordinates": [[5.3315182, 60.38527196], [5.33166068, 60.38515376]]}}, {"type": "Feature", "properties": {"nvdb_id": 523248914, "type": 47, "Areal": 100, "Dekketype": "Asfalt", "Bruksområde": "Havarilomme", "Vinteråpen": "Ja", "vegsystem": "RV555 S1D1 m547-597", "veglenkesekvenser": [805707]}, "geometry": {"type": "LineString", "coordinates": [[5.3254713, 60.38514695], [5.32525961, 60.38523077], [5.32514322, 60.38527831], [5.3249474, 60.38535802], [5.3248355, 60.38540357], [5.32477176, 60.38542951]]}}, {"type": "Feature", "properties": {"nvdb_id": 494048302, "type": 47, "Areal": 50, "Dekketype": "Asfalt", "Bruksområde": "Lomme, generell", "Vinteråpen": "Ja", "vegsystem": "FV5332 S1D10 m263-282", "veglenkesekvenser": [805412]}, "geometry": {"type": "LineString", "coordinates": [[5.33080361, 60.38583503], [5.33092819, 60.38573243], [5.3309814, 60.38569331]]}}, {"type": "Feature", "properties": {"nvdb_id": 82563197, "type": 47, "Areal": 90, "Dekketype": "Asfalt", "Bruksområde": "Havarilomme", "Vinteråpen": "Ja", "vegsystem": "RV555 S1D1 m574-605", "veglenkesekvenser": [805707]}, "geometry": {"type": "LineString", "coordinates": [[5.32509264, 60.3852989], [5.3249474, 60.38535802], [5.3248355, 60.38540357], [5.32475157, 60.38543773], [5.32465665, 60.3854727]]}}, {"type": "Feature", "properties": {"nvdb_id": 82563198, "type": 47, "Areal": 150, "Dekketype": "Asfalt", "Bruksområde": "Havarilomme", "Vinteråpen": "Ja", "vegsystem": "RV555 S1D1 m577-588", "veglenkesekvenser": [805707]}, "geometry": {"type": "LineString", "coordinates": [[5.32505079, 60.38531594], [5.3249474, 60.38535802], [5.32489732, 60.3853784]]}}, {"type": "Feature", "properties": {"nvdb_id": 578482407, "type": 47, "Areal": 70, "Dekketype": "Asfalt", "Bruksområde": "Havarilomme", "Vinteråpen": "Ja", "vegsystem": "RV555 S1D1 m762 KD5 m104-136", "veglenkesekvenser": [805713]}, "geometry": {"type": "LineString", "coordinates": [[5.32094005, 60.38587227], [5.32095752, 60.38587843], [5.32111319, 60.38592061], [5.32127474, 60.38595418], [5.32144633, 60.3859731], [5.32147669, 60.38597472]]}}, {"type": "Feature", "properties": {"nvdb_id": 494048285, "type": 47, "Areal": 220, "Dekketype": "Asfalt", "Bruksområde": "Lomme, generell", "Vinteråpen": "Ja", "vegsystem": "FV5332 S1D10 m92-157", "veglenkesekvenser": [805412]}, "geometry": {"type": "LineString", "coordinates": [[5.32916759, 60.38713281], [5.32923915, 60.38707665], [5.32942855, 60.38692681], [5.32956216, 60.38682174], [5.3296282, 60.38676597], [5.32974854, 60.3866753], [5.32979368, 60.38663984]]}}, {"type": "Feature", "properties": {"nvdb_id": 578482383, "type": 47, "Areal": 70, "Dekketype": "Asfalt", "Bruksområde": "Havarilomme", "Vinteråpen": "Ja", "vegsystem": "RV555 S1D1 m762 KD1 m233-265", "veglenkesekvenser": [805713]}, "geometry": {"type": "LineString", "coordinates": [[5.32128103, 60.38624422], [5.32117663, 60.38622739], [5.321004, 60.38616859], [5.32083024, 60.38607408]]}}, {"type": "Feature", "properties": {"nvdb_id": 494048272, "type": 47, "Areal": 160, "Dekketype": "Asfalt", "Bruksområde": "Lomme, generell", "Vinteråpen": "Ja", "vegsystem": "FV5332 S1D10 m19-71", "veglenkesekvenser": [805412]}, "geometry": {"type": "LineString", "coordinates": [[5.32846564, 60.38768658], [5.32859986, 60.38757611], [5.32876611, 60.3874481], [5.3289248, 60.3873331], [5.32896976, 60.387294]]}}, {"type": "Feature", "properties": {"nvdb_id": 540607381, "type": 47, "Areal": 50, "Dekketype": "Asfalt", "Bruksområde": "Havarilomme", "Vinteråpen": "Ja", "vegsystem": "EV39 S77D1 m8396-8426", "veglenkesekvenser": [805616]}, "geometry": {"type": "LineString", "coordinates": [[5.34225194, 60.39080077], [5.34230684, 60.39086616], [5.34239149, 60.39097122], [5.34245171, 60.39105023]]}}, {"type": "Feature", "properties": {"nvdb_id": 520213823, "type": 47, "Areal": 20, "Dekketype": "Asfalt", "Bruksområde": "Havarilomme", "Vinteråpen": "Ja", "vegsystem": "EV39 S77D1 m6286-6306", "veglenkesekvenser": [805617]}, "geometry": {"type": "LineString", "coordinates": [[5.3420443, 60.3910587], [5.34201859, 60.39102333], [5.34198526, 60.39097956], [5.34195055, 60.39093486], [5.34191634, 60.39089157], [5.34191615, 60.39089133]]}}, {"type": "Feature", "properties": {"nvdb_id": 219547975, "type": 47, "Areal": 170, "Dekketype": "Stein", "Bruksområde": "Lastelomme", "Vinteråpen": "Ja", "vegsystem": "FV5350 S1D1 m263-331", "veglenkesekvenser": [805428]}, "geometry": {"type": "LineString", "coordinates": [[5.31998911, 60.39042153], [5.32026634, 60.39034412], [5.32062099, 60.39024079], [5.32098227, 60.39013977], [5.32103669, 60.39012264], [5.32103955, 60.3901217]]}}, {"type": "Feature", "properties": {"nvdb_id": 219547971, "type": 47, "Areal": 90, "Dekketype": "Stein", "Bruksområde": "Lastelomme", "Vinteråpen": "Ja", "vegsystem": "FV5350 S1D1 m205-245", "veglenkesekvenser": [805428]}, "geometry": {"type": "LineString", "coordinates": [[5.31906825, 60.39067763], [5.3197014, 60.39050039]]}}, {"type": "Feature", "properties": {"nvdb_id": 82507288, "type": 47, "Areal": 350, "Dekketype": "Asfalt", "Bruksområde": "Busslomme", "Vinteråpen": "Ja", "vegsystem": "FV577 S1D1 m426-449", "veglenkesekvenser": [805153]}, "geometry": {"type": "LineString", "coordinates": [[5.32782761, 60.39152867], [5.3276503, 60.39156514], [5.32748996, 60.39160132], [5.32744731, 60.39161128]]}}, {"type": "Feature", "properties": {"nvdb_id": 219547962, "type": 47, "Areal": 50, "Dekketype": "Stein", "Bruksområde": "Lastelomme", "Vinteråpen": "Ja", "vegsystem": "FV5350 S1D1 m142-159", "veglenkesekvenser": [805428]}, "geometry": {"type": "LineString", "coordinates": [[5.31808821, 60.39095823], [5.31815714, 60.39093013], [5.31834614, 60.39087888], [5.31834644, 60.39087879]]}}, {"type": "Feature", "properties": {"nvdb_id": 82357370, "type": 47, "Areal": 90, "Dekketype": "Asfalt", "Bruksområde": "Busslomme", "Vinteråpen": "Ja", "vegsystem": "FV577 S1D1 m468-476", "veglenkesekvenser": [805153]}, "geometry": {"type": "LineString", "coordinates": [[5.32712558, 60.39167155], [5.32704196, 60.39168881], [5.32699117, 60.391699]]}}, {"type": "Feature", "properties": {"nvdb_id": 207718873, "type": 47, "Areal": 60, "Belysning": "Ja, belyst av gatebelysning", "Dekketype": "Asfalt", "Bruksområde": "Busslomme", "Vinteråpen": "Ja", "vegsystem": "FV585 S1D1 m7824-7862", "veglenkesekvenser": [805748]}, "geometry": {"type": "LineString", "coordinates": [[5.33243225, 60.39206427], [5.33238817, 60.39209069], [5.33228406, 60.3921509], [5.3321567, 60.39223382], [5.33205971, 60.39231991], [5.3320316, 60.39233509]]}}, {"type": "Feature", "properties": {"nvdb_id": 520213824, "type": 47, "Areal": 50, "Dekketype": "Asfalt", "Bruksområde": "Havarilomme", "Vinteråpen": "Ja", "vegsystem": "EV39 S77D1 m5988-6022", "veglenkesekvenser": [805617]}, "geometry": {"type": "LineString", "coordinates": [[5.34258166, 60.39368503], [5.34258465, 60.39367477], [5.34259944, 60.39362529], [5.34261283, 60.39357381], [5.34262351, 60.39352828], [5.34263406, 60.39348383], [5.34264366, 60.39343704], [5.34265216, 60.3933909], [5.34265363, 60.39338289]]}}, {"type": "Feature", "properties": {"nvdb_id": 82567315, "type": 47, "Areal": 150, "Belysning": "Ja, belyst av gatebelysning", "Dekketype": "Asfalt", "Bruksområde": "Busslomme", "Vinteråpen": "Ja", "vegsystem": "FV585 S1D1 m7976-8028", "veglenkesekvenser": [805748]}, "geometry": {"type": "LineString", "coordinates": [[5.33064799, 60.39279533], [5.33061568, 60.39277846], [5.33043896, 60.39269043], [5.33017882, 60.39255196], [5.33006028, 60.39250667], [5.32998759, 60.39249365], [5.32997459, 60.39249214]]}}, {"type": "Feature", "properties": {"nvdb_id": 566415670, "type": 47, "Areal": 120, "Belysning": "Ja, belyst av gatebelysning", "Dekketype": "Asfalt", "Bruksområde": "Busslomme", "Vinteråpen": "Ja", "vegsystem": "FV585 S2D1 m105-138", "veglenkesekvenser": [805155]}, "geometry": {"type": "LineString", "coordinates": [[5.32533092, 60.39247424], [5.32508655, 60.39220232], [5.32508578, 60.3922016]]}}, {"type": "Feature", "properties": {"nvdb_id": 540607382, "type": 47, "Areal": 50, "Dekketype": "Asfalt", "Bruksområde": "Havarilomme", "Vinteråpen": "Ja", "vegsystem": "EV39 S77D1 m8728-8762", "veglenkesekvenser": [805616]}, "geometry": {"type": "LineString", "coordinates": [[5.3429866, 60.39370981], [5.34298239, 60.3937237], [5.3429355, 60.3938573], [5.3428976, 60.39395411], [5.34287459, 60.39400882]]}}, {"type": "Feature", "properties": {"nvdb_id": 520213825, "type": 47, "Areal": 30, "Dekketype": "Asfalt", "Bruksområde": "Havarilomme", "Vinteråpen": "Ja", "vegsystem": "EV39 S77D1 m5965-5986", "veglenkesekvenser": [805617]}, "geometry": {"type": "LineString", "coordinates": [[5.34251297, 60.39388802], [5.34252867, 60.39384732], [5.34254442, 60.39380506], [5.34255595, 60.39376647], [5.34257164, 60.3937195], [5.34257651, 60.39370275]]}}, {"type": "Feature", "properties": {"nvdb_id": 566415654, "type": 47, "Areal": 200, "Dekketype": "Asfalt", "Bruksområde": "Busslomme", "Vinteråpen": "Ja", "Utforming": "Lomme med fysisk deleøy", "vegsystem": "FV585 S2D1 m18-92", "veglenkesekvenser": [805155]}, "geometry": {"type": "LineString", "coordinates": [[5.32592621, 60.39318471], [5.32586819, 60.39311598], [5.32583762, 60.39304047], [5.32569981, 60.3928793], [5.32550588, 60.39267241], [5.32542273, 60.39258161], [5.32542134, 60.39257991]]}}, {"type": "Feature", "properties": {"nvdb_id": 566415551, "type": 47, "Areal": 290, "Dekketype": "Asfalt", "Bruksområde": "Busslomme", "Vinteråpen": "Ja", "vegsystem": "FV585 S1D1 m8111-8186", "veglenkesekvenser": [805748]}, "geometry": {"type": "LineString", "coordinates": [[5.32870636, 60.39284884], [5.32867596, 60.39285967], [5.32862133, 60.3928828], [5.3285692, 60.3929043], [5.32852117, 60.3929243], [5.32836516, 60.39297527], [5.32823894, 60.39300672], [5.32811959, 60.39303234], [5.327982, 60.39305843], [5.32780285, 60.39308962], [5.32758976, 60.39310475], [5.32748472, 60.39310681]]}}, {"type": "Feature", "properties": {"nvdb_id": 550774195, "type": 47, "Areal": 1, "Dekketype": "Asfalt", "Bruksområde": "Lomme, generell", "Vinteråpen": "Ja", "vegsystem": "KV12690 S10D1 m337-386", "veglenkesekvenser": [805417]}, "geometry": {"type": "LineString", "coordinates": [[5.33044524, 60.39343701], [5.33048084, 60.39340537], [5.330536, 60.39335604], [5.33064029, 60.39326962], [5.33074591, 60.39318057], [5.33083767, 60.39309323], [5.3308744, 60.39305943]]}}, {"type": "Feature", "properties": {"nvdb_id": 82506334, "type": 47, "Areal": 150, "Belysning": "Ja, belyst av gatebelysning", "Dekketype": "Asfalt", "Bruksområde": "Busslomme", "Vinteråpen": "Ja", "vegsystem": "FV5347 S1D1 m123-168", "veglenkesekvenser": [805002]}, "geometry": {"type": "LineString", "coordinates": [[5.31493926, 60.39191878], [5.31496948, 60.39195433], [5.31501555, 60.39202013], [5.3150562, 60.39206744], [5.31508825, 60.39210688], [5.31513838, 60.39218383], [5.31517974, 60.39222858], [5.31521091, 60.39225978], [5.3152293, 60.39227633]]}}, {"type": "Feature", "properties": {"nvdb_id": 82506332, "type": 47, "Areal": 90, "Dekketype": "Asfalt", "Bruksområde": "Busslomme", "Vinteråpen": "Ja", "vegsystem": "FV5347 S1D1 m363-386", "veglenkesekvenser": [805002]}, "geometry": {"type": "LineString", "coordinates": [[5.31812394, 60.39219692], [5.31813032, 60.39220268], [5.31830236, 60.39234827], [5.3183323, 60.39237512]]}}, {"type": "Feature", "properties": {"nvdb_id": 550774190, "type": 47, "Areal": 80, "Dekketype": "Asfalt", "Bruksområde": "Lomme, generell", "Vinteråpen": "Ja", "vegsystem": "KV12690 S10D1 m169-196", "veglenkesekvenser": [805417]}, "geometry": {"type": "LineString", "coordinates": [[5.32896939, 60.39474253], [5.32903159, 60.39469934], [5.32911049, 60.39463728], [5.32919702, 60.39455589], [5.32921717, 60.39453412]]}}, {"type": "Feature", "properties": {"nvdb_id": 82503575, "type": 47, "Areal": 150, "Belysning": "Ja, belyst av gatebelysning", "Dekketype": "Asfalt", "Bruksområde": "Busslomme", "Vinteråpen": "Ja", "vegsystem": "FV5347 S1D50 m338-388", "veglenkesekvenser": [805712]}, "geometry": {"type": "LineString", "coordinates": [[5.32381734, 60.39441693], [5.32385808, 60.39440767], [5.32401218, 60.39436922], [5.32418987, 60.39432527], [5.32435487, 60.39428762], [5.32450853, 60.39425005], [5.3246363, 60.39422633]]}}, {"type": "Feature", "properties": {"nvdb_id": 557338272, "type": 47, "Areal": 60, "Dekketype": "Asfalt", "Bruksområde": "Busslomme", "Vinteråpen": "Ja", "vegsystem": "FV5347 S1D50 m294-319", "veglenkesekvenser": [805712]}, "geometry": {"type": "LineString", "coordinates": [[5.32311115, 60.3945995], [5.32329654, 60.39454919], [5.32346126, 60.39450519], [5.32350922, 60.39449267]]}}, {"type": "Feature", "properties": {"nvdb_id": 82503574, "type": 47, "Areal": 125, "Belysning": "Ja, belyst av gatebelysning", "Dekketype": "Asfalt", "Bruksområde": "Busslomme", "Vinteråpen": "Ja", "vegsystem": "FV5347 S1D50 m202-248", "veglenkesekvenser": [805712]}, "geometry": {"type": "LineString", "coordinates": [[5.32175182, 60.39506731], [5.32192188, 60.39501206], [5.32225048, 60.39489097], [5.32243278, 60.39483322]]}}, {"type": "Feature", "properties": {"nvdb_id": 82503573, "type": 47, "Areal": 150, "Dekketype": "Asfalt", "Bruksområde": "Busslomme", "Vinteråpen": "Ja", "vegsystem": "FV5347 S1D50 m156-191", "veglenkesekvenser": [805712]}, "geometry": {"type": "LineString", "coordinates": [[5.3210653, 60.39530282], [5.32107027, 60.39530146], [5.32119314, 60.39525858], [5.32130562, 60.39522175], [5.32157897, 60.3951235], [5.32158521, 60.39512147]]}}, {"type": "Feature", "properties": {"nvdb_id": 520213826, "type": 47, "Areal": 40, "Dekketype": "Asfalt", "Bruksområde": "Havarilomme", "Vinteråpen": "Ja", "vegsystem": "EV39 S77D1 m5632-5652", "veglenkesekvenser": [805617]}, "geometry": {"type": "LineString", "coordinates": [[5.34070461, 60.39672867], [5.34071191, 60.39671776], [5.34074113, 60.39667386], [5.34077221, 60.39662802], [5.34080346, 60.39658219], [5.34081926, 60.3965589]]}}, {"type": "Feature", "properties": {"nvdb_id": 540607383, "type": 47, "Areal": 50, "Dekketype": "Asfalt", "Bruksområde": "Havarilomme", "Vinteråpen": "Ja", "vegsystem": "EV39 S77D1 m9071-9101", "veglenkesekvenser": [805616]}, "geometry": {"type": "LineString", "coordinates": [[5.34118111, 60.39664152], [5.34101023, 60.39689621]]}}, {"type": "Feature", "properties": {"nvdb_id": 557338053, "type": 47, "Areal": 45, "Bredde": 2.0, "Dekketype": "Asfalt", "Bruksområde": "Busslomme", "Vinteråpen": "Ja", "vegsystem": "FV5348 S1D1 m1892-1922", "veglenkesekvenser": [805810]}, "geometry": {"type": "LineString", "coordinates": [[5.31521277, 60.3949923], [5.3153716, 60.39495985], [5.31554878, 60.39492311], [5.31564079, 60.3948973], [5.31570673, 60.39488098]]}}, {"type": "Feature", "properties": {"nvdb_id": 520213827, "type": 47, "Areal": 39, "Dekketype": "Asfalt", "Bruksområde": "Lomme, generell", "Vinteråpen": "Ja", "vegsystem": "EV39 S77D1 m5333-5351", "veglenkesekvenser": [805617]}, "geometry": {"type": "LineString", "coordinates": [[5.33899203, 60.39926693], [5.33899788, 60.39925833], [5.33903003, 60.39921075], [5.33906039, 60.39916549], [5.33909122, 60.39911927], [5.33909474, 60.39911406]]}}, {"type": "Feature", "properties": {"nvdb_id": 540607384, "type": 47, "Areal": 50, "Dekketype": "Asfalt", "Bruksområde": "Havarilomme", "Vinteråpen": "Ja", "vegsystem": "EV39 S77D1 m9379-9406", "veglenkesekvenser": [805616]}, "geometry": {"type": "LineString", "coordinates": [[5.33941655, 60.39925466], [5.33938943, 60.39929515], [5.3393604, 60.39933779], [5.33932927, 60.39938381], [5.33929938, 60.39942749], [5.33926942, 60.39947142], [5.33926118, 60.39948362]]}}, {"type": "Feature", "properties": {"nvdb_id": 566416099, "type": 47, "Areal": 70, "Dekketype": "Stein", "Bruksområde": "Busslomme", "Vinteråpen": "Ja", "vegsystem": "FV5342 S1D1 m490-519", "veglenkesekvenser": [805808]}, "geometry": {"type": "LineString", "coordinates": [[5.32420217, 60.39848631], [5.32417845, 60.39850705], [5.32412411, 60.39856638], [5.32406371, 60.39865693], [5.32403185, 60.39872993]]}}, {"type": "Feature", "properties": {"nvdb_id": 520213828, "type": 47, "Areal": 40, "Dekketype": "Asfalt", "Bruksområde": "Havarilomme", "Vinteråpen": "Ja", "vegsystem": "EV39 S77D1 m5029-5048", "veglenkesekvenser": [805617]}, "geometry": {"type": "LineString", "coordinates": [[5.33725097, 60.40184766], [5.33726932, 60.40182017], [5.33729877, 60.40177674], [5.3373283, 60.40173304], [5.33735763, 60.40168942], [5.33735964, 60.40168634]]}}, {"type": "Feature", "properties": {"nvdb_id": 540607385, "type": 47, "Areal": 30, "Dekketype": "Asfalt", "Bruksområde": "Lomme, generell", "Vinteråpen": "Ja", "vegsystem": "EV39 S77D1 m9681-9702", "veglenkesekvenser": [805616]}, "geometry": {"type": "LineString", "coordinates": [[5.33768919, 60.40181738], [5.337679, 60.40183254], [5.33764703, 60.40188012], [5.33761488, 60.4019277], [5.3375829, 60.40197529], [5.3375691, 60.40199558]]}}, {"type": "Feature", "properties": {"nvdb_id": 520213829, "type": 47, "Areal": 40, "Dekketype": "Asfalt", "Bruksområde": "Lomme, generell", "Vinteråpen": "Ja", "vegsystem": "EV39 S77D1 m4731-4753", "veglenkesekvenser": [805617]}, "geometry": {"type": "LineString", "coordinates": [[5.33554266, 60.40437723], [5.33557166, 60.4043346], [5.33560317, 60.40428798], [5.33563197, 60.40424549], [5.3356666, 60.40419457], [5.33566934, 60.40419058]]}}, {"type": "Feature", "properties": {"nvdb_id": 540607386, "type": 47, "Areal": 30, "Dekketype": "Asfalt", "Bruksområde": "Havarilomme", "Vinteråpen": "Ja", "vegsystem": "EV39 S77D1 m9986-10011", "veglenkesekvenser": [805616]}, "geometry": {"type": "LineString", "coordinates": [[5.3359423, 60.40440518], [5.33593949, 60.40440931], [5.33590793, 60.40445611], [5.33587565, 60.4045035], [5.335844, 60.40455057], [5.33581241, 60.40459746], [5.3357991, 60.40461729]]}}, {"type": "Feature", "properties": {"nvdb_id": 550774143, "type": 47, "Areal": 150, "Dekketype": "Asfalt", "Bruksområde": "Lomme, generell", "Vinteråpen": "Ja", "vegsystem": "FV5342 S1D1 m1351-1385", "veglenkesekvenser": [805808]}, "geometry": {"type": "LineString", "coordinates": [[5.32278927, 60.40487897], [5.32288717, 60.40490789], [5.3230134, 60.40494429], [5.32325162, 60.4050097], [5.32332052, 60.40503146]]}}, {"type": "Feature", "properties": {"nvdb_id": 82567299, "type": 47, "Areal": 150, "Dekketype": "Asfalt", "Bruksområde": "Busslomme", "Vinteråpen": "Ja", "vegsystem": "FV577 S1D1 m2725-2776", "veglenkesekvenser": [805152]}, "geometry": {"type": "LineString", "coordinates": [[5.32349736, 60.40541506], [5.32349912, 60.40541662], [5.32352107, 60.40543788], [5.32354924, 60.40546889], [5.32357196, 60.40549876], [5.32359107, 60.40552743], [5.32360004, 60.40554243], [5.32361059, 60.40556175], [5.32362129, 60.40558409], [5.32362969, 60.40560577], [5.32363703, 60.40563002], [5.32364369, 60.40565595], [5.32364904, 60.40568311], [5.32365254, 60.40571017], [5.32365496, 60.40573687], [5.32365451, 60.40575845], [5.32365044, 60.4057862], [5.32364113, 60.40581938], [5.32362964, 60.40585051], [5.32362369, 60.40586374]]}}, {"type": "Feature", "properties": {"nvdb_id": 520213830, "type": 47, "Areal": 45, "Dekketype": "Asfalt", "Bruksområde": "Lomme, generell", "Vinteråpen": "Ja", "vegsystem": "EV39 S77D1 m4427-4448", "veglenkesekvenser": [805617]}, "geometry": {"type": "LineString", "coordinates": [[5.33380007, 60.40695777], [5.33380816, 60.40694579], [5.33382576, 60.4069194], [5.33385532, 60.40687561], [5.33388561, 60.40683125], [5.33391594, 60.40678616], [5.33392041, 60.40677951]]}}, {"type": "Feature", "properties": {"nvdb_id": 540607387, "type": 47, "Areal": 30, "Dekketype": "Asfalt", "Bruksområde": "Havarilomme", "Vinteråpen": "Ja", "vegsystem": "EV39 S77D1 m10293-10315", "veglenkesekvenser": [805616]}, "geometry": {"type": "LineString", "coordinates": [[5.33418609, 60.40701032], [5.3341613, 60.4070471], [5.3341324, 60.40708985], [5.33410102, 60.40713603], [5.33407291, 60.40717739], [5.33405963, 60.40719691]]}}, {"type": "Feature", "properties": {"nvdb_id": 82567298, "type": 47, "Areal": 75, "Dekketype": "Asfalt", "Bruksområde": "Busslomme", "Vinteråpen": "Ja", "vegsystem": "FV577 S1D1 m2904-2942", "veglenkesekvenser": [805152]}, "geometry": {"type": "LineString", "coordinates": [[5.32247716, 60.40685594], [5.32245713, 60.40687125], [5.32243025, 60.40689133], [5.32240446, 60.40691197], [5.32232524, 60.40698248], [5.32229336, 60.40701671], [5.32227401, 60.40704101], [5.32225586, 60.40706524], [5.32224005, 60.40708909], [5.3222275, 60.40711216], [5.32221654, 60.40713634], [5.3222085, 60.40715777]]}}, {"type": "Feature", "properties": {"nvdb_id": 82567297, "type": 47, "Areal": 120, "Dekketype": "Asfalt", "Bruksområde": "Busslomme", "Vinteråpen": "Ja", "vegsystem": "FV577 S1D1 m3008-3086", "veglenkesekvenser": [805152]}, "geometry": {"type": "LineString", "coordinates": [[5.32226737, 60.4077464], [5.32229981, 60.40788202], [5.32232781, 60.40802388], [5.32234784, 60.40811593], [5.32237425, 60.40823803], [5.32239452, 60.40833956], [5.32241067, 60.40843881]]}}, {"type": "Feature", "properties": {"nvdb_id": 520213831, "type": 47, "Areal": 40, "Dekketype": "Asfalt", "Bruksområde": "Lomme, generell", "Vinteråpen": "Ja", "vegsystem": "EV39 S77D1 m4124-4144", "veglenkesekvenser": [805617]}, "geometry": {"type": "LineString", "coordinates": [[5.33206464, 60.40953008], [5.33207845, 60.40950969], [5.33211377, 60.40945774], [5.33214441, 60.40941222], [5.33217193, 60.409371], [5.33217913, 60.40936028]]}}, {"type": "Feature", "properties": {"nvdb_id": 540607388, "type": 47, "Areal": 30, "Dekketype": "Asfalt", "Bruksområde": "Havarilomme", "Vinteråpen": "Ja", "vegsystem": "EV39 S77D1 m10592-10613", "veglenkesekvenser": [805616]}, "geometry": {"type": "LineString", "coordinates": [[5.33247209, 60.40954701], [5.33245306, 60.4095754], [5.33242081, 60.40962324], [5.33238874, 60.40967109], [5.33235649, 60.40971893], [5.33235222, 60.40972526]]}}, {"type": "Feature", "properties": {"nvdb_id": 82630967, "type": 47, "Areal": 84, "Geometri, flate": "POLYGON((-33365.92732355639 6732633.015277127,-33366.40385367535 6732632.585145151,-33372.96966400684 6732618.561093713,-33379.500853533274 6732604.517798141,-33374.62215153081 6732607.688122161,-33365.48630677711 6732627.144819011,-33365.48882402561 6732628.643246368,-33365.37983666104 6732630.387270582,-33365.08998617681 6732632.591297204,-33365.92732355639 6732633.015277127))", "Dekketype": "Asfalt", "Bruksområde": "Busslomme", "Vinteråpen": "Ja", "vegsystem": "FV5358 S1D1 m1146-1177", "veglenkesekvenser": [805812]}, "geometry": {"type": "Polygon", "coordinates": [[[5.30393877, 60.37577715], [5.30393138, 60.37577272], [5.30385125, 60.37563997], [5.30377179, 60.37550709], [5.30385059, 60.37554156], [5.30396223, 60.37572578], [5.3039582, 60.37573903], [5.30395552, 60.37575461], [5.30395485, 60.3757745], [5.30393877, 60.37577715]]]}}, {"type": "Feature", "properties": {"nvdb_id": 82630968, "type": 47, "Areal": 128, "Geometri, flate": "POLYGON((-33346.235509232385 6732721.648345566,-33345.91549457528 6732720.7722249795,-33345.47115413635 6732719.47036556,-33345.49919882836 6732718.145042756,-33345.7916264541 6732716.93388879,-33346.729967799736 6732714.1521278955,-33348.68225117249 6732708.510711483,-33356.22953535884 6732686.24303711,-33356.61349538143 6732684.915954479,-33359.921186651336 6732665.49681274,-33355.448366699624 6732678.3290780615,-33352.95350701711 6732686.673431348,-33347.26078559167 6732704.138067044,-33345.36233138922 6732709.848171093,-33344.67420578271 6732711.955541381,-33344.10498128028 6732714.398899053,-33344.0265615267 6732716.31594721,-33344.59852895758 6732718.778999971,-33345.5287255568 6732720.976930972,-33346.235509232385 6732721.648345566))", "Dekketype": "Asfalt", "Bruksområde": "Busslomme", "Vinteråpen": "Ja", "vegsystem": "FV5358 S1D1 m1055-1112", "veglenkesekvenser": [805812]}, "geometry": {"type": "Polygon", "coordinates": [[[5.30405543, 60.37658747], [5.30406349, 60.37658014], [5.30407489, 60.3765692], [5.3040779, 60.37655744], [5.30407588, 60.37654634], [5.3040665, 60.37652048], [5.30404658, 60.37646799], [5.30397078, 60.37626099], [5.30396746, 60.37624874], [5.30395989, 60.37607252], [5.30400577, 60.37619197], [5.3040282, 60.3762691], [5.3040836, 60.37643115], [5.30410238, 60.37648419], [5.30410908, 60.37650375], [5.30411277, 60.37652612], [5.30410907, 60.37654319], [5.30409231, 60.37656423], [5.30406985, 60.37658246], [5.30405543, 60.37658747]]]}}, {"type": "Feature", "properties": {"nvdb_id": 1027460840, "type": 47, "Areal": 46, "Etableringsår": 2020, "Geometri, flate": "POLYGON((-32552.12150541495 6733193.354935294,-32539.352318879683 6733180.958092196,-32537.600499157677 6733182.907380803,-32550.338419756736 6733195.262131234,-32552.12150541495 6733193.354935294))", "Belysning": "Ja, belyst av gatebelysning", "Navn": "Gyldenprisveien", "Dekketype": "Asfalt", "Bruksområde": "Busslomme", "Prosjektreferanse": "Rv555 Gyldenpriskrysset og Fv558 Carl Konows gate", "vegsystem": "FV584 S1D1 m2870-2888", "veglenkesekvenser": [3441687]}, "geometry": {"type": "Polygon", "coordinates": [[[5.31700043, 60.38180561], [5.31726163, 60.38171265], [5.31728778, 60.3817322], [5.31702727, 60.38182483], [5.31700043, 60.38180561]]]}}, {"type": "Feature", "properties": {"nvdb_id": 82505081, "type": 47, "Areal": 176, "Geometri, flate": "POLYGON((-32683.98790009 6733281.98185594,-32688.3776826987 6733281.8192714,-32696.1817406697 6733278.89274966,-32700.5715232784 6733276.94173517,-32703.4980450175 6733275.4784743,-32707.237489462 6733273.52745981,-32710.4891802832 6733271.25127623,-32713.7408711045 6733268.64992358,-32716.9925619257 6733265.88598638,-32719.5939145827 6733263.28463372,-32722.6830208629 6733260.0329429,-32724.4714508146 6733257.2690057,-32726.0972962252 6733254.34248396,-32727.7231416359 6733250.11528589,-32729.8367406697 6733245.72550329,-32731.7877551624 6733240.68538251,-32729.5115715876 6733239.87245981,-32725.1217889789 6733249.30236319,-32722.5204363219 6733253.85473034,-32720.406837288 6733257.43159024,-32717.1551464668 6733260.84586561,-32713.2531174813 6733265.07306367,-32709.1885039547 6733268.64992358,-32703.4980450175 6733272.38936802,-32699.1082624088 6733274.99072068,-32683.98790009 6733281.98185594))", "Dekketype": "Asfalt", "Bruksområde": "Busslomme", "Vinteråpen": "Ja", "vegsystem": "FV584 S1D1 m3045 KD9 m26-90", "veglenkesekvenser": [805012]}, "geometry": {"type": "Polygon", "coordinates": [[[5.31440768, 60.38241687], [5.31432962, 60.38240967], [5.31419785, 60.38237352], [5.31412454, 60.38235049], [5.31407611, 60.38233369], [5.31401443, 60.38231151], [5.31396233, 60.38228709], [5.31391108, 60.3822598], [5.31386027, 60.38223107], [5.31382067, 60.38220463], [5.31377407, 60.38217179], [5.31374943, 60.38214498], [5.31372813, 60.38211694], [5.31371027, 60.38207739], [5.31368412, 60.38203577], [5.31366261, 60.38198859], [5.31370546, 60.38198438], [5.31375893, 60.38207361], [5.31379337, 60.38211733], [5.31382166, 60.38215176], [5.31387075, 60.38218625], [5.3139293, 60.38222878], [5.31399247, 60.38226578], [5.3140843, 60.38230635], [5.31415589, 60.38233514], [5.31440768, 60.38241687]]]}}, {"type": "Feature", "properties": {"nvdb_id": 82636916, "type": 47, "Areal": 85, "Geometri, flate": "POLYGON((-30545.227675029542 6733280.618166852,-30525.055735423695 6733260.848684172,-30514.890593402903 6733250.492250813,-30513.785012880806 6733251.131620397,-30518.123556239763 6733256.789064007,-30537.018780661398 6733276.221278242,-30545.227675029542 6733280.618166852))", "Dekketype": "Asfalt", "Bruksområde": "Busslomme", "Vinteråpen": "Ja", "vegsystem": "FV585 S1D1 m6381-6426", "veglenkesekvenser": [805748]}, "geometry": {"type": "Polygon", "coordinates": [[[5.35265485, 60.38520804], [5.35306783, 60.38505944], [5.35327698, 60.38498106], [5.35329507, 60.38498817], [5.35320253, 60.38503257], [5.35281328, 60.38517986], [5.35265485, 60.38520804]]]}}, {"type": "Feature", "properties": {"nvdb_id": 1017191810, "type": 47, "Areal": 134, "Etableringsår": 2022, "Geometri, flate": "POLYGON Z ((-32672.735607007053 6733311.948357666 15.556818031151206,-32673.04355891235 6733312.26686034 15.563313441039561,-32673.099415595294 6733312.324631764 15.56449141123724,-32673.185784096946 6733312.413959422 15.566313373984336,-32673.22505885677 6733312.454579324 15.567141351632594,-32673.294166343054 6733312.526054702 15.568599321830273,-32674.65990537731 6733313.938586516 15.597406673629761,-32674.685525454 6733313.96508475 15.597946658728599,-32675.382853691 6733314.686304406 15.612655330903053,-32676.074734319584 6733315.4551890055 15.627820010528087,-32676.76324471808 6733316.220327362 15.642911690153122,-32677.469931159052 6733317.00566496 15.658401362327576,-32677.877436487004 6733317.458523772 15.66733317606306,-32678.417185661732 6733317.967107947 15.67820591529274,-32678.476704148576 6733318.023189432 15.679404885490417,-32678.610398146207 6733318.149164039 15.682097818435192,-32678.934224747354 6733318.454291903 15.688621661973,-32679.034394405666 6733318.548678011 15.690639609818936,-32679.087919827318 6733318.5991131235 15.691717587467194,-32679.23829954234 6733318.740809513 15.694747512961388,-32680.06934286456 6733319.344249671 15.709804073377132,-32680.560045862338 6733319.66770488 15.712266812606812,-32681.66478986421 6733320.395915705 15.717811224010944,-32682.25211934105 6733320.783063121 15.720758911086559,-32683.564865911845 6733321.648381307 15.727347210731983,-32683.94410833076 6733321.898365312 15.729250002115727,-32684.277699907077 6733322.118257389 15.730923823301792,-32685.467711512116 6733322.902673891 15.736896190002442,-32685.636112489155 6733323.0136779845 15.737741100595475,-32686.367395596113 6733323.495715914 15.741411713165283,-32687.32802553277 6733324.128929967 15.746232199075223,-32688.30204681598 6733324.770972038 15.75112067753458,-32689.019916714402 6733325.2441678895 15.75472329755497,-32689.75741645682 6733325.730302517 15.758423902674199,-32690.711836406845 6733326.359424568 15.763213396034718,-32692.40381220216 6733327.474717641 15.771705494514466,-32692.7918659898 6733327.730510571 15.773652285898208,-32694.095815510256 6733328.590029379 15.780196592994214,-32695.787804579246 6733329.705331789 15.78868769147396,-32697.479899126454 6733330.820703313 15.79717978995371,-32697.627312999917 6733330.917873821 15.797918707997322,-32699.172097154893 6733331.93614377 15.805671888433457,-32699.747606162564 6733332.315500562 15.808559582959653,-32700.864380692947 6733333.051640438 15.814163986913204,-32701.471042718156 6733333.45153131 15.817208666538239,-32701.615018230747 6733333.539696917 15.817916592032432,-32701.727743950672 6733333.6087256 15.818470524977208,-32702.56107191078 6733334.119027419 15.82256407794237,-32702.579934609705 6733334.1305775205 15.822657070491791,-32704.291223314474 6733335.178511833 15.831065146619796,-32704.308404665557 6733335.18903266 15.831150139169216,-32706.036812741775 6733336.247449921 15.83964220784664,-32707.09788472776 6733336.897213705 15.844855634151935,-32707.76513596496 6733337.305815124 15.848133276524067,-32707.78263962618 6733337.316533676 15.848219269073486,-32708.035605303594 6733337.471440895 15.849462127512455,-32708.702796835918 6733338.099977366 15.85330380713749,-32709.04056354775 6733338.852479821 15.856759717730522,-32709.05541552673 6733338.885567491 15.856911710279942,-32709.102848564275 6733338.991243891 15.85739670282936,-32709.291213609395 6733339.410897392 15.859324650675298,-32709.51997802453 6733339.49444591 15.844393516564846,-32709.838097972097 6733339.5795104075 15.824064330300331,-32709.975421981886 6733339.624286938 15.815177248343945,-32710.02187233779 6733339.639419052 15.812170218541622,-32710.03642186348 6733339.644158294 15.754236211091042,-32710.34276206023 6733339.743952165 15.753685032277108,-32710.47782039584 6733339.787954086 15.75344195032072,-32710.764704320696 6733339.881346524 15.752921786407947,-32710.838230147376 6733339.905299369 15.752747741704464,-32710.908182062907 6733339.928102931 15.75257969700098,-32711.051675138064 6733339.97487887 15.752284615044594,-32711.338428153424 6733340.068227093 15.75169045113182,-32711.62429170683 6733340.1613568505 15.751099279768468,-32711.830683518434 6733340.22860516 15.750673160559177,-32711.90998922591 6733340.254419025 15.750509115855694,-32712.19480945205 6733340.347261828 15.74992194449234,-32712.234648504644 6733340.360164668 15.749837922140598,-32712.25412048516 6733340.366570556 15.749798914690018,-32712.47943002917 6733340.439931241 15.749332780579566,-32712.72981539648 6733340.521512492 15.748815631567956,-32712.763121475 6733340.532364454 15.748727616666795,-32712.822596004233 6733340.551735497 15.748571579413891,-32712.89191263204 6733340.574305607 15.748389534710407,-32713.045702759526 6733340.624382727 15.74808644530344,-32713.226204204606 6733340.683187794 15.747731340995312,-32713.24565104791 6733340.689571234 15.74769433354473,-32713.327261765837 6733340.716137132 15.747533281390666,-32713.60883745656 6733340.807797378 15.746977117477893,-32713.81406145345 6733340.874622444 15.746572998268604,-32713.889503808226 6733340.8992252555 15.746424953565121,-32714.169874207233 6733340.990552497 15.745873789652347,-32714.217376309913 6733341.00601161 15.745779759850025,-32714.23655281833 6733341.0122786295 15.745742752399444,-32714.449369393988 6733341.081670634 15.745325625739575,-32714.68606466253 6733341.158707197 15.744858484178543,-32714.72766633646 6733341.172246916 15.744756461826801,-32714.805094052106 6733341.197495923 15.744566417123318,-32714.87367433065 6733341.219825339 15.744398379870415,-32715.005086344318 6733341.262610912 15.744119297914029,-32715.282479925896 6733341.352977525 15.743530134001254,-32715.559778005816 6733341.4433092065 15.742941977539063,-32715.795442481525 6733341.520053931 15.742441835978031,-32715.836011120933 6733341.533260299 15.742354813626289,-32716.11133098614 6733341.622988734 15.741771649713517,-32716.386473343824 6733341.712565943 15.741186493251323,-32716.630653689383 6733341.792155575 15.740669351690292,-32716.661719848053 6733341.802281617 15.740591329338551,-32716.785435775062 6733341.842618684 15.740279254832744,-32716.853383739013 6733341.864748153 15.740107217579842,-32716.93577274261 6733341.891580746 15.739912172876359,-32717.20987181901 6733341.98080454 15.739259008963584,-32717.483013531193 6733342.069781491 15.738610852501392,-32717.75605855265 6733342.158736489 15.737962688588619,-32717.775433224626 6733342.165094181 15.737918681138039,-32718.029014049098 6733342.247679257 15.737315532126427,-32718.19584183558 6733342.301936116 15.736917427818298,-32718.301214334206 6733342.336345356 15.736669368213654,-32718.417729002074 6733342.374318527 15.736393301158428,-32718.57293708471 6733342.424870015 15.736019211751461,-32718.681647706428 6733342.460253845 15.735727144696236,-32718.763642289094 6733342.4869062845 15.735506099992753,-32718.844873433118 6733342.513360857 15.735293047838688,-32719.1158019501 6733342.601704979 15.734678891376495,-32719.165720510064 6733342.617875976 15.734562861574172,-32719.185059622512 6733342.62418207 15.734518854123593,-32719.406261334778 6733342.696262977 15.734015720013142,-32719.658389681485 6733342.778409812 15.73344157845211,-32719.75221141812 6733342.808954824 15.733227518847466,-32719.929188784794 6733342.866649422 15.732826414539337,-32720.198859009426 6733342.954491506 15.732212258077144,-32720.46953797154 6733343.042613349 15.731589101614952,-32720.74026932672 6733343.130866893 15.73089594515276,-32720.80698700063 6733343.152573444 15.730723900449275,-32721.008805457852 6733343.218236456 15.731756781239987,-32721.16038607934 6733343.267607565 15.7325336992836,-32721.27861263964 6733343.306177709 15.733142624777793,-32721.548018073547 6733343.393897845 15.7345234683156,-32721.727788958233 6733343.452509082 15.735446364007473,-32721.774829090922 6733343.467777821 15.73568633420515,-32721.817963873735 6733343.481898131 15.735909311853408,-32722.08702839492 6733343.569535663 15.737289155391217,-32722.28052107198 6733343.632565575 15.738282043632507,-32722.35649199586 6733343.657313503 15.738659998929023,-32722.628517272882 6733343.745900124 15.74001283501625,-32722.720647235867 6733343.778497869 15.740551782862186,-32722.778762748232 6733343.799081927 15.740891745609284,-32722.89778750774 6733343.841241241 15.741609678554058,-32723.13513992331 6733343.925550399 15.743047544443607,-32723.162871604436 6733343.935332671 15.743212529542447,-32723.428839916713 6733344.029743812 15.744822373080254,-32723.693209707853 6733344.123496857 15.74641821661806,-32672.735607007053 6733311.948357666 15.556818031151206))", "Belysning": "Ja, belyst av gatebelysning", "Dekketype": "Asfalt", "Bruksområde": "Busslomme", "Vinteråpen": "Ja", "Prosjektreferanse": "Rv555 Gyldenpriskrysset og Fv558 Carl Konows gate", "vegsystem": "FV584 S1D1 m3055-3115", "veglenkesekvenser": [3441686]}, "geometry": {"type": "Polygon", "coordinates": [[[5.31452936, 60.38269687], [5.31452301, 60.38269929], [5.31452187, 60.38269973], [5.31452008, 60.3827004], [5.31451927, 60.38270072], [5.31451785, 60.38270125], [5.31448968, 60.38271197], [5.31448915, 60.38271216], [5.31447477, 60.38271763], [5.31446036, 60.38272352], [5.31444603, 60.38272939], [5.3144313, 60.38273542], [5.31442282, 60.3827389], [5.31441182, 60.38274268], [5.3144106, 60.3827431], [5.31440789, 60.38274404], [5.31440128, 60.38274631], [5.31439924, 60.38274702], [5.31439815, 60.38274739], [5.31439509, 60.38274845], [5.31437863, 60.3827527], [5.31436899, 60.38275492], [5.3143473, 60.38275991], [5.31433578, 60.38276257], [5.31431001, 60.3827685], [5.31430257, 60.38277022], [5.31429602, 60.38277172], [5.31427266, 60.38277711], [5.31426936, 60.38277787], [5.31425501, 60.38278118], [5.31423615, 60.38278552], [5.31421703, 60.38278992], [5.31420294, 60.38279316], [5.31418847, 60.3827965], [5.31416973, 60.38280081], [5.31413651, 60.38280847], [5.3141289, 60.38281022], [5.3141033, 60.38281611], [5.31407009, 60.38282376], [5.31403688, 60.38283141], [5.31403399, 60.38283208], [5.31400367, 60.38283906], [5.31399236, 60.38284167], [5.31397046, 60.38284672], [5.31395854, 60.38284946], [5.31395573, 60.38285005], [5.31395353, 60.38285051], [5.31393728, 60.38285393], [5.31393691, 60.38285401], [5.31390354, 60.38286104], [5.31390321, 60.38286111], [5.31386949, 60.3828682], [5.31384879, 60.38287256], [5.31383578, 60.3828753], [5.31383543, 60.38287538], [5.3138305, 60.38287641], [5.31381691, 60.3828811], [5.31380887, 60.38288731], [5.31380853, 60.38288759], [5.31380739, 60.38288846], [5.31380291, 60.38289193], [5.3137986, 60.38289236], [5.31379269, 60.38289271], [5.31379012, 60.38289292], [5.31378924, 60.38289299], [5.31378898, 60.38289301], [5.31378322, 60.3828935], [5.31378069, 60.38289371], [5.31377531, 60.38289415], [5.31377394, 60.38289427], [5.31377263, 60.38289438], [5.31376993, 60.38289461], [5.31376457, 60.38289506], [5.31375921, 60.3828955], [5.31375533, 60.38289583], [5.31375385, 60.38289595], [5.31374851, 60.3828964], [5.31374776, 60.38289646], [5.3137474, 60.3828965], [5.31374318, 60.38289685], [5.31373848, 60.38289725], [5.31373786, 60.38289729], [5.31373674, 60.38289739], [5.31373544, 60.38289749], [5.31373256, 60.38289773], [5.31372918, 60.38289802], [5.31372881, 60.38289806], [5.31372729, 60.38289818], [5.313722, 60.38289862], [5.31371816, 60.38289895], [5.31371674, 60.38289906], [5.31371149, 60.38289951], [5.31371061, 60.38289958], [5.31371023, 60.3828996], [5.31370626, 60.38289995], [5.31370182, 60.38290032], [5.31370103, 60.38290038], [5.31369959, 60.3829005], [5.31369829, 60.38290061], [5.31369584, 60.38290082], [5.31369064, 60.38290125], [5.31368544, 60.38290168], [5.31368103, 60.38290205], [5.31368026, 60.38290212], [5.31367511, 60.38290255], [5.31366995, 60.38290299], [5.31366536, 60.38290336], [5.31366478, 60.38290341], [5.31366247, 60.38290361], [5.3136612, 60.38290372], [5.31365964, 60.38290385], [5.31365451, 60.38290428], [5.31364939, 60.38290471], [5.31364427, 60.38290513], [5.31364392, 60.38290516], [5.31363915, 60.38290556], [5.31363603, 60.38290582], [5.31363406, 60.38290599], [5.31363187, 60.38290617], [5.31362896, 60.38290642], [5.31362692, 60.38290658], [5.31362538, 60.38290671], [5.31362386, 60.38290684], [5.31361878, 60.38290727], [5.31361784, 60.38290735], [5.31361749, 60.38290737], [5.31361335, 60.38290772], [5.31360862, 60.38290812], [5.31360686, 60.38290827], [5.31360354, 60.38290855], [5.31359848, 60.38290896], [5.3135934, 60.38290939], [5.31358834, 60.38290982], [5.31358708, 60.38290992], [5.3135833, 60.38291023], [5.31358047, 60.38291048], [5.31357824, 60.38291066], [5.3135732, 60.38291108], [5.31356982, 60.38291137], [5.31356894, 60.38291144], [5.31356813, 60.38291151], [5.31356309, 60.38291193], [5.31355946, 60.38291224], [5.31355805, 60.38291235], [5.31355293, 60.38291278], [5.3135512, 60.38291294], [5.31355011, 60.38291305], [5.31354787, 60.38291327], [5.31354341, 60.38291371], [5.31354288, 60.38291375], [5.31353788, 60.38291424], [5.31353291, 60.38291472], [5.31452936, 60.38269687]]]}}, {"type": "Feature", "properties": {"nvdb_id": 1017191812, "type": 47, "Areal": 123, "Etableringsår": 2022, "Geometri, flate": "POLYGON Z ((-32747.73599750339 6733308.505697528 19.830650714242463,-32748.44449710357 6733309.038388908 19.79790634916401,-32748.54303377797 6733309.112474922 19.793352297009946,-32748.896490336396 6733309.37826097 19.77623011819601,-32749.23877542594 6733309.635646987 19.759650939382077,-32749.282351321075 6733309.668313511 19.757529917030336,-32749.313776557916 6733309.691988719 19.75594390212917,-32749.34822365502 6733309.7203763705 19.754149879777433,-32749.798074107734 6733310.090859564 19.730309656260015,-32750.13131757558 6733310.365309659 19.71264948489666,-32750.914461681736 6733311.010156907 19.66904909001589,-32751.697546531912 6733311.655079308 19.623447695135116,-32752.480639456655 6733312.300012529 19.575949300254344,-32753.263732382795 6733312.94494576 19.526348905373574,-32753.656093062717 6733313.268039911 19.50053571165848,-32754.011611943715 6733313.560796687 19.477145532844542,-32754.02855636028 6733313.574728256 19.47599452539396,-32754.0468774928 6733313.589793131 19.4747485104928,-32754.668758846703 6733314.101963229 19.432184197568418,-32754.829960433533 6733314.23472546 19.42115011561203,-32755.119774477207 6733314.4734042585 19.400570974051,-32755.613054278307 6733314.879648725 19.365547720731257,-32756.228977353894 6733315.386804126 19.320248415257453,-32756.396199391573 6733315.524496121 19.307950325850488,-32756.62688558118 6733315.714559122 19.29059021409178,-32756.695297616883 6733315.770924658 19.285446176838875,-32756.715040463256 6733315.787181347 19.283946169388294,-32757.179282335564 6733316.169428476 19.248744938420295,-32757.9623762673 6733316.814361849 19.189344543539523,-32758.45809898933 6733317.222557447 19.151743290219784,-32758.493304282543 6733317.251628945 19.149045275318624,-32758.606871356722 6733317.345125457 19.140445215713978,-32758.641319361283 6733317.373514209 19.137846200812817,-32758.74546920124 6733317.459295135 19.129946148658753,-32759.13704271696 6733317.781713901 19.100227947493078,-32759.528615233838 6733318.104132578 19.07051675377798,-32760.275686514215 6733318.71938478 19.01381837379837,-32760.31088980264 6733318.748467171 19.01120835889721,-32760.88596415159 6733319.222024519 18.967610068324564,-32761.013350458466 6733319.326923312 18.95795200871992,-32761.094791120384 6733319.393998274 18.951773964016436,-32761.352973441943 6733319.606539568 18.932184837356566,-32761.385341665708 6733319.63322399 18.929723822455408,-32761.620165256318 6733319.821660781 18.912095703246116,-32761.756533445092 6733319.931089872 18.901846628740312,-32761.784959361074 6733319.953907141 18.89974461383915,-32761.861128250603 6733320.010244076 18.894288576586245,-32761.884619265096 6733320.027649899 18.892433561685085,-32761.920301126316 6733320.053971161 18.889906546783923,-32762.618678794475 6733320.570775772 18.838992189156055,-32762.63573798549 6733320.583289685 18.838685174254895,-32762.69721293857 6733320.62315064 18.833578144452574,-32763.2209135195 6733320.962884612 18.79719286878109,-32763.369987444486 6733321.059591861 18.786833786824705,-32763.53922487318 6733321.169382464 18.775136697417736,-32763.813696447294 6733321.347490235 18.756012548406126,-32764.187088629464 6733321.571604962 18.730787347240447,-32764.39331790316 6733321.695386157 18.71685623548174,-32764.642941271537 6733321.845122544 18.699948101371287,-32765.253415315063 6733322.21131327 18.658603773545742,-32766.113523717155 6733322.7272414 18.600437304159165,-32766.973579940503 6733323.243255398 18.542216842223166,-32767.83368935599 6733323.759172552 18.48401938028717,-32768.69378778036 6733324.275099787 18.425930910900593,-32768.96962477628 6733324.440557675 18.407275761888982,-32769.55389519746 6733324.791027851 18.367769448964594,-32769.645076235174 6733324.845691445 18.36154239681053,-32769.751938196016 6733324.909806769 18.354311337205885,-32770.307315053535 6733325.243025786 18.31671903918266,-32770.37201616715 6733325.281796446 18.31237200192976,-32770.414003616315 6733325.30695602 18.309544979578018,-32771.27404986916 6733325.822969141 18.25134151764202,-32771.483929224196 6733325.94883825 18.237143405883312,-32772.13415821153 6733326.338887238 18.193135055706023,-32772.99426673248 6733326.854814426 18.134950586319448,-32773.85092783708 6733327.368684377 18.07704912438345,-32774.04874516756 6733327.487365071 18.06363602007532,-32774.5880399599 6733327.810838802 18.02712672950268,-32774.71447261493 6733327.8866698155 18.018634662447454,-32775.57458105427 6733328.402598026 17.960433200511456,-32776.43463823048 6733328.918602116 17.90222473112488,-32776.99275232211 6733329.253385304 17.864470433101655,-32777.29473668907 6733329.434529426 17.84404126918888,-32778.1548441404 6733329.9504575655 17.785838807252883,-32778.3028160074 6733330.039230067 17.7758387252965,-32778.90826411813 6733330.402454562 17.734921397470952,-32778.9810100781 6733330.446045354 17.730025360218047,-32779.014952685684 6733330.466384803 17.72774034531689,-32779.8750601433 6733330.98231296 17.66954187593031,-32780.73510834726 6733331.498316266 17.61133141399431,-32781.59521581221 6733332.014244434 17.553143952058313,-32782.15304854256 6733332.348855828 17.51538765403509,-32782.45532427926 6733332.530172703 17.49492549012232,-32783.31542176369 6733333.046099969 17.43673002818632,-32784.175530329114 6733333.562027251 17.378629566250325,-32785.035638722125 6733334.077945467 17.320428096863747,-32785.456070508924 6733334.330197625 17.29198187334633,-32785.89568603155 6733334.593958806 17.26223663492775,-32786.75579351722 6733335.109887016 17.204033172991753,-32786.99604335055 6733335.253981613 17.187769046331884,-32787.509264708846 6733335.561798123 17.1530257706604,-32787.573311439715 6733335.600246976 17.148706733407497,-32787.615902004996 6733335.625815328 17.145834711055755,-32788.02051711362 6733335.868492542 17.118443494988917,-32788.36937319953 6733336.07772644 17.094827308724405,-32788.4137321756 6733336.10435219 17.09183528637266,-32788.476010412676 6733336.141733565 17.08763424911976,-32788.62226009369 6733336.229449905 17.07775216716337,-32788.783033848624 6733336.325965092 17.066930085206984,-32789.00392241904 6733336.482354081 17.051065965997697,-32789.20917369879 6733336.627671767 17.036327861689568,-32789.25950771116 6733336.663383755 17.032764839337826,-32789.3109169543 6733336.699858988 17.029125809535504,-32789.95284678775 6733337.154692628 16.983128474259377,-32790.04657959973 6733337.221046635 16.976426429555893,-32790.13184914354 6733337.281409102 16.97032538485241,-32790.816534210346 6733337.766543796 16.92128602722454,-32790.952730151825 6733337.863045179 16.911530960169316,-32791.158754244214 6733338.00905208 16.896726855861186,-32791.18832154991 6733338.0299756965 16.894628840960024,-32791.53178024141 6733338.329277203 16.86792666959667,-32791.54768879141 6733338.343159199 16.866715662146092,-32791.572489874554 6733338.364800368 16.86482664724493,-32791.62007117295 6733338.406405939 16.86112762489319,-32791.66647654318 6733338.446852285 16.857412602541448,-32791.68242688873 6733338.460827748 16.855923595090864,-32791.72309424577 6733338.496295673 16.852121572739126,-32791.90364758868 6733338.65373911 16.835223490782738,-32791.9282686091 6733338.675245946 16.832921475881577,-32791.95093083277 6733338.695519815 16.830781460980415,-32791.97822705668 6733338.721686189 16.828126453529833,-32792.16451454291 6733338.900871095 16.80981536412287,-32792.24171293841 6733338.9751253305 16.802226326869963,-32792.280885713524 6733339.012824194 16.798425304518222,-32792.30018195638 6733339.031317198 16.79652729706764,-32792.33810577053 6733339.067763532 16.79272628216648,-32792.39797875052 6733339.125340976 16.786843252364157,-32792.468376096454 6733339.193038859 16.779925222561836,-32792.48612938658 6733339.210102323 16.778176207660675,-32792.50791115407 6733339.231037818 16.776027200210095,-32792.546796746436 6733339.2684303755 16.772126185308935,-32792.57966193557 6733339.302893426 16.76873017040777,-32792.62195593293 6733339.347342291 16.764357148056032,-32792.83016189083 6733339.566154273 16.742825051198484,-32792.86671904195 6733339.6044796705 16.73902603629732,-32792.885504029924 6733339.624298612 16.73702802884674,-32792.92938198964 6733339.670356022 16.732526006495,-32793.0102570256 6733339.755290785 16.724073969242095,-32793.11506141815 6733339.865357281 16.713123924538614,-32793.14958697872 6733339.901628244 16.70952690963745,-32793.19250523171 6733339.950773347 16.70482788728571,-32793.38908724382 6733340.175402395 16.68332279787874,-32793.42198017205 6733340.213036557 16.67972579042816,-32793.440851199324 6733340.234598746 16.677626775527,-32793.4541079615 6733340.249787831 16.676182775527,-32793.472055112594 6733340.270352875 16.67422576807642,-32793.627319481224 6733340.447791342 16.657124693570616,-32793.660006303806 6733340.485135691 16.653526678669454,-32793.68942058855 6733340.522504529 16.65012667121887,-32793.91184297635 6733340.804295312 16.624026574361324,-32793.94206036918 6733340.84252836 16.620425566910743,-32793.96843679412 6733340.8759860005 16.617368552009584,-32793.98827481549 6733340.901152826 16.615025544559003,-32794.05031308159 6733340.979750971 16.60769152220726,-32794.16760525189 6733341.128350897 16.593829470053198,-32794.19211438252 6733341.159323984 16.590925462602616,-32794.303882475826 6733341.301006136 16.577796410448553,-32794.33508844022 6733341.340563545 16.57412640299797,-32794.36097611545 6733341.373298582 16.571126388096808,-32794.41155119217 6733341.443184928 16.564826365745066,-32794.44314887049 6733341.486777714 16.560952358294486,-32794.481001010165 6733341.538913287 16.556326343393327,-32794.65598246618 6733341.780545575 16.53495626888752,-32794.67419474444 6733341.805670214 16.53272826143694,-32794.752338286955 6733341.913542894 16.523278231600127,-32793.14533230744 6733337.508104805 16.819787484954357,-32790.56522308395 6733334.142568382 17.066536550387383,-32747.73599750339 6733308.505697528 19.830650714242463))", "Belysning": "Ja, belyst av gatebelysning", "Dekketype": "Asfalt", "Bruksområde": "Busslomme", "Vinteråpen": "Ja", "Prosjektreferanse": "Rv555 Gyldenpriskrysset og Fv558 Carl Konows gate", "vegsystem": "FV584 S1D1 m3045 KD7 m0-40", "veglenkesekvenser": [3441683, 3441686, 3441689]}, "geometry": {"type": "Polygon", "coordinates": [[[5.31319753, 60.38256791], [5.31318346, 60.38257169], [5.31318149, 60.38257221], [5.31317448, 60.3825741], [5.31316766, 60.38257593], [5.31316681, 60.38257616], [5.31316617, 60.38257633], [5.31316549, 60.38257654], [5.31315646, 60.38257923], [5.31314978, 60.38258122], [5.31313407, 60.3825859], [5.31311834, 60.38259057], [5.31310263, 60.38259525], [5.31308692, 60.38259994], [5.31307905, 60.38260228], [5.31307191, 60.3826044], [5.31307157, 60.38260451], [5.31307121, 60.38260462], [5.31305873, 60.38260833], [5.31305549, 60.3826093], [5.31304968, 60.38261102], [5.31303978, 60.38261398], [5.31302742, 60.38261765], [5.31302407, 60.38261865], [5.31301944, 60.38262003], [5.31301807, 60.38262044], [5.31301767, 60.38262056], [5.31300836, 60.38262333], [5.31299265, 60.38262801], [5.3129827, 60.38263098], [5.312982, 60.38263119], [5.31297971, 60.38263186], [5.31297903, 60.38263207], [5.31297694, 60.38263269], [5.31296908, 60.38263503], [5.31296121, 60.38263737], [5.31294623, 60.38264183], [5.31294552, 60.38264204], [5.31293398, 60.38264548], [5.31293143, 60.38264624], [5.31292979, 60.38264673], [5.31292461, 60.38264827], [5.31292397, 60.38264846], [5.31291927, 60.38264983], [5.31291653, 60.38265061], [5.31291597, 60.38265078], [5.31291446, 60.38265117], [5.31291398, 60.3826513], [5.31291329, 60.38265149], [5.31289942, 60.38265514], [5.31289908, 60.38265523], [5.31289789, 60.3826555], [5.31288762, 60.38265782], [5.31288469, 60.38265848], [5.31288138, 60.38265923], [5.31287599, 60.38266044], [5.31286873, 60.38266194], [5.31286472, 60.38266276], [5.31285985, 60.38266376], [5.31284797, 60.3826662], [5.31283121, 60.38266963], [5.31281447, 60.38267307], [5.31279772, 60.38267651], [5.31278097, 60.38267995], [5.3127756, 60.38268105], [5.31276423, 60.38268338], [5.31276246, 60.38268375], [5.31276037, 60.38268418], [5.31274957, 60.3826864], [5.3127483, 60.38268666], [5.31274748, 60.38268682], [5.31273074, 60.38269026], [5.31272665, 60.3826911], [5.31271399, 60.3826937], [5.31269725, 60.38269713], [5.31268056, 60.38270056], [5.31267671, 60.38270134], [5.31266621, 60.3827035], [5.31266376, 60.38270401], [5.31264699, 60.38270744], [5.31263025, 60.38271088], [5.31261938, 60.38271311], [5.3126135, 60.38271432], [5.31259676, 60.38271775], [5.31259388, 60.38271834], [5.3125821, 60.38272076], [5.31258067, 60.38272105], [5.31258001, 60.38272119], [5.31256327, 60.38272462], [5.31254652, 60.38272806], [5.31252978, 60.3827315], [5.31251891, 60.38273373], [5.31251303, 60.38273493], [5.31249629, 60.38273837], [5.31247952, 60.38274181], [5.31246278, 60.38274525], [5.3124546, 60.38274692], [5.31244603, 60.38274868], [5.31242929, 60.38275212], [5.31242461, 60.38275308], [5.31241462, 60.38275513], [5.31241338, 60.38275538], [5.31241254, 60.38275556], [5.31240466, 60.38275717], [5.31239788, 60.38275857], [5.312397, 60.38275874], [5.31239579, 60.38275899], [5.31239295, 60.38275957], [5.31238982, 60.38276022], [5.31238545, 60.38276131], [5.3123814, 60.38276233], [5.31238039, 60.38276258], [5.31237938, 60.38276284], [5.3123667, 60.38276602], [5.31236484, 60.38276648], [5.31236316, 60.3827669], [5.31234963, 60.3827703], [5.31234694, 60.38277097], [5.31234287, 60.38277199], [5.3123423, 60.38277214], [5.31233535, 60.38277434], [5.31233503, 60.38277444], [5.31233454, 60.3827746], [5.31233357, 60.3827749], [5.31233264, 60.38277521], [5.31233232, 60.38277531], [5.31233149, 60.38277556], [5.31232784, 60.38277672], [5.31232735, 60.38277688], [5.31232689, 60.38277703], [5.31232633, 60.38277723], [5.31232252, 60.38277857], [5.31232094, 60.38277912], [5.31232014, 60.38277941], [5.31231976, 60.38277954], [5.31231898, 60.38277982], [5.31231776, 60.38278024], [5.31231632, 60.38278075], [5.31231596, 60.38278088], [5.31231551, 60.38278104], [5.31231471, 60.38278131], [5.31231403, 60.38278158], [5.31231316, 60.38278191], [5.31230886, 60.38278358], [5.3123081, 60.38278387], [5.31230771, 60.38278402], [5.31230682, 60.38278437], [5.31230514, 60.38278502], [5.31230297, 60.38278585], [5.31230225, 60.38278613], [5.31230135, 60.38278651], [5.31229725, 60.38278824], [5.31229656, 60.38278853], [5.31229616, 60.3827887], [5.31229589, 60.38278881], [5.31229552, 60.38278897], [5.31229227, 60.38279034], [5.31229158, 60.38279062], [5.31229096, 60.38279092], [5.31228623, 60.38279312], [5.31228559, 60.38279342], [5.31228504, 60.38279368], [5.31228461, 60.38279387], [5.3122833, 60.38279449], [5.31228079, 60.38279565], [5.31228028, 60.38279589], [5.3122779, 60.382797], [5.31227724, 60.38279731], [5.31227669, 60.38279756], [5.3122756, 60.38279811], [5.31227492, 60.38279846], [5.31227411, 60.38279887], [5.31227034, 60.38280079], [5.31226995, 60.38280098], [5.31226827, 60.38280184], [5.31230869, 60.38276495], [5.31236375, 60.38273856], [5.31319753, 60.38256791]]]}}, {"type": "Feature", "properties": {"nvdb_id": 82630972, "type": 47, "Areal": 42, "Geometri, flate": "POLYGON((-33280.86462186382 6733335.860447783,-33280.569882007316 6733334.562288773,-33279.90763311251 6733332.329601426,-33278.91441959422 6733330.178804849,-33272.47489512712 6733320.254381785,-33270.911484903656 6733318.280994874,-33264.478299551294 6733311.217317623,-33261.7807880101 6733308.420199874,-33263.26997184323 6733311.524609652,-33265.64390682685 6733314.985104025,-33276.55474422581 6733328.31208957,-33278.91075537249 6733331.970897958,-33280.86462186382 6733335.860447783))", "Dekketype": "Asfalt", "Bruksområde": "Busslomme", "Vinteråpen": "Ja", "vegsystem": "FV5358 S1D1 m281-313", "veglenkesekvenser": [805812]}, "geometry": {"type": "Polygon", "coordinates": [[[5.30359309, 60.38210945], [5.30360181, 60.38209835], [5.30361957, 60.38207947], [5.30364305, 60.38206174], [5.30378453, 60.38198236], [5.30381773, 60.38196696], [5.30395151, 60.38191289], [5.30400715, 60.38189168], [5.30397229, 60.38191721], [5.30392065, 60.38194471], [5.30369019, 60.38204831], [5.30363835, 60.3820776], [5.30359309, 60.38210945]]]}}, {"type": "Feature", "properties": {"nvdb_id": 1027326852, "type": 47, "Areal": 79, "Geometri, flate": "POLYGON((-33269.28241192817 6733442.613886904,-33274.19307479251 6733441.115496872,-33279.582026179065 6733418.3455579765,-33278.90604174114 6733417.215451347,-33278.468888117 6733418.517192131,-33277.38778018847 6733418.09449243,-33269.28241192817 6733442.613886904))", "Belysning": "Ja, belyst av gatebelysning", "Dekketype": "Asfalt", "Bruksområde": "Kjørepause/parkering", "Vinteråpen": "Ja", "vegsystem": "FV5358 S1D1 m172-198", "veglenkesekvenser": [3441676]}, "geometry": {"type": "Polygon", "coordinates": [[[5.30351666, 60.3830695], [5.30343283, 60.38304977], [5.30339695, 60.38284117], [5.30341204, 60.38283205], [5.3034164, 60.38284415], [5.30343685, 60.38284183], [5.30351666, 60.3830695]]]}}, {"type": "Feature", "properties": {"nvdb_id": 1017191811, "type": 47, "Areal": 104, "Etableringsår": 2022, "Geometri, flate": "POLYGON Z ((-32961.456142699 6733453.979907271 20.900325929937367,-32960.71504009061 6733453.343034172 20.88074827266407,-32960.69615338766 6733453.326842784 20.88025028011465,-32960.66940863896 6733453.3038692605 20.87954328756523,-32960.32491234783 6733453.007667735 20.870441451478005,-32959.63499628811 6733451.976041429 20.838041682446004,-32959.3984589231 6733451.622369985 20.82694275695181,-32959.38745349459 6733451.6049789665 20.82644076440239,-32959.34847152594 6733451.54294701 20.82464277185297,-32958.38555596222 6733450.014257898 20.780543077326776,-32958.122986812145 6733449.597368073 20.76854215928316,-32957.38843613851 6733448.431268547 20.73544239025116,-32957.17351823358 6733448.089937655 20.725842457306385,-32956.99902023794 6733447.827626556 20.71804351691103,-32956.85951429012 6733447.678284363 20.711543576515673,-32956.54612848349 6733447.363583036 20.696843710626126,-32956.142409409396 6733446.996418743 20.677742896890642,-32955.31279910344 6733446.354435179 20.638242291771412,-32955.251081516384 6733446.311538403 20.635244329024314,-32954.51102465077 6733445.796917496 20.599742694102765,-32954.400352344965 6733445.719996133 20.59444474625683,-32953.92373681371 6733445.408271781 20.571542992125988,-32953.52033800178 6733445.14444385 20.552144193291664,-32952.170509869466 6733444.261715367 20.4872448712945,-32951.77276452503 6733444.001590094 20.468244072460173,-32950.45364384935 6733443.138916831 20.40494574301243,-32950.428282503155 6733443.122291381 20.40374575046301,-32950.023009261466 6733442.857222117 20.384245959079266,-32949.616703469306 6733442.591517396 20.364747167695523,-32948.70159597881 6733441.998509545 20.32084562963152,-32948.47407165321 6733441.850962546 20.30994774139023,-32948.26750953635 6733441.717191521 20.300046845698358,-32946.966084161424 6733440.873633147 20.23754750880003,-32946.91767202283 6733440.842294051 20.235246531151773,-32946.508437111974 6733440.57700989 20.215547739768027,-32945.67269931303 6733440.035370926 20.175448164451122,-32945.31018079433 6733439.79904767 20.15794835071564,-32944.747713207034 6733439.4322081525 20.1309486338377,-32943.5044002916 6733438.621470868 20.071049259686472,-32943.39858103171 6733438.552481484 20.065948319291113,-32942.98486806231 6733438.282691894 20.04604952790737,-32941.62825760187 6733437.397985512 19.980550213360786,-32941.402539918316 6733437.250858865 19.969149325119496,-32940.67216368194 6733436.783842823 19.931950697648524,-32939.91196756181 6733436.297890308 19.893150085078716,-32937.69944541075 6733434.883486013 19.779452217566966,-32937.51832822885 6733434.767703779 19.770053306973935,-32936.49798672367 6733434.115325431 19.717153828514576,-32934.8458061954 6733433.090943449 19.630753677880765,-32934.58770020236 6733432.936259769 19.617153811991216,-32934.411926370114 6733432.836865351 19.607853901398183,-32932.36093391536 6733431.984490829 19.497055041337013,-32931.443267518654 6733431.763886472 19.446356585229395,-32931.033676269464 6733431.694367655 19.423555831098557,-32929.69698145031 6733431.496081297 19.34865764321184,-32929.32299079723 6733431.440513285 19.32765786672926,-32927.41436408821 6733431.157285894 19.22005802901983,-32926.79758233286 6733431.06580751 19.185157408999444,-32926.372546394356 6733431.002661158 19.161058662319185,-32926.26730490266 6733430.987069772 19.15505772937441,-32926.131856430904 6733430.9670017045 19.147357811330796,-32961.456142699 6733453.979907271 20.900325929937367))", "Belysning": "Ja, belyst av gatebelysning", "Dekketype": "Asfalt", "Bruksområde": "Lomme, generell", "Vinteråpen": "Ja", "Prosjektreferanse": "Rv555 Gyldenpriskrysset og Fv558 Carl Konows gate", "vegsystem": "FV558 S1D1 m122-164", "veglenkesekvenser": [3441686]}, "geometry": {"type": "Polygon", "coordinates": [[[5.30899024, 60.38357468], [5.30900518, 60.38357002], [5.30900556, 60.3835699], [5.30900611, 60.38356973], [5.30901304, 60.38356756], [5.30902812, 60.38355934], [5.3090333, 60.38355652], [5.30903354, 60.38355638], [5.3090344, 60.38355588], [5.30905566, 60.38354361], [5.30906147, 60.38354027], [5.3090777, 60.38353091], [5.30908244, 60.38352818], [5.30908626, 60.38352609], [5.30908914, 60.38352494], [5.30909559, 60.38352258], [5.30910379, 60.38351985], [5.30912032, 60.38351526], [5.30912154, 60.38351497], [5.30913614, 60.38351138], [5.30913833, 60.38351085], [5.30914766, 60.38350871], [5.30915559, 60.3835069], [5.30918205, 60.38350087], [5.30918986, 60.38349909], [5.30921573, 60.38349319], [5.30921624, 60.38349307], [5.30922418, 60.38349126], [5.30923215, 60.38348945], [5.30925008, 60.3834854], [5.30925455, 60.38348439], [5.30925859, 60.38348347], [5.30928411, 60.38347772], [5.30928505, 60.3834775], [5.30929308, 60.3834757], [5.30930945, 60.383472], [5.30931657, 60.38347039], [5.30932759, 60.38346788], [5.30935199, 60.38346233], [5.30935405, 60.38346186], [5.30936216, 60.38346002], [5.30938878, 60.38345397], [5.30939319, 60.38345297], [5.3094075, 60.3834498], [5.30942238, 60.38344649], [5.3094657, 60.38343688], [5.30946924, 60.3834361], [5.30948921, 60.38343166], [5.30952147, 60.38342477], [5.30952649, 60.38342373], [5.3095299, 60.38342309], [5.30956884, 60.38341823], [5.30958583, 60.38341749], [5.30959333, 60.38341741], [5.30961776, 60.38341741], [5.3096246, 60.38341742], [5.30965948, 60.38341741], [5.30967074, 60.38341742], [5.3096785, 60.38341742], [5.30968044, 60.38341742], [5.30968291, 60.38341742], [5.30899024, 60.38357468]]]}}, {"type": "Feature", "properties": {"nvdb_id": 82636915, "type": 47, "Areal": 53, "Geometri, flate": "POLYGON((-30888.887952236924 6733565.686301718,-30887.742111602798 6733565.067637367,-30875.305084989872 6733566.765761383,-30870.104853922385 6733567.19457027,-30861.69190470036 6733567.219730911,-30861.50287262851 6733569.014608594,-30865.65695447568 6733569.381714072,-30871.090512873023 6733569.530191036,-30876.771682380233 6733568.891760745,-30883.324854601175 6733567.427748422,-30888.887952236924 6733565.686301718))", "Dekketype": "Asfalt", "Bruksområde": "Busslomme", "Vinteråpen": "Ja", "vegsystem": "FV585 S1D1 m6867-6896", "veglenkesekvenser": [805748]}, "geometry": {"type": "Polygon", "coordinates": [[[5.34575538, 60.38728164], [5.34577751, 60.38727767], [5.34599544, 60.38730898], [5.3460873, 60.38731958], [5.34623769, 60.38733082], [5.34623633, 60.38734695], [5.34616107, 60.38734476], [5.3460635, 60.38733896], [5.34596358, 60.38732588], [5.34585026, 60.38730434], [5.34575538, 60.38728164]]]}}, {"type": "Feature", "properties": {"nvdb_id": 1026814779, "type": 47, "Areal": 91, "Geometri, flate": "POLYGON((-33444.260049991775 6733599.355974349,-33433.26840011822 6733590.79579973,-33425.622481603874 6733585.684315602,-33422.10123251495 6733583.880887321,-33398.52034969593 6733576.321699352,-33389.00744065503 6733574.513850026,-33383.57907773205 6733573.864550226,-33388.55288549559 6733575.726856126,-33400.12064637267 6733578.643849659,-33407.34363696317 6733580.765508208,-33414.08960581431 6733582.816299047,-33421.96197796601 6733586.120305384,-33431.691787425894 6733591.310356134,-33444.260049991775 6733599.355974349))", "Navn": "Damsgård hovedgård", "Dekketype": "Asfalt", "Bruksområde": "Busslomme", "Tilleggsinformasjon": "Punktkoordinat fra Rutebanken", "vegsystem": "FV558 S1D1 m655-719", "veglenkesekvenser": [805142]}, "geometry": {"type": "Polygon", "coordinates": [[[5.29997178, 60.38422663], [5.30019105, 60.38416533], [5.30034134, 60.38413014], [5.30040909, 60.38411882], [5.30085079, 60.38408293], [5.30102568, 60.38407944], [5.30112445, 60.38408083], [5.30103057, 60.38409077], [5.30081599, 60.38410138], [5.30068121, 60.38411066], [5.30055515, 60.38411993], [5.30040562, 60.38413882], [5.30021787, 60.38417195], [5.29997178, 60.38422663]]]}}, {"type": "Feature", "properties": {"nvdb_id": 82504874, "type": 47, "Areal": 256, "Geometri, flate": "POLYGON((-32308.3915475159 6733604.54958119,-32306.5700998079 6733602.89371964,-32301.4369289942 6733605.70868428,-32296.3037581806 6733609.18599354,-32294.4823104725 6733610.67626894,-32292.1641042986 6733612.99447511,-32289.0179673483 6733617.29971515,-32287.8588642614 6733620.11467979,-32285.7062442428 6733624.25433367,-32283.3880380689 6733632.03688297,-32282.5601072925 6733639.48825996,-32282.7256934478 6733646.27729232,-32282.891279603 6733649.42342927,-32284.2159688453 6733653.89425546,-32285.871830398 6733658.03390935,-32288.5212088825 6733662.83590785,-32292.3296904539 6733666.64438942,-32296.3037581806 6733669.95611253,-32301.2713428389 6733673.43342179,-32298.1252058887 6733669.45935406,-32294.8134827831 6733665.48528634,-32291.9985181433 6733661.67680476,-32290.01148428 6733658.03390935,-32288.6867950378 6733655.38453086,-32287.3621057956 6733652.40398007,-32286.8653473297 6733649.92018774,-32286.3685888639 6733647.1052231,-32286.0374165533 6733644.29025846,-32285.871830398 6733641.47529382,-32286.0374165533 6733637.99798456,-32286.2030027086 6733634.68626145,-32287.3621057956 6733630.21543526,-32288.5212088825 6733626.40695369,-32290.3426565906 6733621.43936903,-32292.8264489197 6733618.12764593,-32294.6478966278 6733615.47826744,-32296.9661028017 6733612.82888896,-32300.4434120626 6733609.84833816,-32305.7421690315 6733606.03985659,-32308.3915475159 6733604.54958119))", "Dekketype": "Asfalt", "Bruksområde": "Busslomme", "Vinteråpen": "Ja", "vegsystem": "RV555 S1D1 m762 KD3 m62-138", "veglenkesekvenser": [805010]}, "geometry": {"type": "Polygon", "coordinates": [[[5.32026798, 60.38576496], [5.32030495, 60.38575269], [5.32038927, 60.38578434], [5.32047184, 60.38582186], [5.32050047, 60.38583743], [5.32053577, 60.38586099], [5.32058061, 60.38590323], [5.32059387, 60.38592967], [5.32062139, 60.38596913], [5.3206422, 60.38604106], [5.32063725, 60.38610809], [5.32061628, 60.38616796], [5.32060499, 60.38619559], [5.32056944, 60.38623343], [5.32052885, 60.38626789], [5.32046875, 60.38630692], [5.32039054, 60.38633562], [5.3203107, 60.38635972], [5.32021266, 60.38638398], [5.32027945, 60.38635293], [5.32034921, 60.38632211], [5.32040963, 60.3862921], [5.32045484, 60.38626246], [5.32048554, 60.38624075], [5.32051714, 60.38621611], [5.32053261, 60.38619478], [5.32054894, 60.38617051], [5.32056235, 60.38614603], [5.32057276, 60.38612133], [5.32057903, 60.38609034], [5.32058484, 60.38606081], [5.32057597, 60.38601972], [5.32056535, 60.38598449], [5.32054594, 60.38593813], [5.32051032, 60.38590556], [5.32048476, 60.38587972], [5.32045034, 60.38585323], [5.32039607, 60.38582228], [5.32031141, 60.38578162], [5.32026798, 60.38576496]]]}}, {"type": "Feature", "properties": {"nvdb_id": 543573127, "type": 47, "Areal": 56, "Lengde med full bredde": 23.0, "Geometri, flate": "POLYGON((-31647.51296529884 6733606.84197413,-31644.615252363263 6733609.950477332,-31644.351290806662 6733625.784073381,-31647.335057410528 6733629.183395381,-31647.51296529884 6733606.84197413))", "Belysning": "Ja, belyst av gatebelysning", "Dekketype": "Stein", "Bruksområde": "Lastelomme", "Vinteråpen": "Ja", "Utforming": "Lomme uten deleøy", "vegsystem": "FV5332 S1D1 m860-882", "veglenkesekvenser": [805410]}, "geometry": {"type": "Polygon", "coordinates": [[[5.33207981, 60.38665212], [5.33212341, 60.38668343], [5.33208619, 60.38682393], [5.33202382, 60.3868501], [5.33207981, 60.38665212]]]}}, {"type": "Feature", "properties": {"nvdb_id": 82504896, "type": 47, "Areal": 170, "Geometri, flate": "POLYGON((-32359.842878256808 6733608.0576053765,-32329.435763520654 6733643.550660647,-32326.339823718998 6733648.370256831,-32329.768601817894 6733649.777240484,-32332.26860528032 6733644.551050508,-32340.00569574628 6733635.365625993,-32349.328709057416 6733625.853807828,-32356.82140650309 6733618.316814165,-32358.39755903813 6733616.309248296,-32361.378109812853 6733609.189043629,-32359.842878256808 6733608.0576053765))", "Belysning": "Ja, belyst av gatebelysning", "Dekketype": "Asfalt", "Eier": "Stat, Statens vegvesen", "Bruksområde": "Busslomme", "Vedlikeholdsansvarlig": "Statens vegvesen", "Vinteråpen": "Ja", "vegsystem": "RV555 S1D1 m762 KD2 m70-125", "veglenkesekvenser": [805009]}, "geometry": {"type": "Polygon", "coordinates": [[[5.31933865, 60.38572847], [5.31978826, 60.38608253], [5.31983084, 60.38612925], [5.31976579, 60.3861372], [5.31973495, 60.38608766], [5.31962095, 60.38599621], [5.31947947, 60.38589978], [5.31936549, 60.38582324], [5.31934261, 60.3858034], [5.31930821, 60.38573647], [5.31933865, 60.38572847]]]}}, {"type": "Feature", "properties": {"nvdb_id": 519909504, "type": 47, "Areal": 17, "Geometri, flate": "POLYGON((-32423.8050977451 6733632.03688297,-32423.4739254345 6733629.55309064,-32417.1816515339 6733623.26081674,-32415.0290315153 6733623.59198905,-32423.8050977451 6733632.03688297))", "Dekketype": "Asfalt", "Bruksområde": "Lomme, generell", "Vinteråpen": "Ja", "vegsystem": "RV555 S1D10 m182-194", "veglenkesekvenser": [805430]}, "geometry": {"type": "Polygon", "coordinates": [[[5.31813132, 60.38585675], [5.31814383, 60.38583519], [5.31827303, 60.38578777], [5.31831065, 60.38579352], [5.31813132, 60.38585675]]]}}, {"type": "Feature", "properties": {"nvdb_id": 543573126, "type": 47, "Areal": 50, "Lengde med full bredde": 19.52, "Belysning": "Ja, belyst av gatebelysning", "Dekketype": "Stein", "Bruksområde": "Lastelomme", "Vinteråpen": "Ja", "Utforming": "Lomme uten deleøy", "Geometri, flate": "POLYGON Z ((-31647.4 6733670.41 2.586,-31644.53 6733652.12 2.586,-31644.43 6733667.44 2.586,-31647.4 6733670.41 2.586))", "vegsystem": "FV5332 S1D1 m905-923", "veglenkesekvenser": [805410]}, "geometry": {"type": "Polygon", "coordinates": [[[5.33191347, 60.38721492], [5.33201324, 60.3870568], [5.33197445, 60.38719253], [5.33191347, 60.38721492]]]}}, {"type": "Feature", "properties": {"nvdb_id": 543573125, "type": 47, "Areal": 55, "Lengde med full bredde": 23.51, "Belysning": "Ja, belyst av gatebelysning", "Dekketype": "Stein", "Bruksområde": "Lastelomme", "Vinteråpen": "Ja", "Utforming": "Lomme uten deleøy", "Geometri, punkt": "POINT(-31644.527 6733717.552)", "vegsystem": "FV5332 S1D1 m960-981", "veglenkesekvenser": [805410]}, "geometry": {"type": "Point", "coordinates": [5.33183998, 60.38763595]}}, {"type": "Feature", "properties": {"nvdb_id": 82358047, "type": 47, "Areal": 112, "Geometri, flate": "POLYGON((-31643.4723412362 6733894.77725706,-31620.0338623619 6733848.98207526,-31623.0387955509 6733860.88161069,-31634.9383309794 6733884.68068155,-31643.4723412362 6733894.77725706))", "Dekketype": "Asfalt", "Bruksområde": "Busslomme", "Vinteråpen": "Ja", "vegsystem": "EV16 S1D1 m1188-1240", "veglenkesekvenser": [804742]}, "geometry": {"type": "Polygon", "coordinates": [[[5.33138941, 60.38920598], [5.33192988, 60.38883137], [5.33184461, 60.38893276], [5.33156877, 60.3891278], [5.33138941, 60.38920598]]]}}, {"type": "Feature", "properties": {"nvdb_id": 543573128, "type": 47, "Areal": 117, "Lengde med full bredde": 53.62, "Geometri, flate": "POLYGON((-31748.0614361166 6733883.2766374,-31749.5943875405 6733887.17869557,-31766.5962124245 6733897.56095749,-31786.5942605462 6733909.05809317,-31790.775037157 6733908.98841356,-31748.0614361166 6733883.2766374))", "Belysning": "Ja, belyst av gatebelysning", "Dekketype": "Asfalt", "Bruksområde": "Busslomme", "Vinteråpen": "Ja", "Utforming": "Lomme uten deleøy", "vegsystem": "EV16 S1D1 m1380-1430", "veglenkesekvenser": [804742]}, "geometry": {"type": "Polygon", "coordinates": [[[5.32954941, 60.38896706], [5.32951166, 60.38899958], [5.32918009, 60.38906918], [5.32879198, 60.38914472], [5.3287174, 60.38913861], [5.32954941, 60.38896706]]]}}, {"type": "Feature", "properties": {"nvdb_id": 82571752, "type": 47, "Areal": 133, "Geometri, flate": "POLYGON((-33773.48945358966 6734062.764948359,-33768.02193351812 6734051.997802507,-33766.29147235921 6734049.51284451,-33755.55377913278 6734035.224213045,-33747.603167248424 6734024.816969146,-33733.22106268769 6734006.324818906,-33722.68012196815 6733995.536048587,-33725.635830708314 6733999.869243268,-33742.184391663526 6734021.105811369,-33756.09222292423 6734038.538068868,-33773.48945358966 6734062.764948359))", "Dekketype": "Asfalt", "Bruksområde": "Busslomme", "Vinteråpen": "Ja", "vegsystem": "FV558 S1D1 m1207-1291", "veglenkesekvenser": [805142]}, "geometry": {"type": "Polygon", "coordinates": [[[5.2928532, 60.38789474], [5.29297959, 60.38780665], [5.29301715, 60.38778693], [5.29324714, 60.38767461], [5.29341699, 60.38759297], [5.29372333, 60.38744824], [5.2939405, 60.38736663], [5.29387612, 60.38740108], [5.29352375, 60.38756726], [5.29322871, 60.38770323], [5.2928532, 60.38789474]]]}}, {"type": "Feature", "properties": {"nvdb_id": 232161342, "type": 47, "Areal": 420, "Bredde": 4.0, "Geometri, punkt": "POINT Z (-31962.2700004578 6734112.07995606 0.906)", "Dekketype": "Asfalt", "Bruksområde": "Busslomme", "Vinteråpen": "Ja", "vegsystem": "EV16 S1D1 m1783-1784", "veglenkesekvenser": [804742]}, "geometry": {"type": "Point", "coordinates": [5.3251121, 60.39071124]}}, {"type": "Feature", "properties": {"nvdb_id": 232161346, "type": 47, "Areal": 153, "Bredde": 4.0, "Geometri, flate": "POLYGON((-31931.0830841933 6734168.92315744,-31925.1819221862 6734172.12664539,-31899.8912278701 6734208.37664057,-31900.5656463852 6734213.09757018,-31931.0830841933 6734168.92315744))", "Dekketype": "Asfalt", "Bruksområde": "Busslomme", "Vinteråpen": "Ja", "vegsystem": "EV16 S1D1 m1848-1901", "veglenkesekvenser": [804742]}, "geometry": {"type": "Polygon", "coordinates": [[[5.32551918, 60.39125527], [5.32561623, 60.39129137], [5.32597247, 60.3916454], [5.32594788, 60.3916863], [5.32551918, 60.39125527]]]}}, {"type": "Feature", "properties": {"nvdb_id": 550068990, "type": 47, "Areal": 56, "Geometri, flate": "POLYGON((-31573.24075228651 6734268.532880719,-31573.499467589194 6734267.709173784,-31563.732732702047 6734252.009731505,-31559.772206422756 6734245.689954654,-31559.895896174014 6734250.929634372,-31562.974584704847 6734255.7086988585,-31568.94708404329 6734264.996153094,-31573.24075228651 6734268.532880719))", "Dekketype": "Asfalt", "Bruksområde": "Lomme, generell", "Vinteråpen": "Ja", "vegsystem": "FV585 S1D1 m7872-7896", "veglenkesekvenser": [805748]}, "geometry": {"type": "Polygon", "coordinates": [[[5.33165535, 60.39260622], [5.33165292, 60.39259859], [5.33186918, 60.39247244], [5.33195677, 60.39242169], [5.33194067, 60.39246791], [5.33187294, 60.39250617], [5.33174152, 60.39258054], [5.33165535, 60.39260622]]]}}, {"type": "Feature", "properties": {"nvdb_id": 566415761, "type": 47, "Areal": 111, "Geometri, flate": "POLYGON((-31939.104055149364 6734443.139746043,-31932.574093621923 6734449.507774514,-31915.250146449078 6734483.170368945,-31919.795636409894 6734480.32590568,-31939.104055149364 6734443.139746043))", "Dekketype": "Asfalt", "Bruksområde": "Busslomme", "Vinteråpen": "Ja", "vegsystem": "FV577 S1D1 m829-874", "veglenkesekvenser": [805748]}, "geometry": {"type": "Polygon", "coordinates": [[[5.32464876, 60.39367184], [5.32474867, 60.39373677], [5.32496928, 60.39405744], [5.32489551, 60.3940263], [5.32464876, 60.39367184]]]}}, {"type": "Feature", "properties": {"nvdb_id": 82567312, "type": 47, "Areal": 70, "Geometri, flate": "POLYGON((-31910.381696508382 6734446.461517649,-31905.638696622802 6734450.511888335,-31897.340709584532 6734470.073301272,-31896.48161845666 6734475.616316605,-31897.33965490805 6734476.024207632,-31910.381696508382 6734446.461517649))", "Dekketype": "Asfalt", "Bruksområde": "Busslomme", "Vinteråpen": "Ja", "vegsystem": "FV577 S1D1 m841-874", "veglenkesekvenser": [805748]}, "geometry": {"type": "Polygon", "coordinates": [[[5.32515368, 60.39373892], [5.32522777, 60.39378099], [5.32532433, 60.39396501], [5.325325, 60.3940152], [5.32530857, 60.39401769], [5.32515368, 60.39373892]]]}}, {"type": "Feature", "properties": {"nvdb_id": 566415804, "type": 47, "Areal": 313, "Geometri, flate": "POLYGON((-31834.7555484399 6734612.17894278,-31869.6668443333 6734545.34218551,-31881.6101824021 6734522.48906748,-31885.5147352323 6734512.7276854,-31887.4670116474 6734504.57406037,-31864.6138936119 6734548.90221897,-31843.3685326241 6734589.67034411,-31835.1000678073 6734605.51823501,-31834.7555484399 6734612.17894278))", "Belysning": "Ja, belyst av gatebelysning", "Dekketype": "Asfalt", "Bruksområde": "Busslomme", "Vinteråpen": "Ja", "vegsystem": "FV577 S1D1 m902-1024", "veglenkesekvenser": [805748]}, "geometry": {"type": "Polygon", "coordinates": [[[5.32606703, 60.39530489], [5.32561978, 60.39466752], [5.32546674, 60.39444958], [5.32542277, 60.39435807], [5.32540948, 60.39428333], [5.32570072, 60.39470566], [5.32597264, 60.39509437], [5.32607854, 60.39524549], [5.32606703, 60.39530489]]]}}, {"type": "Feature", "properties": {"nvdb_id": 809916636, "type": 47, "Areal": 65, "Etableringsår": 2017, "Geometri, flate": "POLYGON((-31793.03 6734626.37,-31793.22 6734626.25,-31791.73 6734624.99,-31790.76 6734624.09,-31789.67 6734622.92,-31788.65 6734621.69,-31787.87 6734620.76,-31787.1 6734619.9,-31786.02 6734618.91,-31784.86 6734618,-31784.2 6734617.49,-31782.12 6734616.04,-31780.05 6734614.63,-31777.92 6734613.22,-31775.8 6734611.88,-31774.57 6734611.14,-31772.17 6734609.87,-31769.69 6734608.81,-31766.51 6734607.76,-31766.19 6734607.66,-31765.7 6734607.49,-31764.8 6734607.13,-31764.15 6734606.82,-31764.32 6734607.2,-31770.05 6734611.08,-31771.95 6734612.37,-31773.84 6734613.64,-31775.38 6734614.66,-31778.2 6734616.55,-31780.87 6734618.36,-31783.72 6734620.25,-31785.88 6734621.75,-31787.84 6734623.02,-31789.41 6734624.04,-31791.25 6734625.21,-31793.03 6734626.37))", "Belysning": "Ja, belyst av gatebelysning", "Dekketype": "Stein", "Bruksområde": "Lomme, generell", "Vinteråpen": "Ja", "Utforming": "Lomme uten deleøy", "vegsystem": "KV12690 S10D1 m18-53", "veglenkesekvenser": [805417]}, "geometry": {"type": "Polygon", "coordinates": [[[5.32677577, 60.39548523], [5.32677269, 60.39548392], [5.32680268, 60.39547473], [5.32682242, 60.39546803], [5.32684502, 60.39545911], [5.32686652, 60.39544956], [5.32688294, 60.39544235], [5.32689899, 60.39543575], [5.32692094, 60.3954284], [5.3269441, 60.39542187], [5.32695725, 60.39541822], [5.3269983, 60.39540811], [5.32703907, 60.39539835], [5.32708091, 60.39538866], [5.32712238, 60.39537958], [5.32714634, 60.39537465], [5.32719264, 60.39536656], [5.32723981, 60.39536043], [5.32729947, 60.3953553], [5.32730546, 60.39535484], [5.32731468, 60.39535398], [5.32733173, 60.39535197], [5.32734418, 60.39535008], [5.32734013, 60.39535322], [5.32722735, 60.39538005], [5.32718994, 60.39538897], [5.32715277, 60.39539773], [5.32712252, 60.39540474], [5.32706707, 60.39541777], [5.32701451, 60.39543029], [5.32695852, 60.39544328], [5.32691591, 60.39545372], [5.32687749, 60.39546239], [5.3268467, 60.39546936], [5.32681068, 60.3954773], [5.32677577, 60.39548523]]]}}, {"type": "Feature", "properties": {"nvdb_id": 82567309, "type": 47, "Areal": 192, "Geometri, flate": "POLYGON((-31850.4496920802 6734657.93613509,-31851.2285945188 6734658.98362457,-31858.6684557424 6734671.90266157,-31873.5213194849 6734697.98246391,-31880.8000284799 6734709.93458754,-31883.459040253 6734714.07082807,-31882.5727029953 6734711.59982723,-31882.6801378144 6734709.63914178,-31881.8475179663 6734706.63096685,-31876.2877660771 6734696.55895256,-31856.6003354745 6734660.72944038,-31854.961954483 6734660.00425535,-31853.0281277389 6734659.06420069,-31850.4496920802 6734657.93613509))", "Belysning": "Ja, belyst av gatebelysning", "Dekketype": "Asfalt", "Bruksområde": "Busslomme", "Vinteråpen": "Ja", "vegsystem": "FV577 S1D1 m1072-1137", "veglenkesekvenser": [805748]}, "geometry": {"type": "Polygon", "coordinates": [[[5.325665, 60.3956893], [5.32564829, 60.39569755], [5.32548097, 60.39580214], [5.32514615, 60.39601348], [5.32498425, 60.39610973], [5.32492572, 60.39614284], [5.32494812, 60.39612214], [5.32495141, 60.39610464], [5.32497426, 60.39607911], [5.32510042, 60.39599725], [5.32554759, 60.39570595], [5.32557881, 60.39570169], [5.3256159, 60.3956959], [5.325665, 60.3956893]]]}}, {"type": "Feature", "properties": {"nvdb_id": 82567310, "type": 47, "Areal": 50, "Geometri, flate": "POLYGON((-31867.3592281181 6734702.45685994,-31855.4797550866 6734681.82409099,-31855.7923727979 6734687.70130397,-31861.6070622292 6734697.9551649,-31863.170150786 6734699.76834762,-31867.3592281181 6734702.45685994))", "Dekketype": "Asfalt", "Bruksområde": "Lastelomme", "Vinteråpen": "Ja", "vegsystem": "FV577 S1D1 m1095-1119", "veglenkesekvenser": [805748]}, "geometry": {"type": "Polygon", "coordinates": [[[5.3252445, 60.39606117], [5.32551169, 60.39589413], [5.32549053, 60.39594574], [5.32535933, 60.39602887], [5.32532656, 60.39604287], [5.3252445, 60.39606117]]]}}, {"type": "Feature", "properties": {"nvdb_id": 82355996, "type": 47, "Areal": 126, "Geometri, flate": "POLYGON((-31943.714447156 6734789.09102304,-31944.3684580957 6734790.69632262,-31944.6657357956 6734792.53944436,-31944.6657357956 6734794.14474394,-31944.9630134954 6734795.21494365,-31946.2710353748 6734796.93915432,-31967.5561186845 6734822.62394758,-31968.9830516438 6734823.51578068,-31970.826173383 6734823.6941473,-31971.8963731024 6734823.75360284,-31972.4314729622 6734823.81305838,-31954.8326331307 6734802.23069737,-31943.714447156 6734789.09102304))", "Dekketype": "Asfalt", "Bruksområde": "Lomme, generell", "Vinteråpen": "Ja", "vegsystem": "FV577 S1D1 m1236-1281", "veglenkesekvenser": [805748]}, "geometry": {"type": "Polygon", "coordinates": [[[5.32364897, 60.39672778], [5.32363302, 60.39674113], [5.3236228, 60.39675705], [5.32361854, 60.39677127], [5.32361039, 60.39678035], [5.32358242, 60.39679389], [5.32313356, 60.39699329], [5.32310567, 60.39699932], [5.32307223, 60.39699847], [5.32305293, 60.3969976], [5.3230432, 60.39699742], [5.32341523, 60.39682949], [5.32364897, 60.39672778]]]}}, {"type": "Feature", "properties": {"nvdb_id": 82355981, "type": 47, "Areal": 265, "Geometri, flate": "POLYGON((-32031.9464684735 6734900.21342725,-32030.3411688943 6734895.27861743,-32028.6764137751 6734891.77074057,-32026.8927475759 6734888.67905249,-31999.0675548694 6734855.14612795,-31977.8419270996 6734830.17480116,-31978.1392047994 6734831.4233675,-31978.6148491192 6734833.8015891,-31978.8526712791 6734835.34743314,-31980.0417820785 6734837.60674365,-31983.8469366367 6734841.88754253,-32031.9464684735 6734900.21342725))", "Dekketype": "Asfalt", "Bruksområde": "Busslomme", "Vinteråpen": "Ja", "vegsystem": "FV577 S1D1 m1289-1378", "veglenkesekvenser": [805748]}, "geometry": {"type": "Polygon", "coordinates": [[[5.32177596, 60.39759553], [5.32181776, 60.39755396], [5.32185685, 60.3975251], [5.32189695, 60.39750007], [5.32248362, 60.39723979], [5.32292954, 60.39704663], [5.32292092, 60.39705729], [5.32290609, 60.39707772], [5.32289774, 60.39709108], [5.32287048, 60.39710952], [5.32279106, 60.39714242], [5.32177596, 60.39759553]]]}}, {"type": "Feature", "properties": {"nvdb_id": 82567305, "type": 47, "Areal": 93, "Geometri, flate": "POLYGON((-32103.1422324116 6734984.05826325,-32084.1183167473 6734958.01264481,-32078.6479203975 6734953.76696406,-32075.6269552491 6734951.64412369,-32095.5489956872 6734977.44479901,-32100.2845626766 6734983.89496784,-32102.3257553444 6734985.36462656,-32103.1422324116 6734984.05826325))", "Dekketype": "Asfalt", "Bruksområde": "Busslomme", "Vinteråpen": "Ja", "vegsystem": "FV577 S1D1 m1446-1489", "veglenkesekvenser": [805748]}, "geometry": {"type": "Polygon", "coordinates": [[[5.32027997, 60.39824418], [5.32068937, 60.39803863], [5.32079849, 60.39800823], [5.32085816, 60.3979934], [5.32043334, 60.39819561], [5.32033151, 60.39824648], [5.3202911, 60.39825682], [5.32027997, 60.39824418]]]}}, {"type": "Feature", "properties": {"nvdb_id": 566415856, "type": 47, "Areal": 66, "Geometri, flate": "POLYGON((-32112.762741539 6735028.24546673,-32113.3152689707 6735030.86997203,-32115.5253786973 6735035.87725188,-32117.2520269213 6735038.67442201,-32123.3988945985 6735044.78675672,-32128.8551029862 6735048.68898171,-32135.2091684503 6735050.20843214,-32135.9688936688 6735050.27749807,-32133.5515861553 6735048.82711356,-32129.8565589561 6735046.6515368,-32126.2651306503 6735043.81983371,-32122.5355704865 6735040.4356032,-32119.0477410742 6735036.56791117,-32113.2116700773 6735028.48719748,-32112.762741539 6735028.24546673))", "Belysning": "Nei", "Dekketype": "Asfalt", "Bruksområde": "Lomme, generell", "Vinteråpen": "Ja", "vegsystem": "FV577 S1D1 m1531-1560", "veglenkesekvenser": [805748]}, "geometry": {"type": "Polygon", "coordinates": [[[5.31999064, 60.39862264], [5.3199738, 60.39864515], [5.31992098, 60.39868656], [5.31988266, 60.39870905], [5.31975648, 60.39875509], [5.31964853, 60.39878246], [5.31953084, 60.39878757], [5.31951706, 60.39878718], [5.31956414, 60.39877752], [5.31963601, 60.39876312], [5.31970778, 60.39874277], [5.31978347, 60.39871771], [5.31985612, 60.39868806], [5.31998196, 60.39862419], [5.31999064, 60.39862264]]]}}, {"type": "Feature", "properties": {"nvdb_id": 1006514943, "type": 47, "Areal": 88, "Etableringsår": 2019, "Lengde med full bredde": 33.1, "Geometri, flate": "POLYGON((-32663.309 6735069.421,-32680.488 6735096.718,-32682.326 6735097.763,-32684.408 6735097.792,-32682.077 6735094.104,-32679.474 6735089.978,-32678.981 6735089.207,-32678.337 6735088.423,-32676.781 6735085.954,-32674.169 6735081.817,-32671.486 6735077.573,-32668.813 6735073.329,-32667.634 6735071.469,-32667.204 6735070.553,-32666.668 6735069.698,-32663.309 6735069.421))", "Belysning": "Ja, belyst av gatebelysning", "Dekketype": "Stein", "Bruksområde": "Busslomme", "Vinteråpen": "Ja", "vegsystem": "FV5348 S1D1 m736-769", "veglenkesekvenser": [805810]}, "geometry": {"type": "Polygon", "coordinates": [[[5.31003305, 60.39826401], [5.30965325, 60.39848303], [5.3096176, 60.39848986], [5.30958028, 60.39848739], [5.30963177, 60.39845781], [5.30968929, 60.39842471], [5.30970016, 60.39841853], [5.30971376, 60.39841244], [5.30974815, 60.39839263], [5.30980586, 60.39835945], [5.30986513, 60.39832542], [5.30992421, 60.39829137], [5.30995024, 60.39827645], [5.30996037, 60.39826891], [5.30997223, 60.39826205], [5.31003305, 60.39826401]]]}}, {"type": "Feature", "properties": {"nvdb_id": 1006514945, "type": 47, "Areal": 57, "Etableringsår": 2019, "Lengde med full bredde": 20.7, "Geometri, flate": "POLYGON((-32694.499 6735115.496,-32710.58 6735134.777,-32710.71 6735134.013,-32711.142 6735131.394,-32708.983 6735129.01,-32705.821 6735125.377,-32702.748 6735121.651,-32700.771 6735119.153,-32699.726 6735117.808,-32697.87 6735115.423,-32694.499 6735115.496))", "Belysning": "Ja, belyst av gatebelysning", "Dekketype": "Stein", "Bruksområde": "Kjørepause/parkering", "Vinteråpen": "Ja", "vegsystem": "FV5348 S1D1 m789-815", "veglenkesekvenser": [805810]}, "geometry": {"type": "Polygon", "coordinates": [[[5.30935275, 60.39863081], [5.30901388, 60.39878033], [5.30901359, 60.3987734], [5.30901282, 60.39874965], [5.30905777, 60.39873139], [5.30912398, 60.39870339], [5.30918885, 60.39867445], [5.30923085, 60.39865494], [5.30925311, 60.39864441], [5.30929265, 60.39862574], [5.30935275, 60.39863081]]]}}, {"type": "Feature", "properties": {"nvdb_id": 1006514941, "type": 47, "Areal": 57, "Etableringsår": 2019, "Lengde med full bredde": 19.1, "Geometri, flate": "POLYGON((-32718.691 6735143.094,-32734.911 6735159.416,-32734.946 6735159.147,-32735.316 6735155.988,-32733.176 6735153.848,-32729.651 6735150.323,-32726.12 6735146.766,-32722.617 6735143.222,-32721.879 6735142.48,-32718.691 6735143.094))", "Belysning": "Ja, belyst av gatebelysning", "Dekketype": "Stein", "Bruksområde": "Kjørepause/parkering", "Vinteråpen": "Ja", "vegsystem": "FV5348 S1D1 m826-849", "veglenkesekvenser": [805810]}, "geometry": {"type": "Polygon", "coordinates": [[[5.3088467, 60.39884328], [5.3085132, 60.39896642], [5.30851329, 60.398964], [5.30851506, 60.39893555], [5.30855903, 60.39891942], [5.30863145, 60.39889286], [5.30870406, 60.39886602], [5.30877613, 60.39883925], [5.30879131, 60.39883366], [5.3088467, 60.39884328]]]}}, {"type": "Feature", "properties": {"nvdb_id": 1006514942, "type": 47, "Areal": 68, "Etableringsår": 2019, "Lengde med full bredde": 24.2, "Geometri, flate": "POLYGON((-32736.629 6735161.114,-32756.091 6735180.201,-32756.489 6735176.853,-32754.502 6735174.899,-32750.968 6735171.483,-32749.422 6735170.001,-32747.408 6735168.014,-32743.845 6735164.475,-32741.676 6735162.312,-32740.291 6735160.946,-32739.174 6735159.827,-32737.985 6735161.047,-32736.629 6735161.114))", "Belysning": "Ja, belyst av gatebelysning", "Dekketype": "Stein", "Bruksområde": "Kjørepause/parkering", "Vinteråpen": "Ja", "vegsystem": "FV5348 S1D1 m852-879", "veglenkesekvenser": [805810]}, "geometry": {"type": "Polygon", "coordinates": [[[5.30847796, 60.39897919], [5.30807912, 60.39912254], [5.30808089, 60.39909239], [5.30812163, 60.39907771], [5.30819392, 60.39905212], [5.30822551, 60.39904103], [5.30826681, 60.39902609], [5.30833995, 60.39899946], [5.3083845, 60.39898316], [5.3084129, 60.39897289], [5.30843585, 60.39896446], [5.30845388, 60.39897682], [5.30847796, 60.39897919]]]}}, {"type": "Feature", "properties": {"nvdb_id": 1006514944, "type": 47, "Areal": 51, "Etableringsår": 2019, "Lengde med full bredde": 16.9, "Geometri, flate": "POLYGON((-32795.284 6735216.435,-32795.581 6735213.088,-32794.697 6735212.292,-32791.023 6735208.964,-32788.469 6735206.615,-32787.384 6735205.599,-32783.717 6735202.201,-32783.049 6735201.576,-32779.738 6735202.199,-32795.284 6735216.435))", "Belysning": "Ja, belyst av gatebelysning", "Dekketype": "Stein", "Bruksområde": "Kjørepause/parkering", "Vinteråpen": "Ja", "vegsystem": "FV5348 S1D1 m911-933", "veglenkesekvenser": [805810]}, "geometry": {"type": "Polygon", "coordinates": [[[5.30728177, 60.39939172], [5.30728534, 60.39936171], [5.30730327, 60.39935582], [5.30737784, 60.3993312], [5.30742976, 60.39931377], [5.30745187, 60.3993062], [5.30752649, 60.39928095], [5.3075401, 60.39927629], [5.30759768, 60.39928616], [5.30728177, 60.39939172]]]}}, {"type": "Feature", "properties": {"nvdb_id": 423735198, "type": 47, "Areal": 121, "Bredde": 3.46, "Lengde med full bredde": 90.8, "Geometri, flate": "POLYGON((-32291.5200195313 6735364.64001465,-32291.299987793 6735363.71002197,-32288.1799926758 6735364.2800293,-32285.4400024414 6735364.85998535,-32283.7100219727 6735365,-32279.9799804688 6735365.32000732,-32275.2800292969 6735365.77001953,-32270.1400146484 6735366.26000977,-32265.5200195313 6735366.78997803,-32259.7700195313 6735367.47998047,-32254.4400024414 6735368.23999024,-32249.6799926758 6735368.9699707,-32248.2600097656 6735370.70001221,-32248.1699829102 6735370.72998047,-32248.3599853516 6735372.26000977,-32249.6500244141 6735372.15002441,-32251.4899902344 6735371.91998291,-32253.6099853516 6735371.63000488,-32254.5900268555 6735371.52001953,-32255.5900268555 6735371.40997314,-32258.6300048828 6735371.03997803,-32262.6799926758 6735370.55999756,-32267.7100219727 6735369.96002197,-32270.7399902344 6735369.59002686,-32273.7700195312 6735369.22998047,-32274.7899780273 6735369.11999512,-32275.7899780273 6735368.98999023,-32276.8300170898 6735368.80999756,-32277.8699951172 6735368.55999756,-32278.9400024414 6735368.2800293,-32280 6735367.96002197,-32281.0800170898 6735367.64001465,-32284.2600097656 6735366.59997559,-32287.3599853516 6735365.65997315,-32288.3699951172 6735365.36999512,-32289.3699951172 6735365.08001709,-32290.4099731445 6735364.83001709,-32291.2100219727 6735364.67999268,-32291.5200195313 6735364.64001465))", "Belysning": "Ja, belyst av gatebelysning", "Navn": "Bontelabo Sør", "Dekketype": "Asfalt", "Bruksområde": "Busslomme", "Vinteråpen": "Ja", "Utforming": "Lomme uten deleøy", "vegsystem": "FV577 S1D1 m1988-2036", "veglenkesekvenser": [805748]}, "geometry": {"type": "Polygon", "coordinates": [[[5.31590008, 60.40136529], [5.31590649, 60.40135735], [5.31596079, 60.40136649], [5.31600827, 60.40137522], [5.31603885, 60.40137873], [5.31610473, 60.40138646], [5.31618761, 60.40139662], [5.31627827, 60.40140771], [5.31635951, 60.40141846], [5.31646055, 60.40143212], [5.31655388, 60.40144585], [5.3166371, 60.40145856], [5.31665791, 60.40147574], [5.31665944, 60.40147612], [5.31665198, 60.40148941], [5.3166292, 60.40148674], [5.31659689, 60.40148229], [5.31655973, 60.40147694], [5.31654249, 60.40147468], [5.3165249, 60.4014724], [5.31647149, 60.40146513], [5.31640031, 60.40145556], [5.31631192, 60.40144365], [5.31625869, 60.40143639], [5.31620544, 60.40142923], [5.31618749, 60.40142691], [5.31616994, 60.40142445], [5.31615182, 60.40142149], [5.31613387, 60.40141791], [5.31611547, 60.40141403], [5.31609736, 60.4014098], [5.31607889, 60.40140555], [5.31602476, 60.40139217], [5.3159718, 60.40137978], [5.3159545, 60.40137589], [5.31593738, 60.40137201], [5.31591944, 60.40136843], [5.31590552, 60.40136605], [5.31590008, 60.40136529]]]}}, {"type": "Feature", "properties": {"nvdb_id": 1025984341, "type": 47, "Areal": 182, "Etableringsår": 2025, "Lengde med full bredde": 57.8, "Geometri, flate": "POLYGON Z ((-32245.08461676736 6735362.890629793 2.0427000522613525,-32245.062303015264 6735362.577377894 2.121500015258789,-32235.13547130162 6735363.574893559 2.121500015258789,-32228.58343922044 6735364.118190005 2.121500015258789,-32226.09206302464 6735364.727229934 2.121500015258789,-32224.00814309297 6735365.513733362 2.121500015258789,-32222.373993884772 6735366.457598649 2.121500015258789,-32210.01760793384 6735373.233141174 2.121500015258789,-32197.885893589584 6735379.818171103 2.121500015258789,-32194.2388762834 6735381.782083977 2.121500015258789,-32192.78684319579 6735382.647413323 2.121500015258789,-32190.40335805167 6735384.860852602 2.121500015258789,-32188.272004185477 6735386.992815961 2.121500015258789,-32185.921907483134 6735389.788822637 2.121500015258789,-32182.08240691037 6735392.985178622 2.121500015258789,-32182.37000228127 6735393.422024524 2.121500015258789,-32185.714969924302 6735391.20452564 2.0685999393463135,-32189.1036471877 6735389.054408172 2.0318000316619873,-32192.879993949085 6735386.768117218 2.010200023651123,-32196.00317654526 6735384.954608419 1.9902000427246094,-32199.478916751803 6735382.950152283 1.9667011697343786,-32202.95456970355 6735380.9455788545 1.948799967765808,-32206.43021221878 6735378.941104248 1.9326014245478376,-32209.90595084231 6735376.936647305 1.938902757795028,-32213.381605998264 6735374.932073619 1.954699993133545,-32216.86101993057 6735372.933011614 1.975000023841858,-32220.403058859287 6735371.044127476 1.9914000034332275,-32224.022380505223 6735369.308193538 1.9950000047683716,-32227.712531368947 6735367.728431249 1.9914000034332275,-32231.4711572011 6735366.316859914 1.9967000484466553,-32235.308146551717 6735365.137870745 2.014699935913086,-32239.190581575967 6735364.118147322 2.0295000076293945,-32245.08461676736 6735362.890629793 2.0427000522613525))", "Belysning": "Ja, belyst av gatebelysning", "Dekketype": "Asfalt", "Bruksområde": "Busslomme", "Prosjektreferanse": "22/46854", "vegsystem": "FV577 S1D1 m2038-2107", "veglenkesekvenser": [805748]}, "geometry": {"type": "Polygon", "coordinates": [[[5.31673544, 60.40141079], [5.31673669, 60.40140804], [5.31691163, 60.40142991], [5.31702741, 60.40144332], [5.31707035, 60.40145198], [5.31710555, 60.40146168], [5.31713227, 60.40147218], [5.31733534, 60.40154837], [5.31753491, 60.40162258], [5.31759494, 60.40164476], [5.31761862, 60.40165432], [5.31765539, 60.40167704], [5.31768786, 60.40169871], [5.31772248, 60.40172655], [5.3177827, 60.40175987], [5.31777638, 60.40176336], [5.31772242, 60.40173935], [5.3176675, 60.40171586], [5.31760602, 60.40169067], [5.31755496, 60.40167052], [5.31749809, 60.40164821], [5.31744123, 60.40162591], [5.31738438, 60.4016036], [5.31732751, 60.4015813], [5.31727065, 60.40155899], [5.31721372, 60.40153673], [5.31715536, 60.40151536], [5.31709523, 60.40149524], [5.31703339, 60.40147641], [5.3169699, 60.40145899], [5.31690439, 60.40144352], [5.31683763, 60.40142939], [5.31673544, 60.40141079]]]}}, {"type": "Feature", "properties": {"nvdb_id": 1025984338, "type": 47, "Areal": 70, "Etableringsår": 2024, "Lengde med full bredde": 17.3, "Geometri, flate": "POLYGON Z ((-32074.195253547747 6735400.560396581 2.3187,-32074.250724362326 6735400.315841719 2.3266999999999998,-32072.10249696055 6735397.9416479785 2.271737,-32070.50670697703 6735396.348052136 2.233023,-32068.51187834202 6735396.003188591 2.198271,-32065.65025085688 6735395.781274141 2.149,-32062.10341397149 6735395.605345157 2.149,-32060.1891406473 6735395.666999362 2.149,-32058.28372417006 6735395.773170975 2.149,-32055.72349416872 6735396.027188149 2.1416,-32053.120170911425 6735396.415138065 2.1284,-32052.125246463227 6735397.365074668 2.1303,-32051.16589978244 6735398.335341604 2.1427,-32050.245373714482 6735399.321862622 2.1527,-32049.36468997528 6735400.322332398 2.1676,-32049.431895285146 6735400.565487909 2.1707,-32050.491088494193 6735400.294370764 2.1742,-32051.55797908071 6735400.046365619 2.1753,-32052.631013387232 6735399.822034976 2.1852,-32053.598570416565 6735399.640891962 2.1852,-32053.706416079658 6735399.621967747 2.1952,-32054.78689589433 6735399.445785726 2.1982,-32055.87081515789 6735399.293576985 2.2001,-32056.95765720657 6735399.1655136645 2.2051,-32058.04689617292 6735399.061761493 2.2075,-32059.137970045907 6735398.982149483 2.2164,-32060.230357320397 6735398.926910902 2.2229,-32061.081870916416 6735398.900658125 2.2229,-32061.323492899304 6735398.895861142 2.2366,-32062.416859546676 6735398.889120554 2.2468,-32063.50991755561 6735398.906775827 2.2578,-32064.602110874723 6735398.948601093 2.2682,-32065.692906632903 6735399.014782342 2.2682,-32065.80896094709 6735399.023355524 2.26925,-32065.925015261513 6735399.031928709 2.278,-32066.781780326273 6735399.10507195 2.2865,-32067.868185017374 6735399.219501818 2.2865,-32068.150171900284 6735399.253244438 2.2888,-32068.946438451414 6735399.384294906 2.2941000000000003,-32070.01539405505 6735399.580938567 2.2987,-32071.074067647918 6735399.7980372105 2.3031,-32071.733255128842 6735399.944223926 2.3068,-32072.123724225326 6735400.034643708 2.3089,-32073.163952195202 6735400.289156427 2.3129,-32074.195253547747 6735400.560396581 2.3187))", "Belysning": "Ja, belyst av gatebelysning", "Dekketype": "Asfalt", "Bruksområde": "Lastelomme", "Prosjektreferanse": "22/46854", "vegsystem": "FV577 S1D100 m714-743", "veglenkesekvenser": [4027513]}, "geometry": {"type": "Polygon", "coordinates": [[[5.31969272, 60.40196856], [5.31969237, 60.40196633], [5.31973712, 60.40194814], [5.31976988, 60.40193613], [5.31980649, 60.40193569], [5.31985828, 60.40193748], [5.3199222, 60.40194058], [5.31995628, 60.40194364], [5.31999008, 60.40194708], [5.32003522, 60.40195269], [5.32008076, 60.40195954], [5.32009604, 60.40196926], [5.32011063, 60.4019791], [5.32012448, 60.40198905], [5.32013757, 60.40199905], [5.32013573, 60.40200112], [5.3201175, 60.40199733], [5.32009907, 60.40199373], [5.32008047, 60.40199034], [5.32006363, 60.40198747], [5.32006177, 60.40198716], [5.3200429, 60.40198418], [5.32002391, 60.40198141], [5.3200048, 60.40197885], [5.31998559, 60.4019765], [5.31996629, 60.40197436], [5.3199469, 60.40197244], [5.31993172, 60.4019711], [5.31992742, 60.40197073], [5.31990787, 60.40196924], [5.31988827, 60.40196796], [5.31986862, 60.4019669], [5.31984893, 60.40196605], [5.31984683, 60.40196597], [5.31984473, 60.4019659], [5.31982921, 60.40196542], [5.31980947, 60.40196501], [5.31980434, 60.40196493], [5.31978975, 60.40196505], [5.3197701, 60.40196539], [5.31975058, 60.40196592], [5.3197384, 60.40196634], [5.31973117, 60.40196664], [5.31971189, 60.40196752], [5.31969272, 60.40196856]]]}}, {"type": "Feature", "properties": {"nvdb_id": 1025984340, "type": 47, "Areal": 128, "Etableringsår": 2025, "Lengde med full bredde": 56.9, "Geometri, flate": "POLYGON Z ((-32027.87748801941 6735413.501239568 2.549299955368042,-32027.230166357942 6735413.914361621 2.549299955368042,-32016.58388748637 6735423.070141901 2.549299955368042,-31997.889758505742 6735446.040716987 2.549299955368042,-31990.035245184437 6735459.81506983 2.549299955368042,-31990.197518084664 6735460.374931558 2.549299955368042,-31997.808683788986 6735450.952636548 2.549299955368042,-32007.063104908215 6735439.283245007 2.549299955368042,-32020.5068019093 6735422.276042239 2.549299955368042,-32022.334957468323 6735419.7633562125 2.549299955368042,-32027.87748801941 6735413.501239568 2.549299955368042))", "Belysning": "Ja, belyst av gatebelysning", "Dekketype": "Asfalt", "Bruksområde": "Busslomme", "Prosjektreferanse": "22/46854", "vegsystem": "FV577 S1D1 m2273-2333", "veglenkesekvenser": [805748]}, "geometry": {"type": "Polygon", "coordinates": [[[5.32048704, 60.40214391], [5.32049752, 60.40214841], [5.32066369, 60.40224342], [5.32093718, 60.40247127], [5.32104117, 60.4026035], [5.32103677, 60.40260824], [5.3209256, 60.40251486], [5.320791, 60.40239942], [5.32059561, 60.40223125], [5.32056957, 60.4022066], [5.32048704, 60.40214391]]]}}, {"type": "Feature", "properties": {"nvdb_id": 1025984339, "type": 47, "Areal": 135, "Etableringsår": 2025, "Lengde med full bredde": 57.5, "Geometri, flate": "POLYGON Z ((-32028.061004511197 6735425.129879831 2.549299955368042,-32027.574093805044 6735424.677475019 2.549299955368042,-32020.952976311557 6735432.87401993 2.549299955368042,-32000.317605893943 6735458.430827262 2.549299955368042,-31996.19105730229 6735463.620501976 2.549299955368042,-31993.614462553058 6735466.8208568115 2.549299955368042,-31991.49105314992 6735469.6831714995 2.549299955368042,-31992.026754472172 6735469.680332835 2.549299955368042,-31996.05535379669 6735466.218615793 2.549299955368042,-31997.502491483116 6735465.116243677 2.549299955368042,-32000.145231976523 6735462.835504834 2.549299955368042,-32001.804903511307 6735461.265133145 2.549299955368042,-32004.479504843825 6735458.043691329 2.549299955368042,-32006.94838747813 6735454.792311554 2.549299955368042,-32009.782180854352 6735451.177925373 2.549299955368042,-32013.19815224153 6735446.922087874 2.549299955368042,-32018.65222536307 6735440.146526554 2.549299955368042,-32021.027155661723 6735437.197899318 2.549299955368042,-32021.945657871664 6735435.812458821 2.549299955368042,-32024.563731664675 6735431.32207402 2.549299955368042,-32026.691494891653 6735427.52671698 2.549299955368042,-32028.061004511197 6735425.129879831 2.549299955368042))", "Belysning": "Ja, belyst av gatebelysning", "Dekketype": "Asfalt", "Bruksområde": "Busslomme", "Prosjektreferanse": "22/46854", "vegsystem": "FV577 S1D1 m2281-2339", "veglenkesekvenser": [805748]}, "geometry": {"type": "Polygon", "coordinates": [[[5.32045289, 60.40224659], [5.3204628, 60.40224322], [5.32055951, 60.40232446], [5.32086087, 60.40257775], [5.32092094, 60.4026291], [5.32095855, 60.40266081], [5.32098894, 60.40268893], [5.32097936, 60.4026882], [5.32091648, 60.40265228], [5.32089351, 60.40264061], [5.32085228, 60.40261696], [5.32082675, 60.40260088], [5.32078744, 60.40256886], [5.32075191, 60.40253684], [5.3207108, 60.40250113], [5.32066098, 60.40245898], [5.32058138, 60.40239185], [5.32054671, 60.40236264], [5.32053395, 60.40234916], [5.32049902, 60.40230599], [5.32047104, 60.4022696], [5.32045289, 60.40224659]]]}}]}