{"type": "FeatureCollection", "features": [{"type": "Feature", "properties": {"nvdb_id": 487079997, "skiltnummer": "372 - Parkering forbudt", "tekst": null, "kategori": "forbud", "egenskaper": {"Ansiktsside, rettet mot": "Trafikk mot metreringsretning", "Skiltnummer": "372 - Parkering forbudt", "Belysning": "Ingen"}, "vegsystem": "FV584 S1D1 m2170", "mor": [487079996]}, "geometry": {"type": "Point", "coordinates": [5.32756331, 60.37805773]}}, {"type": "Feature", "properties": {"nvdb_id": 203049298, "skiltnummer": "552 - Parkering", "tekst": null, "kategori": "parkering", "egenskaper": {"Oppsettingsdato": "2008-11-19", "Tekst-/Symbolhøyde": 140, "Ansiktsside, rettet mot": "Trafikk i metreringsretning", "Farge": "Blå", "Skiltnummer": "552 - Parkering", "Belysning": "Ingen", "Størrelse": "Middels størrelse"}, "vegsystem": "FV584 S1D1 m2215", "mor": [203049297]}, "geometry": {"type": "Point", "coordinates": [5.32689797, 60.3782802]}}, {"type": "Feature", "properties": {"nvdb_id": 82631158, "skiltnummer": "372 - Parkering forbudt", "tekst": null, "kategori": "forbud", "egenskaper": {"Ansiktsside, rettet mot": "Tosidig", "Skiltnummer": "372 - Parkering forbudt", "Belysning": "Ingen"}, "vegsystem": "FV5358 S1D1 m859", "mor": [82631161]}, "geometry": {"type": "Point", "coordinates": [5.30391919, 60.37827043]}}, {"type": "Feature", "properties": {"nvdb_id": 488434377, "skiltnummer": "372 - Parkering forbudt", "tekst": null, "kategori": "forbud", "egenskaper": {"Ansiktsside, rettet mot": "Trafikk i metreringsretning", "Skiltnummer": "372 - Parkering forbudt", "Belysning": "Ingen"}, "vegsystem": "FV5358 S1D1 m841", "mor": [488434376]}, "geometry": {"type": "Point", "coordinates": [5.30380228, 60.37842008]}}, {"type": "Feature", "properties": {"nvdb_id": 488434378, "skiltnummer": "372 - Parkering forbudt", "tekst": null, "kategori": "forbud", "egenskaper": {"Ansiktsside, rettet mot": "Trafikk mot metreringsretning", "Skiltnummer": "372 - Parkering forbudt", "Belysning": "Ingen"}, "vegsystem": "FV5358 S1D1 m841", "mor": [488434376]}, "geometry": {"type": "Point", "coordinates": [5.30380228, 60.37842008]}}, {"type": "Feature", "properties": {"nvdb_id": 82631170, "skiltnummer": "372 - Parkering forbudt", "tekst": null, "kategori": "forbud", "egenskaper": {"Ansiktsside, rettet mot": "Tosidig", "Skiltnummer": "372 - Parkering forbudt", "Belysning": "Ingen"}, "vegsystem": "FV5358 S1D1 m799", "mor": [82631173]}, "geometry": {"type": "Point", "coordinates": [5.30355353, 60.37876834]}}, {"type": "Feature", "properties": {"nvdb_id": 82631176, "skiltnummer": "372 - Parkering forbudt", "tekst": null, "kategori": "forbud", "egenskaper": {"Ansiktsside, rettet mot": "Tosidig", "Skiltnummer": "372 - Parkering forbudt", "Belysning": "Ingen"}, "vegsystem": "FV5358 S1D1 m770", "mor": [82631179]}, "geometry": {"type": "Point", "coordinates": [5.3033828, 60.37901162]}}, {"type": "Feature", "properties": {"nvdb_id": 82631188, "skiltnummer": "372 - Parkering forbudt", "tekst": null, "kategori": "forbud", "egenskaper": {"Ansiktsside, rettet mot": "Tosidig", "Skiltnummer": "372 - Parkering forbudt", "Belysning": "Ingen"}, "vegsystem": "FV5358 S1D1 m751", "mor": [82631191]}, "geometry": {"type": "Point", "coordinates": [5.30324313, 60.37916683]}}, {"type": "Feature", "properties": {"nvdb_id": 82631212, "skiltnummer": "372 - Parkering forbudt", "tekst": null, "kategori": "forbud", "egenskaper": {"Ansiktsside, rettet mot": "Tosidig", "Skiltnummer": "372 - Parkering forbudt", "Belysning": "Ingen"}, "vegsystem": "FV5358 S1D1 m701", "mor": [82631215]}, "geometry": {"type": "Point", "coordinates": [5.30283809, 60.3795631]}}, {"type": "Feature", "properties": {"nvdb_id": 82516116, "skiltnummer": "372 - Parkering forbudt", "tekst": null, "kategori": "forbud", "egenskaper": {"Ansiktsside, rettet mot": "Tosidig", "Skiltnummer": "372 - Parkering forbudt", "Belysning": "Ingen"}, "vegsystem": "FV5352 S1D1 m1066", "mor": [82516119]}, "geometry": {"type": "Point", "coordinates": [5.33099201, 60.38163313]}}, {"type": "Feature", "properties": {"nvdb_id": 494047671, "skiltnummer": "372 - Parkering forbudt", "tekst": null, "kategori": "forbud", "egenskaper": {"Ansiktsside, rettet mot": "Tosidig", "Skiltnummer": "372 - Parkering forbudt", "Belysning": "Ingen"}, "vegsystem": "FV5352 S1D1 m1028", "mor": [494047670]}, "geometry": {"type": "Point", "coordinates": [5.3303313, 60.38170642]}}, {"type": "Feature", "properties": {"nvdb_id": 494047676, "skiltnummer": "808.121 - Opphøyd gangfelt/Heva gangfelt", "tekst": null, "kategori": "parkering", "egenskaper": {"Ansiktsside, rettet mot": "Trafikk mot metreringsretning", "Skiltnummer": "808.121 - Opphøyd gangfelt/Heva gangfelt", "Belysning": "Ingen"}, "vegsystem": "FV5352 S1D1 m1098", "mor": [494047674]}, "geometry": {"type": "Point", "coordinates": [5.33146567, 60.38179783]}}, {"type": "Feature", "properties": {"nvdb_id": 494047679, "skiltnummer": "372 - Parkering forbudt", "tekst": null, "kategori": "forbud", "egenskaper": {"Ansiktsside, rettet mot": "Tosidig", "Skiltnummer": "372 - Parkering forbudt", "Belysning": "Ingen"}, "vegsystem": "FV5352 S1D1 m1124", "mor": [494047678]}, "geometry": {"type": "Point", "coordinates": [5.3316622, 60.38200763]}}, {"type": "Feature", "properties": {"nvdb_id": 82516137, "skiltnummer": "372 - Parkering forbudt", "tekst": null, "kategori": "forbud", "egenskaper": {"Ansiktsside, rettet mot": "Tosidig", "Skiltnummer": "372 - Parkering forbudt", "Belysning": "Ingen"}, "vegsystem": "FV5352 S1D1 m974", "mor": [82516140]}, "geometry": {"type": "Point", "coordinates": [5.3295008, 60.3819643]}}, {"type": "Feature", "properties": {"nvdb_id": 82631218, "skiltnummer": "372 - Parkering forbudt", "tekst": null, "kategori": "forbud", "egenskaper": {"Ansiktsside, rettet mot": "Tosidig", "Skiltnummer": "372 - Parkering forbudt", "Belysning": "Ingen"}, "vegsystem": "FV5358 S1D1 m639", "mor": [82631221]}, "geometry": {"type": "Point", "coordinates": [5.30229013, 60.38004196]}}, {"type": "Feature", "properties": {"nvdb_id": 82631224, "skiltnummer": "372 - Parkering forbudt", "tekst": null, "kategori": "forbud", "egenskaper": {"Ansiktsside, rettet mot": "Tosidig", "Skiltnummer": "372 - Parkering forbudt", "Belysning": "Ingen"}, "vegsystem": "FV5358 S1D1 m630", "mor": [82631227]}, "geometry": {"type": "Point", "coordinates": [5.30221262, 60.38011208]}}, {"type": "Feature", "properties": {"nvdb_id": 494047658, "skiltnummer": "808.121 - Opphøyd gangfelt/Heva gangfelt", "tekst": null, "kategori": "parkering", "egenskaper": {"Ansiktsside, rettet mot": "Trafikk i metreringsretning", "Skiltnummer": "808.121 - Opphøyd gangfelt/Heva gangfelt", "Belysning": "Ingen"}, "vegsystem": "FV5352 S1D1 m948", "mor": [494047656]}, "geometry": {"type": "Point", "coordinates": [5.32911305, 60.38208867]}}, {"type": "Feature", "properties": {"nvdb_id": 494047655, "skiltnummer": "372 - Parkering forbudt", "tekst": null, "kategori": "forbud", "egenskaper": {"Ansiktsside, rettet mot": "Tosidig", "Skiltnummer": "372 - Parkering forbudt", "Belysning": "Ingen"}, "vegsystem": "FV5352 S1D1 m909", "mor": [494047654]}, "geometry": {"type": "Point", "coordinates": [5.32853578, 60.38227503]}}, {"type": "Feature", "properties": {"nvdb_id": 219764595, "skiltnummer": "808.319 - Gjelder ikke (motorvogntype)/ Gjeld ikkje (motorvogntype)", "tekst": "Gjelder ikkje motorsykkel", "kategori": "parkering", "egenskaper": {"Ansiktsside, rettet mot": "Trafikk i metreringsretning", "Skiltnummer": "808.319 - Gjelder ikke (motorvogntype)/ Gjeld ikkje (motorvogntype)", "Belysning": "Ingen", "Tekst": "Gjelder ikkje motorsykkel"}, "vegsystem": "EV39 S77D1 m7122 KD4 m135", "mor": [219764592]}, "geometry": {"type": "Point", "coordinates": [5.33639303, 60.38289017]}}, {"type": "Feature", "properties": {"nvdb_id": 82517109, "skiltnummer": "808.623 - STOPP ved rødt blink Veg stengt/Stengd", "tekst": null, "kategori": "parkering", "egenskaper": {"Ansiktsside, rettet mot": "Trafikk i metreringsretning", "Skiltnummer": "808.623 - STOPP ved rødt blink Veg stengt/Stengd", "Belysning": "Ingen"}, "vegsystem": "EV39 S77D1 m7122 KD4 m220", "mor": [82517112]}, "geometry": {"type": "Point", "coordinates": [5.33774336, 60.38314329]}}, {"type": "Feature", "properties": {"nvdb_id": 218550403, "skiltnummer": "808.161 - Skole/Skule", "tekst": null, "kategori": "parkering", "egenskaper": {"Ansiktsside, rettet mot": "Trafikk mot metreringsretning", "Skiltnummer": "808.161 - Skole/Skule", "Belysning": "Ingen"}, "vegsystem": "FV5358 S1D1 m571", "mor": [218550401]}, "geometry": {"type": "Point", "coordinates": [5.30166756, 60.38056238]}}, {"type": "Feature", "properties": {"nvdb_id": 494047651, "skiltnummer": "372 - Parkering forbudt", "tekst": null, "kategori": "forbud", "egenskaper": {"Ansiktsside, rettet mot": "Tosidig", "Skiltnummer": "372 - Parkering forbudt", "Belysning": "Ingen"}, "vegsystem": "FV5352 S1D1 m854", "mor": [494047650]}, "geometry": {"type": "Point", "coordinates": [5.32767776, 60.38252811]}}, {"type": "Feature", "properties": {"nvdb_id": 82516155, "skiltnummer": "372 - Parkering forbudt", "tekst": null, "kategori": "forbud", "egenskaper": {"Ansiktsside, rettet mot": "Tosidig", "Skiltnummer": "372 - Parkering forbudt", "Belysning": "Ingen"}, "vegsystem": "FV5352 S1D1 m848", "mor": [82516158]}, "geometry": {"type": "Point", "coordinates": [5.32758355, 60.38255528]}}, {"type": "Feature", "properties": {"nvdb_id": 82631296, "skiltnummer": "372 - Parkering forbudt", "tekst": null, "kategori": "forbud", "egenskaper": {"Ansiktsside, rettet mot": "Tosidig", "Skiltnummer": "372 - Parkering forbudt", "Belysning": "Ingen"}, "vegsystem": "FV5358 S1D1 m481", "mor": [82631299]}, "geometry": {"type": "Point", "coordinates": [5.30244422, 60.38094408]}}, {"type": "Feature", "properties": {"nvdb_id": 82631302, "skiltnummer": "372 - Parkering forbudt", "tekst": null, "kategori": "forbud", "egenskaper": {"Ansiktsside, rettet mot": "Tosidig", "Skiltnummer": "372 - Parkering forbudt", "Belysning": "Ingen"}, "vegsystem": "FV5358 S1D1 m479", "mor": [82631305]}, "geometry": {"type": "Point", "coordinates": [5.30247497, 60.38095278]}}, {"type": "Feature", "properties": {"nvdb_id": 82517387, "skiltnummer": "808.623 - STOPP ved rødt blink Veg stengt/Stengd", "tekst": null, "kategori": "parkering", "egenskaper": {"Ansiktsside, rettet mot": "Trafikk i metreringsretning", "Skiltnummer": "808.623 - STOPP ved rødt blink Veg stengt/Stengd", "Belysning": "Ingen"}, "vegsystem": "EV39 S77D1 m7122 KD3 m158", "mor": [82517390]}, "geometry": {"type": "Point", "coordinates": [5.33614471, 60.38346138]}}, {"type": "Feature", "properties": {"nvdb_id": 494047622, "skiltnummer": "372 - Parkering forbudt", "tekst": null, "kategori": "forbud", "egenskaper": {"Ansiktsside, rettet mot": "Tosidig", "Skiltnummer": "372 - Parkering forbudt", "Belysning": "Ingen"}, "vegsystem": "FV5352 S1D1 m583", "mor": [494047621]}, "geometry": {"type": "Point", "coordinates": [5.32339131, 60.38257225]}}, {"type": "Feature", "properties": {"nvdb_id": 268368443, "skiltnummer": "808.619 - STOPP ved rødt blink Tunnel stengt/Stengd", "tekst": null, "kategori": "parkering", "egenskaper": {"Ansiktsside, rettet mot": "Trafikk i metreringsretning", "Skiltnummer": "808.619 - STOPP ved rødt blink Tunnel stengt/Stengd", "Belysning": "Ingen"}, "vegsystem": "RV555 S1D1 m15", "mor": [268368442]}, "geometry": {"type": "Point", "coordinates": [5.3340073, 60.38341554]}}, {"type": "Feature", "properties": {"nvdb_id": 82559076, "skiltnummer": "808.619 - STOPP ved rødt blink Tunnel stengt/Stengd", "tekst": null, "kategori": "parkering", "egenskaper": {"Ansiktsside, rettet mot": "Trafikk i metreringsretning", "Skiltnummer": "808.619 - STOPP ved rødt blink Tunnel stengt/Stengd", "Belysning": "Ingen"}, "vegsystem": "RV555 S1D1 m16", "mor": [82559079]}, "geometry": {"type": "Point", "coordinates": [5.33399068, 60.38341499]}}, {"type": "Feature", "properties": {"nvdb_id": 540607360, "skiltnummer": "808.321 - Gjelder/Gjeld (motorvogntype)", "tekst": "@Gjelder ikke motorsykkel@", "kategori": "parkering", "egenskaper": {"Ansiktsside, rettet mot": "Trafikk i metreringsretning", "Skiltnummer": "808.321 - Gjelder/Gjeld (motorvogntype)", "Belysning": "Ingen", "Tekst": "@Gjelder ikke motorsykkel@"}, "vegsystem": "EV39 S77D1 m7497", "mor": [540607357]}, "geometry": {"type": "Point", "coordinates": [5.33605473, 60.38360949]}}, {"type": "Feature", "properties": {"nvdb_id": 82631326, "skiltnummer": "372 - Parkering forbudt", "tekst": null, "kategori": "forbud", "egenskaper": {"Ansiktsside, rettet mot": "Trafikk i metreringsretning", "Skiltnummer": "372 - Parkering forbudt", "Belysning": "Ingen"}, "vegsystem": "FV5358 S1D1 m404", "mor": [82631329]}, "geometry": {"type": "Point", "coordinates": [5.30348979, 60.38139117]}}, {"type": "Feature", "properties": {"nvdb_id": 82516586, "skiltnummer": "372 - Parkering forbudt", "tekst": null, "kategori": "forbud", "egenskaper": {"Ansiktsside, rettet mot": "Tosidig", "Skiltnummer": "372 - Parkering forbudt", "Belysning": "Ingen"}, "vegsystem": "FV5352 S1D1 m672", "mor": [82516589]}, "geometry": {"type": "Point", "coordinates": [5.32456756, 60.38295103]}}, {"type": "Feature", "properties": {"nvdb_id": 82355434, "skiltnummer": "808.619 - STOPP ved rødt blink Tunnel stengt/Stengd", "tekst": null, "kategori": "parkering", "egenskaper": {"Ansiktsside, rettet mot": "Trafikk i metreringsretning", "Skiltnummer": "808.619 - STOPP ved rødt blink Tunnel stengt/Stengd", "Belysning": "Ingen"}, "vegsystem": "EV39 S77D1 m7529", "mor": [82355435]}, "geometry": {"type": "Point", "coordinates": [5.33619605, 60.38388423]}}, {"type": "Feature", "properties": {"nvdb_id": 494047599, "skiltnummer": "552 - Parkering", "tekst": null, "kategori": "parkering", "egenskaper": {"Ansiktsside, rettet mot": "Trafikk i metreringsretning", "Skiltnummer": "552 - Parkering", "Belysning": "Ingen"}, "vegsystem": "FV5352 S1D1 m492", "mor": [494047598]}, "geometry": {"type": "Point", "coordinates": [5.32207774, 60.38305825]}}, {"type": "Feature", "properties": {"nvdb_id": 82517411, "skiltnummer": "808.623 - STOPP ved rødt blink Veg stengt/Stengd", "tekst": null, "kategori": "parkering", "egenskaper": {"Ansiktsside, rettet mot": "Trafikk i metreringsretning", "Skiltnummer": "808.623 - STOPP ved rødt blink Veg stengt/Stengd", "Belysning": "Ingen"}, "vegsystem": "EV39 S77D1 m7122 KD1 m58", "mor": [82517414]}, "geometry": {"type": "Point", "coordinates": [5.33471157, 60.38414769]}}, {"type": "Feature", "properties": {"nvdb_id": 495841886, "skiltnummer": "808.553 - Med særskilt tillatelse/Med særskilt løyve", "tekst": "Gjelder ikke sykkel", "kategori": "parkering", "egenskaper": {"Ansiktsside, rettet mot": "Trafikk mot metreringsretning", "Skiltnummer": "808.553 - Med særskilt tillatelse/Med særskilt løyve", "Belysning": "Ingen", "Tekst": "Gjelder ikke sykkel"}, "vegsystem": "FV5332 S1D1 m678", "mor": [495841884]}, "geometry": {"type": "Point", "coordinates": [5.33243161, 60.38504396]}}, {"type": "Feature", "properties": {"nvdb_id": 494048203, "skiltnummer": "808.515 - Gjelder ........ felt/Gjeld ........ Felt", "tekst": null, "kategori": "parkering", "egenskaper": {"Ansiktsside, rettet mot": "Trafikk i metreringsretning", "Skiltnummer": "808.515 - Gjelder ........ felt/Gjeld ........ Felt", "Belysning": "Ingen"}, "vegsystem": "FV5332 S1D1 m680", "mor": [494048201]}, "geometry": {"type": "Point", "coordinates": [5.3324296, 60.38506189]}}, {"type": "Feature", "properties": {"nvdb_id": 82512134, "skiltnummer": "372 - Parkering forbudt", "tekst": null, "kategori": "forbud", "egenskaper": {"Ansiktsside, rettet mot": "Tosidig", "Skiltnummer": "372 - Parkering forbudt", "Belysning": "Ingen"}, "vegsystem": "FV5332 S1D10 m365", "mor": [82512137]}, "geometry": {"type": "Point", "coordinates": [5.33178087, 60.38506258]}}, {"type": "Feature", "properties": {"nvdb_id": 82517157, "skiltnummer": "808.623 - STOPP ved rødt blink Veg stengt/Stengd", "tekst": null, "kategori": "parkering", "egenskaper": {"Ansiktsside, rettet mot": "Trafikk i metreringsretning", "Skiltnummer": "808.623 - STOPP ved rødt blink Veg stengt/Stengd", "Belysning": "Ingen"}, "vegsystem": "EV39 S77D1 m7122 KD7 m58", "mor": [82517160]}, "geometry": {"type": "Point", "coordinates": [5.33447455, 60.38528623]}}, {"type": "Feature", "properties": {"nvdb_id": 494047570, "skiltnummer": "372 - Parkering forbudt", "tekst": null, "kategori": "forbud", "egenskaper": {"Ansiktsside, rettet mot": "Tosidig", "Skiltnummer": "372 - Parkering forbudt", "Belysning": "Ingen"}, "vegsystem": "FV5352 S1D1 m249", "mor": [494047569]}, "geometry": {"type": "Point", "coordinates": [5.31871066, 60.38434921]}}, {"type": "Feature", "properties": {"nvdb_id": 82512146, "skiltnummer": "372 - Parkering forbudt", "tekst": null, "kategori": "forbud", "egenskaper": {"Ansiktsside, rettet mot": "Tosidig", "Skiltnummer": "372 - Parkering forbudt", "Belysning": "Ingen"}, "vegsystem": "FV5332 S1D10 m334", "mor": [82512149]}, "geometry": {"type": "Point", "coordinates": [5.33148926, 60.38529596]}}, {"type": "Feature", "properties": {"nvdb_id": 82512158, "skiltnummer": "372 - Parkering forbudt", "tekst": null, "kategori": "forbud", "egenskaper": {"Ansiktsside, rettet mot": "Trafikk i metreringsretning", "Skiltnummer": "372 - Parkering forbudt", "Belysning": "Ingen"}, "vegsystem": "FV5332 S1D10 m310", "mor": [82512161]}, "geometry": {"type": "Point", "coordinates": [5.33126051, 60.38547954]}}, {"type": "Feature", "properties": {"nvdb_id": 494048222, "skiltnummer": "808.515 - Gjelder ........ felt/Gjeld ........ Felt", "tekst": null, "kategori": "parkering", "egenskaper": {"Ansiktsside, rettet mot": "Trafikk i metreringsretning", "Skiltnummer": "808.515 - Gjelder ........ felt/Gjeld ........ Felt", "Belysning": "Ingen"}, "vegsystem": "FV5332 S1D1 m783", "mor": [494048217]}, "geometry": {"type": "Point", "coordinates": [5.33219983, 60.38597381]}}, {"type": "Feature", "properties": {"nvdb_id": 82512176, "skiltnummer": "372 - Parkering forbudt", "tekst": null, "kategori": "forbud", "egenskaper": {"Ansiktsside, rettet mot": "Tosidig", "Skiltnummer": "372 - Parkering forbudt", "Belysning": "Ingen"}, "vegsystem": "FV5332 S1D10 m257", "mor": [82512179]}, "geometry": {"type": "Point", "coordinates": [5.33074876, 60.38588019]}}, {"type": "Feature", "properties": {"nvdb_id": 934470209, "skiltnummer": "372 - Parkering forbudt", "tekst": null, "kategori": "forbud", "egenskaper": {"Tosidig plate med ulike motiv": "Ja", "Skiltnummer": "372 - Parkering forbudt", "Belysning": "Ingen", "Størrelse": "Middels størrelse"}, "vegsystem": "FV5332 S1D10 m237", "mor": [934470121]}, "geometry": {"type": "Point", "coordinates": [5.33053511, 60.38603239]}}, {"type": "Feature", "properties": {"nvdb_id": 82505337, "skiltnummer": "808.619 - STOPP ved rødt blink Tunnel stengt/Stengd", "tekst": null, "kategori": "parkering", "egenskaper": {"Ansiktsside, rettet mot": "Trafikk i metreringsretning", "Skiltform": "Plan", "Skiltnummer": "808.619 - STOPP ved rødt blink Tunnel stengt/Stengd", "Belysning": "Ingen"}, "vegsystem": "RV555 S1D1 m762 KD5 m11", "mor": [82505340]}, "geometry": {"type": "Point", "coordinates": [5.31960338, 60.38543724]}}, {"type": "Feature", "properties": {"nvdb_id": 82505343, "skiltnummer": "808.619 - STOPP ved rødt blink Tunnel stengt/Stengd", "tekst": null, "kategori": "parkering", "egenskaper": {"Ansiktsside, rettet mot": "Trafikk i metreringsretning", "Skiltform": "Plan", "Skiltnummer": "808.619 - STOPP ved rødt blink Tunnel stengt/Stengd", "Belysning": "Ingen"}, "vegsystem": "RV555 S1D1 m762 KD5 m11", "mor": [82505346]}, "geometry": {"type": "Point", "coordinates": [5.31960338, 60.38543724]}}, {"type": "Feature", "properties": {"nvdb_id": 494048299, "skiltnummer": "806 - Tid", "tekst": null, "kategori": "parkering", "egenskaper": {"Ansiktsside, rettet mot": "Tosidig", "Skiltnummer": "806 - Tid", "Belysning": "Ingen"}, "vegsystem": "FV5332 S1D10 m201", "mor": [82512197]}, "geometry": {"type": "Point", "coordinates": [5.33020601, 60.38630051]}}, {"type": "Feature", "properties": {"nvdb_id": 82648456, "skiltnummer": "372 - Parkering forbudt", "tekst": null, "kategori": "forbud", "egenskaper": {"Ansiktsside, rettet mot": "Tosidig", "Skiltnummer": "372 - Parkering forbudt", "Belysning": "Ingen"}, "vegsystem": "FV585 S1D1 m6971", "mor": [82648459]}, "geometry": {"type": "Point", "coordinates": [5.34461964, 60.38742987]}}, {"type": "Feature", "properties": {"nvdb_id": 494048238, "skiltnummer": "807.2 - Symbol, varebil, lastebil og trekkbil", "tekst": null, "kategori": "parkering", "egenskaper": {"Ansiktsside, rettet mot": "Trafikk i metreringsretning", "Skiltnummer": "807.2 - Symbol, varebil, lastebil og trekkbil", "Belysning": "Ingen"}, "vegsystem": "FV5332 S1D1 m851", "mor": [82525581]}, "geometry": {"type": "Point", "coordinates": [5.33201573, 60.3865748]}}, {"type": "Feature", "properties": {"nvdb_id": 543537263, "skiltnummer": "807.2 - Symbol, varebil, lastebil og trekkbil", "tekst": null, "kategori": "parkering", "egenskaper": {"Ansiktsside, rettet mot": "Tosidig", "Skiltnummer": "807.2 - Symbol, varebil, lastebil og trekkbil", "Belysning": "Ingen", "Folieklasse": "Klasse 2", "Størrelse": "Liten størrelse"}, "vegsystem": "FV5332 S1D1 m854", "mor": [543537161]}, "geometry": {"type": "Point", "coordinates": [5.33201077, 60.38659679]}}, {"type": "Feature", "properties": {"nvdb_id": 82512200, "skiltnummer": "372 - Parkering forbudt", "tekst": null, "kategori": "forbud", "egenskaper": {"Ansiktsside, rettet mot": "Tosidig", "Skiltnummer": "372 - Parkering forbudt", "Belysning": "Ingen"}, "vegsystem": "FV5332 S1D10 m178", "mor": [82512203]}, "geometry": {"type": "Point", "coordinates": [5.32998764, 60.38647611]}}, {"type": "Feature", "properties": {"nvdb_id": 494048292, "skiltnummer": "806 - Tid", "tekst": null, "kategori": "parkering", "egenskaper": {"Ansiktsside, rettet mot": "Tosidig", "Skiltnummer": "806 - Tid", "Belysning": "Ingen"}, "vegsystem": "FV5332 S1D10 m178", "mor": [82512203]}, "geometry": {"type": "Point", "coordinates": [5.32998764, 60.38647611]}}, {"type": "Feature", "properties": {"nvdb_id": 494048296, "skiltnummer": "372 - Parkering forbudt", "tekst": null, "kategori": "forbud", "egenskaper": {"Ansiktsside, rettet mot": "Tosidig", "Skiltnummer": "372 - Parkering forbudt", "Belysning": "Ingen"}, "vegsystem": "FV5332 S1D10 m178", "mor": [494048295]}, "geometry": {"type": "Point", "coordinates": [5.32998764, 60.38647611]}}, {"type": "Feature", "properties": {"nvdb_id": 82525560, "skiltnummer": "372 - Parkering forbudt", "tekst": null, "kategori": "forbud", "egenskaper": {"Ansiktsside, rettet mot": "Trafikk i metreringsretning", "Skiltnummer": "372 - Parkering forbudt", "Belysning": "Ingen"}, "vegsystem": "FV5332 S1D1 m904", "mor": [82525563]}, "geometry": {"type": "Point", "coordinates": [5.33189664, 60.38704255]}}, {"type": "Feature", "properties": {"nvdb_id": 494048249, "skiltnummer": "807.2 - Symbol, varebil, lastebil og trekkbil", "tekst": null, "kategori": "parkering", "egenskaper": {"Ansiktsside, rettet mot": "Trafikk i metreringsretning", "Skiltnummer": "807.2 - Symbol, varebil, lastebil og trekkbil", "Belysning": "Ingen"}, "vegsystem": "FV5332 S1D1 m904", "mor": [82525563]}, "geometry": {"type": "Point", "coordinates": [5.33189664, 60.38704255]}}, {"type": "Feature", "properties": {"nvdb_id": 82512215, "skiltnummer": "552 - Parkering", "tekst": null, "kategori": "parkering", "egenskaper": {"Ansiktsside, rettet mot": "Trafikk i metreringsretning", "Skiltnummer": "552 - Parkering", "Belysning": "Ingen"}, "vegsystem": "FV5332 S1D10 m124", "mor": [82512218]}, "geometry": {"type": "Point", "coordinates": [5.32947044, 60.38689387]}}, {"type": "Feature", "properties": {"nvdb_id": 82512221, "skiltnummer": "372 - Parkering forbudt", "tekst": null, "kategori": "forbud", "egenskaper": {"Ansiktsside, rettet mot": "Tosidig", "Skiltnummer": "372 - Parkering forbudt", "Belysning": "Ingen"}, "vegsystem": "FV5332 S1D10 m90", "mor": [82512224]}, "geometry": {"type": "Point", "coordinates": [5.32914797, 60.3871482]}}, {"type": "Feature", "properties": {"nvdb_id": 82512227, "skiltnummer": "372 - Parkering forbudt", "tekst": null, "kategori": "forbud", "egenskaper": {"Ansiktsside, rettet mot": "Tosidig", "Skiltnummer": "372 - Parkering forbudt", "Belysning": "Ingen"}, "vegsystem": "FV5332 S1D10 m90", "mor": [82512230]}, "geometry": {"type": "Point", "coordinates": [5.32914797, 60.3871482]}}, {"type": "Feature", "properties": {"nvdb_id": 494048280, "skiltnummer": "806 - Tid", "tekst": null, "kategori": "parkering", "egenskaper": {"Ansiktsside, rettet mot": "Tosidig", "Skiltnummer": "806 - Tid", "Belysning": "Ingen"}, "vegsystem": "FV5332 S1D10 m90", "mor": [82512230]}, "geometry": {"type": "Point", "coordinates": [5.32914797, 60.3871482]}}, {"type": "Feature", "properties": {"nvdb_id": 82512245, "skiltnummer": "372 - Parkering forbudt", "tekst": null, "kategori": "forbud", "egenskaper": {"Ansiktsside, rettet mot": "Tosidig", "Skiltnummer": "372 - Parkering forbudt", "Belysning": "Ingen"}, "vegsystem": "FV5332 S1D10 m52", "mor": [82512248]}, "geometry": {"type": "Point", "coordinates": [5.32878231, 60.38743635]}}, {"type": "Feature", "properties": {"nvdb_id": 494048275, "skiltnummer": "806 - Tid", "tekst": null, "kategori": "parkering", "egenskaper": {"Ansiktsside, rettet mot": "Tosidig", "Skiltnummer": "806 - Tid", "Belysning": "Ingen"}, "vegsystem": "FV5332 S1D10 m52", "mor": [82512248]}, "geometry": {"type": "Point", "coordinates": [5.32878231, 60.38743635]}}, {"type": "Feature", "properties": {"nvdb_id": 82512263, "skiltnummer": "552 - Parkering", "tekst": null, "kategori": "parkering", "egenskaper": {"Ansiktsside, rettet mot": "Trafikk i metreringsretning", "Skiltnummer": "552 - Parkering", "Belysning": "Ingen"}, "vegsystem": "FV5332 S1D10 m15", "mor": [82512266]}, "geometry": {"type": "Point", "coordinates": [5.32842934, 60.38771753]}}, {"type": "Feature", "properties": {"nvdb_id": 82445523, "skiltnummer": "372 - Parkering forbudt", "tekst": null, "kategori": "forbud", "egenskaper": {"Ansiktsside, rettet mot": "Tosidig", "Skiltform": "Plan", "Skiltnummer": "372 - Parkering forbudt", "Belysning": "Ingen"}, "vegsystem": "EV16 S1D1 m2696", "mor": [82445526]}, "geometry": {"type": "Point", "coordinates": [5.32909018, 60.38836237]}}, {"type": "Feature", "properties": {"nvdb_id": 82572935, "skiltnummer": "372 - Parkering forbudt", "tekst": null, "kategori": "forbud", "egenskaper": {"Ansiktsside, rettet mot": "Tosidig", "Skiltnummer": "372 - Parkering forbudt", "Belysning": "Ingen"}, "vegsystem": "FV558 S1D1 m1036", "mor": [82572938]}, "geometry": {"type": "Point", "coordinates": [5.29606473, 60.38625724]}}, {"type": "Feature", "properties": {"nvdb_id": 82572926, "skiltnummer": "807.8 - Symbol, forflytningshemmede med parkeringstillatelse", "tekst": null, "kategori": "parkering", "egenskaper": {"Ansiktsside, rettet mot": "Trafikk i metreringsretning", "Skiltnummer": "807.8 - Symbol, forflytningshemmede med parkeringstillatelse", "Belysning": "Ingen"}, "vegsystem": "FV558 S1D1 m1044", "mor": [82572932]}, "geometry": {"type": "Point", "coordinates": [5.29597132, 60.38631197]}}, {"type": "Feature", "properties": {"nvdb_id": 82572929, "skiltnummer": "552 - Parkering", "tekst": null, "kategori": "parkering", "egenskaper": {"Ansiktsside, rettet mot": "Trafikk i metreringsretning", "Skiltnummer": "552 - Parkering", "Belysning": "Ingen"}, "vegsystem": "FV558 S1D1 m1044", "mor": [82572932]}, "geometry": {"type": "Point", "coordinates": [5.29597132, 60.38631197]}}, {"type": "Feature", "properties": {"nvdb_id": 82648354, "skiltnummer": "372 - Parkering forbudt", "tekst": null, "kategori": "forbud", "egenskaper": {"Ansiktsside, rettet mot": "Tosidig", "Skiltnummer": "372 - Parkering forbudt", "Belysning": "Ingen"}, "vegsystem": "FV585 S1D1 m7363", "mor": [82648357]}, "geometry": {"type": "Point", "coordinates": [5.33891812, 60.38950941]}}, {"type": "Feature", "properties": {"nvdb_id": 487080178, "skiltnummer": "552 - Parkering", "tekst": null, "kategori": "parkering", "egenskaper": {"Ansiktsside, rettet mot": "Trafikk i metreringsretning", "Skiltnummer": "552 - Parkering", "Belysning": "Ingen"}, "vegsystem": "FV558 S1D1 m1057", "mor": [487080177]}, "geometry": {"type": "Point", "coordinates": [5.29581904, 60.3864007]}}, {"type": "Feature", "properties": {"nvdb_id": 1008864923, "skiltnummer": "372 - Parkering forbudt", "tekst": null, "kategori": "forbud", "egenskaper": {"Ansiktsside, rettet mot": "Tosidig", "Skiltform": "Plan", "Skiltnummer": "372 - Parkering forbudt", "Belysning": "Ingen"}, "vegsystem": "EV16 S1D1 m1296", "mor": [1008864922]}, "geometry": {"type": "Point", "coordinates": [5.33052195, 60.38929484]}}, {"type": "Feature", "properties": {"nvdb_id": 82648345, "skiltnummer": "806 - Tid", "tekst": null, "kategori": "parkering", "egenskaper": {"Ansiktsside, rettet mot": "Trafikk mot metreringsretning", "Skiltnummer": "806 - Tid", "Belysning": "Ingen"}, "vegsystem": "FV585 S1D1 m7431", "mor": [82648351]}, "geometry": {"type": "Point", "coordinates": [5.3379517, 60.38987578]}}, {"type": "Feature", "properties": {"nvdb_id": 82648348, "skiltnummer": "372 - Parkering forbudt", "tekst": null, "kategori": "forbud", "egenskaper": {"Ansiktsside, rettet mot": "Tosidig", "Skiltnummer": "372 - Parkering forbudt", "Belysning": "Ingen"}, "vegsystem": "FV585 S1D1 m7431", "mor": [82648351]}, "geometry": {"type": "Point", "coordinates": [5.3379517, 60.38987578]}}, {"type": "Feature", "properties": {"nvdb_id": 1008864894, "skiltnummer": "808 - Underskilt med annen tekst", "tekst": "@370@@Øvrig tid", "kategori": "parkering", "egenskaper": {"Plasseringskode": 30, "Ansiktsside, rettet mot": "Trafikk mot metreringsretning", "Skiltform": "Plan", "Skiltnummer": "808 - Underskilt med annen tekst", "Tekst": "@370@@Øvrig tid"}, "vegsystem": "EV16 S1D1 m2400", "mor": [1008864891]}, "geometry": {"type": "Point", "coordinates": [5.32508316, 60.38899902]}}, {"type": "Feature", "properties": {"nvdb_id": 1008864895, "skiltnummer": "806 - Tid", "tekst": "07-10@@14-17", "kategori": "parkering", "egenskaper": {"Plasseringskode": 20, "Ansiktsside, rettet mot": "Trafikk mot metreringsretning", "Skiltform": "Plan", "Skiltnummer": "806 - Tid", "Tekst": "07-10@@14-17"}, "vegsystem": "EV16 S1D1 m2400", "mor": [1008864891]}, "geometry": {"type": "Point", "coordinates": [5.32508316, 60.38899902]}}, {"type": "Feature", "properties": {"nvdb_id": 1008864896, "skiltnummer": "808 - Underskilt med annen tekst", "tekst": "@370@@Øvrig tid", "kategori": "parkering", "egenskaper": {"Plasseringskode": 30, "Ansiktsside, rettet mot": "Trafikk i metreringsretning", "Skiltform": "Plan", "Skiltnummer": "808 - Underskilt med annen tekst", "Tekst": "@370@@Øvrig tid"}, "vegsystem": "EV16 S1D1 m2400", "mor": [1008864891]}, "geometry": {"type": "Point", "coordinates": [5.32508316, 60.38899902]}}, {"type": "Feature", "properties": {"nvdb_id": 1008864897, "skiltnummer": "806 - Tid", "tekst": "07-10@@14-17", "kategori": "parkering", "egenskaper": {"Plasseringskode": 20, "Ansiktsside, rettet mot": "Trafikk i metreringsretning", "Skiltform": "Plan", "Skiltnummer": "806 - Tid", "Tekst": "07-10@@14-17"}, "vegsystem": "EV16 S1D1 m2400", "mor": [1008864891]}, "geometry": {"type": "Point", "coordinates": [5.32508316, 60.38899902]}}, {"type": "Feature", "properties": {"nvdb_id": 82648333, "skiltnummer": "372 - Parkering forbudt", "tekst": null, "kategori": "forbud", "egenskaper": {"Ansiktsside, rettet mot": "Tosidig", "Skiltnummer": "372 - Parkering forbudt", "Belysning": "Ingen"}, "vegsystem": "FV585 S1D1 m7461", "mor": [82648336]}, "geometry": {"type": "Point", "coordinates": [5.33751813, 60.39003933]}}, {"type": "Feature", "properties": {"nvdb_id": 82505593, "skiltnummer": "808.515 - Gjelder ........ felt/Gjeld ........ Felt", "tekst": "Gjelder@@høyre felt", "kategori": "parkering", "egenskaper": {"Ansiktsside, rettet mot": "Trafikk i metreringsretning", "Skiltform": "Plan", "Skiltnummer": "808.515 - Gjelder ........ felt/Gjeld ........ Felt", "Belysning": "Ingen", "Tekst": "Gjelder@@høyre felt"}, "vegsystem": "EV16 S1D1 m1533", "mor": [82505602]}, "geometry": {"type": "Point", "coordinates": [5.32692201, 60.38943492]}}, {"type": "Feature", "properties": {"nvdb_id": 1008864880, "skiltnummer": "808 - Underskilt med annen tekst", "tekst": "@370@@Øvrig tid", "kategori": "parkering", "egenskaper": {"Oppsettingsdato": "1900-01-01", "Plasseringskode": 30, "Ansiktsside, rettet mot": "Trafikk mot metreringsretning", "Skiltform": "Plan", "Skiltnummer": "808 - Underskilt med annen tekst", "Tekst": "@370@@Øvrig tid"}, "vegsystem": "EV16 S1D50 m14", "mor": [1008864877]}, "geometry": {"type": "Point", "coordinates": [5.32366549, 60.3895142]}}, {"type": "Feature", "properties": {"nvdb_id": 1008864881, "skiltnummer": "806 - Tid", "tekst": "@07-10@@14-17@", "kategori": "parkering", "egenskaper": {"Oppsettingsdato": "1900-01-01", "Plasseringskode": 20, "Ansiktsside, rettet mot": "Trafikk mot metreringsretning", "Skiltform": "Plan", "Skiltnummer": "806 - Tid", "Tekst": "@07-10@@14-17@"}, "vegsystem": "EV16 S1D50 m14", "mor": [1008864877]}, "geometry": {"type": "Point", "coordinates": [5.32366549, 60.3895142]}}, {"type": "Feature", "properties": {"nvdb_id": 1008864882, "skiltnummer": "808 - Underskilt med annen tekst", "tekst": "@370@@Øvrig tid", "kategori": "parkering", "egenskaper": {"Oppsettingsdato": "1900-01-01", "Plasseringskode": 30, "Ansiktsside, rettet mot": "Trafikk i metreringsretning", "Skiltform": "Plan", "Skiltnummer": "808 - Underskilt med annen tekst", "Tekst": "@370@@Øvrig tid"}, "vegsystem": "EV16 S1D50 m14", "mor": [1008864877]}, "geometry": {"type": "Point", "coordinates": [5.32366549, 60.3895142]}}, {"type": "Feature", "properties": {"nvdb_id": 1008864883, "skiltnummer": "806 - Tid", "tekst": "07-10@@14-17", "kategori": "parkering", "egenskaper": {"Oppsettingsdato": "1900-01-01", "Plasseringskode": 20, "Ansiktsside, rettet mot": "Trafikk i metreringsretning", "Skiltform": "Plan", "Skiltnummer": "806 - Tid", "Tekst": "07-10@@14-17"}, "vegsystem": "EV16 S1D50 m14", "mor": [1008864877]}, "geometry": {"type": "Point", "coordinates": [5.32366549, 60.3895142]}}, {"type": "Feature", "properties": {"nvdb_id": 1008861483, "skiltnummer": "808 - Underskilt med annen tekst", "tekst": "Opphøyd@@kryss", "kategori": "parkering", "egenskaper": {"Plasseringskode": 20, "Ansiktsside, rettet mot": "Trafikk i metreringsretning", "Skiltform": "Plan", "Skiltnummer": "808 - Underskilt med annen tekst", "Tekst": "Opphøyd@@kryss"}, "vegsystem": "EV16 S1D1 m1632", "mor": [529973026]}, "geometry": {"type": "Point", "coordinates": [5.32527064, 60.38976715]}}, {"type": "Feature", "properties": {"nvdb_id": 1008861486, "skiltnummer": "808 - Underskilt med annen tekst", "tekst": "Opphøyd@@kryss", "kategori": "parkering", "egenskaper": {"Plasseringskode": 20, "Ansiktsside, rettet mot": "Trafikk i metreringsretning", "Skiltform": "Plan", "Skiltnummer": "808 - Underskilt med annen tekst", "Tekst": "Opphøyd@@kryss"}, "vegsystem": "EV16 S1D1 m1632", "mor": [1008861484]}, "geometry": {"type": "Point", "coordinates": [5.32527064, 60.38976715]}}, {"type": "Feature", "properties": {"nvdb_id": 82505959, "skiltnummer": "808.317 - Gjelder ikke buss og taxi/Gjeld ikkje buss og taxi", "tekst": null, "kategori": "parkering", "egenskaper": {"Ansiktsside, rettet mot": "Trafikk i metreringsretning", "Skiltform": "Plan", "Skiltnummer": "808.317 - Gjelder ikke buss og taxi/Gjeld ikkje buss og taxi", "Belysning": "Ingen"}, "vegsystem": "FV589 S1D1 m11", "mor": [82505968]}, "geometry": {"type": "Point", "coordinates": [5.32225991, 60.38966645]}}, {"type": "Feature", "properties": {"nvdb_id": 550773987, "skiltnummer": "808.313 - Gjelder ikke buss/Gjeld ikkje buss", "tekst": null, "kategori": "parkering", "egenskaper": {"Ansiktsside, rettet mot": "Trafikk mot metreringsretning", "Skiltnummer": "808.313 - Gjelder ikke buss/Gjeld ikkje buss", "Belysning": "Ingen"}, "vegsystem": "FV577 S1D1 m177", "mor": [550773985]}, "geometry": {"type": "Point", "coordinates": [5.33166933, 60.39041106]}}, {"type": "Feature", "properties": {"nvdb_id": 82648270, "skiltnummer": "372 - Parkering forbudt", "tekst": null, "kategori": "forbud", "egenskaper": {"Ansiktsside, rettet mot": "Tosidig", "Skiltnummer": "372 - Parkering forbudt", "Belysning": "Ingen"}, "vegsystem": "FV585 S1D1 m7619", "mor": [82648273]}, "geometry": {"type": "Point", "coordinates": [5.33521636, 60.39086361]}}, {"type": "Feature", "properties": {"nvdb_id": 82445727, "skiltnummer": "808.315 - Gjelder ikke taxi/Gjeld ikkje taxi", "tekst": null, "kategori": "parkering", "egenskaper": {"Ansiktsside, rettet mot": "Trafikk i metreringsretning", "Skiltnummer": "808.315 - Gjelder ikke taxi/Gjeld ikkje taxi", "Belysning": "Ingen"}, "vegsystem": "EV16 S1D1 m2204", "mor": [82445733]}, "geometry": {"type": "Point", "coordinates": [5.32253825, 60.3899398]}}, {"type": "Feature", "properties": {"nvdb_id": 82445736, "skiltnummer": "808.315 - Gjelder ikke taxi/Gjeld ikkje taxi", "tekst": null, "kategori": "parkering", "egenskaper": {"Ansiktsside, rettet mot": "Trafikk i metreringsretning", "Skiltnummer": "808.315 - Gjelder ikke taxi/Gjeld ikkje taxi", "Belysning": "Ingen"}, "vegsystem": "EV16 S1D1 m2204", "mor": [82445742]}, "geometry": {"type": "Point", "coordinates": [5.32253825, 60.3899398]}}, {"type": "Feature", "properties": {"nvdb_id": 1008864862, "skiltnummer": "808.121 - Opphøyd gangfelt/Heva gangfelt", "tekst": null, "kategori": "parkering", "egenskaper": {"Plasseringskode": 20, "Ansiktsside, rettet mot": "Trafikk i metreringsretning", "Skiltform": "Plan", "Skiltnummer": "808.121 - Opphøyd gangfelt/Heva gangfelt"}, "vegsystem": "EV16 S1D1 m1730", "mor": [82505509]}, "geometry": {"type": "Point", "coordinates": [5.32452618, 60.39032374]}}, {"type": "Feature", "properties": {"nvdb_id": 82445745, "skiltnummer": "806 - Tid", "tekst": null, "kategori": "parkering", "egenskaper": {"Ansiktsside, rettet mot": "Tosidig", "Skiltnummer": "806 - Tid", "Belysning": "Ingen", "Størrelse": "Liten størrelse"}, "vegsystem": "EV16 S1D1 m2165", "mor": [82445754]}, "geometry": {"type": "Point", "coordinates": [5.32287941, 60.39024174]}}, {"type": "Feature", "properties": {"nvdb_id": 550773995, "skiltnummer": "806 - Tid", "tekst": null, "kategori": "parkering", "egenskaper": {"Ansiktsside, rettet mot": "Trafikk i metreringsretning", "Skiltnummer": "806 - Tid", "Belysning": "Ingen"}, "vegsystem": "FV577 S1D1 m271", "mor": [550773993]}, "geometry": {"type": "Point", "coordinates": [5.33027867, 60.39085305]}}, {"type": "Feature", "properties": {"nvdb_id": 550773996, "skiltnummer": "806 - Tid", "tekst": null, "kategori": "parkering", "egenskaper": {"Ansiktsside, rettet mot": "Trafikk mot metreringsretning", "Skiltnummer": "806 - Tid", "Belysning": "Ingen"}, "vegsystem": "FV577 S1D1 m271", "mor": [550773993]}, "geometry": {"type": "Point", "coordinates": [5.33027867, 60.39085305]}}, {"type": "Feature", "properties": {"nvdb_id": 1008864858, "skiltnummer": "808.121 - Opphøyd gangfelt/Heva gangfelt", "tekst": null, "kategori": "parkering", "egenskaper": {"Plasseringskode": 20, "Ansiktsside, rettet mot": "Trafikk i metreringsretning", "Skiltform": "Plan", "Skiltnummer": "808.121 - Opphøyd gangfelt/Heva gangfelt"}, "vegsystem": "EV16 S1D1 m1789", "mor": [1008864853]}, "geometry": {"type": "Point", "coordinates": [5.32497622, 60.39080203]}}, {"type": "Feature", "properties": {"nvdb_id": 550774005, "skiltnummer": "807.3 - Symbol, buss", "tekst": null, "kategori": "parkering", "egenskaper": {"Ansiktsside, rettet mot": "Trafikk mot metreringsretning", "Skiltnummer": "807.3 - Symbol, buss", "Belysning": "Ingen"}, "vegsystem": "FV577 S1D1 m370", "mor": [550774004]}, "geometry": {"type": "Point", "coordinates": [5.32876815, 60.39132532]}}, {"type": "Feature", "properties": {"nvdb_id": 550774006, "skiltnummer": "808.515 - Gjelder ........ felt/Gjeld ........ Felt", "tekst": null, "kategori": "parkering", "egenskaper": {"Ansiktsside, rettet mot": "Trafikk mot metreringsretning", "Skiltnummer": "808.515 - Gjelder ........ felt/Gjeld ........ Felt", "Belysning": "Ingen"}, "vegsystem": "FV577 S1D1 m370", "mor": [550774004]}, "geometry": {"type": "Point", "coordinates": [5.32876815, 60.39132532]}}, {"type": "Feature", "properties": {"nvdb_id": 219547964, "skiltnummer": "372 - Parkering forbudt", "tekst": null, "kategori": "forbud", "egenskaper": {"Ansiktsside, rettet mot": "Tosidig", "Skiltnummer": "372 - Parkering forbudt", "Belysning": "Ingen"}, "vegsystem": "FV5350 S1D1 m142", "mor": [219547963]}, "geometry": {"type": "Point", "coordinates": [5.31808821, 60.39095823]}}, {"type": "Feature", "properties": {"nvdb_id": 1008864848, "skiltnummer": "808.313 - Gjelder ikke buss/Gjeld ikkje buss", "tekst": "Gjelder ikke@@buss i rute", "kategori": "parkering", "egenskaper": {"Plasseringskode": 30, "Ansiktsside, rettet mot": "Trafikk i metreringsretning", "Skiltform": "Plan", "Skiltnummer": "808.313 - Gjelder ikke buss/Gjeld ikkje buss", "Belysning": "Ingen", "Tekst": "Gjelder ikke@@buss i rute"}, "vegsystem": "EV16 S1D1 m1906", "mor": [1008864842]}, "geometry": {"type": "Point", "coordinates": [5.32594816, 60.39173229]}}, {"type": "Feature", "properties": {"nvdb_id": 82565270, "skiltnummer": "372 - Parkering forbudt", "tekst": null, "kategori": "forbud", "egenskaper": {"Ansiktsside, rettet mot": "Tosidig", "Skiltnummer": "372 - Parkering forbudt", "Belysning": "Ingen"}, "vegsystem": "FV585 S1D1 m7906", "mor": [82565273]}, "geometry": {"type": "Point", "coordinates": [5.33150997, 60.3926313]}}, {"type": "Feature", "properties": {"nvdb_id": 82565185, "skiltnummer": "808.121 - Opphøyd gangfelt/Heva gangfelt", "tekst": null, "kategori": "parkering", "egenskaper": {"Plasseringskode": 2, "Ansiktsside, rettet mot": "Trafikk mot metreringsretning", "Skiltnummer": "808.121 - Opphøyd gangfelt/Heva gangfelt", "Belysning": "Ingen"}, "vegsystem": "FV585 S1D1 m8082", "mor": [83246941]}, "geometry": {"type": "Point", "coordinates": [5.32912757, 60.39270547]}}, {"type": "Feature", "properties": {"nvdb_id": 82507216, "skiltnummer": "808.317 - Gjelder ikke buss og taxi/Gjeld ikkje buss og taxi", "tekst": null, "kategori": "parkering", "egenskaper": {"Ansiktsside, rettet mot": "Trafikk i metreringsretning", "Skiltnummer": "808.317 - Gjelder ikke buss og taxi/Gjeld ikkje buss og taxi", "Belysning": "Ingen"}, "vegsystem": "FV585 S2D1 m32", "mor": [82507225]}, "geometry": {"type": "Point", "coordinates": [5.32584915, 60.39306894]}}, {"type": "Feature", "properties": {"nvdb_id": 82512431, "skiltnummer": "372 - Parkering forbudt", "tekst": null, "kategori": "forbud", "egenskaper": {"Ansiktsside, rettet mot": "Tosidig", "Skiltnummer": "372 - Parkering forbudt", "Belysning": "Ingen"}, "vegsystem": "FV5348 S1D1 m2256", "mor": [82512434]}, "geometry": {"type": "Point", "coordinates": [5.32075938, 60.39331195]}}, {"type": "Feature", "properties": {"nvdb_id": 82565036, "skiltnummer": "808 - Underskilt med annen tekst", "tekst": null, "kategori": "parkering", "egenskaper": {"Ansiktsside, rettet mot": "Trafikk mot metreringsretning", "Skiltnummer": "808 - Underskilt med annen tekst", "Belysning": "Innvendig", "Prosjektreferanse": "E4651 - Bergen og omegn objektoppdatering", "Tilleggsinformasjon": "Byttet innvending armatur 07.09.2023"}, "vegsystem": "FV577 S1D1 m881", "mor": [82565045]}, "geometry": {"type": "Point", "coordinates": [5.32515731, 60.39409999]}}, {"type": "Feature", "properties": {"nvdb_id": 82565039, "skiltnummer": "808.317 - Gjelder ikke buss og taxi/Gjeld ikkje buss og taxi", "tekst": null, "kategori": "parkering", "egenskaper": {"Ansiktsside, rettet mot": "Trafikk mot metreringsretning", "Skiltnummer": "808.317 - Gjelder ikke buss og taxi/Gjeld ikkje buss og taxi", "Belysning": "Ingen"}, "vegsystem": "FV577 S1D1 m881", "mor": [82565045]}, "geometry": {"type": "Point", "coordinates": [5.32515731, 60.39409999]}}, {"type": "Feature", "properties": {"nvdb_id": 494021766, "skiltnummer": "372 - Parkering forbudt", "tekst": null, "kategori": "forbud", "egenskaper": {"Ansiktsside, rettet mot": "Trafikk i metreringsretning", "Skiltnummer": "372 - Parkering forbudt", "Belysning": "Ingen"}, "vegsystem": "FV5347 S1D1 m800", "mor": [494021765]}, "geometry": {"type": "Point", "coordinates": [5.32284979, 60.39407817]}}, {"type": "Feature", "properties": {"nvdb_id": 494021767, "skiltnummer": "372 - Parkering forbudt", "tekst": null, "kategori": "forbud", "egenskaper": {"Ansiktsside, rettet mot": "Trafikk mot metreringsretning", "Skiltnummer": "372 - Parkering forbudt", "Belysning": "Ingen"}, "vegsystem": "FV5347 S1D1 m800", "mor": [494021765]}, "geometry": {"type": "Point", "coordinates": [5.32284979, 60.39407817]}}, {"type": "Feature", "properties": {"nvdb_id": 82356205, "skiltnummer": "807.8 - Symbol, forflytningshemmede med parkeringstillatelse", "tekst": null, "kategori": "parkering", "egenskaper": {"Ansiktsside, rettet mot": "Trafikk i metreringsretning", "Skiltnummer": "807.8 - Symbol, forflytningshemmede med parkeringstillatelse", "Belysning": "Ingen"}, "vegsystem": "FV5347 S1D50 m352", "mor": [82503969]}, "geometry": {"type": "Point", "coordinates": [5.32404451, 60.39436122]}}, {"type": "Feature", "properties": {"nvdb_id": 82356206, "skiltnummer": "807.8 - Symbol, forflytningshemmede med parkeringstillatelse", "tekst": null, "kategori": "parkering", "egenskaper": {"Ansiktsside, rettet mot": "Trafikk mot metreringsretning", "Skiltnummer": "807.8 - Symbol, forflytningshemmede med parkeringstillatelse", "Belysning": "Ingen"}, "vegsystem": "FV5347 S1D50 m352", "mor": [82503969]}, "geometry": {"type": "Point", "coordinates": [5.32404451, 60.39436122]}}, {"type": "Feature", "properties": {"nvdb_id": 82503966, "skiltnummer": "552 - Parkering", "tekst": null, "kategori": "parkering", "egenskaper": {"Ansiktsside, rettet mot": "Tosidig", "Skiltnummer": "552 - Parkering", "Belysning": "Ingen"}, "vegsystem": "FV5347 S1D50 m352", "mor": [82503969]}, "geometry": {"type": "Point", "coordinates": [5.32404451, 60.39436122]}}, {"type": "Feature", "properties": {"nvdb_id": 494021772, "skiltnummer": "552 - Parkering", "tekst": null, "kategori": "parkering", "egenskaper": {"Ansiktsside, rettet mot": "Trafikk i metreringsretning", "Skiltnummer": "552 - Parkering", "Belysning": "Ingen"}, "vegsystem": "FV5347 S1D50 m352", "mor": [82503969]}, "geometry": {"type": "Point", "coordinates": [5.32404451, 60.39436122]}}, {"type": "Feature", "properties": {"nvdb_id": 494021779, "skiltnummer": "808.121 - Opphøyd gangfelt/Heva gangfelt", "tekst": null, "kategori": "parkering", "egenskaper": {"Ansiktsside, rettet mot": "Trafikk mot metreringsretning", "Skiltnummer": "808.121 - Opphøyd gangfelt/Heva gangfelt", "Belysning": "Ingen"}, "vegsystem": "FV5347 S1D50 m338", "mor": [494021777]}, "geometry": {"type": "Point", "coordinates": [5.32381734, 60.39441693]}}, {"type": "Feature", "properties": {"nvdb_id": 82512494, "skiltnummer": "376.2 - Parkeringssone", "tekst": "Sone 5", "kategori": "boligsone", "egenskaper": {"Ansiktsside, rettet mot": "Trafikk mot metreringsretning", "Skiltnummer": "376.2 - Parkeringssone", "Belysning": "Ingen", "Tekst": "Sone 5"}, "vegsystem": "FV5348 S1D1 m2078", "mor": [82512500]}, "geometry": {"type": "Point", "coordinates": [5.318046, 60.39410905]}}, {"type": "Feature", "properties": {"nvdb_id": 82512503, "skiltnummer": "372 - Parkering forbudt", "tekst": null, "kategori": "forbud", "egenskaper": {"Ansiktsside, rettet mot": "Trafikk mot metreringsretning", "Skiltnummer": "372 - Parkering forbudt", "Belysning": "Ingen"}, "vegsystem": "FV5348 S1D1 m2078", "mor": [82512515]}, "geometry": {"type": "Point", "coordinates": [5.318046, 60.39410905]}}, {"type": "Feature", "properties": {"nvdb_id": 82512506, "skiltnummer": "372 - Parkering forbudt", "tekst": null, "kategori": "forbud", "egenskaper": {"Ansiktsside, rettet mot": "Trafikk i metreringsretning", "Skiltnummer": "372 - Parkering forbudt", "Belysning": "Ingen"}, "vegsystem": "FV5348 S1D1 m2078", "mor": [82512515]}, "geometry": {"type": "Point", "coordinates": [5.318046, 60.39410905]}}, {"type": "Feature", "properties": {"nvdb_id": 82512509, "skiltnummer": "376.2 - Parkeringssone", "tekst": "Sone 5", "kategori": "boligsone", "egenskaper": {"Ansiktsside, rettet mot": "Trafikk mot metreringsretning", "Skiltnummer": "376.2 - Parkeringssone", "Belysning": "Ingen", "Tekst": "Sone 5"}, "vegsystem": "FV5348 S1D1 m2078", "mor": [82512515]}, "geometry": {"type": "Point", "coordinates": [5.318046, 60.39410905]}}, {"type": "Feature", "properties": {"nvdb_id": 82503924, "skiltnummer": "807.2 - Symbol, varebil, lastebil og trekkbil", "tekst": null, "kategori": "parkering", "egenskaper": {"Ansiktsside, rettet mot": "Trafikk mot metreringsretning", "Skiltnummer": "807.2 - Symbol, varebil, lastebil og trekkbil", "Belysning": "Ingen"}, "vegsystem": "FV5347 S1D50 m315", "mor": [82503933]}, "geometry": {"type": "Point", "coordinates": [5.32344522, 60.39450948]}}, {"type": "Feature", "properties": {"nvdb_id": 494021782, "skiltnummer": "807.2 - Symbol, varebil, lastebil og trekkbil", "tekst": null, "kategori": "parkering", "egenskaper": {"Ansiktsside, rettet mot": "Trafikk i metreringsretning", "Skiltnummer": "807.2 - Symbol, varebil, lastebil og trekkbil", "Belysning": "Ingen"}, "vegsystem": "FV5347 S1D50 m315", "mor": [82503933]}, "geometry": {"type": "Point", "coordinates": [5.32344522, 60.39450948]}}, {"type": "Feature", "properties": {"nvdb_id": 82512530, "skiltnummer": "807.8 - Symbol, forflytningshemmede med parkeringstillatelse", "tekst": null, "kategori": "parkering", "egenskaper": {"Ansiktsside, rettet mot": "Trafikk i metreringsretning", "Skiltnummer": "807.8 - Symbol, forflytningshemmede med parkeringstillatelse", "Belysning": "Ingen"}, "vegsystem": "FV5348 S1D1 m2041", "mor": [82512536]}, "geometry": {"type": "Point", "coordinates": [5.31753413, 60.39432115]}}, {"type": "Feature", "properties": {"nvdb_id": 82512533, "skiltnummer": "552 - Parkering", "tekst": null, "kategori": "parkering", "egenskaper": {"Ansiktsside, rettet mot": "Tosidig", "Skiltnummer": "552 - Parkering", "Belysning": "Ingen"}, "vegsystem": "FV5348 S1D1 m2041", "mor": [82512536]}, "geometry": {"type": "Point", "coordinates": [5.31753413, 60.39432115]}}, {"type": "Feature", "properties": {"nvdb_id": 557338057, "skiltnummer": "807.8 - Symbol, forflytningshemmede med parkeringstillatelse", "tekst": null, "kategori": "parkering", "egenskaper": {"Ansiktsside, rettet mot": "Trafikk mot metreringsretning", "Skiltnummer": "807.8 - Symbol, forflytningshemmede med parkeringstillatelse", "Belysning": "Ingen"}, "vegsystem": "FV5348 S1D1 m2041", "mor": [82512536]}, "geometry": {"type": "Point", "coordinates": [5.31753413, 60.39432115]}}, {"type": "Feature", "properties": {"nvdb_id": 557338056, "skiltnummer": "807.8 - Symbol, forflytningshemmede med parkeringstillatelse", "tekst": null, "kategori": "parkering", "egenskaper": {"Ansiktsside, rettet mot": "Tosidig", "Skiltnummer": "807.8 - Symbol, forflytningshemmede med parkeringstillatelse", "Belysning": "Ingen"}, "vegsystem": "FV5348 S1D1 m2040", "mor": null}, "geometry": {"type": "Point", "coordinates": [5.31753162, 60.39432222]}}, {"type": "Feature", "properties": {"nvdb_id": 221153542, "skiltnummer": "372 - Parkering forbudt", "tekst": null, "kategori": "forbud", "egenskaper": {"Ansiktsside, rettet mot": "Tosidig", "Skiltnummer": "372 - Parkering forbudt", "Belysning": "Ingen"}, "vegsystem": "FV5347 S1D50 m40", "mor": [221153541]}, "geometry": {"type": "Point", "coordinates": [5.32011667, 60.39456095]}}, {"type": "Feature", "properties": {"nvdb_id": 82503912, "skiltnummer": "807.2 - Symbol, varebil, lastebil og trekkbil", "tekst": null, "kategori": "parkering", "egenskaper": {"Ansiktsside, rettet mot": "Trafikk mot metreringsretning", "Skiltnummer": "807.2 - Symbol, varebil, lastebil og trekkbil", "Belysning": "Ingen"}, "vegsystem": "FV5347 S1D50 m254", "mor": [82503921]}, "geometry": {"type": "Point", "coordinates": [5.32252416, 60.39479969]}}, {"type": "Feature", "properties": {"nvdb_id": 494021787, "skiltnummer": "807.2 - Symbol, varebil, lastebil og trekkbil", "tekst": null, "kategori": "parkering", "egenskaper": {"Ansiktsside, rettet mot": "Trafikk i metreringsretning", "Skiltnummer": "807.2 - Symbol, varebil, lastebil og trekkbil", "Belysning": "Ingen"}, "vegsystem": "FV5347 S1D50 m254", "mor": [82503921]}, "geometry": {"type": "Point", "coordinates": [5.32252416, 60.39479969]}}, {"type": "Feature", "properties": {"nvdb_id": 82355009, "skiltnummer": "372 - Parkering forbudt", "tekst": null, "kategori": "forbud", "egenskaper": {"Ansiktsside, rettet mot": "Trafikk i metreringsretning", "Skiltnummer": "372 - Parkering forbudt", "Belysning": "Ingen"}, "vegsystem": "FV5347 S1D40 m11", "mor": [82355016]}, "geometry": {"type": "Point", "coordinates": [5.32092615, 60.3947195]}}, {"type": "Feature", "properties": {"nvdb_id": 494021789, "skiltnummer": "372 - Parkering forbudt", "tekst": null, "kategori": "forbud", "egenskaper": {"Ansiktsside, rettet mot": "Tosidig", "Skiltnummer": "372 - Parkering forbudt", "Belysning": "Ingen"}, "vegsystem": "FV5347 S1D50 m222", "mor": [494021788]}, "geometry": {"type": "Point", "coordinates": [5.32204112, 60.39496812]}}, {"type": "Feature", "properties": {"nvdb_id": 82356037, "skiltnummer": "808.121 - Opphøyd gangfelt/Heva gangfelt", "tekst": null, "kategori": "parkering", "egenskaper": {"Ansiktsside, rettet mot": "Trafikk mot metreringsretning", "Skiltnummer": "808.121 - Opphøyd gangfelt/Heva gangfelt", "Belysning": "Ingen"}, "vegsystem": "FV577 S1D1 m1017", "mor": [82356039]}, "geometry": {"type": "Point", "coordinates": [5.32589004, 60.39526068]}}, {"type": "Feature", "properties": {"nvdb_id": 218884529, "skiltnummer": "372 - Parkering forbudt", "tekst": null, "kategori": "forbud", "egenskaper": {"Ansiktsside, rettet mot": "Tosidig", "Skiltnummer": "372 - Parkering forbudt", "Belysning": "Ingen"}, "vegsystem": "FV5342 S1D1 m54", "mor": [218884528]}, "geometry": {"type": "Point", "coordinates": [5.32687775, 60.39570611]}}, {"type": "Feature", "properties": {"nvdb_id": 218884537, "skiltnummer": "552 - Parkering", "tekst": null, "kategori": "parkering", "egenskaper": {"Ansiktsside, rettet mot": "Tosidig", "Skiltnummer": "552 - Parkering", "Belysning": "Ingen"}, "vegsystem": "FV5342 S1D1 m88", "mor": [218884536]}, "geometry": {"type": "Point", "coordinates": [5.3273438, 60.39591207]}}, {"type": "Feature", "properties": {"nvdb_id": 218884538, "skiltnummer": "807.3 - Symbol, buss", "tekst": null, "kategori": "parkering", "egenskaper": {"Ansiktsside, rettet mot": "Tosidig", "Skiltnummer": "807.3 - Symbol, buss", "Belysning": "Ingen"}, "vegsystem": "FV5342 S1D1 m88", "mor": [218884536]}, "geometry": {"type": "Point", "coordinates": [5.3273438, 60.39591207]}}, {"type": "Feature", "properties": {"nvdb_id": 218884539, "skiltnummer": "806 - Tid", "tekst": null, "kategori": "parkering", "egenskaper": {"Ansiktsside, rettet mot": "Tosidig", "Skiltnummer": "806 - Tid", "Belysning": "Ingen"}, "vegsystem": "FV5342 S1D1 m88", "mor": [218884536]}, "geometry": {"type": "Point", "coordinates": [5.3273438, 60.39591207]}}, {"type": "Feature", "properties": {"nvdb_id": 82356021, "skiltnummer": "372 - Parkering forbudt", "tekst": null, "kategori": "forbud", "egenskaper": {"Ansiktsside, rettet mot": "Trafikk i metreringsretning", "Skiltnummer": "372 - Parkering forbudt", "Belysning": "Ingen"}, "vegsystem": "FV577 S1D1 m1099", "mor": [82356024]}, "geometry": {"type": "Point", "coordinates": [5.32542232, 60.39590351]}}, {"type": "Feature", "properties": {"nvdb_id": 218884544, "skiltnummer": "552 - Parkering", "tekst": null, "kategori": "parkering", "egenskaper": {"Ansiktsside, rettet mot": "Tosidig", "Skiltnummer": "552 - Parkering", "Belysning": "Ingen"}, "vegsystem": "FV5342 S1D1 m133", "mor": [218884543]}, "geometry": {"type": "Point", "coordinates": [5.32796061, 60.39616424]}}, {"type": "Feature", "properties": {"nvdb_id": 218884545, "skiltnummer": "807.8 - Symbol, forflytningshemmede med parkeringstillatelse", "tekst": null, "kategori": "parkering", "egenskaper": {"Ansiktsside, rettet mot": "Tosidig", "Skiltnummer": "807.8 - Symbol, forflytningshemmede med parkeringstillatelse", "Belysning": "Ingen"}, "vegsystem": "FV5342 S1D1 m133", "mor": [218884543]}, "geometry": {"type": "Point", "coordinates": [5.32796061, 60.39616424]}}, {"type": "Feature", "properties": {"nvdb_id": 218884547, "skiltnummer": "372 - Parkering forbudt", "tekst": null, "kategori": "forbud", "egenskaper": {"Ansiktsside, rettet mot": "Tosidig", "Skiltnummer": "372 - Parkering forbudt", "Belysning": "Ingen"}, "vegsystem": "FV5342 S1D1 m145", "mor": [218884546]}, "geometry": {"type": "Point", "coordinates": [5.32812729, 60.39623356]}}, {"type": "Feature", "properties": {"nvdb_id": 218884549, "skiltnummer": "372 - Parkering forbudt", "tekst": null, "kategori": "forbud", "egenskaper": {"Ansiktsside, rettet mot": "Tosidig", "Skiltnummer": "372 - Parkering forbudt", "Belysning": "Ingen"}, "vegsystem": "FV5342 S1D1 m145", "mor": [218884548]}, "geometry": {"type": "Point", "coordinates": [5.32812729, 60.39623356]}}, {"type": "Feature", "properties": {"nvdb_id": 550069029, "skiltnummer": "372 - Parkering forbudt", "tekst": null, "kategori": "forbud", "egenskaper": {"Ansiktsside, rettet mot": "Trafikk i metreringsretning", "Skiltnummer": "372 - Parkering forbudt", "Belysning": "Ingen"}, "vegsystem": "FV577 S1D1 m1240", "mor": [550069028]}, "geometry": {"type": "Point", "coordinates": [5.32355147, 60.39672818]}}, {"type": "Feature", "properties": {"nvdb_id": 218884560, "skiltnummer": "372 - Parkering forbudt", "tekst": null, "kategori": "forbud", "egenskaper": {"Ansiktsside, rettet mot": "Tosidig", "Skiltnummer": "372 - Parkering forbudt", "Belysning": "Ingen"}, "vegsystem": "FV5342 S1D1 m268", "mor": [218884559]}, "geometry": {"type": "Point", "coordinates": [5.32690652, 60.39703798]}}, {"type": "Feature", "properties": {"nvdb_id": 1010853787, "skiltnummer": "372 - Parkering forbudt", "tekst": null, "kategori": "forbud", "egenskaper": {"Ansiktsside, rettet mot": "Tosidig", "Skiltnummer": "372 - Parkering forbudt", "Belysning": "Ingen"}, "vegsystem": "FV5348 S1D1 m281", "mor": [1010853786]}, "geometry": {"type": "Point", "coordinates": [5.3164287, 60.39634793]}}, {"type": "Feature", "properties": {"nvdb_id": 218884567, "skiltnummer": "372 - Parkering forbudt", "tekst": null, "kategori": "forbud", "egenskaper": {"Ansiktsside, rettet mot": "Tosidig", "Skiltnummer": "372 - Parkering forbudt", "Belysning": "Ingen"}, "vegsystem": "FV5342 S1D1 m282", "mor": [218884566]}, "geometry": {"type": "Point", "coordinates": [5.32672736, 60.39711538]}}, {"type": "Feature", "properties": {"nvdb_id": 218884580, "skiltnummer": "372 - Parkering forbudt", "tekst": null, "kategori": "forbud", "egenskaper": {"Ansiktsside, rettet mot": "Tosidig", "Skiltnummer": "372 - Parkering forbudt", "Belysning": "Ingen"}, "vegsystem": "FV5342 S1D1 m385", "mor": [218884579]}, "geometry": {"type": "Point", "coordinates": [5.32534857, 60.39773701]}}, {"type": "Feature", "properties": {"nvdb_id": 218884590, "skiltnummer": "372 - Parkering forbudt", "tekst": null, "kategori": "forbud", "egenskaper": {"Ansiktsside, rettet mot": "Tosidig", "Skiltnummer": "372 - Parkering forbudt", "Belysning": "Ingen"}, "vegsystem": "FV5342 S1D1 m447", "mor": [218884589]}, "geometry": {"type": "Point", "coordinates": [5.32464794, 60.39817106]}}, {"type": "Feature", "properties": {"nvdb_id": 82564796, "skiltnummer": "808.121 - Opphøyd gangfelt/Heva gangfelt", "tekst": null, "kategori": "parkering", "egenskaper": {"Ansiktsside, rettet mot": "Trafikk mot metreringsretning", "Skiltnummer": "808.121 - Opphøyd gangfelt/Heva gangfelt", "Belysning": "Ingen"}, "vegsystem": "FV577 S1D1 m1447", "mor": [82564802]}, "geometry": {"type": "Point", "coordinates": [5.32092936, 60.39803078]}}, {"type": "Feature", "properties": {"nvdb_id": 82515806, "skiltnummer": "552 - Parkering", "tekst": null, "kategori": "parkering", "egenskaper": {"Ansiktsside, rettet mot": "Tosidig", "Skiltnummer": "552 - Parkering", "Belysning": "Ingen"}, "vegsystem": "FV5348 S1D1 m520", "mor": [82515809]}, "geometry": {"type": "Point", "coordinates": [5.31286941, 60.39753913]}}, {"type": "Feature", "properties": {"nvdb_id": 218884483, "skiltnummer": "806 - Tid", "tekst": null, "kategori": "parkering", "egenskaper": {"Ansiktsside, rettet mot": "Tosidig", "Skiltnummer": "806 - Tid", "Belysning": "Ingen"}, "vegsystem": "FV5348 S1D1 m1433", "mor": [203049192]}, "geometry": {"type": "Point", "coordinates": [5.30868303, 60.39741426]}}, {"type": "Feature", "properties": {"nvdb_id": 550774098, "skiltnummer": "372 - Parkering forbudt", "tekst": null, "kategori": "forbud", "egenskaper": {"Ansiktsside, rettet mot": "Tosidig", "Skiltnummer": "372 - Parkering forbudt", "Belysning": "Ingen"}, "vegsystem": "FV5342 S1D1 m515", "mor": [218884597]}, "geometry": {"type": "Point", "coordinates": [5.32404709, 60.39869501]}}, {"type": "Feature", "properties": {"nvdb_id": 550774103, "skiltnummer": "808.161 - Skole/Skule", "tekst": null, "kategori": "parkering", "egenskaper": {"Ansiktsside, rettet mot": "Trafikk mot metreringsretning", "Skiltnummer": "808.161 - Skole/Skule", "Belysning": "Ingen"}, "vegsystem": "FV5342 S1D1 m538", "mor": [218884604]}, "geometry": {"type": "Point", "coordinates": [5.32392034, 60.39889201]}}, {"type": "Feature", "properties": {"nvdb_id": 82515773, "skiltnummer": "372 - Parkering forbudt", "tekst": null, "kategori": "forbud", "egenskaper": {"Ansiktsside, rettet mot": "Tosidig", "Skiltnummer": "372 - Parkering forbudt", "Belysning": "Ingen"}, "vegsystem": "FV5348 S1D1 m640", "mor": [82515776]}, "geometry": {"type": "Point", "coordinates": [5.31128558, 60.39826837]}}, {"type": "Feature", "properties": {"nvdb_id": 82515145, "skiltnummer": "552 - Parkering", "tekst": null, "kategori": "parkering", "egenskaper": {"Ansiktsside, rettet mot": "Tosidig", "Skiltnummer": "552 - Parkering", "Belysning": "Ingen"}, "vegsystem": "FV5348 S1D1 m1269", "mor": [82515148]}, "geometry": {"type": "Point", "coordinates": [5.30639916, 60.39829852]}}, {"type": "Feature", "properties": {"nvdb_id": 1010205281, "skiltnummer": "552 - Parkering", "tekst": null, "kategori": "parkering", "egenskaper": {"Ansiktsside, rettet mot": "Tosidig", "Skiltnummer": "552 - Parkering", "Belysning": "Ingen"}, "vegsystem": "FV5348 S1D1 m1269", "mor": [82515148]}, "geometry": {"type": "Point", "coordinates": [5.30639916, 60.39829852]}}, {"type": "Feature", "properties": {"nvdb_id": 218884623, "skiltnummer": "372 - Parkering forbudt", "tekst": null, "kategori": "forbud", "egenskaper": {"Ansiktsside, rettet mot": "Tosidig", "Skiltnummer": "372 - Parkering forbudt", "Belysning": "Ingen"}, "vegsystem": "FV5342 S1D1 m628", "mor": [218884622]}, "geometry": {"type": "Point", "coordinates": [5.32371774, 60.39966397]}}, {"type": "Feature", "properties": {"nvdb_id": 218884627, "skiltnummer": "372 - Parkering forbudt", "tekst": null, "kategori": "forbud", "egenskaper": {"Ansiktsside, rettet mot": "Tosidig", "Skiltnummer": "372 - Parkering forbudt", "Belysning": "Ingen"}, "vegsystem": "FV5342 S1D1 m641", "mor": [218884626]}, "geometry": {"type": "Point", "coordinates": [5.32358817, 60.39976346]}}, {"type": "Feature", "properties": {"nvdb_id": 218884637, "skiltnummer": "372 - Parkering forbudt", "tekst": null, "kategori": "forbud", "egenskaper": {"Ansiktsside, rettet mot": "Tosidig", "Skiltnummer": "372 - Parkering forbudt", "Belysning": "Ingen"}, "vegsystem": "FV5342 S1D1 m754", "mor": [218884636]}, "geometry": {"type": "Point", "coordinates": [5.32246809, 60.40061176]}}, {"type": "Feature", "properties": {"nvdb_id": 566416111, "skiltnummer": "376.1 - Parkeringssone", "tekst": null, "kategori": "forbud", "egenskaper": {"Ansiktsside, rettet mot": "Trafikk i metreringsretning", "Skiltform": "Plan", "Skiltnummer": "376.1 - Parkeringssone", "Belysning": "Ingen"}, "vegsystem": "FV5342 S1D1 m800", "mor": null}, "geometry": {"type": "Point", "coordinates": [5.32255739, 60.40101883]}}, {"type": "Feature", "properties": {"nvdb_id": 82515211, "skiltnummer": "372 - Parkering forbudt", "tekst": null, "kategori": "forbud", "egenskaper": {"Ansiktsside, rettet mot": "Tosidig", "Skiltform": "Plan", "Skiltnummer": "372 - Parkering forbudt", "Belysning": "Ingen"}, "vegsystem": "FV5348 S1D1 m1028", "mor": [82515214]}, "geometry": {"type": "Point", "coordinates": [5.30587888, 60.39988573]}}, {"type": "Feature", "properties": {"nvdb_id": 82469721, "skiltnummer": "372 - Parkering forbudt", "tekst": null, "kategori": "forbud", "egenskaper": {"Ansiktsside, rettet mot": "Tosidig", "Skiltnummer": "372 - Parkering forbudt", "Belysning": "Ingen"}, "vegsystem": "FV5342 S1D1 m815", "mor": [82469722]}, "geometry": {"type": "Point", "coordinates": [5.32270291, 60.40113024]}}, {"type": "Feature", "properties": {"nvdb_id": 82469697, "skiltnummer": "372 - Parkering forbudt", "tekst": null, "kategori": "forbud", "egenskaper": {"Ansiktsside, rettet mot": "Tosidig", "Skiltnummer": "372 - Parkering forbudt", "Belysning": "Ingen"}, "vegsystem": "FV5342 S1D1 m862", "mor": [82469698]}, "geometry": {"type": "Point", "coordinates": [5.32327863, 60.40143764]}}, {"type": "Feature", "properties": {"nvdb_id": 82469691, "skiltnummer": "372 - Parkering forbudt", "tekst": null, "kategori": "forbud", "egenskaper": {"Ansiktsside, rettet mot": "Tosidig", "Skiltnummer": "372 - Parkering forbudt", "Belysning": "Ingen"}, "vegsystem": "FV5342 S1D1 m875", "mor": [82469692]}, "geometry": {"type": "Point", "coordinates": [5.32342239, 60.40152222]}}, {"type": "Feature", "properties": {"nvdb_id": 82469673, "skiltnummer": "372 - Parkering forbudt", "tekst": null, "kategori": "forbud", "egenskaper": {"Ansiktsside, rettet mot": "Tosidig", "Skiltnummer": "372 - Parkering forbudt", "Belysning": "Ingen"}, "vegsystem": "FV5342 S1D1 m895", "mor": [82469674]}, "geometry": {"type": "Point", "coordinates": [5.32361705, 60.40167603]}}, {"type": "Feature", "properties": {"nvdb_id": 82469649, "skiltnummer": "372 - Parkering forbudt", "tekst": null, "kategori": "forbud", "egenskaper": {"Ansiktsside, rettet mot": "Tosidig", "Skiltnummer": "372 - Parkering forbudt", "Belysning": "Ingen"}, "vegsystem": "FV5342 S1D1 m977", "mor": [82469650]}, "geometry": {"type": "Point", "coordinates": [5.32349556, 60.40237722]}}, {"type": "Feature", "properties": {"nvdb_id": 82564451, "skiltnummer": "807.8 - Symbol, forflytningshemmede med parkeringstillatelse", "tekst": null, "kategori": "parkering", "egenskaper": {"Ansiktsside, rettet mot": "Trafikk mot metreringsretning", "Skiltnummer": "807.8 - Symbol, forflytningshemmede med parkeringstillatelse", "Belysning": "Ingen"}, "vegsystem": "FV577 S1D1 m2283", "mor": [82564460]}, "geometry": {"type": "Point", "coordinates": [5.32053783, 60.40222766]}}, {"type": "Feature", "properties": {"nvdb_id": 82564454, "skiltnummer": "808 - Underskilt med annen tekst", "tekst": null, "kategori": "parkering", "egenskaper": {"Ansiktsside, rettet mot": "Trafikk i metreringsretning", "Skiltnummer": "808 - Underskilt med annen tekst", "Belysning": "Ingen"}, "vegsystem": "FV577 S1D1 m2283", "mor": [82564460]}, "geometry": {"type": "Point", "coordinates": [5.32053783, 60.40222766]}}, {"type": "Feature", "properties": {"nvdb_id": 82564457, "skiltnummer": "552 - Parkering", "tekst": null, "kategori": "parkering", "egenskaper": {"Ansiktsside, rettet mot": "Tosidig", "Skiltnummer": "552 - Parkering", "Belysning": "Ingen"}, "vegsystem": "FV577 S1D1 m2283", "mor": [82564460]}, "geometry": {"type": "Point", "coordinates": [5.32053783, 60.40222766]}}, {"type": "Feature", "properties": {"nvdb_id": 82469637, "skiltnummer": "372 - Parkering forbudt", "tekst": null, "kategori": "forbud", "egenskaper": {"Ansiktsside, rettet mot": "Tosidig", "Skiltnummer": "372 - Parkering forbudt", "Belysning": "Ingen"}, "vegsystem": "FV5342 S1D1 m1016", "mor": [82469638]}, "geometry": {"type": "Point", "coordinates": [5.32312861, 60.40267582]}}, {"type": "Feature", "properties": {"nvdb_id": 82469613, "skiltnummer": "372 - Parkering forbudt", "tekst": null, "kategori": "forbud", "egenskaper": {"Ansiktsside, rettet mot": "Tosidig", "Skiltnummer": "372 - Parkering forbudt", "Belysning": "Ingen"}, "vegsystem": "FV5342 S1D1 m1116", "mor": [82469614]}, "geometry": {"type": "Point", "coordinates": [5.32209091, 60.403402]}}, {"type": "Feature", "properties": {"nvdb_id": 82469607, "skiltnummer": "372 - Parkering forbudt", "tekst": null, "kategori": "forbud", "egenskaper": {"Ansiktsside, rettet mot": "Tosidig", "Skiltnummer": "372 - Parkering forbudt", "Belysning": "Ingen"}, "vegsystem": "FV5342 S1D1 m1132", "mor": [82469608]}, "geometry": {"type": "Point", "coordinates": [5.32187303, 60.40349587]}}, {"type": "Feature", "properties": {"nvdb_id": 218884647, "skiltnummer": "372 - Parkering forbudt", "tekst": null, "kategori": "forbud", "egenskaper": {"Ansiktsside, rettet mot": "Tosidig", "Skiltnummer": "372 - Parkering forbudt", "Belysning": "Ingen"}, "vegsystem": "FV5342 S1D1 m1156", "mor": [218884646]}, "geometry": {"type": "Point", "coordinates": [5.32150793, 60.40361182]}}, {"type": "Feature", "properties": {"nvdb_id": 218884649, "skiltnummer": "372 - Parkering forbudt", "tekst": null, "kategori": "forbud", "egenskaper": {"Ansiktsside, rettet mot": "Tosidig", "Skiltnummer": "372 - Parkering forbudt", "Belysning": "Ingen"}, "vegsystem": "FV5342 S1D1 m1226", "mor": [218884648]}, "geometry": {"type": "Point", "coordinates": [5.32115436, 60.40418413]}}, {"type": "Feature", "properties": {"nvdb_id": 218884653, "skiltnummer": "372 - Parkering forbudt", "tekst": null, "kategori": "forbud", "egenskaper": {"Ansiktsside, rettet mot": "Tosidig", "Skiltnummer": "372 - Parkering forbudt", "Belysning": "Ingen"}, "vegsystem": "FV5342 S1D1 m1272", "mor": [218884652]}, "geometry": {"type": "Point", "coordinates": [5.32156966, 60.40453387]}}, {"type": "Feature", "properties": {"nvdb_id": 218884657, "skiltnummer": "372 - Parkering forbudt", "tekst": null, "kategori": "forbud", "egenskaper": {"Ansiktsside, rettet mot": "Tosidig", "Skiltnummer": "372 - Parkering forbudt", "Belysning": "Ingen"}, "vegsystem": "FV5342 S1D1 m1325", "mor": [218884656]}, "geometry": {"type": "Point", "coordinates": [5.32236953, 60.4047808]}}, {"type": "Feature", "properties": {"nvdb_id": 218884678, "skiltnummer": "372 - Parkering forbudt", "tekst": null, "kategori": "forbud", "egenskaper": {"Ansiktsside, rettet mot": "Tosidig", "Skiltnummer": "372 - Parkering forbudt", "Belysning": "Ingen"}, "vegsystem": "FV5342 S1D1 m1466", "mor": [218884677]}, "geometry": {"type": "Point", "coordinates": [5.32409458, 60.40562316]}}, {"type": "Feature", "properties": {"nvdb_id": 82469793, "skiltnummer": "372 - Parkering forbudt", "tekst": null, "kategori": "forbud", "egenskaper": {"Ansiktsside, rettet mot": "Tosidig", "Skiltnummer": "372 - Parkering forbudt", "Belysning": "Ingen"}, "vegsystem": "FV5342 S1D1 m1736", "mor": [82469794]}, "geometry": {"type": "Point", "coordinates": [5.32363577, 60.40795523]}}, {"type": "Feature", "properties": {"nvdb_id": 1027630071, "skiltnummer": "372 - Parkering forbudt", "tekst": null, "kategori": "forbud", "egenskaper": {"Geometri, punkt": "POINT(-31041.344134745188 6732543.900109916)", "Ansiktsside, rettet mot": "Tosidig", "Skiltnummer": "372 - Parkering forbudt"}, "vegsystem": "KV4653 S1D1 m534", "mor": [1027630072]}, "geometry": {"type": "Point", "coordinates": [5.3457313, 60.3780377]}}, {"type": "Feature", "properties": {"nvdb_id": 1027630035, "skiltnummer": "372 - Parkering forbudt", "tekst": null, "kategori": "forbud", "egenskaper": {"Geometri, punkt": "POINT(-31123.509313000483 6732627.587674563)", "Ansiktsside, rettet mot": "Tosidig", "Skiltnummer": "372 - Parkering forbudt"}, "vegsystem": "KV4653 S1D1 m417", "mor": [1027630037]}, "geometry": {"type": "Point", "coordinates": [5.34404101, 60.3786709]}}, {"type": "Feature", "properties": {"nvdb_id": 1027630028, "skiltnummer": "372 - Parkering forbudt", "tekst": null, "kategori": "forbud", "egenskaper": {"Geometri, punkt": "POINT(-31168.228901788127 6732633.321139852)", "Ansiktsside, rettet mot": "Trafikk mot metreringsretning", "Skiltnummer": "372 - Parkering forbudt"}, "vegsystem": "KV4653 S1D1 m373", "mor": [1027630026]}, "geometry": {"type": "Point", "coordinates": [5.3432263, 60.3786631]}}, {"type": "Feature", "properties": {"nvdb_id": 1027630010, "skiltnummer": "372 - Parkering forbudt", "tekst": null, "kategori": "forbud", "egenskaper": {"Geometri, punkt": "POINT(-31252.762762978673 6732635.489162689)", "Ansiktsside, rettet mot": "Tosidig", "Skiltnummer": "372 - Parkering forbudt"}, "vegsystem": "KV4653 S1D1 m288", "mor": [1027630013]}, "geometry": {"type": "Point", "coordinates": [5.3417092, 60.3785716]}}, {"type": "Feature", "properties": {"nvdb_id": 1027630006, "skiltnummer": "372 - Parkering forbudt", "tekst": null, "kategori": "forbud", "egenskaper": {"Geometri, punkt": "POINT(-31285.78924050904 6732643.968046104)", "Ansiktsside, rettet mot": "Tosidig", "Skiltnummer": "372 - Parkering forbudt"}, "vegsystem": "KV4653 S1D1 m252", "mor": [1027630008]}, "geometry": {"type": "Point", "coordinates": [5.34109631, 60.3786034]}}, {"type": "Feature", "properties": {"nvdb_id": 1027329962, "skiltnummer": "376.1 - Parkeringssone", "tekst": null, "kategori": "forbud", "egenskaper": {"Geometri, punkt": "POINT(-31930.22371079016 6732671.710063201)", "Ansiktsside, rettet mot": "Trafikk i metreringsretning", "Skiltnummer": "376.1 - Parkeringssone"}, "vegsystem": "KV4382 S1D1 m248", "mor": [1027329969]}, "geometry": {"type": "Point", "coordinates": [5.3295015, 60.3780045]}}, {"type": "Feature", "properties": {"nvdb_id": 1027329984, "skiltnummer": "376.1 - Parkeringssone", "tekst": null, "kategori": "forbud", "egenskaper": {"Geometri, punkt": "POINT(-31926.01674681995 6732679.37961547)", "Ansiktsside, rettet mot": "Trafikk i metreringsretning", "Skiltnummer": "376.1 - Parkeringssone"}, "vegsystem": "KV4382 S1D1 m248", "mor": [1027329988]}, "geometry": {"type": "Point", "coordinates": [5.3295564, 60.3780779]}}, {"type": "Feature", "properties": {"nvdb_id": 1027620256, "skiltnummer": "372 - Parkering forbudt", "tekst": null, "kategori": "forbud", "egenskaper": {"Geometri, punkt": "POINT(-31207.444113232777 6732683.295666024)", "Ansiktsside, rettet mot": "Tosidig", "Skiltnummer": "372 - Parkering forbudt"}, "vegsystem": "KV4146 S1D1 m409", "mor": [1027620258]}, "geometry": {"type": "Point", "coordinates": [5.342393, 60.3790541]}}, {"type": "Feature", "properties": {"nvdb_id": 1027629986, "skiltnummer": "372 - Parkering forbudt", "tekst": null, "kategori": "forbud", "egenskaper": {"Geometri, punkt": "POINT(-31340.029402777436 6732687.874901113)", "Ansiktsside, rettet mot": "Tosidig", "Skiltnummer": "372 - Parkering forbudt"}, "vegsystem": "KV4653 S1D1 m180", "mor": [1027629987]}, "geometry": {"type": "Point", "coordinates": [5.34001041, 60.378921]}}, {"type": "Feature", "properties": {"nvdb_id": 1027620264, "skiltnummer": "372 - Parkering forbudt", "tekst": null, "kategori": "forbud", "egenskaper": {"Geometri, punkt": "POINT(-31163.914237878518 6732684.798556366)", "Ansiktsside, rettet mot": "Tosidig", "Skiltnummer": "372 - Parkering forbudt"}, "vegsystem": "KV4146 S1D1 m452", "mor": [1027620266]}, "geometry": {"type": "Point", "coordinates": [5.3431673, 60.3791244]}}, {"type": "Feature", "properties": {"nvdb_id": 1027620238, "skiltnummer": "372 - Parkering forbudt", "tekst": null, "kategori": "forbud", "egenskaper": {"Geometri, punkt": "POINT(-31339.739166413085 6732716.030936843)", "Ansiktsside, rettet mot": "Trafikk i metreringsretning", "Skiltnummer": "372 - Parkering forbudt"}, "vegsystem": "KV4146 S1D1 m274", "mor": [1027620237]}, "geometry": {"type": "Point", "coordinates": [5.33994111, 60.3791706]}}, {"type": "Feature", "properties": {"nvdb_id": 1027631605, "skiltnummer": "372 - Parkering forbudt", "tekst": null, "kategori": "forbud", "egenskaper": {"Geometri, punkt": "POINT(-31457.115321085555 6732716.161031862)", "Ansiktsside, rettet mot": "Tosidig", "Skiltnummer": "372 - Parkering forbudt"}, "vegsystem": "KV4630 S1D1 m36", "mor": [1027631606]}, "geometry": {"type": "Point", "coordinates": [5.33784221, 60.379018]}}, {"type": "Feature", "properties": {"nvdb_id": 1027629883, "skiltnummer": "808.519 - Kjøring til eiendommene tillatt/Køyring til eigedomane tillete", "tekst": null, "kategori": "parkering", "egenskaper": {"Geometri, punkt": "POINT(-30987.10205136484 6732716.333344654)", "Ansiktsside, rettet mot": "Trafikk mot metreringsretning", "Skiltnummer": "808.519 - Kjøring til eiendommene tillatt/Køyring til eigedomane tillete"}, "vegsystem": "KV99996 S7D10 m173", "mor": [1027629887]}, "geometry": {"type": "Point", "coordinates": [5.3462452, 60.379635]}}, {"type": "Feature", "properties": {"nvdb_id": 1027363580, "skiltnummer": "372 - Parkering forbudt", "tekst": null, "kategori": "forbud", "egenskaper": {"Geometri, punkt": "POINT(-32137.832686051494 6732719.021972092)", "Ansiktsside, rettet mot": "Tosidig", "Skiltnummer": "372 - Parkering forbudt"}, "vegsystem": "KV4719 S1D1 m334", "mor": [1027363579]}, "geometry": {"type": "Point", "coordinates": [5.3256646, 60.378151]}}, {"type": "Feature", "properties": {"nvdb_id": 1027631597, "skiltnummer": "372 - Parkering forbudt", "tekst": null, "kategori": "forbud", "egenskaper": {"Geometri, punkt": "POINT(-31456.776516082464 6732721.511207104)", "Ansiktsside, rettet mot": "Tosidig", "Skiltnummer": "372 - Parkering forbudt"}, "vegsystem": "KV4630 S1D1 m36", "mor": [1027631600]}, "geometry": {"type": "Point", "coordinates": [5.3378341, 60.3790658]}}, {"type": "Feature", "properties": {"nvdb_id": 1027363533, "skiltnummer": "372 - Parkering forbudt", "tekst": null, "kategori": "forbud", "egenskaper": {"Geometri, punkt": "POINT(-32147.87896846386 6732718.567505176)", "Ansiktsside, rettet mot": "Tosidig", "Skiltnummer": "372 - Parkering forbudt"}, "vegsystem": "KV4719 S1D1 m342", "mor": [1027363534]}, "geometry": {"type": "Point", "coordinates": [5.32548621, 60.3781338]}}, {"type": "Feature", "properties": {"nvdb_id": 1027366167, "skiltnummer": "372 - Parkering forbudt", "tekst": null, "kategori": "forbud", "egenskaper": {"Geometri, punkt": "POINT(-32252.638334656833 6732724.174259739)", "Ansiktsside, rettet mot": "Tosidig", "Skiltnummer": "372 - Parkering forbudt"}, "vegsystem": "KV4838 S1D1 m267", "mor": [1027366169]}, "geometry": {"type": "Point", "coordinates": [5.32359852, 60.378046]}}, {"type": "Feature", "properties": {"nvdb_id": 1027629977, "skiltnummer": "372 - Parkering forbudt", "tekst": null, "kategori": "forbud", "egenskaper": {"Geometri, punkt": "POINT(-31394.711200847058 6732731.057336334)", "Ansiktsside, rettet mot": "Tosidig", "Skiltnummer": "372 - Parkering forbudt"}, "vegsystem": "KV4653 S1D1 m111", "mor": [1027629974]}, "geometry": {"type": "Point", "coordinates": [5.33891851, 60.3792316]}}, {"type": "Feature", "properties": {"nvdb_id": 1027363539, "skiltnummer": "372 - Parkering forbudt", "tekst": null, "kategori": "forbud", "egenskaper": {"Geometri, punkt": "POINT(-32155.48011525895 6732732.573883063)", "Ansiktsside, rettet mot": "Trafikk i metreringsretning", "Skiltnummer": "372 - Parkering forbudt"}, "vegsystem": "KV4719 S1D1 m356", "mor": [1027363541]}, "geometry": {"type": "Point", "coordinates": [5.32531321, 60.3782478]}}, {"type": "Feature", "properties": {"nvdb_id": 1027620226, "skiltnummer": "372 - Parkering forbudt", "tekst": null, "kategori": "forbud", "egenskaper": {"Geometri, punkt": "POINT(-31371.222495354014 6732734.744083388)", "Ansiktsside, rettet mot": "Tosidig", "Skiltnummer": "372 - Parkering forbudt"}, "vegsystem": "KV4146 S1D1 m237", "mor": [1027620228]}, "geometry": {"type": "Point", "coordinates": [5.33932871, 60.379295]}}, {"type": "Feature", "properties": {"nvdb_id": 1027629935, "skiltnummer": "372 - Parkering forbudt", "tekst": null, "kategori": "forbud", "egenskaper": {"Geometri, punkt": "POINT(-31488.556480583036 6732752.199816473)", "Ansiktsside, rettet mot": "Tosidig", "Skiltnummer": "372 - Parkering forbudt"}, "vegsystem": "KV4653 S1D1 m16", "mor": [1027629938]}, "geometry": {"type": "Point", "coordinates": [5.33718471, 60.3792958]}}, {"type": "Feature", "properties": {"nvdb_id": 1027620213, "skiltnummer": "372 - Parkering forbudt", "tekst": null, "kategori": "forbud", "egenskaper": {"Geometri, punkt": "POINT(-31406.848858662182 6732758.45421576)", "Ansiktsside, rettet mot": "Tosidig", "Skiltnummer": "372 - Parkering forbudt"}, "vegsystem": "KV4146 S1D1 m195", "mor": [1027620216]}, "geometry": {"type": "Point", "coordinates": [5.338629, 60.3794582]}}, {"type": "Feature", "properties": {"nvdb_id": 1027629917, "skiltnummer": "376.1 - Parkeringssone", "tekst": "08 - 23 (08 - 17) med p-kort eller mot avgift", "kategori": "boligsone", "egenskaper": {"Geometri, punkt": "POINT(-31484.93054318824 6732759.616745563)", "Ansiktsside, rettet mot": "Trafikk i metreringsretning", "Skiltnummer": "376.1 - Parkeringssone", "Tekst": "08 - 23 (08 - 17) med p-kort eller mot avgift"}, "vegsystem": "KV4653 S1D1 m17", "mor": [1027629919]}, "geometry": {"type": "Point", "coordinates": [5.3372299, 60.3793662]}}, {"type": "Feature", "properties": {"nvdb_id": 1027629901, "skiltnummer": "376.1 - Parkeringssone", "tekst": "08 - 23 (08 - 17)Med p-kort eller mot avgift", "kategori": "boligsone", "egenskaper": {"Geometri, punkt": "POINT(-31501.0164626966 6732759.805979602)", "Ansiktsside, rettet mot": "Trafikk i metreringsretning", "Skiltnummer": "376.1 - Parkeringssone", "Tekst": "08 - 23 (08 - 17)Med p-kort eller mot avgift"}, "vegsystem": "KV4653 S1D1 m6", "mor": [1027629905]}, "geometry": {"type": "Point", "coordinates": [5.33694181, 60.3793468]}}, {"type": "Feature", "properties": {"nvdb_id": 1027620202, "skiltnummer": "372 - Parkering forbudt", "tekst": null, "kategori": "forbud", "egenskaper": {"Geometri, punkt": "POINT(-31476.84094635467 6732761.481061675)", "Ansiktsside, rettet mot": "Tosidig", "Skiltnummer": "372 - Parkering forbudt"}, "vegsystem": "KV4146 S1D1 m127", "mor": [1027620204]}, "geometry": {"type": "Point", "coordinates": [5.3373696, 60.3793933]}}, {"type": "Feature", "properties": {"nvdb_id": 1027363544, "skiltnummer": "372 - Parkering forbudt", "tekst": null, "kategori": "forbud", "egenskaper": {"Geometri, punkt": "POINT(-32213.844939143164 6732777.095808834)", "Ansiktsside, rettet mot": "Tosidig", "Skiltnummer": "372 - Parkering forbudt"}, "vegsystem": "KV4719 S1D1 m430", "mor": [1027363542]}, "geometry": {"type": "Point", "coordinates": [5.32415181, 60.3785653]}}, {"type": "Feature", "properties": {"nvdb_id": 1027363549, "skiltnummer": "372 - Parkering forbudt", "tekst": null, "kategori": "forbud", "egenskaper": {"Geometri, punkt": "POINT(-32230.89510193211 6732790.107739628)", "Ansiktsside, rettet mot": "Trafikk i metreringsretning", "Skiltnummer": "372 - Parkering forbudt"}, "vegsystem": "KV4719 S1D1 m451", "mor": [1027363551]}, "geometry": {"type": "Point", "coordinates": [5.32381251, 60.3786581]}}, {"type": "Feature", "properties": {"nvdb_id": 1027363558, "skiltnummer": "372 - Parkering forbudt", "tekst": null, "kategori": "forbud", "egenskaper": {"Geometri, punkt": "POINT(-32259.272415096755 6732802.324495833)", "Ansiktsside, rettet mot": "Tosidig", "Skiltnummer": "372 - Parkering forbudt"}, "vegsystem": "KV4719 S1D1 m481", "mor": [1027363555]}, "geometry": {"type": "Point", "coordinates": [5.32327282, 60.37872899]}}, {"type": "Feature", "properties": {"nvdb_id": 1027375055, "skiltnummer": "372 - Parkering forbudt", "tekst": null, "kategori": "forbud", "egenskaper": {"Geometri, punkt": "POINT(-32552.109198987484 6732835.655161168)", "Skiltnummer": "372 - Parkering forbudt"}, "vegsystem": "KV4996 S2D1 m124", "mor": [1027375058]}, "geometry": {"type": "Point", "coordinates": [5.31794922, 60.3786397]}}, {"type": "Feature", "properties": {"nvdb_id": 1027375062, "skiltnummer": "372 - Parkering forbudt", "tekst": null, "kategori": "forbud", "egenskaper": {"Geometri, punkt": "POINT(-32555.998251638375 6732837.870239559)", "Skiltnummer": "372 - Parkering forbudt"}, "vegsystem": "KV4996 S2D1 m126", "mor": [1027375064]}, "geometry": {"type": "Point", "coordinates": [5.31787382, 60.3786542]}}, {"type": "Feature", "properties": {"nvdb_id": 1027375019, "skiltnummer": "372 - Parkering forbudt", "tekst": null, "kategori": "forbud", "egenskaper": {"Geometri, punkt": "POINT(-32463.986227065092 6732843.171876126)", "Ansiktsside, rettet mot": "Tosidig", "Skiltnummer": "372 - Parkering forbudt"}, "vegsystem": "KV4996 S2D1 m15", "mor": [1027375021]}, "geometry": {"type": "Point", "coordinates": [5.31950472, 60.3788219]}}, {"type": "Feature", "properties": {"nvdb_id": 1027375051, "skiltnummer": "372 - Parkering forbudt", "tekst": null, "kategori": "forbud", "egenskaper": {"Geometri, punkt": "POINT(-32568.610230420833 6732853.7960632015)", "Ansiktsside, rettet mot": "Tosidig", "Skiltnummer": "372 - Parkering forbudt"}, "vegsystem": "KV4996 S2D1 m139", "mor": [1027375053]}, "geometry": {"type": "Point", "coordinates": [5.31760612, 60.3787786]}}, {"type": "Feature", "properties": {"nvdb_id": 1027330005, "skiltnummer": "807.6 - Symbol, sykkel og liten elektrisk motorvogn", "tekst": null, "kategori": "parkering", "egenskaper": {"Geometri, punkt": "POINT(-32125.123225655407 6732852.151393708)", "Ansiktsside, rettet mot": "Trafikk i metreringsretning", "Skiltnummer": "807.6 - Symbol, sykkel og liten elektrisk motorvogn"}, "vegsystem": "KV4382 S1D1 m515", "mor": [1027330007]}, "geometry": {"type": "Point", "coordinates": [5.32553912, 60.37934599]}}, {"type": "Feature", "properties": {"nvdb_id": 1027329996, "skiltnummer": "807.6 - Symbol, sykkel og liten elektrisk motorvogn", "tekst": null, "kategori": "parkering", "egenskaper": {"Geometri, punkt": "POINT(-32117.522993124556 6732859.012855463)", "Ansiktsside, rettet mot": "Trafikk i metreringsretning", "Skiltnummer": "807.6 - Symbol, sykkel og liten elektrisk motorvogn"}, "vegsystem": "KV4382 S1D1 m515", "mor": [1027330000]}, "geometry": {"type": "Point", "coordinates": [5.32565681, 60.3794167]}}, {"type": "Feature", "properties": {"nvdb_id": 1027375069, "skiltnummer": "372 - Parkering forbudt", "tekst": null, "kategori": "forbud", "egenskaper": {"Geometri, punkt": "POINT(-32592.265372513095 6732857.417681749)", "Ansiktsside, rettet mot": "Trafikk i metreringsretning", "Skiltnummer": "372 - Parkering forbudt"}, "vegsystem": "KV4996 S2D1 m164", "mor": [1027375070]}, "geometry": {"type": "Point", "coordinates": [5.31717362, 60.3787796]}}, {"type": "Feature", "properties": {"nvdb_id": 1027366066, "skiltnummer": "808 - Underskilt med annen tekst", "tekst": null, "kategori": "parkering", "egenskaper": {"Geometri, punkt": "POINT(-32281.77144422452 6732855.778675913)", "Ansiktsside, rettet mot": "Parallelt mot veg", "Skiltnummer": "808 - Underskilt med annen tekst"}, "vegsystem": "KV4738 S1D1 m67", "mor": [1027366067]}, "geometry": {"type": "Point", "coordinates": [5.32272892, 60.3791726]}}, {"type": "Feature", "properties": {"nvdb_id": 1027375034, "skiltnummer": "372 - Parkering forbudt", "tekst": null, "kategori": "forbud", "egenskaper": {"Geometri, punkt": "POINT(-32529.238527379348 6732867.627144259)", "Ansiktsside, rettet mot": "Trafikk i metreringsretning", "Skiltnummer": "372 - Parkering forbudt"}, "vegsystem": "KV4996 S2D1 m93", "mor": [1027375036]}, "geometry": {"type": "Point", "coordinates": [5.31827331, 60.3789527]}}, {"type": "Feature", "properties": {"nvdb_id": 1027361488, "skiltnummer": "372 - Parkering forbudt", "tekst": null, "kategori": "forbud", "egenskaper": {"Geometri, punkt": "POINT(-32467.75663621188 6732867.762610522)", "Ansiktsside, rettet mot": "Tosidig", "Skiltnummer": "372 - Parkering forbudt"}, "vegsystem": "KV4996 S1D1 m772", "mor": [1027361484]}, "geometry": {"type": "Point", "coordinates": [5.31937211, 60.3790346]}}, {"type": "Feature", "properties": {"nvdb_id": 1027363560, "skiltnummer": "372 - Parkering forbudt", "tekst": null, "kategori": "forbud", "egenskaper": {"Geometri, punkt": "POINT(-32332.54776371352 6732872.310935968)", "Ansiktsside, rettet mot": "Tosidig", "Skiltnummer": "372 - Parkering forbudt"}, "vegsystem": "KV4719 S1D1 m582", "mor": [1027363562]}, "geometry": {"type": "Point", "coordinates": [5.32177731, 60.3792523]}}, {"type": "Feature", "properties": {"nvdb_id": 1027375015, "skiltnummer": "372 - Parkering forbudt", "tekst": null, "kategori": "forbud", "egenskaper": {"Geometri, punkt": "POINT(-32511.04867833585 6732868.567520511)", "Ansiktsside, rettet mot": "Tosidig", "Skiltnummer": "372 - Parkering forbudt"}, "vegsystem": "KV4996 S2D1 m77", "mor": [1027375017]}, "geometry": {"type": "Point", "coordinates": [5.31859601, 60.3789849]}}, {"type": "Feature", "properties": {"nvdb_id": 1027361633, "skiltnummer": "372 - Parkering forbudt", "tekst": null, "kategori": "forbud", "egenskaper": {"Geometri, punkt": "POINT(-32479.643911089282 6732870.056463236)", "Ansiktsside, rettet mot": "Tosidig", "Skiltnummer": "372 - Parkering forbudt"}, "vegsystem": "KV4996 S1D1 m780", "mor": [1027361631]}, "geometry": {"type": "Point", "coordinates": [5.31915351, 60.37903929]}}, {"type": "Feature", "properties": {"nvdb_id": 1027363495, "skiltnummer": "372 - Parkering forbudt", "tekst": null, "kategori": "forbud", "egenskaper": {"Geometri, punkt": "POINT(-32351.47048274707 6732887.589720557)", "Ansiktsside, rettet mot": "Tosidig", "Skiltnummer": "372 - Parkering forbudt"}, "vegsystem": "KV4719 S1D1 m607", "mor": [1027363498]}, "geometry": {"type": "Point", "coordinates": [5.32139852, 60.3793627]}}, {"type": "Feature", "properties": {"nvdb_id": 1027361636, "skiltnummer": "552 - Parkering", "tekst": null, "kategori": "parkering", "egenskaper": {"Geometri, punkt": "POINT(-32486.07810109097 6732888.376242644)", "Ansiktsside, rettet mot": "Tosidig", "Skiltnummer": "552 - Parkering"}, "vegsystem": "KV4996 S1D1 m798", "mor": [1027361639]}, "geometry": {"type": "Point", "coordinates": [5.31898992, 60.379193]}}, {"type": "Feature", "properties": {"nvdb_id": 1027361638, "skiltnummer": "807.8 - Symbol, forflytningshemmede med parkeringstillatelse", "tekst": null, "kategori": "parkering", "egenskaper": {"Geometri, punkt": "POINT(-32486.07810109097 6732888.376242644)", "Ansiktsside, rettet mot": "Tosidig", "Skiltnummer": "807.8 - Symbol, forflytningshemmede med parkeringstillatelse"}, "vegsystem": "KV4996 S1D1 m798", "mor": [1027361639]}, "geometry": {"type": "Point", "coordinates": [5.31898992, 60.379193]}}, {"type": "Feature", "properties": {"nvdb_id": 1027361642, "skiltnummer": "807.8 - Symbol, forflytningshemmede med parkeringstillatelse", "tekst": null, "kategori": "parkering", "egenskaper": {"Geometri, punkt": "POINT(-32493.29318711988 6732893.8865105705)", "Ansiktsside, rettet mot": "Trafikk mot metreringsretning", "Skiltnummer": "807.8 - Symbol, forflytningshemmede med parkeringstillatelse"}, "vegsystem": "KV4996 S1D1 m807", "mor": [1027361645]}, "geometry": {"type": "Point", "coordinates": [5.31884632, 60.3792323]}}, {"type": "Feature", "properties": {"nvdb_id": 1027361643, "skiltnummer": "552 - Parkering", "tekst": null, "kategori": "parkering", "egenskaper": {"Geometri, punkt": "POINT(-32493.29318711988 6732893.8865105705)", "Ansiktsside, rettet mot": "Trafikk mot metreringsretning", "Skiltnummer": "552 - Parkering"}, "vegsystem": "KV4996 S1D1 m807", "mor": [1027361645]}, "geometry": {"type": "Point", "coordinates": [5.31884632, 60.3792323]}}, {"type": "Feature", "properties": {"nvdb_id": 1027361453, "skiltnummer": "372 - Parkering forbudt", "tekst": null, "kategori": "forbud", "egenskaper": {"Geometri, punkt": "POINT(-32514.94487081503 6732894.532836796)", "Ansiktsside, rettet mot": "Tosidig", "Skiltnummer": "372 - Parkering forbudt"}, "vegsystem": "KV4996 S1D1 m827", "mor": [1027361455]}, "geometry": {"type": "Point", "coordinates": [5.31845751, 60.3792096]}}, {"type": "Feature", "properties": {"nvdb_id": 1027366077, "skiltnummer": "372 - Parkering forbudt", "tekst": null, "kategori": "forbud", "egenskaper": {"Geometri, punkt": "POINT(-32313.221984083764 6732896.121032906)", "Ansiktsside, rettet mot": "Tosidig", "Skiltnummer": "372 - Parkering forbudt"}, "vegsystem": "KV4738 S1D1 m116", "mor": [1027366079]}, "geometry": {"type": "Point", "coordinates": [5.32205971, 60.3794884]}}, {"type": "Feature", "properties": {"nvdb_id": 1027366073, "skiltnummer": "372 - Parkering forbudt", "tekst": null, "kategori": "forbud", "egenskaper": {"Geometri, punkt": "POINT(-32326.069396531093 6732910.160071063)", "Ansiktsside, rettet mot": "Tosidig", "Skiltnummer": "372 - Parkering forbudt"}, "vegsystem": "KV4738 S1D1 m135", "mor": [1027366074]}, "geometry": {"type": "Point", "coordinates": [5.32179282, 60.3795958]}}, {"type": "Feature", "properties": {"nvdb_id": 1027363502, "skiltnummer": "372 - Parkering forbudt", "tekst": null, "kategori": "forbud", "egenskaper": {"Geometri, punkt": "POINT(-32387.5023725722 6732920.793740865)", "Ansiktsside, rettet mot": "Trafikk i metreringsretning", "Skiltnummer": "372 - Parkering forbudt"}, "vegsystem": "KV4719 S1D1 m656", "mor": [1027363504]}, "geometry": {"type": "Point", "coordinates": [5.32066632, 60.3796093]}}, {"type": "Feature", "properties": {"nvdb_id": 1027366069, "skiltnummer": "372 - Parkering forbudt", "tekst": null, "kategori": "forbud", "egenskaper": {"Geometri, punkt": "POINT(-32341.01315656968 6732927.752591977)", "Ansiktsside, rettet mot": "Tosidig", "Skiltnummer": "372 - Parkering forbudt"}, "vegsystem": "KV4738 S1D1 m157", "mor": [1027366071]}, "geometry": {"type": "Point", "coordinates": [5.32147901, 60.3797319]}}, {"type": "Feature", "properties": {"nvdb_id": 1027363507, "skiltnummer": "372 - Parkering forbudt", "tekst": null, "kategori": "forbud", "egenskaper": {"Geometri, punkt": "POINT(-32404.82552719966 6732929.429568091)", "Ansiktsside, rettet mot": "Tosidig", "Skiltnummer": "372 - Parkering forbudt"}, "vegsystem": "KV4719 S1D1 m675", "mor": [1027363509]}, "geometry": {"type": "Point", "coordinates": [5.3203337, 60.379663]}}, {"type": "Feature", "properties": {"nvdb_id": 1027297906, "skiltnummer": "808 - Underskilt med annen tekst", "tekst": null, "kategori": "parkering", "egenskaper": {"Geometri, punkt": "POINT(-32152.12650809728 6732934.585264494)", "Ansiktsside, rettet mot": "Trafikk i metreringsretning", "Skiltnummer": "808 - Underskilt med annen tekst"}, "vegsystem": "KV16856 S1D1 m32", "mor": [1027297910]}, "geometry": {"type": "Point", "coordinates": [5.3248379, 60.38004019]}}, {"type": "Feature", "properties": {"nvdb_id": 1027297903, "skiltnummer": "808 - Underskilt med annen tekst", "tekst": null, "kategori": "parkering", "egenskaper": {"Geometri, punkt": "POINT(-32156.02003584511 6732938.845533592)", "Ansiktsside, rettet mot": "Trafikk i metreringsretning", "Skiltnummer": "808 - Underskilt med annen tekst"}, "vegsystem": "KV16856 S1D1 m32", "mor": [1027297904]}, "geometry": {"type": "Point", "coordinates": [5.32475701, 60.3800728]}}, {"type": "Feature", "properties": {"nvdb_id": 1027366103, "skiltnummer": "807.6 - Symbol, sykkel og liten elektrisk motorvogn", "tekst": null, "kategori": "parkering", "egenskaper": {"Geometri, punkt": "POINT(-32224.81691274082 6732942.659182995)", "Ansiktsside, rettet mot": "Trafikk i metreringsretning", "Skiltnummer": "807.6 - Symbol, sykkel og liten elektrisk motorvogn"}, "vegsystem": "KV4738 S1D1 m318", "mor": [1027366107]}, "geometry": {"type": "Point", "coordinates": [5.32351691, 60.3800163]}}, {"type": "Feature", "properties": {"nvdb_id": 1027330023, "skiltnummer": "807.6 - Symbol, sykkel og liten elektrisk motorvogn", "tekst": null, "kategori": "parkering", "egenskaper": {"Geometri, punkt": "POINT(-32210.59730433277 6732943.952194635)", "Ansiktsside, rettet mot": "Trafikk mot metreringsretning", "Skiltnummer": "807.6 - Symbol, sykkel og liten elektrisk motorvogn"}, "vegsystem": "KV4382 S1D1 m641", "mor": [1027330025]}, "geometry": {"type": "Point", "coordinates": [5.32376772, 60.3800464]}}, {"type": "Feature", "properties": {"nvdb_id": 1027330014, "skiltnummer": "807.6 - Symbol, sykkel og liten elektrisk motorvogn", "tekst": null, "kategori": "parkering", "egenskaper": {"Geometri, punkt": "POINT(-32204.623189122765 6732949.653534418)", "Ansiktsside, rettet mot": "Trafikk mot metreringsretning", "Skiltnummer": "807.6 - Symbol, sykkel og liten elektrisk motorvogn"}, "vegsystem": "KV4382 S1D1 m640", "mor": [1027330018]}, "geometry": {"type": "Point", "coordinates": [5.32385941, 60.3801047]}}, {"type": "Feature", "properties": {"nvdb_id": 1027366096, "skiltnummer": "372 - Parkering forbudt", "tekst": null, "kategori": "forbud", "egenskaper": {"Geometri, punkt": "POINT(-32339.71359725576 6732950.551942421)", "Ansiktsside, rettet mot": "Tosidig", "Skiltnummer": "372 - Parkering forbudt"}, "vegsystem": "KV4738 S1D1 m179", "mor": [1027366095]}, "geometry": {"type": "Point", "coordinates": [5.3214418, 60.3799354]}}, {"type": "Feature", "properties": {"nvdb_id": 1027330033, "skiltnummer": "372 - Parkering forbudt", "tekst": null, "kategori": "forbud", "egenskaper": {"Geometri, punkt": "POINT(-32214.10058310558 6732956.052149621)", "Ansiktsside, rettet mot": "Trafikk i metreringsretning", "Skiltnummer": "372 - Parkering forbudt"}, "vegsystem": "KV4382 S1D1 m651", "mor": [1027330035]}, "geometry": {"type": "Point", "coordinates": [5.323673, 60.3801489]}}, {"type": "Feature", "properties": {"nvdb_id": 1027366156, "skiltnummer": "808.351 - Gjelder/Gjeld (snuplassen, torget o.l.)", "tekst": null, "kategori": "parkering", "egenskaper": {"Geometri, punkt": "POINT(-32566.539114181185 6732954.835745001)", "Ansiktsside, rettet mot": "Trafikk i metreringsretning", "Skiltnummer": "808.351 - Gjelder/Gjeld (snuplassen, torget o.l.)"}, "vegsystem": "KV4390 S1D1 m188", "mor": [1027366159]}, "geometry": {"type": "Point", "coordinates": [5.31737522, 60.3796756]}}, {"type": "Feature", "properties": {"nvdb_id": 1027366157, "skiltnummer": "372 - Parkering forbudt", "tekst": null, "kategori": "forbud", "egenskaper": {"Geometri, punkt": "POINT(-32566.539114181185 6732954.835745001)", "Ansiktsside, rettet mot": "Trafikk i metreringsretning", "Skiltnummer": "372 - Parkering forbudt"}, "vegsystem": "KV4390 S1D1 m188", "mor": [1027366159]}, "geometry": {"type": "Point", "coordinates": [5.31737522, 60.3796756]}}, {"type": "Feature", "properties": {"nvdb_id": 1027330027, "skiltnummer": "372 - Parkering forbudt", "tekst": null, "kategori": "forbud", "egenskaper": {"Geometri, punkt": "POINT(-32233.419085295056 6732966.395180486)", "Ansiktsside, rettet mot": "Tosidig", "Skiltnummer": "372 - Parkering forbudt"}, "vegsystem": "KV4382 S1D1 m672", "mor": [1027330029]}, "geometry": {"type": "Point", "coordinates": [5.32330021, 60.3802151]}}, {"type": "Feature", "properties": {"nvdb_id": 1027330045, "skiltnummer": "372 - Parkering forbudt", "tekst": null, "kategori": "forbud", "egenskaper": {"Geometri, punkt": "POINT(-32240.541648006765 6732971.473167271)", "Ansiktsside, rettet mot": "Parallelt mot veg", "Skiltnummer": "372 - Parkering forbudt"}, "vegsystem": "KV4382 S1D1 m682", "mor": [1027330044]}, "geometry": {"type": "Point", "coordinates": [5.32315941, 60.3802507]}}, {"type": "Feature", "properties": {"nvdb_id": 1027363511, "skiltnummer": "372 - Parkering forbudt", "tekst": null, "kategori": "forbud", "egenskaper": {"Geometri, punkt": "POINT(-32442.621621502913 6732975.550070274)", "Ansiktsside, rettet mot": "Tosidig", "Skiltnummer": "372 - Parkering forbudt"}, "vegsystem": "KV4719 S1D1 m734", "mor": [1027363513]}, "geometry": {"type": "Point", "coordinates": [5.31953571, 60.3800216]}}, {"type": "Feature", "properties": {"nvdb_id": 1027329502, "skiltnummer": "372 - Parkering forbudt", "tekst": null, "kategori": "forbud", "egenskaper": {"Geometri, punkt": "POINT(-33366.73292340594 6732974.988327094)", "Ansiktsside, rettet mot": "Tosidig", "Skiltnummer": "372 - Parkering forbudt"}, "vegsystem": "KV5140 S1D1 m483", "mor": [1027329501]}, "geometry": {"type": "Point", "coordinates": [5.30301632, 60.37880269]}}, {"type": "Feature", "properties": {"nvdb_id": 1027329492, "skiltnummer": "807.8 - Symbol, forflytningshemmede med parkeringstillatelse", "tekst": null, "kategori": "parkering", "egenskaper": {"Geometri, punkt": "POINT(-33357.94094964175 6732975.6935058925)", "Ansiktsside, rettet mot": "Tosidig", "Skiltnummer": "807.8 - Symbol, forflytningshemmede med parkeringstillatelse"}, "vegsystem": "KV5140 S1D1 m493", "mor": [1027329493]}, "geometry": {"type": "Point", "coordinates": [5.30317162, 60.3788205]}}, {"type": "Feature", "properties": {"nvdb_id": 1027329496, "skiltnummer": "552 - Parkering", "tekst": null, "kategori": "parkering", "egenskaper": {"Geometri, punkt": "POINT(-33357.94094964175 6732975.6935058925)", "Ansiktsside, rettet mot": "Tosidig", "Skiltnummer": "552 - Parkering"}, "vegsystem": "KV5140 S1D1 m493", "mor": [1027329493]}, "geometry": {"type": "Point", "coordinates": [5.30317162, 60.3788205]}}, {"type": "Feature", "properties": {"nvdb_id": 1027329521, "skiltnummer": "376.1 - Parkeringssone", "tekst": "08 - 23 (08 - 17) Med p-kort eller mot avgift", "kategori": "boligsone", "egenskaper": {"Geometri, punkt": "POINT(-33350.76790579932 6732977.023350361)", "Ansiktsside, rettet mot": "Trafikk mot metreringsretning", "Skiltnummer": "376.1 - Parkeringssone", "Tekst": "08 - 23 (08 - 17) Med p-kort eller mot avgift"}, "vegsystem": "KV5140 S1D1 m500", "mor": [1027329527]}, "geometry": {"type": "Point", "coordinates": [5.30329632, 60.37884169]}}, {"type": "Feature", "properties": {"nvdb_id": 1027329486, "skiltnummer": "376.1 - Parkeringssone", "tekst": "08 - 23 (08 - 17)Med p-kort eller mot avgift", "kategori": "boligsone", "egenskaper": {"Geometri, punkt": "POINT(-33351.87170149572 6732982.73507521)", "Ansiktsside, rettet mot": "Trafikk mot metreringsretning", "Skiltnummer": "376.1 - Parkeringssone", "Tekst": "08 - 23 (08 - 17)Med p-kort eller mot avgift"}, "vegsystem": "KV5140 S1D1 m500", "mor": [1027329490]}, "geometry": {"type": "Point", "coordinates": [5.30326142, 60.3788908]}}, {"type": "Feature", "properties": {"nvdb_id": 1027330040, "skiltnummer": "372 - Parkering forbudt", "tekst": null, "kategori": "forbud", "egenskaper": {"Geometri, punkt": "POINT(-32279.412296286202 6732982.997542908)", "Ansiktsside, rettet mot": "Tosidig", "Skiltnummer": "372 - Parkering forbudt"}, "vegsystem": "KV4382 S1D1 m721", "mor": [1027330041]}, "geometry": {"type": "Point", "coordinates": [5.32243392, 60.3803017]}}, {"type": "Feature", "properties": {"nvdb_id": 1027363520, "skiltnummer": "372 - Parkering forbudt", "tekst": null, "kategori": "forbud", "egenskaper": {"Geometri, punkt": "POINT(-32456.041958811576 6732987.720062547)", "Ansiktsside, rettet mot": "Trafikk i metreringsretning", "Skiltnummer": "372 - Parkering forbudt"}, "vegsystem": "KV4719 S1D1 m752", "mor": [1027363521]}, "geometry": {"type": "Point", "coordinates": [5.31926351, 60.3801117]}}, {"type": "Feature", "properties": {"nvdb_id": 1027330051, "skiltnummer": "372 - Parkering forbudt", "tekst": null, "kategori": "forbud", "egenskaper": {"Geometri, punkt": "POINT(-32301.41588358977 6733012.200438131)", "Ansiktsside, rettet mot": "Tosidig", "Skiltnummer": "372 - Parkering forbudt"}, "vegsystem": "KV4382 S1D1 m756", "mor": [1027330053]}, "geometry": {"type": "Point", "coordinates": [5.32196311, 60.38053129]}}, {"type": "Feature", "properties": {"nvdb_id": 1027297912, "skiltnummer": "808 - Underskilt med annen tekst", "tekst": "Vennligst ikke legg press på portene kan føre til driftssans", "kategori": "parkering", "egenskaper": {"Geometri, punkt": "POINT(-32097.455709603615 6733012.235898096)", "Ansiktsside, rettet mot": "Parallelt mot veg", "Skiltnummer": "808 - Underskilt med annen tekst", "Tekst": "Vennligst ikke legg press på portene kan føre til driftssans"}, "vegsystem": "KV16853 S1D10 m95", "mor": [1027297917]}, "geometry": {"type": "Point", "coordinates": [5.3256096, 60.3807992]}}, {"type": "Feature", "properties": {"nvdb_id": 1027297919, "skiltnummer": "808 - Underskilt med annen tekst", "tekst": "vennligst ikke legg press på portene kan føre til driftsstans", "kategori": "parkering", "egenskaper": {"Geometri, punkt": "POINT(-32094.069719476392 6733013.835555837)", "Ansiktsside, rettet mot": "Parallelt mot veg", "Skiltnummer": "808 - Underskilt med annen tekst", "Tekst": "vennligst ikke legg press på portene kan føre til driftsstans"}, "vegsystem": "KV16853 S1D10 m95", "mor": [1027297924]}, "geometry": {"type": "Point", "coordinates": [5.3256659, 60.3808178]}}, {"type": "Feature", "properties": {"nvdb_id": 1027366057, "skiltnummer": "372 - Parkering forbudt", "tekst": null, "kategori": "forbud", "egenskaper": {"Geometri, punkt": "POINT(-32487.145434385166 6733024.386282488)", "Ansiktsside, rettet mot": "Tosidig", "Skiltnummer": "372 - Parkering forbudt"}, "vegsystem": "KV4874 S1D1 m10", "mor": [1027366059]}, "geometry": {"type": "Point", "coordinates": [5.31861022, 60.3803954]}}, {"type": "Feature", "properties": {"nvdb_id": 1027363479, "skiltnummer": "376.1 - Parkeringssone", "tekst": "08 - 23 (08 - 17)Med p-kort eller mot avgift", "kategori": "boligsone", "egenskaper": {"Geometri, punkt": "POINT(-32517.37889624515 6733025.808399503)", "Ansiktsside, rettet mot": "Trafikk mot metreringsretning", "Skiltnummer": "376.1 - Parkeringssone", "Tekst": "08 - 23 (08 - 17)Med p-kort eller mot avgift"}, "vegsystem": "KV4719 S1D1 m824", "mor": [1027363482]}, "geometry": {"type": "Point", "coordinates": [5.31806591, 60.38036829]}}, {"type": "Feature", "properties": {"nvdb_id": 1027361206, "skiltnummer": "372 - Parkering forbudt", "tekst": null, "kategori": "forbud", "egenskaper": {"Geometri, punkt": "POINT(-32544.79803845531 6733034.66574097)", "Ansiktsside, rettet mot": "Tosidig", "Skiltnummer": "372 - Parkering forbudt"}, "vegsystem": "KV4527 S1D1 m372", "mor": [1027361208]}, "geometry": {"type": "Point", "coordinates": [5.31755221, 60.3804107]}}, {"type": "Feature", "properties": {"nvdb_id": 1027363525, "skiltnummer": "376.1 - Parkeringssone", "tekst": "08 - 23 (08 - 17)Med p-kort eller mot avgift", "kategori": "boligsone", "egenskaper": {"Geometri, punkt": "POINT(-32513.00177785894 6733034.164034325)", "Ansiktsside, rettet mot": "Trafikk mot metreringsretning", "Skiltnummer": "376.1 - Parkeringssone", "Tekst": "08 - 23 (08 - 17)Med p-kort eller mot avgift"}, "vegsystem": "KV4719 S1D1 m825", "mor": [1027363531]}, "geometry": {"type": "Point", "coordinates": [5.31812201, 60.380448]}}, {"type": "Feature", "properties": {"nvdb_id": 1027329509, "skiltnummer": "376.1 - Parkeringssone", "tekst": null, "kategori": "forbud", "egenskaper": {"Geometri, punkt": "POINT(-33341.01204008493 6733034.11378444)", "Ansiktsside, rettet mot": "Trafikk i metreringsretning", "Skiltnummer": "376.1 - Parkeringssone"}, "vegsystem": "KV4636 S2D1 m13", "mor": [1027329505]}, "geometry": {"type": "Point", "coordinates": [5.30331912, 60.3793598]}}, {"type": "Feature", "properties": {"nvdb_id": 1027330047, "skiltnummer": "372 - Parkering forbudt", "tekst": null, "kategori": "forbud", "egenskaper": {"Geometri, punkt": "POINT(-32340.691569739953 6733035.174319423)", "Ansiktsside, rettet mot": "Tosidig", "Skiltnummer": "372 - Parkering forbudt"}, "vegsystem": "KV4382 S1D1 m800", "mor": [1027330049]}, "geometry": {"type": "Point", "coordinates": [5.32120001, 60.38068309]}}, {"type": "Feature", "properties": {"nvdb_id": 1027361221, "skiltnummer": "376.1 - Parkeringssone", "tekst": "08 - 23 (08 - 17) Med p-kort eller mot avgift", "kategori": "boligsone", "egenskaper": {"Geometri, punkt": "POINT(-32587.751519079786 6733037.365049959)", "Ansiktsside, rettet mot": "Trafikk i metreringsretning", "Skiltnummer": "376.1 - Parkeringssone", "Tekst": "08 - 23 (08 - 17) Med p-kort eller mot avgift"}, "vegsystem": "KV4527 S1D1 m421", "mor": [1027361224]}, "geometry": {"type": "Point", "coordinates": [5.31677711, 60.3803782]}}, {"type": "Feature", "properties": {"nvdb_id": 1027361214, "skiltnummer": "376.1 - Parkeringssone", "tekst": "08 - 23 (08 - 17)Med p-kort eller mot avgift", "kategori": "boligsone", "egenskaper": {"Geometri, punkt": "POINT(-32584.18210825452 6733046.26978416)", "Ansiktsside, rettet mot": "Tosidig", "Skiltnummer": "376.1 - Parkeringssone", "Tekst": "08 - 23 (08 - 17)Med p-kort eller mot avgift"}, "vegsystem": "KV4527 S1D1 m423", "mor": [1027361216]}, "geometry": {"type": "Point", "coordinates": [5.31681732, 60.3804617]}}, {"type": "Feature", "properties": {"nvdb_id": 1027366054, "skiltnummer": "372 - Parkering forbudt", "tekst": null, "kategori": "forbud", "egenskaper": {"Geometri, punkt": "POINT(-32466.603563519428 6733045.98158849)", "Ansiktsside, rettet mot": "Tosidig", "Skiltnummer": "372 - Parkering forbudt"}, "vegsystem": "KV4874 S1D1 m41", "mor": [1027366053]}, "geometry": {"type": "Point", "coordinates": [5.3189202, 60.3806135]}}, {"type": "Feature", "properties": {"nvdb_id": 1027361237, "skiltnummer": "372 - Parkering forbudt", "tekst": null, "kategori": "forbud", "egenskaper": {"Geometri, punkt": "POINT(-32602.071381717687 6733058.6627235)", "Ansiktsside, rettet mot": "Tosidig", "Skiltnummer": "372 - Parkering forbudt"}, "vegsystem": "KV4527 S1D1 m445", "mor": [1027361233]}, "geometry": {"type": "Point", "coordinates": [5.31646462, 60.3805479]}}, {"type": "Feature", "properties": {"nvdb_id": 1027329543, "skiltnummer": "376.1 - Parkeringssone", "tekst": null, "kategori": "forbud", "egenskaper": {"Geometri, punkt": "POINT(-33345.972140225116 6733057.696976469)", "Ansiktsside, rettet mot": "Trafikk mot metreringsretning", "Skiltnummer": "376.1 - Parkeringssone"}, "vegsystem": "KV4636 S1D1 m18", "mor": [1027329544]}, "geometry": {"type": "Point", "coordinates": [5.30316782, 60.379562]}}, {"type": "Feature", "properties": {"nvdb_id": 1027330060, "skiltnummer": "372 - Parkering forbudt", "tekst": null, "kategori": "forbud", "egenskaper": {"Geometri, punkt": "POINT(-32361.051182756084 6733058.710794521)", "Ansiktsside, rettet mot": "Tosidig", "Skiltnummer": "372 - Parkering forbudt"}, "vegsystem": "KV4382 S1D1 m830", "mor": [1027330062]}, "geometry": {"type": "Point", "coordinates": [5.32077362, 60.3808647]}}, {"type": "Feature", "properties": {"nvdb_id": 1027329559, "skiltnummer": "376.1 - Parkeringssone", "tekst": null, "kategori": "forbud", "egenskaper": {"Geometri, punkt": "POINT(-33345.863621850265 6733063.285115077)", "Ansiktsside, rettet mot": "Trafikk i metreringsretning", "Skiltnummer": "376.1 - Parkeringssone"}, "vegsystem": "KV4636 S1D1 m18", "mor": [1027329560]}, "geometry": {"type": "Point", "coordinates": [5.30315491, 60.3796116]}}, {"type": "Feature", "properties": {"nvdb_id": 1027361229, "skiltnummer": "372 - Parkering forbudt", "tekst": null, "kategori": "forbud", "egenskaper": {"Geometri, punkt": "POINT(-32632.314216627274 6733068.165644992)", "Ansiktsside, rettet mot": "Trafikk mot metreringsretning", "Skiltnummer": "372 - Parkering forbudt"}, "vegsystem": "KV4527 S1D1 m475", "mor": [1027361231]}, "geometry": {"type": "Point", "coordinates": [5.31589872, 60.3805923]}}, {"type": "Feature", "properties": {"nvdb_id": 1027330064, "skiltnummer": "372 - Parkering forbudt", "tekst": null, "kategori": "forbud", "egenskaper": {"Geometri, punkt": "POINT(-32361.38107802591 6733072.328990435)", "Ansiktsside, rettet mot": "Tosidig", "Skiltnummer": "372 - Parkering forbudt"}, "vegsystem": "KV4382 S1D1 m843", "mor": [1027330067]}, "geometry": {"type": "Point", "coordinates": [5.32073161, 60.3809848]}}, {"type": "Feature", "properties": {"nvdb_id": 1027297935, "skiltnummer": "808 - Underskilt med annen tekst", "tekst": null, "kategori": "parkering", "egenskaper": {"Geometri, punkt": "POINT(-32107.123567984672 6733073.1648105)", "Ansiktsside, rettet mot": "Trafikk mot metreringsretning", "Skiltnummer": "808 - Underskilt med annen tekst"}, "vegsystem": "KV16853 S1D10 m170", "mor": [1027297939]}, "geometry": {"type": "Point", "coordinates": [5.3252753, 60.3813258]}}, {"type": "Feature", "properties": {"nvdb_id": 1027297927, "skiltnummer": "808 - Underskilt med annen tekst", "tekst": null, "kategori": "parkering", "egenskaper": {"Geometri, punkt": "POINT(-32110.98153548874 6733076.154391003)", "Ansiktsside, rettet mot": "Trafikk mot metreringsretning", "Skiltnummer": "808 - Underskilt med annen tekst"}, "vegsystem": "KV16853 S1D10 m169", "mor": [1027297932]}, "geometry": {"type": "Point", "coordinates": [5.3251984, 60.38134719]}}, {"type": "Feature", "properties": {"nvdb_id": 1027361184, "skiltnummer": "372 - Parkering forbudt", "tekst": null, "kategori": "forbud", "egenskaper": {"Geometri, punkt": "POINT(-32547.98541902972 6733079.394457505)", "Ansiktsside, rettet mot": "Tosidig", "Skiltnummer": "372 - Parkering forbudt"}, "vegsystem": "KV4527 S1D1 m315", "mor": [1027361186]}, "geometry": {"type": "Point", "coordinates": [5.31737662, 60.38080239]}}, {"type": "Feature", "properties": {"nvdb_id": 1027361261, "skiltnummer": "372 - Parkering forbudt", "tekst": null, "kategori": "forbud", "egenskaper": {"Geometri, punkt": "POINT(-32659.034350935137 6733089.800539743)", "Ansiktsside, rettet mot": "Tosidig", "Skiltnummer": "372 - Parkering forbudt"}, "vegsystem": "KV4527 S1D1 m509", "mor": [1027361263]}, "geometry": {"type": "Point", "coordinates": [5.31536362, 60.3807487]}}, {"type": "Feature", "properties": {"nvdb_id": 1027330076, "skiltnummer": "372 - Parkering forbudt", "tekst": null, "kategori": "forbud", "egenskaper": {"Geometri, punkt": "POINT(-32374.581988204503 6733092.917329877)", "Ansiktsside, rettet mot": "Tosidig", "Skiltnummer": "372 - Parkering forbudt"}, "vegsystem": "KV4382 S1D1 m867", "mor": [1027330074]}, "geometry": {"type": "Point", "coordinates": [5.32044101, 60.38114969]}}, {"type": "Feature", "properties": {"nvdb_id": 1027330079, "skiltnummer": "372 - Parkering forbudt", "tekst": null, "kategori": "forbud", "egenskaper": {"Geometri, punkt": "POINT(-32382.559829182574 6733092.22477151)", "Ansiktsside, rettet mot": "Tosidig", "Skiltnummer": "372 - Parkering forbudt"}, "vegsystem": "KV4382 S1D1 m869", "mor": [1027330081]}, "geometry": {"type": "Point", "coordinates": [5.32030021, 60.3811331]}}, {"type": "Feature", "properties": {"nvdb_id": 1027361157, "skiltnummer": "806 - Tid", "tekst": null, "kategori": "parkering", "egenskaper": {"Geometri, punkt": "POINT(-32573.803222233895 6733097.008151784)", "Ansiktsside, rettet mot": "Tosidig", "Skiltnummer": "806 - Tid"}, "vegsystem": "KV4527 S1D1 m284", "mor": [1027361162]}, "geometry": {"type": "Point", "coordinates": [5.31686832, 60.3809244]}}, {"type": "Feature", "properties": {"nvdb_id": 1027361159, "skiltnummer": "552 - Parkering", "tekst": null, "kategori": "parkering", "egenskaper": {"Geometri, punkt": "POINT(-32573.803222233895 6733097.008151784)", "Ansiktsside, rettet mot": "Tosidig", "Skiltnummer": "552 - Parkering"}, "vegsystem": "KV4527 S1D1 m284", "mor": [1027361162]}, "geometry": {"type": "Point", "coordinates": [5.31686832, 60.3809244]}}, {"type": "Feature", "properties": {"nvdb_id": 1027361074, "skiltnummer": "808 - Underskilt med annen tekst", "tekst": null, "kategori": "parkering", "egenskaper": {"Geometri, punkt": "POINT(-32869.15796908364 6733105.377145518)", "Ansiktsside, rettet mot": "Parallelt mot veg", "Skiltnummer": "808 - Underskilt med annen tekst"}, "vegsystem": "KV4527 S3D1 m380", "mor": [1027361076]}, "geometry": {"type": "Point", "coordinates": [5.31156562, 60.3806106]}}, {"type": "Feature", "properties": {"nvdb_id": 1027361142, "skiltnummer": "372 - Parkering forbudt", "tekst": null, "kategori": "forbud", "egenskaper": {"Geometri, punkt": "POINT(-32604.816575386794 6733104.896530197)", "Ansiktsside, rettet mot": "Tosidig", "Skiltnummer": "372 - Parkering forbudt"}, "vegsystem": "KV4527 S1D1 m254", "mor": [1027361145]}, "geometry": {"type": "Point", "coordinates": [5.31629291, 60.3809535]}}, {"type": "Feature", "properties": {"nvdb_id": 1027361257, "skiltnummer": "372 - Parkering forbudt", "tekst": null, "kategori": "forbud", "egenskaper": {"Geometri, punkt": "POINT(-32673.493019290385 6733114.192407689)", "Ansiktsside, rettet mot": "Tosidig", "Skiltnummer": "372 - Parkering forbudt"}, "vegsystem": "KV4527 S1D1 m536", "mor": [1027361259]}, "geometry": {"type": "Point", "coordinates": [5.31504042, 60.38094559]}}, {"type": "Feature", "properties": {"nvdb_id": 1027361093, "skiltnummer": "372 - Parkering forbudt", "tekst": null, "kategori": "forbud", "egenskaper": {"Geometri, punkt": "POINT(-32519.712749964092 6733127.919371029)", "Ansiktsside, rettet mot": "Tosidig", "Skiltnummer": "372 - Parkering forbudt"}, "vegsystem": "KV4527 S1D1 m45", "mor": [1027361094]}, "geometry": {"type": "Point", "coordinates": [5.31775341, 60.38126899]}}, {"type": "Feature", "properties": {"nvdb_id": 1027361245, "skiltnummer": "372 - Parkering forbudt", "tekst": null, "kategori": "forbud", "egenskaper": {"Geometri, punkt": "POINT(-32718.536611936288 6733123.044875607)", "Ansiktsside, rettet mot": "Tosidig", "Skiltnummer": "372 - Parkering forbudt"}, "vegsystem": "KV4527 S1D1 m586", "mor": [1027361247]}, "geometry": {"type": "Point", "coordinates": [5.31421161, 60.3809648]}}, {"type": "Feature", "properties": {"nvdb_id": 1027361073, "skiltnummer": "808 - Underskilt med annen tekst", "tekst": null, "kategori": "parkering", "egenskaper": {"Geometri, punkt": "POINT(-32889.365325513994 6733140.057730276)", "Ansiktsside, rettet mot": "Parallelt mot veg", "Skiltnummer": "808 - Underskilt med annen tekst"}, "vegsystem": "KV4527 S3D1 m231", "mor": [1027361072]}, "geometry": {"type": "Point", "coordinates": [5.31111232, 60.380891]}}, {"type": "Feature", "properties": {"nvdb_id": 1027330089, "skiltnummer": "372 - Parkering forbudt", "tekst": null, "kategori": "forbud", "egenskaper": {"Geometri, punkt": "POINT(-32412.189931754256 6733138.78397893)", "Ansiktsside, rettet mot": "Tosidig", "Skiltnummer": "372 - Parkering forbudt"}, "vegsystem": "KV4382 S1D1 m926", "mor": [1027330086]}, "geometry": {"type": "Point", "coordinates": [5.31964701, 60.3815063]}}, {"type": "Feature", "properties": {"nvdb_id": 1027358794, "skiltnummer": "372 - Parkering forbudt", "tekst": null, "kategori": "forbud", "egenskaper": {"Geometri, punkt": "POINT(-32735.35125277948 6733143.052578374)", "Ansiktsside, rettet mot": "Tosidig", "Skiltnummer": "372 - Parkering forbudt"}, "vegsystem": "KV4527 S2D1 m17", "mor": [1027358796]}, "geometry": {"type": "Point", "coordinates": [5.31385792, 60.3811198]}}, {"type": "Feature", "properties": {"nvdb_id": 1027361059, "skiltnummer": "372 - Parkering forbudt", "tekst": null, "kategori": "forbud", "egenskaper": {"Geometri, punkt": "POINT(-32916.88475214748 6733152.83109324)", "Ansiktsside, rettet mot": "Tosidig", "Skiltnummer": "372 - Parkering forbudt"}, "vegsystem": "KV4527 S3D1 m200", "mor": [1027361061]}, "geometry": {"type": "Point", "coordinates": [5.31058641, 60.3809679]}}, {"type": "Feature", "properties": {"nvdb_id": 1027359237, "skiltnummer": "372 - Parkering forbudt", "tekst": null, "kategori": "forbud", "egenskaper": {"Geometri, punkt": "POINT(-32758.64786370413 6733152.509014633)", "Ansiktsside, rettet mot": "Tosidig", "Skiltnummer": "372 - Parkering forbudt"}, "vegsystem": "KV4527 S2D1 m39", "mor": [1027359239]}, "geometry": {"type": "Point", "coordinates": [5.31341631, 60.3811729]}}, {"type": "Feature", "properties": {"nvdb_id": 1027361155, "skiltnummer": "372 - Parkering forbudt", "tekst": null, "kategori": "forbud", "egenskaper": {"Geometri, punkt": "POINT(-32640.87280780659 6733155.100485319)", "Ansiktsside, rettet mot": "Tosidig", "Skiltnummer": "372 - Parkering forbudt"}, "vegsystem": "KV4527 S1D1 m195", "mor": [1027361151]}, "geometry": {"type": "Point", "coordinates": [5.31551511, 60.38135049]}}, {"type": "Feature", "properties": {"nvdb_id": 82631248, "skiltnummer": "372 - Parkering forbudt", "tekst": null, "kategori": "forbud", "egenskaper": {"Geometri, punkt": "POINT Z (-33408.584285424 6733160.37256018 -999999)", "Ansiktsside, rettet mot": "Tosidig", "Skiltnummer": "372 - Parkering forbudt", "Belysning": "Ingen"}, "vegsystem": "FV5358 S1D1 m591", "mor": [82631251]}, "geometry": {"type": "Point", "coordinates": [5.30177579, 60.3803884]}}, {"type": "Feature", "properties": {"nvdb_id": 1027359274, "skiltnummer": "372 - Parkering forbudt", "tekst": null, "kategori": "forbud", "egenskaper": {"Geometri, punkt": "POINT(-32789.31097758224 6733165.77045597)", "Ansiktsside, rettet mot": "Tosidig", "Skiltnummer": "372 - Parkering forbudt"}, "vegsystem": "KV4527 S3D1 m27", "mor": [1027359276]}, "geometry": {"type": "Point", "coordinates": [5.31283292, 60.38124999]}}, {"type": "Feature", "properties": {"nvdb_id": 1027359263, "skiltnummer": "372 - Parkering forbudt", "tekst": null, "kategori": "forbud", "egenskaper": {"Geometri, punkt": "POINT(-32845.038670083275 6733162.855209214)", "Ansiktsside, rettet mot": "Tosidig", "Skiltnummer": "372 - Parkering forbudt"}, "vegsystem": "KV4527 S3D1 m84", "mor": [1027359265]}, "geometry": {"type": "Point", "coordinates": [5.31184431, 60.381151]}}, {"type": "Feature", "properties": {"nvdb_id": 1027361725, "skiltnummer": "372 - Parkering forbudt", "tekst": null, "kategori": "forbud", "egenskaper": {"Geometri, punkt": "POINT(-32855.262610985315 6733173.750464161)", "Ansiktsside, rettet mot": "Tosidig", "Skiltnummer": "372 - Parkering forbudt"}, "vegsystem": "KV4527 S3D1 m94", "mor": [1027361726]}, "geometry": {"type": "Point", "coordinates": [5.31163261, 60.38123399]}}, {"type": "Feature", "properties": {"nvdb_id": 1027297875, "skiltnummer": "376.1 - Parkeringssone", "tekst": "08 - 23 (08 - 17) Med p-kort eller ved parkometer", "kategori": "boligsone", "egenskaper": {"Geometri, punkt": "POINT(-31720.406071891775 6733169.422948185)", "Ansiktsside, rettet mot": "Trafikk i metreringsretning", "Skiltnummer": "376.1 - Parkeringssone", "Tekst": "08 - 23 (08 - 17) Med p-kort eller ved parkometer"}, "vegsystem": "KV4606 S1D1 m16", "mor": [1027297882]}, "geometry": {"type": "Point", "coordinates": [5.33193481, 60.3826849]}}, {"type": "Feature", "properties": {"nvdb_id": 1027359330, "skiltnummer": "372 - Parkering forbudt", "tekst": null, "kategori": "forbud", "egenskaper": {"Geometri, punkt": "POINT(-32900.343328431714 6733170.4422309175)", "Ansiktsside, rettet mot": "Tosidig", "Skiltnummer": "372 - Parkering forbudt"}, "vegsystem": "KV4527 S3D1 m139", "mor": [1027359332]}, "geometry": {"type": "Point", "coordinates": [5.31083542, 60.3811455]}}, {"type": "Feature", "properties": {"nvdb_id": 1027297868, "skiltnummer": "376.1 - Parkeringssone", "tekst": null, "kategori": "forbud", "egenskaper": {"Geometri, punkt": "POINT(-31711.74357864214 6733175.461083087)", "Ansiktsside, rettet mot": "Trafikk i metreringsretning", "Skiltnummer": "376.1 - Parkeringssone"}, "vegsystem": "KV4606 S1D1 m16", "mor": [1027297872]}, "geometry": {"type": "Point", "coordinates": [5.3320737, 60.3827497]}}, {"type": "Feature", "properties": {"nvdb_id": 1027361047, "skiltnummer": "372 - Parkering forbudt", "tekst": null, "kategori": "forbud", "egenskaper": {"Geometri, punkt": "POINT(-32926.41512776376 6733178.006835371)", "Ansiktsside, rettet mot": "Tosidig", "Skiltnummer": "372 - Parkering forbudt"}, "vegsystem": "KV4527 S3D1 m163", "mor": [1027361049]}, "geometry": {"type": "Point", "coordinates": [5.31034922, 60.3811782]}}, {"type": "Feature", "properties": {"nvdb_id": 1027330090, "skiltnummer": "372 - Parkering forbudt", "tekst": null, "kategori": "forbud", "egenskaper": {"Geometri, punkt": "POINT(-32441.260655006277 6733178.436410388)", "Ansiktsside, rettet mot": "Tosidig", "Skiltnummer": "372 - Parkering forbudt"}, "vegsystem": "KV4382 S1D1 m976", "mor": [1027330093]}, "geometry": {"type": "Point", "coordinates": [5.31902211, 60.38181909]}}, {"type": "Feature", "properties": {"nvdb_id": 1027358731, "skiltnummer": "808.351 - Gjelder/Gjeld (snuplassen, torget o.l.)", "tekst": null, "kategori": "parkering", "egenskaper": {"Geometri, punkt": "POINT(-32957.56604130822 6733185.79458131)", "Ansiktsside, rettet mot": "Tosidig", "Skiltnummer": "808.351 - Gjelder/Gjeld (snuplassen, torget o.l.)"}, "vegsystem": "KV4488 S1D1 m350", "mor": [1027358729]}, "geometry": {"type": "Point", "coordinates": [5.30977162, 60.3812062]}}, {"type": "Feature", "properties": {"nvdb_id": 1027358733, "skiltnummer": "372 - Parkering forbudt", "tekst": null, "kategori": "forbud", "egenskaper": {"Geometri, punkt": "POINT(-32957.56604130822 6733185.79458131)", "Ansiktsside, rettet mot": "Tosidig", "Skiltnummer": "372 - Parkering forbudt"}, "vegsystem": "KV4488 S1D1 m350", "mor": [1027358729]}, "geometry": {"type": "Point", "coordinates": [5.30977162, 60.3812062]}}, {"type": "Feature", "properties": {"nvdb_id": 1027330107, "skiltnummer": "372 - Parkering forbudt", "tekst": null, "kategori": "forbud", "egenskaper": {"Geometri, punkt": "POINT(-32455.313810908934 6733202.021401537)", "Ansiktsside, rettet mot": "Tosidig", "Skiltnummer": "372 - Parkering forbudt"}, "vegsystem": "KV4382 S1D1 m1002", "mor": [1027330109]}, "geometry": {"type": "Point", "coordinates": [5.31870831, 60.38200939]}}, {"type": "Feature", "properties": {"nvdb_id": 547854869, "skiltnummer": "808.313 - Gjelder ikke buss/Gjeld ikkje buss", "tekst": null, "kategori": "parkering", "egenskaper": {"Geometri, punkt": "POINT Z (-32708.2358860571 6733198.91664839 19.922)", "Ansiktsside, rettet mot": "Trafikk i metreringsretning", "Skiltnummer": "808.313 - Gjelder ikke buss/Gjeld ikkje buss", "Belysning": "Ingen"}, "vegsystem": "FV584 S1D1 m3045 KD6 m13", "mor": [547854867]}, "geometry": {"type": "Point", "coordinates": [5.3141945, 60.38164985]}}, {"type": "Feature", "properties": {"nvdb_id": 1017559092, "skiltnummer": "808 - Underskilt med annen tekst", "tekst": "Gangfelt", "kategori": "parkering", "egenskaper": {"Oppsettingsdato": "2022-07-01", "Plasseringskode": 20, "Høyde, egen": 2200, "Geometri, punkt": "POINT Z (-32561.89 6733199.15 17.56)", "Ansiktsside, rettet mot": "Trafikk mot metreringsretning", "Skiltnummer": "808 - Underskilt med annen tekst", "Folieklasse": "Klasse 2", "Prosjektreferanse": "Rv555 Gyldenpriskrysset og Fv558 Carl Konows gate", "Tekst": "Gangfelt"}, "vegsystem": "FV584 S1D1 m2897", "mor": [1017559198]}, "geometry": {"type": "Point", "coordinates": [5.31681042, 60.38184407]}}, {"type": "Feature", "properties": {"nvdb_id": 218550399, "skiltnummer": "808.121 - Opphøyd gangfelt/Heva gangfelt", "tekst": null, "kategori": "parkering", "egenskaper": {"Geometri, punkt": "POINT(-33376.29174301971 6733208.162612783)", "Ansiktsside, rettet mot": "Trafikk mot metreringsretning", "Skiltnummer": "808.121 - Opphøyd gangfelt/Heva gangfelt", "Belysning": "Ingen"}, "vegsystem": "FV5358 S1D1 m495", "mor": [218550396]}, "geometry": {"type": "Point", "coordinates": [5.30222617, 60.38085382]}}, {"type": "Feature", "properties": {"nvdb_id": 1027297947, "skiltnummer": "808 - Underskilt med annen tekst", "tekst": "Kong Christian Frederiks plass", "kategori": "parkering", "egenskaper": {"Geometri, punkt": "POINT(-32033.45422372385 6733208.23055118)", "Ansiktsside, rettet mot": "Parallelt mot veg", "Skiltnummer": "808 - Underskilt med annen tekst", "Tekst": "Kong Christian Frederiks plass"}, "vegsystem": "KV16853 S1D1 m8", "mor": [1027297948]}, "geometry": {"type": "Point", "coordinates": [5.32623461, 60.3826179]}}, {"type": "Feature", "properties": {"nvdb_id": 1027359254, "skiltnummer": "372 - Parkering forbudt", "tekst": null, "kategori": "forbud", "egenskaper": {"Geometri, punkt": "POINT(-32805.118799625314 6733219.468488095)", "Ansiktsside, rettet mot": "Tosidig", "Skiltnummer": "372 - Parkering forbudt"}, "vegsystem": "KV4527 S2D1 m120", "mor": [1027359256]}, "geometry": {"type": "Point", "coordinates": [5.31240781, 60.38170449]}}, {"type": "Feature", "properties": {"nvdb_id": 1027295973, "skiltnummer": "372 - Parkering forbudt", "tekst": null, "kategori": "forbud", "egenskaper": {"Geometri, punkt": "POINT(-32241.70931938116 6733221.134220746)", "Ansiktsside, rettet mot": "Tosidig", "Skiltnummer": "372 - Parkering forbudt"}, "vegsystem": "KV5326 S2D1 m109", "mor": [1027295970]}, "geometry": {"type": "Point", "coordinates": [5.32247682, 60.3824589]}}, {"type": "Feature", "properties": {"nvdb_id": 1027330103, "skiltnummer": "372 - Parkering forbudt", "tekst": null, "kategori": "forbud", "egenskaper": {"Geometri, punkt": "POINT(-32494.616450947826 6733221.250458455)", "Ansiktsside, rettet mot": "Tosidig", "Skiltnummer": "372 - Parkering forbudt"}, "vegsystem": "KV4382 S1D1 m1045", "mor": [1027330105]}, "geometry": {"type": "Point", "coordinates": [5.31795462, 60.38212799]}}, {"type": "Feature", "properties": {"nvdb_id": 1027326896, "skiltnummer": "372 - Parkering forbudt", "tekst": null, "kategori": "forbud", "egenskaper": {"Geometri, punkt": "POINT(-33422.87446632341 6733225.047181531)", "Ansiktsside, rettet mot": "Trafikk mot metreringsretning", "Skiltnummer": "372 - Parkering forbudt"}, "vegsystem": "KV5223 S1D1 m4", "mor": [1027326898]}, "geometry": {"type": "Point", "coordinates": [5.30134853, 60.380942]}}, {"type": "Feature", "properties": {"nvdb_id": 1027297859, "skiltnummer": "376.1 - Parkeringssone", "tekst": null, "kategori": "forbud", "egenskaper": {"Geometri, punkt": "POINT(-31749.855578101124 6733234.115775504)", "Ansiktsside, rettet mot": "Trafikk i metreringsretning", "Skiltnummer": "376.1 - Parkeringssone"}, "vegsystem": "KV4606 S1D1 m82", "mor": [1027297861]}, "geometry": {"type": "Point", "coordinates": [5.3312369, 60.3832189]}}, {"type": "Feature", "properties": {"nvdb_id": 1027297860, "skiltnummer": "808 - Underskilt med annen tekst", "tekst": null, "kategori": "parkering", "egenskaper": {"Geometri, punkt": "POINT(-31749.855578101124 6733234.115775504)", "Ansiktsside, rettet mot": "Trafikk i metreringsretning", "Skiltnummer": "808 - Underskilt med annen tekst"}, "vegsystem": "KV4606 S1D1 m82", "mor": [1027297861]}, "geometry": {"type": "Point", "coordinates": [5.3312369, 60.3832189]}}, {"type": "Feature", "properties": {"nvdb_id": 1027295966, "skiltnummer": "372 - Parkering forbudt", "tekst": null, "kategori": "forbud", "egenskaper": {"Geometri, punkt": "POINT(-32227.853811128298 6733232.163543781)", "Ansiktsside, rettet mot": "Trafikk mot metreringsretning", "Skiltnummer": "372 - Parkering forbudt"}, "vegsystem": "KV5326 S2D1 m91", "mor": [1027295967]}, "geometry": {"type": "Point", "coordinates": [5.32269531, 60.3825747]}}, {"type": "Feature", "properties": {"nvdb_id": 1027359251, "skiltnummer": "372 - Parkering forbudt", "tekst": null, "kategori": "forbud", "egenskaper": {"Geometri, punkt": "POINT(-32824.4906785147 6733237.540089266)", "Ansiktsside, rettet mot": "Trafikk i metreringsretning", "Skiltnummer": "372 - Parkering forbudt"}, "vegsystem": "PV41880 S3D1 m161", "mor": [1027359252]}, "geometry": {"type": "Point", "coordinates": [5.31201351, 60.381839]}}, {"type": "Feature", "properties": {"nvdb_id": 1027330099, "skiltnummer": "372 - Parkering forbudt", "tekst": null, "kategori": "forbud", "egenskaper": {"Geometri, punkt": "POINT(-32512.19459181861 6733245.878334824)", "Ansiktsside, rettet mot": "Tosidig", "Skiltnummer": "372 - Parkering forbudt"}, "vegsystem": "KV4382 S1D1 m1074", "mor": [1027330101]}, "geometry": {"type": "Point", "coordinates": [5.31757501, 60.38232289]}}, {"type": "Feature", "properties": {"nvdb_id": 1027295960, "skiltnummer": "372 - Parkering forbudt", "tekst": null, "kategori": "forbud", "egenskaper": {"Geometri, punkt": "POINT(-32226.050704507274 6733245.307268375)", "Ansiktsside, rettet mot": "Tosidig", "Skiltnummer": "372 - Parkering forbudt"}, "vegsystem": "KV5326 S2D1 m80", "mor": [1027295962]}, "geometry": {"type": "Point", "coordinates": [5.32269271, 60.38269339]}}, {"type": "Feature", "properties": {"nvdb_id": 1027296022, "skiltnummer": "376.1 - Parkeringssone", "tekst": "08 - 23 (08 - 17) Med p-kort eller ved parkometer", "kategori": "boligsone", "egenskaper": {"Geometri, punkt": "POINT(-32200.413235269603 6733257.945616984)", "Ansiktsside, rettet mot": "Trafikk mot metreringsretning", "Skiltnummer": "376.1 - Parkeringssone", "Tekst": "08 - 23 (08 - 17) Med p-kort eller ved parkometer"}, "vegsystem": "KV5326 S2D1 m53", "mor": [1027296026]}, "geometry": {"type": "Point", "coordinates": [5.32311761, 60.3828389]}}, {"type": "Feature", "properties": {"nvdb_id": 1027296012, "skiltnummer": "808 - Underskilt med annen tekst", "tekst": "Sporvogn", "kategori": "parkering", "egenskaper": {"Geometri, punkt": "POINT(-32198.053863827838 6733261.22259778)", "Ansiktsside, rettet mot": "Trafikk mot metreringsretning", "Skiltnummer": "808 - Underskilt med annen tekst", "Tekst": "Sporvogn"}, "vegsystem": "KV5326 S2D1 m49", "mor": [1027296016]}, "geometry": {"type": "Point", "coordinates": [5.32315111, 60.382871]}}, {"type": "Feature", "properties": {"nvdb_id": 1027296014, "skiltnummer": "372 - Parkering forbudt", "tekst": null, "kategori": "forbud", "egenskaper": {"Geometri, punkt": "POINT(-32198.053863827838 6733261.22259778)", "Ansiktsside, rettet mot": "Tosidig", "Skiltnummer": "372 - Parkering forbudt"}, "vegsystem": "KV5326 S2D1 m49", "mor": [1027296016]}, "geometry": {"type": "Point", "coordinates": [5.32315111, 60.382871]}}, {"type": "Feature", "properties": {"nvdb_id": 1027296037, "skiltnummer": "376.1 - Parkeringssone", "tekst": "08 - 23 (08 - 17) Med p-kort eller ved parkometer", "kategori": "boligsone", "egenskaper": {"Geometri, punkt": "POINT(-32209.456982683856 6733267.149862862)", "Ansiktsside, rettet mot": "Trafikk mot metreringsretning", "Skiltnummer": "376.1 - Parkeringssone", "Tekst": "08 - 23 (08 - 17) Med p-kort eller ved parkometer"}, "vegsystem": "KV5326 S2D1 m53", "mor": [1027296039]}, "geometry": {"type": "Point", "coordinates": [5.32293151, 60.3829085]}}, {"type": "Feature", "properties": {"nvdb_id": 1027330115, "skiltnummer": "372 - Parkering forbudt", "tekst": null, "kategori": "forbud", "egenskaper": {"Geometri, punkt": "POINT(-32556.00406994915 6733264.545160704)", "Ansiktsside, rettet mot": "Tosidig", "Skiltnummer": "372 - Parkering forbudt"}, "vegsystem": "KV4382 S1D1 m1120", "mor": [1027330116]}, "geometry": {"type": "Point", "coordinates": [5.31674222, 60.3824306]}}, {"type": "Feature", "properties": {"nvdb_id": 1027296093, "skiltnummer": "552 - Parkering", "tekst": null, "kategori": "parkering", "egenskaper": {"Geometri, punkt": "POINT(-32189.399010574212 6733272.4467571275)", "Ansiktsside, rettet mot": "Tosidig", "Skiltnummer": "552 - Parkering"}, "vegsystem": "KV5326 S2D1 m35", "mor": [1027296096]}, "geometry": {"type": "Point", "coordinates": [5.32327611, 60.3829817]}}, {"type": "Feature", "properties": {"nvdb_id": 1027296095, "skiltnummer": "807.8 - Symbol, forflytningshemmede med parkeringstillatelse", "tekst": null, "kategori": "parkering", "egenskaper": {"Geometri, punkt": "POINT(-32189.399010574212 6733272.4467571275)", "Ansiktsside, rettet mot": "Tosidig", "Skiltnummer": "807.8 - Symbol, forflytningshemmede med parkeringstillatelse"}, "vegsystem": "KV5326 S2D1 m35", "mor": [1027296096]}, "geometry": {"type": "Point", "coordinates": [5.32327611, 60.3829817]}}, {"type": "Feature", "properties": {"nvdb_id": 568878096, "skiltnummer": "808.619 - STOPP ved rødt blink Tunnel stengt/Stengd", "tekst": null, "kategori": "parkering", "egenskaper": {"Geometri, punkt": "POINT Z (-32661.5286328139 6733274.99882476 20.98)", "Ansiktsside, rettet mot": "Trafikk i metreringsretning", "Skiltform": "Plan", "Skiltnummer": "808.619 - STOPP ved rødt blink Tunnel stengt/Stengd", "Belysning": "Ingen"}, "vegsystem": "RV555 S1D1 m1381", "mor": [568878095]}, "geometry": {"type": "Point", "coordinates": [5.31482776, 60.38238456]}}, {"type": "Feature", "properties": {"nvdb_id": 568878094, "skiltnummer": "808.619 - STOPP ved rødt blink Tunnel stengt/Stengd", "tekst": null, "kategori": "parkering", "egenskaper": {"Plasseringskode": 20, "Geometri, punkt": "POINT Z (-32668.3940363027 6733283.32734702 20.981)", "Ansiktsside, rettet mot": "Trafikk i metreringsretning", "Skiltform": "Plan", "Skiltnummer": "808.619 - STOPP ved rødt blink Tunnel stengt/Stengd", "Belysning": "Ingen"}, "vegsystem": "RV555 S1D1 m1380", "mor": [82558554]}, "geometry": {"type": "Point", "coordinates": [5.31468292, 60.38244926]}}, {"type": "Feature", "properties": {"nvdb_id": 1027330111, "skiltnummer": "372 - Parkering forbudt", "tekst": null, "kategori": "forbud", "egenskaper": {"Geometri, punkt": "POINT(-32560.56132099754 6733280.349823295)", "Ansiktsside, rettet mot": "Tosidig", "Skiltnummer": "372 - Parkering forbudt"}, "vegsystem": "KV4382 S1D1 m1133", "mor": [1027330110]}, "geometry": {"type": "Point", "coordinates": [5.31661882, 60.3825645]}}, {"type": "Feature", "properties": {"nvdb_id": 1027326902, "skiltnummer": "372 - Parkering forbudt", "tekst": null, "kategori": "forbud", "egenskaper": {"Geometri, punkt": "POINT(-33441.371154325665 6733287.657464214)", "Ansiktsside, rettet mot": "Tosidig", "Skiltnummer": "372 - Parkering forbudt"}, "vegsystem": "KV5223 S1D1 m69", "mor": [1027326905]}, "geometry": {"type": "Point", "coordinates": [5.30085153, 60.38147179]}}, {"type": "Feature", "properties": {"nvdb_id": 1027352602, "skiltnummer": "372 - Parkering forbudt", "tekst": null, "kategori": "forbud", "egenskaper": {"Geometri, punkt": "POINT(-33039.406605268945 6733290.04057828)", "Ansiktsside, rettet mot": "Tosidig", "Skiltnummer": "372 - Parkering forbudt"}, "vegsystem": "KV5171 S1D1 m241", "mor": [1027352600]}, "geometry": {"type": "Point", "coordinates": [5.30803171, 60.3820213]}}, {"type": "Feature", "properties": {"nvdb_id": 1027329860, "skiltnummer": "808 - Underskilt med annen tekst", "tekst": null, "kategori": "parkering", "egenskaper": {"Geometri, punkt": "POINT(-33317.513447816484 6733300.859123371)", "Ansiktsside, rettet mot": "Parallelt mot veg", "Skiltnummer": "808 - Underskilt med annen tekst"}, "vegsystem": "KV9205 S2D1 m72", "mor": [1027329862]}, "geometry": {"type": "Point", "coordinates": [5.30303083, 60.3817515]}}, {"type": "Feature", "properties": {"nvdb_id": 1008852332, "skiltnummer": "808.611 - STOPP ved rødt blink Utrykning/Utrykking", "tekst": null, "kategori": "parkering", "egenskaper": {"Geometri, punkt": "POINT Z (-31546.4412664866 6733303.88716492 -999999)", "Ansiktsside, rettet mot": "Trafikk i metreringsretning", "Skiltnummer": "808.611 - STOPP ved rødt blink Utrykning/Utrykking", "Belysning": "Ingen"}, "vegsystem": "EV16 S1D1 m127", "mor": [1008852331]}, "geometry": {"type": "Point", "coordinates": [5.33468943, 60.38410308]}}, {"type": "Feature", "properties": {"nvdb_id": 82505875, "skiltnummer": "808.611 - STOPP ved rødt blink Utrykning/Utrykking", "tekst": null, "kategori": "parkering", "egenskaper": {"Geometri, punkt": "POINT Z (-31539.4622835868 6733304.10755385 -999999)", "Ansiktsside, rettet mot": "Trafikk i metreringsretning", "Skiltnummer": "808.611 - STOPP ved rødt blink Utrykning/Utrykking", "Belysning": "Ingen"}, "vegsystem": "EV16 S1D1 m130", "mor": [82505878]}, "geometry": {"type": "Point", "coordinates": [5.33481363, 60.38411419]}}, {"type": "Feature", "properties": {"nvdb_id": 1027297415, "skiltnummer": "372 - Parkering forbudt", "tekst": null, "kategori": "forbud", "egenskaper": {"Geometri, punkt": "POINT(-32169.69779271609 6733306.426340134)", "Ansiktsside, rettet mot": "Tosidig", "Skiltnummer": "372 - Parkering forbudt"}, "vegsystem": "KV5323 S1D1 m344", "mor": [1027297417]}, "geometry": {"type": "Point", "coordinates": [5.32353831, 60.38330829]}}, {"type": "Feature", "properties": {"nvdb_id": 1027296072, "skiltnummer": "372 - Parkering forbudt", "tekst": null, "kategori": "forbud", "egenskaper": {"Geometri, punkt": "POINT(-32157.852613786352 6733304.613998516)", "Ansiktsside, rettet mot": "Tosidig", "Skiltnummer": "372 - Parkering forbudt"}, "vegsystem": "KV16330 S1D1 m77", "mor": [1027296070]}, "geometry": {"type": "Point", "coordinates": [5.3237549, 60.3833078]}}, {"type": "Feature", "properties": {"nvdb_id": 1027358675, "skiltnummer": "376.1 - Parkeringssone", "tekst": "08 - 23 (08 - 17)Med p-kort eller mot avgift", "kategori": "boligsone", "egenskaper": {"Geometri, punkt": "POINT(-33223.53491440986 6733305.339331783)", "Ansiktsside, rettet mot": "Trafikk i metreringsretning", "Skiltnummer": "376.1 - Parkeringssone", "Tekst": "08 - 23 (08 - 17)Med p-kort eller mot avgift"}, "vegsystem": "KV4488 S1D1 m31", "mor": [1027358677]}, "geometry": {"type": "Point", "coordinates": [5.30469912, 60.38191469]}}, {"type": "Feature", "properties": {"nvdb_id": 1027358689, "skiltnummer": "376.1 - Parkeringssone", "tekst": "08 - 23 (08 - 17)Med p-kort eller mot avgift", "kategori": "boligsone", "egenskaper": {"Geometri, punkt": "POINT(-33223.31369513401 6733312.402159535)", "Ansiktsside, rettet mot": "Trafikk i metreringsretning", "Skiltnummer": "376.1 - Parkeringssone", "Tekst": "08 - 23 (08 - 17)Med p-kort eller mot avgift"}, "vegsystem": "KV4488 S1D1 m32", "mor": [1027358693]}, "geometry": {"type": "Point", "coordinates": [5.30468432, 60.3819775]}}, {"type": "Feature", "properties": {"nvdb_id": 1027620969, "skiltnummer": "372 - Parkering forbudt", "tekst": null, "kategori": "forbud", "egenskaper": {"Geometri, punkt": "POINT(-30697.856087482185 6733309.984678565)", "Ansiktsside, rettet mot": "Tosidig", "Skiltnummer": "372 - Parkering forbudt"}, "vegsystem": "KV4193 S1D1 m330", "mor": [1027620970]}, "geometry": {"type": "Point", "coordinates": [5.3498478, 60.3852683]}}, {"type": "Feature", "properties": {"nvdb_id": 1027330126, "skiltnummer": "808 - Underskilt med annen tekst", "tekst": "@807.2@", "kategori": "parkering", "egenskaper": {"Geometri, punkt": "POINT(-32606.91801334638 6733316.8288192665)", "Ansiktsside, rettet mot": "Trafikk i metreringsretning", "Skiltnummer": "808 - Underskilt med annen tekst", "Tekst": "@807.2@"}, "vegsystem": "KV4382 S1D1 m1193", "mor": [1027330127]}, "geometry": {"type": "Point", "coordinates": [5.31569321, 60.3828265]}}, {"type": "Feature", "properties": {"nvdb_id": 1008852329, "skiltnummer": "808.611 - STOPP ved rødt blink Utrykning/Utrykking", "tekst": null, "kategori": "parkering", "egenskaper": {"Geometri, punkt": "POINT Z (-31478.3854573528 6733313.93333143 -999999)", "Ansiktsside, rettet mot": "Trafikk i metreringsretning", "Skiltnummer": "808.611 - STOPP ved rødt blink Utrykning/Utrykking", "Belysning": "Ingen"}, "vegsystem": "EV16 S1D1 m506", "mor": [1008852328]}, "geometry": {"type": "Point", "coordinates": [5.33587977, 60.38428119]}}, {"type": "Feature", "properties": {"nvdb_id": 82505881, "skiltnummer": "808.612 - STOPP ved rødt blink Bruåpning/Bruopning", "tekst": null, "kategori": "parkering", "egenskaper": {"Geometri, punkt": "POINT Z (-31485.2646240195 6733321.50041476 -999999)", "Ansiktsside, rettet mot": "Trafikk i metreringsretning", "Skiltnummer": "808.612 - STOPP ved rødt blink Bruåpning/Bruopning", "Belysning": "Ingen"}, "vegsystem": "EV16 S1D1 m505", "mor": [82505884]}, "geometry": {"type": "Point", "coordinates": [5.33573672, 60.38433915]}}, {"type": "Feature", "properties": {"nvdb_id": 1027330129, "skiltnummer": "372 - Parkering forbudt", "tekst": null, "kategori": "forbud", "egenskaper": {"Geometri, punkt": "POINT(-32641.096547436435 6733327.006532943)", "Ansiktsside, rettet mot": "Tosidig", "Skiltnummer": "372 - Parkering forbudt"}, "vegsystem": "KV4382 S1D1 m1225", "mor": [1027330131]}, "geometry": {"type": "Point", "coordinates": [5.31505511, 60.3828717]}}, {"type": "Feature", "properties": {"nvdb_id": 1027347924, "skiltnummer": "372 - Parkering forbudt", "tekst": null, "kategori": "forbud", "egenskaper": {"Geometri, punkt": "POINT(-33227.875304626185 6733327.632625188)", "Ansiktsside, rettet mot": "Tosidig", "Skiltnummer": "372 - Parkering forbudt"}, "vegsystem": "KV5065 S1D1 m103", "mor": [1027347926]}, "geometry": {"type": "Point", "coordinates": [5.30456232, 60.3821063]}}, {"type": "Feature", "properties": {"nvdb_id": 1027330138, "skiltnummer": "808 - Underskilt med annen tekst", "tekst": "@807.2@", "kategori": "parkering", "egenskaper": {"Geometri, punkt": "POINT(-32632.002808360616 6733332.69630602)", "Ansiktsside, rettet mot": "Trafikk i metreringsretning", "Skiltnummer": "808 - Underskilt med annen tekst", "Tekst": "@807.2@"}, "vegsystem": "KV4382 S1D1 m1222", "mor": [1027330142]}, "geometry": {"type": "Point", "coordinates": [5.31520261, 60.38293399]}}, {"type": "Feature", "properties": {"nvdb_id": 1027296062, "skiltnummer": "372 - Parkering forbudt", "tekst": null, "kategori": "forbud", "egenskaper": {"Geometri, punkt": "POINT(-32146.060257102945 6733332.59162411)", "Ansiktsside, rettet mot": "Tosidig", "Skiltnummer": "372 - Parkering forbudt"}, "vegsystem": "KV16330 S1D1 m48", "mor": [1027296064]}, "geometry": {"type": "Point", "coordinates": [5.32389161, 60.3835709]}}, {"type": "Feature", "properties": {"nvdb_id": 1027297421, "skiltnummer": "372 - Parkering forbudt", "tekst": null, "kategori": "forbud", "egenskaper": {"Geometri, punkt": "POINT(-32217.208589133923 6733335.320260332)", "Ansiktsside, rettet mot": "Tosidig", "Skiltnummer": "372 - Parkering forbudt"}, "vegsystem": "KV5323 S1D1 m289", "mor": [1027297423]}, "geometry": {"type": "Point", "coordinates": [5.32261221, 60.38350169]}}, {"type": "Feature", "properties": {"nvdb_id": 1027330135, "skiltnummer": "372 - Parkering forbudt", "tekst": null, "kategori": "forbud", "egenskaper": {"Geometri, punkt": "POINT(-32640.675603269716 6733342.43434186)", "Ansiktsside, rettet mot": "Tosidig", "Skiltnummer": "372 - Parkering forbudt"}, "vegsystem": "KV4382 S1D1 m1235", "mor": [1027330133]}, "geometry": {"type": "Point", "coordinates": [5.31502171, 60.38300879]}}, {"type": "Feature", "properties": {"nvdb_id": 1027297046, "skiltnummer": "372 - Parkering forbudt", "tekst": null, "kategori": "forbud", "egenskaper": {"Geometri, punkt": "POINT(-31992.24378340901 6733340.570889605)", "Ansiktsside, rettet mot": "Tosidig", "Skiltnummer": "372 - Parkering forbudt"}, "vegsystem": "KV5304 S1D1 m392", "mor": [1027297048]}, "geometry": {"type": "Point", "coordinates": [5.32662081, 60.3838433]}}, {"type": "Feature", "properties": {"nvdb_id": 1027328893, "skiltnummer": "552 - Parkering", "tekst": null, "kategori": "parkering", "egenskaper": {"Geometri, punkt": "POINT(-33516.64519977593 6733340.931905549)", "Ansiktsside, rettet mot": "Tosidig", "Skiltnummer": "552 - Parkering"}, "vegsystem": "KV5223 S1D1 m170", "mor": [1027328895]}, "geometry": {"type": "Point", "coordinates": [5.29936423, 60.3818443]}}, {"type": "Feature", "properties": {"nvdb_id": 1027328894, "skiltnummer": "807.8 - Symbol, forflytningshemmede med parkeringstillatelse", "tekst": null, "kategori": "parkering", "egenskaper": {"Geometri, punkt": "POINT(-33516.64519977593 6733340.931905549)", "Ansiktsside, rettet mot": "Tosidig", "Skiltnummer": "807.8 - Symbol, forflytningshemmede med parkeringstillatelse"}, "vegsystem": "KV5223 S1D1 m170", "mor": [1027328895]}, "geometry": {"type": "Point", "coordinates": [5.29936423, 60.3818443]}}, {"type": "Feature", "properties": {"nvdb_id": 1027297428, "skiltnummer": "808 - Underskilt med annen tekst", "tekst": null, "kategori": "parkering", "egenskaper": {"Geometri, punkt": "POINT(-32220.133143441868 6733338.341128176)", "Ansiktsside, rettet mot": "Trafikk i metreringsretning", "Skiltnummer": "808 - Underskilt med annen tekst"}, "vegsystem": "KV5323 S1D1 m285", "mor": [1027297432]}, "geometry": {"type": "Point", "coordinates": [5.32255191, 60.3835246]}}, {"type": "Feature", "properties": {"nvdb_id": 1027296052, "skiltnummer": "372 - Parkering forbudt", "tekst": null, "kategori": "forbud", "egenskaper": {"Geometri, punkt": "POINT(-32127.113223729073 6733338.471479043)", "Ansiktsside, rettet mot": "Parallelt mot veg", "Skiltnummer": "372 - Parkering forbudt"}, "vegsystem": "KV16330 S1D1 m32", "mor": [1027296054]}, "geometry": {"type": "Point", "coordinates": [5.32421482, 60.38364779]}}, {"type": "Feature", "properties": {"nvdb_id": 1027347936, "skiltnummer": "808.519 - Kjøring til eiendommene tillatt/Køyring til eigedomane tillete", "tekst": null, "kategori": "parkering", "egenskaper": {"Geometri, punkt": "POINT(-33227.8772568648 6733338.615413347)", "Ansiktsside, rettet mot": "Trafikk mot metreringsretning", "Skiltnummer": "808.519 - Kjøring til eiendommene tillatt/Køyring til eigedomane tillete"}, "vegsystem": "KV5065 S1D1 m92", "mor": [1027347938]}, "geometry": {"type": "Point", "coordinates": [5.30453313, 60.38220349]}}, {"type": "Feature", "properties": {"nvdb_id": 1027347940, "skiltnummer": "372 - Parkering forbudt", "tekst": null, "kategori": "forbud", "egenskaper": {"Geometri, punkt": "POINT(-33233.059164275415 6733339.351190235)", "Ansiktsside, rettet mot": "Tosidig", "Skiltnummer": "372 - Parkering forbudt"}, "vegsystem": "KV5065 S1D1 m91", "mor": [1027347942]}, "geometry": {"type": "Point", "coordinates": [5.30443852, 60.3822032]}}, {"type": "Feature", "properties": {"nvdb_id": 1027328884, "skiltnummer": "807.8 - Symbol, forflytningshemmede med parkeringstillatelse", "tekst": null, "kategori": "parkering", "egenskaper": {"Geometri, punkt": "POINT(-33522.78633344767 6733343.042245839)", "Ansiktsside, rettet mot": "Trafikk i metreringsretning", "Skiltnummer": "807.8 - Symbol, forflytningshemmede med parkeringstillatelse"}, "vegsystem": "KV5223 S1D1 m177", "mor": [1027328888]}, "geometry": {"type": "Point", "coordinates": [5.29924883, 60.3818549]}}, {"type": "Feature", "properties": {"nvdb_id": 1027328886, "skiltnummer": "552 - Parkering", "tekst": null, "kategori": "parkering", "egenskaper": {"Geometri, punkt": "POINT(-33522.78633344767 6733343.042245839)", "Ansiktsside, rettet mot": "Trafikk i metreringsretning", "Skiltnummer": "552 - Parkering"}, "vegsystem": "KV5223 S1D1 m177", "mor": [1027328888]}, "geometry": {"type": "Point", "coordinates": [5.29924883, 60.3818549]}}, {"type": "Feature", "properties": {"nvdb_id": 1027351587, "skiltnummer": "372 - Parkering forbudt", "tekst": null, "kategori": "forbud", "egenskaper": {"Geometri, punkt": "POINT(-33072.75799405796 6733347.791755925)", "Ansiktsside, rettet mot": "Tosidig", "Skiltnummer": "372 - Parkering forbudt"}, "vegsystem": "KV5171 S1D1 m175", "mor": [1027351589]}, "geometry": {"type": "Point", "coordinates": [5.30728212, 60.3824886]}}, {"type": "Feature", "properties": {"nvdb_id": 1027351593, "skiltnummer": "372 - Parkering forbudt", "tekst": null, "kategori": "forbud", "egenskaper": {"Geometri, punkt": "POINT(-33078.49311724759 6733347.061526772)", "Ansiktsside, rettet mot": "Tosidig", "Skiltnummer": "372 - Parkering forbudt"}, "vegsystem": "KV5171 S1D1 m171", "mor": [1027351595]}, "geometry": {"type": "Point", "coordinates": [5.30718152, 60.3824746]}}, {"type": "Feature", "properties": {"nvdb_id": 1027297345, "skiltnummer": "372 - Parkering forbudt", "tekst": null, "kategori": "forbud", "egenskaper": {"Geometri, punkt": "POINT(-32227.182206249796 6733357.565077071)", "Ansiktsside, rettet mot": "Tosidig", "Skiltnummer": "372 - Parkering forbudt"}, "vegsystem": "KV5323 S1D1 m267", "mor": [1027297347]}, "geometry": {"type": "Point", "coordinates": [5.32237492, 60.3836855]}}, {"type": "Feature", "properties": {"nvdb_id": 1027297523, "skiltnummer": "372 - Parkering forbudt", "tekst": null, "kategori": "forbud", "egenskaper": {"Geometri, punkt": "POINT(-32217.564651060384 6733354.647880889)", "Ansiktsside, rettet mot": "Tosidig", "Skiltnummer": "372 - Parkering forbudt"}, "vegsystem": "KV5195 S7D1 m72", "mor": [1027297527]}, "geometry": {"type": "Point", "coordinates": [5.32255461, 60.3836723]}}, {"type": "Feature", "properties": {"nvdb_id": 1027297033, "skiltnummer": "807.8 - Symbol, forflytningshemmede med parkeringstillatelse", "tekst": null, "kategori": "parkering", "egenskaper": {"Geometri, punkt": "POINT(-32024.924050755217 6733355.231944908)", "Ansiktsside, rettet mot": "Trafikk i metreringsretning", "Skiltnummer": "807.8 - Symbol, forflytningshemmede med parkeringstillatelse"}, "vegsystem": "KV5304 S1D1 m358", "mor": [1027297034]}, "geometry": {"type": "Point", "coordinates": [5.32599761, 60.3839302]}}, {"type": "Feature", "properties": {"nvdb_id": 1027297035, "skiltnummer": "552 - Parkering", "tekst": null, "kategori": "parkering", "egenskaper": {"Geometri, punkt": "POINT(-32024.924050755217 6733355.231944908)", "Ansiktsside, rettet mot": "Trafikk i metreringsretning", "Skiltnummer": "552 - Parkering"}, "vegsystem": "KV5304 S1D1 m358", "mor": [1027297034]}, "geometry": {"type": "Point", "coordinates": [5.32599761, 60.3839302]}}, {"type": "Feature", "properties": {"nvdb_id": 1027326074, "skiltnummer": "376.1 - Parkeringssone", "tekst": "08 - 23 (08 - 17) Med p-kort eller mot avgift", "kategori": "boligsone", "egenskaper": {"Geometri, punkt": "POINT(-33293.36171491968 6733359.822134393)", "Ansiktsside, rettet mot": "Trafikk mot metreringsretning", "Skiltnummer": "376.1 - Parkeringssone", "Tekst": "08 - 23 (08 - 17) Med p-kort eller mot avgift"}, "vegsystem": "KV4569 S1D1 m1068", "mor": [1027326080]}, "geometry": {"type": "Point", "coordinates": [5.30330602, 60.3823051]}}, {"type": "Feature", "properties": {"nvdb_id": 1027297354, "skiltnummer": "552 - Parkering", "tekst": null, "kategori": "parkering", "egenskaper": {"Geometri, punkt": "POINT(-32244.711952914833 6733360.265656231)", "Ansiktsside, rettet mot": "Tosidig", "Skiltnummer": "552 - Parkering"}, "vegsystem": "KV5323 S1D1 m252", "mor": [1027297357]}, "geometry": {"type": "Point", "coordinates": [5.32205431, 60.3836864]}}, {"type": "Feature", "properties": {"nvdb_id": 1027297356, "skiltnummer": "807.8 - Symbol, forflytningshemmede med parkeringstillatelse", "tekst": null, "kategori": "parkering", "egenskaper": {"Geometri, punkt": "POINT(-32244.711952914833 6733360.265656231)", "Ansiktsside, rettet mot": "Tosidig", "Skiltnummer": "807.8 - Symbol, forflytningshemmede med parkeringstillatelse"}, "vegsystem": "KV5323 S1D1 m252", "mor": [1027297357]}, "geometry": {"type": "Point", "coordinates": [5.32205431, 60.3836864]}}, {"type": "Feature", "properties": {"nvdb_id": 1027326100, "skiltnummer": "376.1 - Parkeringssone", "tekst": "08 - 23 (08 - 17) Med p-kort mot avgift", "kategori": "boligsone", "egenskaper": {"Geometri, punkt": "POINT(-33291.09695385222 6733365.654909495)", "Ansiktsside, rettet mot": "Trafikk mot metreringsretning", "Skiltnummer": "376.1 - Parkeringssone", "Tekst": "08 - 23 (08 - 17) Med p-kort mot avgift"}, "vegsystem": "KV4569 S1D1 m1070", "mor": [1027326103]}, "geometry": {"type": "Point", "coordinates": [5.30333102, 60.3823597]}}, {"type": "Feature", "properties": {"nvdb_id": 1027326122, "skiltnummer": "372 - Parkering forbudt", "tekst": null, "kategori": "forbud", "egenskaper": {"Geometri, punkt": "POINT(-33304.42716424726 6733370.990904895)", "Ansiktsside, rettet mot": "Tosidig", "Skiltnummer": "372 - Parkering forbudt"}, "vegsystem": "KV4569 S1D1 m1057", "mor": [1027326124]}, "geometry": {"type": "Point", "coordinates": [5.30307852, 60.3823894]}}, {"type": "Feature", "properties": {"nvdb_id": 1027297022, "skiltnummer": "807.8 - Symbol, forflytningshemmede med parkeringstillatelse", "tekst": null, "kategori": "parkering", "egenskaper": {"Geometri, punkt": "POINT(-32029.21884878096 6733361.686973475)", "Ansiktsside, rettet mot": "Tosidig", "Skiltnummer": "807.8 - Symbol, forflytningshemmede med parkeringstillatelse"}, "vegsystem": "KV5304 S1D1 m351", "mor": [1027297026]}, "geometry": {"type": "Point", "coordinates": [5.32590371, 60.3839817]}}, {"type": "Feature", "properties": {"nvdb_id": 1027297024, "skiltnummer": "552 - Parkering", "tekst": null, "kategori": "parkering", "egenskaper": {"Geometri, punkt": "POINT(-32029.21884878096 6733361.686973475)", "Ansiktsside, rettet mot": "Tosidig", "Skiltnummer": "552 - Parkering"}, "vegsystem": "KV5304 S1D1 m351", "mor": [1027297026]}, "geometry": {"type": "Point", "coordinates": [5.32590371, 60.3839817]}}, {"type": "Feature", "properties": {"nvdb_id": 1027326117, "skiltnummer": "372 - Parkering forbudt", "tekst": null, "kategori": "forbud", "egenskaper": {"Geometri, punkt": "POINT(-33335.483779643546 6733367.017410699)", "Ansiktsside, rettet mot": "Tosidig", "Skiltnummer": "372 - Parkering forbudt"}, "vegsystem": "KV4569 S1D1 m1025", "mor": [1027326119]}, "geometry": {"type": "Point", "coordinates": [5.30253382, 60.38231339]}}, {"type": "Feature", "properties": {"nvdb_id": 1027297362, "skiltnummer": "372 - Parkering forbudt", "tekst": null, "kategori": "forbud", "egenskaper": {"Geometri, punkt": "POINT(-32239.6131425685 6733367.949529425)", "Ansiktsside, rettet mot": "Trafikk mot metreringsretning", "Skiltnummer": "372 - Parkering forbudt"}, "vegsystem": "KV5323 S1D1 m251", "mor": [1027297363]}, "geometry": {"type": "Point", "coordinates": [5.32212511, 60.3837611]}}, {"type": "Feature", "properties": {"nvdb_id": 1027297365, "skiltnummer": "808 - Underskilt med annen tekst", "tekst": "Skole", "kategori": "parkering", "egenskaper": {"Geometri, punkt": "POINT(-32250.624230182846 6733365.390362702)", "Ansiktsside, rettet mot": "Trafikk i metreringsretning", "Skiltnummer": "808 - Underskilt med annen tekst", "Tekst": "Skole"}, "vegsystem": "KV5323 S1D1 m244", "mor": [1027297369]}, "geometry": {"type": "Point", "coordinates": [5.32193502, 60.38372399]}}, {"type": "Feature", "properties": {"nvdb_id": 1027326158, "skiltnummer": "372 - Parkering forbudt", "tekst": null, "kategori": "forbud", "egenskaper": {"Geometri, punkt": "POINT(-33394.540468602325 6733366.017853268)", "Ansiktsside, rettet mot": "Tosidig", "Skiltnummer": "372 - Parkering forbudt"}, "vegsystem": "KV4569 S1D1 m966", "mor": [1027326160]}, "geometry": {"type": "Point", "coordinates": [5.30148063, 60.3822269]}}, {"type": "Feature", "properties": {"nvdb_id": 1027296267, "skiltnummer": "372 - Parkering forbudt", "tekst": null, "kategori": "forbud", "egenskaper": {"Geometri, punkt": "POINT(-32101.072460828116 6733369.421415879)", "Ansiktsside, rettet mot": "Tosidig", "Skiltnummer": "372 - Parkering forbudt"}, "vegsystem": "KV5326 S1D1 m86", "mor": [1027296269]}, "geometry": {"type": "Point", "coordinates": [5.32459842, 60.38395589]}}, {"type": "Feature", "properties": {"nvdb_id": 1027297007, "skiltnummer": "552 - Parkering", "tekst": null, "kategori": "parkering", "egenskaper": {"Geometri, punkt": "POINT(-32028.96175247105 6733373.195582384)", "Ansiktsside, rettet mot": "Tosidig", "Skiltnummer": "552 - Parkering"}, "vegsystem": "KV5304 S1D1 m343", "mor": [1027297009]}, "geometry": {"type": "Point", "coordinates": [5.3258778, 60.3840839]}}, {"type": "Feature", "properties": {"nvdb_id": 1027297008, "skiltnummer": "808 - Underskilt med annen tekst", "tekst": "For bildeling med gyldig tillatelse", "kategori": "parkering", "egenskaper": {"Geometri, punkt": "POINT(-32028.96175247105 6733373.195582384)", "Ansiktsside, rettet mot": "Tosidig", "Skiltnummer": "808 - Underskilt med annen tekst", "Tekst": "For bildeling med gyldig tillatelse"}, "vegsystem": "KV5304 S1D1 m343", "mor": [1027297009]}, "geometry": {"type": "Point", "coordinates": [5.3258778, 60.3840839]}}, {"type": "Feature", "properties": {"nvdb_id": 1027297084, "skiltnummer": "372 - Parkering forbudt", "tekst": null, "kategori": "forbud", "egenskaper": {"Geometri, punkt": "POINT(-32115.09617466759 6733376.380854707)", "Ansiktsside, rettet mot": "Tosidig", "Skiltnummer": "372 - Parkering forbudt"}, "vegsystem": "KV14410 S1D1 m279", "mor": [1027297086]}, "geometry": {"type": "Point", "coordinates": [5.32432921, 60.3839991]}}, {"type": "Feature", "properties": {"nvdb_id": 1027326135, "skiltnummer": "372 - Parkering forbudt", "tekst": null, "kategori": "forbud", "egenskaper": {"Geometri, punkt": "POINT(-33416.029085723916 6733377.956065889)", "Ansiktsside, rettet mot": "Tosidig", "Skiltnummer": "372 - Parkering forbudt"}, "vegsystem": "KV4569 S1D1 m943", "mor": [1027326137]}, "geometry": {"type": "Point", "coordinates": [5.30106472, 60.3823043]}}, {"type": "Feature", "properties": {"nvdb_id": 1008852319, "skiltnummer": "808.319 - Gjelder ikke (motorvogntype)/ Gjeld ikkje (motorvogntype)", "tekst": "Gjelder ikke@@motorsykkel", "kategori": "parkering", "egenskaper": {"Plasseringskode": 30, "Geometri, punkt": "POINT Z (-31491.8701542362 6733375.51870415 -999999)", "Ansiktsside, rettet mot": "Trafikk i metreringsretning", "Skiltform": "Plan", "Skiltnummer": "808.319 - Gjelder ikke (motorvogntype)/ Gjeld ikkje (motorvogntype)", "Tekst": "Gjelder ikke@@motorsykkel"}, "vegsystem": "EV16 S1D1 m441", "mor": [1008852316]}, "geometry": {"type": "Point", "coordinates": [5.3354756, 60.38480863]}}, {"type": "Feature", "properties": {"nvdb_id": 1027297824, "skiltnummer": "372 - Parkering forbudt", "tekst": null, "kategori": "forbud", "egenskaper": {"Geometri, punkt": "POINT(-32191.263227904215 6733379.276845318)", "Ansiktsside, rettet mot": "Tosidig", "Skiltnummer": "372 - Parkering forbudt"}, "vegsystem": "KV4676 S1D1 m245", "mor": [1027297826]}, "geometry": {"type": "Point", "coordinates": [5.32295962, 60.3839248]}}, {"type": "Feature", "properties": {"nvdb_id": 1027347871, "skiltnummer": "376.1 - Parkeringssone", "tekst": "08 - 23 (08 - 17)Med p-kort eller mot avgift", "kategori": "boligsone", "egenskaper": {"Geometri, punkt": "POINT(-33268.76703105902 6733380.088452756)", "Ansiktsside, rettet mot": "Trafikk i metreringsretning", "Skiltnummer": "376.1 - Parkeringssone", "Tekst": "08 - 23 (08 - 17)Med p-kort eller mot avgift"}, "vegsystem": "KV4865 S1D1 m12", "mor": [1027347866]}, "geometry": {"type": "Point", "coordinates": [5.30369192, 60.38251679]}}, {"type": "Feature", "properties": {"nvdb_id": 1027326171, "skiltnummer": "372 - Parkering forbudt", "tekst": null, "kategori": "forbud", "egenskaper": {"Geometri, punkt": "POINT(-33474.93721339328 6733380.856503213)", "Ansiktsside, rettet mot": "Tosidig", "Skiltnummer": "372 - Parkering forbudt"}, "vegsystem": "KV4569 S1D1 m885", "mor": [1027326173]}, "geometry": {"type": "Point", "coordinates": [5.30000383, 60.3822525]}}, {"type": "Feature", "properties": {"nvdb_id": 1027297373, "skiltnummer": "808 - Underskilt med annen tekst", "tekst": "Reservert bildeling med gyldig tillatelse", "kategori": "parkering", "egenskaper": {"Geometri, punkt": "POINT(-32269.622883734526 6733380.929048803)", "Ansiktsside, rettet mot": "Trafikk i metreringsretning", "Skiltnummer": "808 - Underskilt med annen tekst", "Tekst": "Reservert bildeling med gyldig tillatelse"}, "vegsystem": "KV5323 S1D1 m220", "mor": [1027297377]}, "geometry": {"type": "Point", "coordinates": [5.32155411, 60.3838366]}}, {"type": "Feature", "properties": {"nvdb_id": 1027297375, "skiltnummer": "552 - Parkering", "tekst": null, "kategori": "parkering", "egenskaper": {"Geometri, punkt": "POINT(-32269.622883734526 6733380.929048803)", "Ansiktsside, rettet mot": "Trafikk i metreringsretning", "Skiltnummer": "552 - Parkering"}, "vegsystem": "KV5323 S1D1 m220", "mor": [1027297377]}, "geometry": {"type": "Point", "coordinates": [5.32155411, 60.3838366]}}, {"type": "Feature", "properties": {"nvdb_id": 1027297534, "skiltnummer": "372 - Parkering forbudt", "tekst": null, "kategori": "forbud", "egenskaper": {"Geometri, punkt": "POINT(-32201.28653675795 6733383.530837533)", "Ansiktsside, rettet mot": "Tosidig", "Skiltnummer": "372 - Parkering forbudt"}, "vegsystem": "KV5195 S7D1 m40", "mor": [1027297536]}, "geometry": {"type": "Point", "coordinates": [5.3227691, 60.3839493]}}, {"type": "Feature", "properties": {"nvdb_id": 1027347877, "skiltnummer": "807.6 - Symbol, sykkel og liten elektrisk motorvogn", "tekst": null, "kategori": "parkering", "egenskaper": {"Geometri, punkt": "POINT(-33267.590949642705 6733381.416506441)", "Ansiktsside, rettet mot": "Parallelt mot veg", "Skiltnummer": "807.6 - Symbol, sykkel og liten elektrisk motorvogn"}, "vegsystem": "KV4865 S1D1 m13", "mor": [1027347880]}, "geometry": {"type": "Point", "coordinates": [5.30370942, 60.3825301]}}, {"type": "Feature", "properties": {"nvdb_id": 1027330294, "skiltnummer": "372 - Parkering forbudt", "tekst": null, "kategori": "forbud", "egenskaper": {"Geometri, punkt": "POINT(-32704.901518308325 6733382.673449889)", "Ansiktsside, rettet mot": "Tosidig", "Skiltnummer": "372 - Parkering forbudt"}, "vegsystem": "KV4382 S1D1 m1311", "mor": [1027330296]}, "geometry": {"type": "Point", "coordinates": [5.31376661, 60.38328059]}}, {"type": "Feature", "properties": {"nvdb_id": 1027347857, "skiltnummer": "807.6 - Symbol, sykkel og liten elektrisk motorvogn", "tekst": null, "kategori": "parkering", "egenskaper": {"Geometri, punkt": "POINT(-33272.35795097647 6733383.06242545)", "Ansiktsside, rettet mot": "Parallelt mot veg", "Skiltnummer": "807.6 - Symbol, sykkel og liten elektrisk motorvogn"}, "vegsystem": "KV4865 S1D1 m11", "mor": [1027347861]}, "geometry": {"type": "Point", "coordinates": [5.30361982, 60.38253839]}}, {"type": "Feature", "properties": {"nvdb_id": 1027347847, "skiltnummer": "376.1 - Parkeringssone", "tekst": "08 - 23 (08 - 17) Med p-kort eller mot avgift", "kategori": "boligsone", "egenskaper": {"Geometri, punkt": "POINT(-33271.79415735626 6733386.481335256)", "Ansiktsside, rettet mot": "Trafikk i metreringsretning", "Skiltnummer": "376.1 - Parkeringssone", "Tekst": "08 - 23 (08 - 17) Med p-kort eller mot avgift"}, "vegsystem": "KV4865 S1D1 m13", "mor": [1027347854]}, "geometry": {"type": "Point", "coordinates": [5.30362082, 60.38256939]}}, {"type": "Feature", "properties": {"nvdb_id": 1027297510, "skiltnummer": "372 - Parkering forbudt", "tekst": null, "kategori": "forbud", "egenskaper": {"Geometri, punkt": "POINT(-32341.90353529749 6733384.28009669)", "Ansiktsside, rettet mot": "Tosidig", "Skiltnummer": "372 - Parkering forbudt"}, "vegsystem": "KV5051 S1D1 m89", "mor": [1027297512]}, "geometry": {"type": "Point", "coordinates": [5.3202528, 60.3837714]}}, {"type": "Feature", "properties": {"nvdb_id": 1027297545, "skiltnummer": "372 - Parkering forbudt", "tekst": null, "kategori": "forbud", "egenskaper": {"Geometri, punkt": "POINT(-32185.61203411536 6733385.444001529)", "Ansiktsside, rettet mot": "Tosidig", "Skiltnummer": "372 - Parkering forbudt"}, "vegsystem": "KV5195 S7D1 m28", "mor": [1027297543]}, "geometry": {"type": "Point", "coordinates": [5.32304431, 60.3839868]}}, {"type": "Feature", "properties": {"nvdb_id": 1027297011, "skiltnummer": "808 - Underskilt med annen tekst", "tekst": "08 - 23 Alle dager @831 Maks 4 timer", "kategori": "parkering", "egenskaper": {"Geometri, punkt": "POINT(-32046.90075664257 6733389.434574711)", "Ansiktsside, rettet mot": "Tosidig", "Skiltnummer": "808 - Underskilt med annen tekst", "Tekst": "08 - 23 Alle dager @831 Maks 4 timer"}, "vegsystem": "KV5304 S1D1 m319", "mor": [1027297015]}, "geometry": {"type": "Point", "coordinates": [5.325514, 60.3842041]}}, {"type": "Feature", "properties": {"nvdb_id": 1027297013, "skiltnummer": "552 - Parkering", "tekst": null, "kategori": "parkering", "egenskaper": {"Geometri, punkt": "POINT(-32046.90075664257 6733389.434574711)", "Ansiktsside, rettet mot": "Tosidig", "Skiltnummer": "552 - Parkering"}, "vegsystem": "KV5304 S1D1 m319", "mor": [1027297015]}, "geometry": {"type": "Point", "coordinates": [5.325514, 60.3842041]}}, {"type": "Feature", "properties": {"nvdb_id": 1027330290, "skiltnummer": "372 - Parkering forbudt", "tekst": null, "kategori": "forbud", "egenskaper": {"Geometri, punkt": "POINT(-32697.51634599734 6733389.588264358)", "Ansiktsside, rettet mot": "Tosidig", "Skiltnummer": "372 - Parkering forbudt"}, "vegsystem": "KV4382 S1D1 m1309", "mor": [1027330292]}, "geometry": {"type": "Point", "coordinates": [5.31388032, 60.3833515]}}, {"type": "Feature", "properties": {"nvdb_id": 1027349569, "skiltnummer": "372 - Parkering forbudt", "tekst": null, "kategori": "forbud", "egenskaper": {"Geometri, punkt": "POINT(-33148.60789259791 6733386.613181342)", "Ansiktsside, rettet mot": "Tosidig", "Skiltnummer": "372 - Parkering forbudt"}, "vegsystem": "KV5171 S1D1 m90", "mor": [1027349571]}, "geometry": {"type": "Point", "coordinates": [5.30582292, 60.3827325]}}, {"type": "Feature", "properties": {"nvdb_id": 1027295479, "skiltnummer": "808.351 - Gjelder/Gjeld (snuplassen, torget o.l.)", "tekst": null, "kategori": "parkering", "egenskaper": {"Geometri, punkt": "POINT(-31729.10275573295 6733389.179661613)", "Ansiktsside, rettet mot": "Tosidig", "Skiltnummer": "808.351 - Gjelder/Gjeld (snuplassen, torget o.l.)"}, "vegsystem": "KV4621 S1D1 m145", "mor": [1027295480]}, "geometry": {"type": "Point", "coordinates": [5.3311973, 60.3846186]}}, {"type": "Feature", "properties": {"nvdb_id": 1027295481, "skiltnummer": "372 - Parkering forbudt", "tekst": null, "kategori": "forbud", "egenskaper": {"Geometri, punkt": "POINT(-31729.10275573295 6733389.179661613)", "Ansiktsside, rettet mot": "Tosidig", "Skiltnummer": "372 - Parkering forbudt"}, "vegsystem": "KV4621 S1D1 m145", "mor": [1027295480]}, "geometry": {"type": "Point", "coordinates": [5.3311973, 60.3846186]}}, {"type": "Feature", "properties": {"nvdb_id": 1027329891, "skiltnummer": "372 - Parkering forbudt", "tekst": null, "kategori": "forbud", "egenskaper": {"Geometri, punkt": "POINT(-33331.49578809214 6733390.887141562)", "Ansiktsside, rettet mot": "Trafikk i metreringsretning", "Skiltnummer": "372 - Parkering forbudt"}, "vegsystem": "KV9205 S3D1 m34", "mor": [1027329893]}, "geometry": {"type": "Point", "coordinates": [5.30254172, 60.3825299]}}, {"type": "Feature", "properties": {"nvdb_id": 1027326510, "skiltnummer": "372 - Parkering forbudt", "tekst": null, "kategori": "forbud", "egenskaper": {"Geometri, punkt": "POINT(-33403.77031107759 6733390.292242023)", "Ansiktsside, rettet mot": "Trafikk mot metreringsretning", "Skiltnummer": "372 - Parkering forbudt"}, "vegsystem": "KV5013 S1D1 m395", "mor": [1027326512]}, "geometry": {"type": "Point", "coordinates": [5.30125113, 60.3824296]}}, {"type": "Feature", "properties": {"nvdb_id": 1027295485, "skiltnummer": "807.8 - Symbol, forflytningshemmede med parkeringstillatelse", "tekst": null, "kategori": "parkering", "egenskaper": {"Geometri, punkt": "POINT(-31719.662367764628 6733393.373883133)", "Ansiktsside, rettet mot": "Tosidig", "Skiltnummer": "807.8 - Symbol, forflytningshemmede med parkeringstillatelse"}, "vegsystem": "KV4621 S1D1 m145", "mor": [1027295488]}, "geometry": {"type": "Point", "coordinates": [5.33135501, 60.3846681]}}, {"type": "Feature", "properties": {"nvdb_id": 1027295486, "skiltnummer": "552 - Parkering", "tekst": null, "kategori": "parkering", "egenskaper": {"Geometri, punkt": "POINT(-31719.662367764628 6733393.373883133)", "Ansiktsside, rettet mot": "Tosidig", "Skiltnummer": "552 - Parkering"}, "vegsystem": "KV4621 S1D1 m145", "mor": [1027295488]}, "geometry": {"type": "Point", "coordinates": [5.33135501, 60.3846681]}}, {"type": "Feature", "properties": {"nvdb_id": 1027349573, "skiltnummer": "372 - Parkering forbudt", "tekst": null, "kategori": "forbud", "egenskaper": {"Geometri, punkt": "POINT(-33149.380560259335 6733393.010077783)", "Ansiktsside, rettet mot": "Tosidig", "Skiltnummer": "372 - Parkering forbudt"}, "vegsystem": "KV5171 S1D1 m87", "mor": [1027349575]}, "geometry": {"type": "Point", "coordinates": [5.30579211, 60.3827881]}}, {"type": "Feature", "properties": {"nvdb_id": 1027297505, "skiltnummer": "807.8 - Symbol, forflytningshemmede med parkeringstillatelse", "tekst": null, "kategori": "parkering", "egenskaper": {"Geometri, punkt": "POINT(-32336.04048582085 6733391.421208476)", "Ansiktsside, rettet mot": "Tosidig", "Skiltnummer": "807.8 - Symbol, forflytningshemmede med parkeringstillatelse"}, "vegsystem": "KV5051 S1D1 m83", "mor": [1027297508]}, "geometry": {"type": "Point", "coordinates": [5.32033872, 60.3838423]}}, {"type": "Feature", "properties": {"nvdb_id": 1027297506, "skiltnummer": "552 - Parkering", "tekst": null, "kategori": "parkering", "egenskaper": {"Geometri, punkt": "POINT(-32336.04048582085 6733391.421208476)", "Ansiktsside, rettet mot": "Tosidig", "Skiltnummer": "552 - Parkering"}, "vegsystem": "KV5051 S1D1 m83", "mor": [1027297508]}, "geometry": {"type": "Point", "coordinates": [5.32033872, 60.3838423]}}, {"type": "Feature", "properties": {"nvdb_id": 1027296996, "skiltnummer": "372 - Parkering forbudt", "tekst": null, "kategori": "forbud", "egenskaper": {"Geometri, punkt": "POINT(-32054.7492287606 6733396.551905424)", "Ansiktsside, rettet mot": "Tosidig", "Skiltnummer": "372 - Parkering forbudt"}, "vegsystem": "KV5304 S1D1 m309", "mor": [1027296998]}, "geometry": {"type": "Point", "coordinates": [5.32535481, 60.3842568]}}, {"type": "Feature", "properties": {"nvdb_id": 1027326840, "skiltnummer": "808.301 - Gjelder gjennomkjøring/Gjeld gjennomkøyring", "tekst": null, "kategori": "parkering", "egenskaper": {"Geometri, punkt": "POINT(-33475.74528617971 6733395.066462965)", "Ansiktsside, rettet mot": "Trafikk mot metreringsretning", "Skiltnummer": "808.301 - Gjelder gjennomkjøring/Gjeld gjennomkøyring"}, "vegsystem": "KV5013 S2D1 m143", "mor": [1027326845]}, "geometry": {"type": "Point", "coordinates": [5.29995163, 60.38237719]}}, {"type": "Feature", "properties": {"nvdb_id": 1027297577, "skiltnummer": "372 - Parkering forbudt", "tekst": null, "kategori": "forbud", "egenskaper": {"Geometri, punkt": "POINT(-32329.741498137708 6733399.390251106)", "Ansiktsside, rettet mot": "Tosidig", "Skiltnummer": "372 - Parkering forbudt"}, "vegsystem": "KV5051 S1D1 m73", "mor": [1027297578]}, "geometry": {"type": "Point", "coordinates": [5.32043022, 60.3839211]}}, {"type": "Feature", "properties": {"nvdb_id": 1027620943, "skiltnummer": "552 - Parkering", "tekst": "@807.8@Over 2 timer", "kategori": "parkering", "egenskaper": {"Geometri, punkt": "POINT(-30745.796062241076 6733403.180484357)", "Ansiktsside, rettet mot": "Tosidig", "Skiltnummer": "552 - Parkering", "Tekst": "@807.8@Over 2 timer"}, "vegsystem": "KV4193 S1D1 m225", "mor": [1027620944]}, "geometry": {"type": "Point", "coordinates": [5.3487441, 60.38603049]}}, {"type": "Feature", "properties": {"nvdb_id": 1027326500, "skiltnummer": "372 - Parkering forbudt", "tekst": null, "kategori": "forbud", "egenskaper": {"Geometri, punkt": "POINT(-33417.96834621916 6733401.757401487)", "Ansiktsside, rettet mot": "Tosidig", "Skiltnummer": "372 - Parkering forbudt"}, "vegsystem": "KV5013 S1D1 m379", "mor": [1027326502]}, "geometry": {"type": "Point", "coordinates": [5.30096683, 60.38251239]}}, {"type": "Feature", "properties": {"nvdb_id": 1027295458, "skiltnummer": "372 - Parkering forbudt", "tekst": null, "kategori": "forbud", "egenskaper": {"Geometri, punkt": "POINT(-31726.409330837196 6733406.608920981)", "Ansiktsside, rettet mot": "Tosidig", "Skiltnummer": "372 - Parkering forbudt"}, "vegsystem": "KV4621 S1D1 m130", "mor": [1027295460]}, "geometry": {"type": "Point", "coordinates": [5.33119931, 60.3847764]}}, {"type": "Feature", "properties": {"nvdb_id": 1027297386, "skiltnummer": "552 - Parkering", "tekst": null, "kategori": "parkering", "egenskaper": {"Geometri, punkt": "POINT(-32297.09253040771 6733405.079097945)", "Ansiktsside, rettet mot": "Tosidig", "Skiltnummer": "552 - Parkering"}, "vegsystem": "KV5323 S1D1 m183", "mor": [1027297389]}, "geometry": {"type": "Point", "coordinates": [5.3209989, 60.3840143]}}, {"type": "Feature", "properties": {"nvdb_id": 1027297388, "skiltnummer": "808 - Underskilt med annen tekst", "tekst": "Reservert bildeling med gyldig tillatelse", "kategori": "parkering", "egenskaper": {"Geometri, punkt": "POINT(-32297.09253040771 6733405.079097945)", "Ansiktsside, rettet mot": "Tosidig", "Skiltnummer": "808 - Underskilt med annen tekst", "Tekst": "Reservert bildeling med gyldig tillatelse"}, "vegsystem": "KV5323 S1D1 m183", "mor": [1027297389]}, "geometry": {"type": "Point", "coordinates": [5.3209989, 60.3840143]}}, {"type": "Feature", "properties": {"nvdb_id": 1027620935, "skiltnummer": "806 - Tid", "tekst": null, "kategori": "parkering", "egenskaper": {"Geometri, punkt": "POINT(-30751.051597729558 6733409.199484608)", "Ansiktsside, rettet mot": "Tosidig", "Skiltnummer": "806 - Tid"}, "vegsystem": "KV4193 S1D1 m217", "mor": [1027620936]}, "geometry": {"type": "Point", "coordinates": [5.34863419, 60.38607689]}}, {"type": "Feature", "properties": {"nvdb_id": 1027620938, "skiltnummer": "552 - Parkering", "tekst": null, "kategori": "parkering", "egenskaper": {"Geometri, punkt": "POINT(-30751.051597729558 6733409.199484608)", "Ansiktsside, rettet mot": "Tosidig", "Skiltnummer": "552 - Parkering"}, "vegsystem": "KV4193 S1D1 m217", "mor": [1027620936]}, "geometry": {"type": "Point", "coordinates": [5.34863419, 60.38607689]}}, {"type": "Feature", "properties": {"nvdb_id": 1027296975, "skiltnummer": "807.6 - Symbol, sykkel og liten elektrisk motorvogn", "tekst": null, "kategori": "parkering", "egenskaper": {"Geometri, punkt": "POINT(-32082.69398237369 6733407.879301708)", "Ansiktsside, rettet mot": "Trafikk mot metreringsretning", "Skiltnummer": "807.6 - Symbol, sykkel og liten elektrisk motorvogn"}, "vegsystem": "KV5304 S1D1 m280", "mor": [1027296977]}, "geometry": {"type": "Point", "coordinates": [5.32482511, 60.3843204]}}, {"type": "Feature", "properties": {"nvdb_id": 1027296278, "skiltnummer": "372 - Parkering forbudt", "tekst": null, "kategori": "forbud", "egenskaper": {"Geometri, punkt": "POINT(-32064.85758536402 6733409.325639939)", "Ansiktsside, rettet mot": "Tosidig", "Skiltnummer": "372 - Parkering forbudt"}, "vegsystem": "KV5326 S1D1 m33", "mor": [1027296279]}, "geometry": {"type": "Point", "coordinates": [5.3251402, 60.3843566]}}, {"type": "Feature", "properties": {"nvdb_id": 1027296990, "skiltnummer": "807.6 - Symbol, sykkel og liten elektrisk motorvogn", "tekst": null, "kategori": "parkering", "egenskaper": {"Geometri, punkt": "POINT(-32073.938349180506 6733414.69367895)", "Ansiktsside, rettet mot": "Trafikk mot metreringsretning", "Skiltnummer": "807.6 - Symbol, sykkel og liten elektrisk motorvogn"}, "vegsystem": "KV5304 S1D1 m282", "mor": [1027296994]}, "geometry": {"type": "Point", "coordinates": [5.32496362, 60.3843922]}}, {"type": "Feature", "properties": {"nvdb_id": 1027297554, "skiltnummer": "372 - Parkering forbudt", "tekst": null, "kategori": "forbud", "egenskaper": {"Geometri, punkt": "POINT(-32173.032681639655 6733413.711621407)", "Ansiktsside, rettet mot": "Tosidig", "Skiltnummer": "372 - Parkering forbudt"}, "vegsystem": "KV5195 S7D1 m0", "mor": [1027297556]}, "geometry": {"type": "Point", "coordinates": [5.3231943, 60.3842535]}}, {"type": "Feature", "properties": {"nvdb_id": 1027297391, "skiltnummer": "808 - Underskilt med annen tekst", "tekst": "Ladbar motorvogn under lading @ 08 - 23 Alle dager @ 831 Maks 3 timer", "kategori": "parkering", "egenskaper": {"Geometri, punkt": "POINT(-32305.88843424816 6733412.5183165055)", "Ansiktsside, rettet mot": "Tosidig", "Skiltnummer": "808 - Underskilt med annen tekst", "Tekst": "Ladbar motorvogn under lading @ 08 - 23 Alle dager @ 831 Maks 3 timer"}, "vegsystem": "KV5323 S1D1 m172", "mor": [1027297395]}, "geometry": {"type": "Point", "coordinates": [5.32082192, 60.3840686]}}, {"type": "Feature", "properties": {"nvdb_id": 1027297393, "skiltnummer": "552 - Parkering", "tekst": null, "kategori": "parkering", "egenskaper": {"Geometri, punkt": "POINT(-32305.88843424816 6733412.5183165055)", "Ansiktsside, rettet mot": "Tosidig", "Skiltnummer": "552 - Parkering"}, "vegsystem": "KV5323 S1D1 m172", "mor": [1027297395]}, "geometry": {"type": "Point", "coordinates": [5.32082192, 60.3840686]}}, {"type": "Feature", "properties": {"nvdb_id": 1027326494, "skiltnummer": "808 - Underskilt med annen tekst", "tekst": "Skole", "kategori": "parkering", "egenskaper": {"Geometri, punkt": "POINT(-33425.799947889755 6733416.016612445)", "Ansiktsside, rettet mot": "Trafikk i metreringsretning", "Skiltnummer": "808 - Underskilt med annen tekst", "Tekst": "Skole"}, "vegsystem": "KV5013 S1D1 m363", "mor": [1027326497]}, "geometry": {"type": "Point", "coordinates": [5.30078892, 60.3826283]}}, {"type": "Feature", "properties": {"nvdb_id": 1027297745, "skiltnummer": "372 - Parkering forbudt", "tekst": null, "kategori": "forbud", "egenskaper": {"Geometri, punkt": "POINT(-32313.360896145925 6733416.247542165)", "Ansiktsside, rettet mot": "Tosidig", "Skiltnummer": "372 - Parkering forbudt"}, "vegsystem": "KV5051 S1D1 m49", "mor": [1027297747]}, "geometry": {"type": "Point", "coordinates": [5.32067841, 60.3840918]}}, {"type": "Feature", "properties": {"nvdb_id": 1027297741, "skiltnummer": "372 - Parkering forbudt", "tekst": null, "kategori": "forbud", "egenskaper": {"Geometri, punkt": "POINT(-32321.54510219174 6733421.7770754555)", "Ansiktsside, rettet mot": "Tosidig", "Skiltnummer": "372 - Parkering forbudt"}, "vegsystem": "KV5051 S1D1 m50", "mor": [1027297743]}, "geometry": {"type": "Point", "coordinates": [5.32051741, 60.38413]}}, {"type": "Feature", "properties": {"nvdb_id": 1027297567, "skiltnummer": "372 - Parkering forbudt", "tekst": null, "kategori": "forbud", "egenskaper": {"Geometri, punkt": "POINT(-32162.35848481371 6733418.94211182)", "Ansiktsside, rettet mot": "Tosidig", "Skiltnummer": "372 - Parkering forbudt"}, "vegsystem": "KV5195 S1D1 m95", "mor": [1027297569]}, "geometry": {"type": "Point", "coordinates": [5.32337132, 60.3843138]}}, {"type": "Feature", "properties": {"nvdb_id": 1027297223, "skiltnummer": "372 - Parkering forbudt", "tekst": null, "kategori": "forbud", "egenskaper": {"Geometri, punkt": "POINT(-32170.450508895214 6733425.05641078)", "Ansiktsside, rettet mot": "Tosidig", "Skiltnummer": "372 - Parkering forbudt"}, "vegsystem": "KV14410 S1D1 m206", "mor": [1027297224]}, "geometry": {"type": "Point", "coordinates": [5.3232104, 60.38435729]}}, {"type": "Feature", "properties": {"nvdb_id": 1027330306, "skiltnummer": "372 - Parkering forbudt", "tekst": null, "kategori": "forbud", "egenskaper": {"Geometri, punkt": "POINT(-32767.70326797513 6733422.137671894)", "Ansiktsside, rettet mot": "Tosidig", "Skiltnummer": "372 - Parkering forbudt"}, "vegsystem": "KV9973 S1D1 m3", "mor": [1027330308]}, "geometry": {"type": "Point", "coordinates": [5.31253902, 60.3835474]}}, {"type": "Feature", "properties": {"nvdb_id": 1027330299, "skiltnummer": "372 - Parkering forbudt", "tekst": null, "kategori": "forbud", "egenskaper": {"Geometri, punkt": "POINT(-32758.789819866768 6733425.481183311)", "Ansiktsside, rettet mot": "Tosidig", "Skiltnummer": "372 - Parkering forbudt"}, "vegsystem": "KV9973 S1D1 m1", "mor": [1027330298]}, "geometry": {"type": "Point", "coordinates": [5.31268951, 60.3835887]}}, {"type": "Feature", "properties": {"nvdb_id": 1027338664, "skiltnummer": "372 - Parkering forbudt", "tekst": null, "kategori": "forbud", "egenskaper": {"Geometri, punkt": "POINT(-32835.92076164484 6733424.353250514)", "Ansiktsside, rettet mot": "Tosidig", "Skiltnummer": "372 - Parkering forbudt"}, "vegsystem": "KV5126 S1D1 m24", "mor": [1027338666]}, "geometry": {"type": "Point", "coordinates": [5.31131341, 60.38347739]}}, {"type": "Feature", "properties": {"nvdb_id": 1027287346, "skiltnummer": "372 - Parkering forbudt", "tekst": null, "kategori": "forbud", "egenskaper": {"Geometri, punkt": "POINT(-31789.22211293236 6733426.092670342)", "Ansiktsside, rettet mot": "Tosidig", "Skiltnummer": "372 - Parkering forbudt"}, "vegsystem": "KV4467 S1D1 m60", "mor": [1027287345]}, "geometry": {"type": "Point", "coordinates": [5.33002451, 60.3848665]}}, {"type": "Feature", "properties": {"nvdb_id": 1027295462, "skiltnummer": "807.8 - Symbol, forflytningshemmede med parkeringstillatelse", "tekst": null, "kategori": "parkering", "egenskaper": {"Geometri, punkt": "POINT(-31735.6519907685 6733430.291445465)", "Ansiktsside, rettet mot": "Tosidig", "Skiltnummer": "807.8 - Symbol, forflytningshemmede med parkeringstillatelse"}, "vegsystem": "KV4621 S1D1 m104", "mor": [1027295466]}, "geometry": {"type": "Point", "coordinates": [5.33097131, 60.38497389]}}, {"type": "Feature", "properties": {"nvdb_id": 1027295464, "skiltnummer": "552 - Parkering", "tekst": null, "kategori": "parkering", "egenskaper": {"Geometri, punkt": "POINT(-31735.6519907685 6733430.291445465)", "Ansiktsside, rettet mot": "Tosidig", "Skiltnummer": "552 - Parkering"}, "vegsystem": "KV4621 S1D1 m104", "mor": [1027295466]}, "geometry": {"type": "Point", "coordinates": [5.33097131, 60.38497389]}}, {"type": "Feature", "properties": {"nvdb_id": 1027348555, "skiltnummer": "372 - Parkering forbudt", "tekst": null, "kategori": "forbud", "egenskaper": {"Geometri, punkt": "POINT(-33194.59514528967 6733429.689813639)", "Ansiktsside, rettet mot": "Tosidig", "Skiltnummer": "372 - Parkering forbudt"}, "vegsystem": "KV5171 S1D1 m27", "mor": [1027348551]}, "geometry": {"type": "Point", "coordinates": [5.30488632, 60.3830533]}}, {"type": "Feature", "properties": {"nvdb_id": 1027297226, "skiltnummer": "372 - Parkering forbudt", "tekst": null, "kategori": "forbud", "egenskaper": {"Geometri, punkt": "POINT(-32190.332662067725 6733428.975481193)", "Ansiktsside, rettet mot": "Tosidig", "Skiltnummer": "372 - Parkering forbudt"}, "vegsystem": "KV14410 S1D1 m187", "mor": [1027297228]}, "geometry": {"type": "Point", "coordinates": [5.32284451, 60.38436589]}}, {"type": "Feature", "properties": {"nvdb_id": 1027620933, "skiltnummer": "372 - Parkering forbudt", "tekst": null, "kategori": "forbud", "egenskaper": {"Geometri, punkt": "POINT(-30771.60067904496 6733432.200183689)", "Ansiktsside, rettet mot": "Tosidig", "Skiltnummer": "372 - Parkering forbudt"}, "vegsystem": "KV4193 S1D1 m187", "mor": [1027620931]}, "geometry": {"type": "Point", "coordinates": [5.34820589, 60.3862536]}}, {"type": "Feature", "properties": {"nvdb_id": 1017559022, "skiltnummer": "372 - Parkering forbudt", "tekst": null, "kategori": "forbud", "egenskaper": {"Oppsettingsdato": "2022-07-01", "Plasseringskode": 10, "Høyde, egen": 2000, "Geometri, punkt": "POINT Z (-32927.54 6733430.76 22.56)", "Ansiktsside, rettet mot": "Trafikk mot metreringsretning", "Skiltnummer": "372 - Parkering forbudt", "Folieklasse": "Klasse 2", "Prosjektreferanse": "Rv555 Gyldenpriskrysset og Fv558 Carl Konows gate", "Størrelse": "Liten størrelse"}, "vegsystem": "FV558 S1D1 m123", "mor": [1017559257]}, "geometry": {"type": "Point", "coordinates": [5.30965828, 60.38341373]}}, {"type": "Feature", "properties": {"nvdb_id": 1027348548, "skiltnummer": "372 - Parkering forbudt", "tekst": null, "kategori": "forbud", "egenskaper": {"Geometri, punkt": "POINT(-33203.357455567806 6733431.962956941)", "Ansiktsside, rettet mot": "Tosidig", "Skiltnummer": "372 - Parkering forbudt"}, "vegsystem": "KV5171 S1D1 m20", "mor": [1027348550]}, "geometry": {"type": "Point", "coordinates": [5.30472363, 60.3830619]}}, {"type": "Feature", "properties": {"nvdb_id": 1027347892, "skiltnummer": "807.6 - Symbol, sykkel og liten elektrisk motorvogn", "tekst": null, "kategori": "parkering", "egenskaper": {"Geometri, punkt": "POINT(-33229.100461832015 6733436.532346921)", "Ansiktsside, rettet mot": "Trafikk mot metreringsretning", "Skiltnummer": "807.6 - Symbol, sykkel og liten elektrisk motorvogn"}, "vegsystem": "KV4865 S1D1 m80", "mor": [1027347895]}, "geometry": {"type": "Point", "coordinates": [5.30425123, 60.38306849]}}, {"type": "Feature", "properties": {"nvdb_id": 1027347903, "skiltnummer": "807.6 - Symbol, sykkel og liten elektrisk motorvogn", "tekst": null, "kategori": "parkering", "egenskaper": {"Geometri, punkt": "POINT(-33216.064719301416 6733436.8219733145)", "Ansiktsside, rettet mot": "Trafikk mot metreringsretning", "Skiltnummer": "807.6 - Symbol, sykkel og liten elektrisk motorvogn"}, "vegsystem": "KV4865 S1D1 m88", "mor": [1027347907]}, "geometry": {"type": "Point", "coordinates": [5.30448352, 60.3830882]}}, {"type": "Feature", "properties": {"nvdb_id": 1027224742, "skiltnummer": "372 - Parkering forbudt", "tekst": null, "kategori": "forbud", "egenskaper": {"Geometri, punkt": "POINT(-31374.976582330884 6733437.656920466)", "Ansiktsside, rettet mot": "Tosidig", "Skiltnummer": "372 - Parkering forbudt"}, "vegsystem": "KV13070 S1D1 m72", "mor": [1027224740]}, "geometry": {"type": "Point", "coordinates": [5.3374014, 60.3855118]}}, {"type": "Feature", "properties": {"nvdb_id": 1027296303, "skiltnummer": "372 - Parkering forbudt", "tekst": null, "kategori": "forbud", "egenskaper": {"Geometri, punkt": "POINT(-32044.58166116348 6733441.231905851)", "Ansiktsside, rettet mot": "Tosidig", "Skiltnummer": "372 - Parkering forbudt"}, "vegsystem": "KV4873 S1D1 m438", "mor": [1027296305]}, "geometry": {"type": "Point", "coordinates": [5.3254182, 60.3846656]}}, {"type": "Feature", "properties": {"nvdb_id": 1027297758, "skiltnummer": "808.105 - Fartsdempere/Fartsdemparar", "tekst": null, "kategori": "parkering", "egenskaper": {"Geometri, punkt": "POINT(-32301.861693428364 6733443.9745757105)", "Ansiktsside, rettet mot": "Trafikk i metreringsretning", "Skiltnummer": "808.105 - Fartsdempere/Fartsdemparar"}, "vegsystem": "KV5051 S1D1 m20", "mor": [1027297762]}, "geometry": {"type": "Point", "coordinates": [5.32081051, 60.3843523]}}, {"type": "Feature", "properties": {"nvdb_id": 1027295470, "skiltnummer": "372 - Parkering forbudt", "tekst": null, "kategori": "forbud", "egenskaper": {"Geometri, punkt": "POINT(-31751.412296765484 6733442.364789014)", "Ansiktsside, rettet mot": "Tosidig", "Skiltnummer": "372 - Parkering forbudt"}, "vegsystem": "KV4621 S1D1 m87", "mor": [1027295472]}, "geometry": {"type": "Point", "coordinates": [5.33065751, 60.3850601]}}, {"type": "Feature", "properties": {"nvdb_id": 1027620916, "skiltnummer": "552 - Parkering", "tekst": null, "kategori": "parkering", "egenskaper": {"Geometri, punkt": "POINT(-30780.63501318975 6733448.211297406)", "Ansiktsside, rettet mot": "Tosidig", "Skiltnummer": "552 - Parkering"}, "vegsystem": "KV4193 S1D1 m169", "mor": [1027620918]}, "geometry": {"type": "Point", "coordinates": [5.348002, 60.3863835]}}, {"type": "Feature", "properties": {"nvdb_id": 1027296954, "skiltnummer": "807.6 - Symbol, sykkel og liten elektrisk motorvogn", "tekst": null, "kategori": "parkering", "egenskaper": {"Geometri, punkt": "POINT(-32130.134126163204 6733447.088357214)", "Ansiktsside, rettet mot": "Parallelt mot veg", "Skiltnummer": "807.6 - Symbol, sykkel og liten elektrisk motorvogn"}, "vegsystem": "KV5304 S1D1 m216", "mor": [1027296961]}, "geometry": {"type": "Point", "coordinates": [5.32387291, 60.38460519]}}, {"type": "Feature", "properties": {"nvdb_id": 1027296959, "skiltnummer": "372 - Parkering forbudt", "tekst": null, "kategori": "forbud", "egenskaper": {"Geometri, punkt": "POINT(-32130.134126163204 6733447.088357214)", "Ansiktsside, rettet mot": "Tosidig", "Skiltnummer": "372 - Parkering forbudt"}, "vegsystem": "KV5304 S1D1 m216", "mor": [1027296961]}, "geometry": {"type": "Point", "coordinates": [5.32387291, 60.38460519]}}, {"type": "Feature", "properties": {"nvdb_id": 1021186596, "skiltnummer": "552 - Parkering", "tekst": null, "kategori": "parkering", "egenskaper": {"Oppsettingsdato": "2022-07-01", "Geometri, punkt": "POINT Z (-31273.291318800533 6733450.004339184 2.634672)", "Ansiktsside, rettet mot": "Parallelt mot veg", "Skiltnummer": "552 - Parkering", "Folieklasse": "Klasse 1", "Tilleggsinformasjon": "plate 807.8 og 828.2 i tillegg", "Eier": "Kommune", "Vedlikeholdsansvarlig": "Kommune"}, "vegsystem": "EV39 S78D200 m192", "mor": [1021186652]}, "geometry": {"type": "Point", "coordinates": [5.33918711, 60.3857543]}}, {"type": "Feature", "properties": {"nvdb_id": 1027297440, "skiltnummer": "372 - Parkering forbudt", "tekst": null, "kategori": "forbud", "egenskaper": {"Geometri, punkt": "POINT(-32140.860080535174 6733452.146855875)", "Ansiktsside, rettet mot": "Tosidig", "Skiltnummer": "372 - Parkering forbudt"}, "vegsystem": "KV5195 S1D1 m56", "mor": [1027297444]}, "geometry": {"type": "Point", "coordinates": [5.32366771, 60.3846359]}}, {"type": "Feature", "properties": {"nvdb_id": 1027296966, "skiltnummer": "372 - Parkering forbudt", "tekst": null, "kategori": "forbud", "egenskaper": {"Geometri, punkt": "POINT(-32119.938430342474 6733452.638430304)", "Ansiktsside, rettet mot": "Tosidig", "Skiltnummer": "372 - Parkering forbudt"}, "vegsystem": "KV5304 S1D1 m222", "mor": [1027296965]}, "geometry": {"type": "Point", "coordinates": [5.32404052, 60.38466769]}}, {"type": "Feature", "properties": {"nvdb_id": 1017559000, "skiltnummer": "372 - Parkering forbudt", "tekst": null, "kategori": "forbud", "egenskaper": {"Oppsettingsdato": "2022-07-01", "Høyde, egen": 2200, "Geometri, punkt": "POINT Z (-32960.8 6733452.5 23.830000000000002)", "Ansiktsside, rettet mot": "Tosidig", "Skiltnummer": "372 - Parkering forbudt", "Folieklasse": "Klasse 2", "Prosjektreferanse": "Rv555 Gyldenpriskrysset og Fv558 Carl Konows gate"}, "vegsystem": "FV558 S1D1 m162", "mor": [1017559167]}, "geometry": {"type": "Point", "coordinates": [5.3090059, 60.38356244]}}, {"type": "Feature", "properties": {"nvdb_id": 1027297321, "skiltnummer": "807.8 - Symbol, forflytningshemmede med parkeringstillatelse", "tekst": null, "kategori": "parkering", "egenskaper": {"Geometri, punkt": "POINT(-32343.17793775536 6733455.942403549)", "Ansiktsside, rettet mot": "Tosidig", "Skiltnummer": "807.8 - Symbol, forflytningshemmede med parkeringstillatelse"}, "vegsystem": "KV5323 S1D1 m115", "mor": [1027297324]}, "geometry": {"type": "Point", "coordinates": [5.32004001, 60.38440399]}}, {"type": "Feature", "properties": {"nvdb_id": 1027297322, "skiltnummer": "552 - Parkering", "tekst": null, "kategori": "parkering", "egenskaper": {"Geometri, punkt": "POINT(-32343.17793775536 6733455.942403549)", "Ansiktsside, rettet mot": "Tosidig", "Skiltnummer": "552 - Parkering"}, "vegsystem": "KV5323 S1D1 m115", "mor": [1027297324]}, "geometry": {"type": "Point", "coordinates": [5.32004001, 60.38440399]}}, {"type": "Feature", "properties": {"nvdb_id": 1027330302, "skiltnummer": "372 - Parkering forbudt", "tekst": null, "kategori": "forbud", "egenskaper": {"Geometri, punkt": "POINT(-32792.15051553713 6733453.447512762)", "Ansiktsside, rettet mot": "Tosidig", "Skiltnummer": "372 - Parkering forbudt"}, "vegsystem": "KV9973 S1D1 m43", "mor": [1027330304]}, "geometry": {"type": "Point", "coordinates": [5.31201881, 60.3837924]}}, {"type": "Feature", "properties": {"nvdb_id": 1027295520, "skiltnummer": "372 - Parkering forbudt", "tekst": null, "kategori": "forbud", "egenskaper": {"Geometri, punkt": "POINT(-31738.26744368067 6733453.9752955325)", "Ansiktsside, rettet mot": "Tosidig", "Skiltnummer": "372 - Parkering forbudt"}, "vegsystem": "KV4343 S1D1 m37", "mor": [1027295522]}, "geometry": {"type": "Point", "coordinates": [5.33086182, 60.3851801]}}, {"type": "Feature", "properties": {"nvdb_id": 1017558958, "skiltnummer": "808.301 - Gjelder gjennomkjøring/Gjeld gjennomkøyring", "tekst": "Gjelder@@gjennomkjøring", "kategori": "parkering", "egenskaper": {"Oppsettingsdato": "2022-07-01", "Plasseringskode": 20, "Høyde, egen": 2000, "Geometri, punkt": "POINT Z (-32951.02 6733464.18 22.57)", "Ansiktsside, rettet mot": "Trafikk i metreringsretning", "Skiltnummer": "808.301 - Gjelder gjennomkjøring/Gjeld gjennomkøyring", "Folieklasse": "Klasse 2", "Prosjektreferanse": "Rv555 Gyldenpriskrysset og Fv558 Carl Konows gate", "Tekst": "Gjelder@@gjennomkjøring"}, "vegsystem": "FV558 S1D1 m161", "mor": [1017559277]}, "geometry": {"type": "Point", "coordinates": [5.30914976, 60.38367867]}}, {"type": "Feature", "properties": {"nvdb_id": 1027296943, "skiltnummer": "372 - Parkering forbudt", "tekst": null, "kategori": "forbud", "egenskaper": {"Geometri, punkt": "POINT(-32136.310274227988 6733463.56151889)", "Ansiktsside, rettet mot": "Tosidig", "Skiltnummer": "372 - Parkering forbudt"}, "vegsystem": "KV5304 S1D1 m202", "mor": [1027296945]}, "geometry": {"type": "Point", "coordinates": [5.32371881, 60.3847429]}}, {"type": "Feature", "properties": {"nvdb_id": 1027297330, "skiltnummer": "807.1 - Symbol, personbil", "tekst": null, "kategori": "parkering", "egenskaper": {"Geometri, punkt": "POINT(-32355.09255566157 6733465.392139928)", "Ansiktsside, rettet mot": "Trafikk mot metreringsretning", "Skiltnummer": "807.1 - Symbol, personbil"}, "vegsystem": "KV5323 S1D1 m100", "mor": [1027297332]}, "geometry": {"type": "Point", "coordinates": [5.31980191, 60.384472]}}, {"type": "Feature", "properties": {"nvdb_id": 1027297331, "skiltnummer": "552 - Parkering", "tekst": null, "kategori": "parkering", "egenskaper": {"Geometri, punkt": "POINT(-32355.09255566157 6733465.392139928)", "Ansiktsside, rettet mot": "Trafikk mot metreringsretning", "Skiltnummer": "552 - Parkering"}, "vegsystem": "KV5323 S1D1 m100", "mor": [1027297332]}, "geometry": {"type": "Point", "coordinates": [5.31980191, 60.384472]}}, {"type": "Feature", "properties": {"nvdb_id": 1027620883, "skiltnummer": "372 - Parkering forbudt", "tekst": null, "kategori": "forbud", "egenskaper": {"Geometri, punkt": "POINT(-30806.44721353159 6733467.381128035)", "Ansiktsside, rettet mot": "Tosidig", "Skiltnummer": "372 - Parkering forbudt"}, "vegsystem": "KV4193 S1D1 m137", "mor": [1027620885]}, "geometry": {"type": "Point", "coordinates": [5.3474897, 60.3865194]}}, {"type": "Feature", "properties": {"nvdb_id": 1027297240, "skiltnummer": "372 - Parkering forbudt", "tekst": null, "kategori": "forbud", "egenskaper": {"Geometri, punkt": "POINT(-32222.75480577885 6733468.68250465)", "Ansiktsside, rettet mot": "Tosidig", "Skiltnummer": "372 - Parkering forbudt"}, "vegsystem": "KV14410 S1D1 m137", "mor": [1027297242]}, "geometry": {"type": "Point", "coordinates": [5.32215951, 60.3846748]}}, {"type": "Feature", "properties": {"nvdb_id": 1027295551, "skiltnummer": "376.1 - Parkeringssone", "tekst": "08 - 23 (08 - 17) Med p-kort eller ved parkometer", "kategori": "boligsone", "egenskaper": {"Geometri, punkt": "POINT(-31716.14754221181 6733466.75330944)", "Ansiktsside, rettet mot": "Trafikk i metreringsretning", "Skiltnummer": "376.1 - Parkeringssone", "Tekst": "08 - 23 (08 - 17) Med p-kort eller ved parkometer"}, "vegsystem": "KV4343 S1D1 m11", "mor": [1027295557]}, "geometry": {"type": "Point", "coordinates": [5.3312235, 60.38532219]}}, {"type": "Feature", "properties": {"nvdb_id": 1027295565, "skiltnummer": "376.1 - Parkeringssone", "tekst": "08 - 23 (08 - 17) Med p-kort eller ved parkometer", "kategori": "boligsone", "egenskaper": {"Geometri, punkt": "POINT(-31716.81923324219 6733470.524640787)", "Ansiktsside, rettet mot": "Trafikk i metreringsretning", "Skiltnummer": "376.1 - Parkeringssone", "Tekst": "08 - 23 (08 - 17) Med p-kort eller ved parkometer"}, "vegsystem": "KV4343 S1D1 m10", "mor": [1027295567]}, "geometry": {"type": "Point", "coordinates": [5.33120151, 60.3853547]}}, {"type": "Feature", "properties": {"nvdb_id": 1027338544, "skiltnummer": "372 - Parkering forbudt", "tekst": null, "kategori": "forbud", "egenskaper": {"Geometri, punkt": "POINT(-32870.847339737345 6733472.664445516)", "Ansiktsside, rettet mot": "Tosidig", "Skiltnummer": "372 - Parkering forbudt"}, "vegsystem": "KV5126 S1D1 m85", "mor": [1027338549]}, "geometry": {"type": "Point", "coordinates": [5.31056072, 60.38385909]}}, {"type": "Feature", "properties": {"nvdb_id": 1027295402, "skiltnummer": "808 - Underskilt med annen tekst", "tekst": null, "kategori": "parkering", "egenskaper": {"Geometri, punkt": "POINT(-31602.362681188504 6733473.966109486)", "Ansiktsside, rettet mot": "Trafikk i metreringsretning", "Skiltnummer": "808 - Underskilt med annen tekst"}, "vegsystem": "KV5302 S3D1 m106", "mor": [1027295406]}, "geometry": {"type": "Point", "coordinates": [5.3332391, 60.3855352]}}, {"type": "Feature", "properties": {"nvdb_id": 1027295404, "skiltnummer": "552 - Parkering", "tekst": null, "kategori": "parkering", "egenskaper": {"Geometri, punkt": "POINT(-31602.362681188504 6733473.966109486)", "Ansiktsside, rettet mot": "Trafikk i metreringsretning", "Skiltnummer": "552 - Parkering"}, "vegsystem": "KV5302 S3D1 m106", "mor": [1027295406]}, "geometry": {"type": "Point", "coordinates": [5.3332391, 60.3855352]}}, {"type": "Feature", "properties": {"nvdb_id": 1021186558, "skiltnummer": "552 - Parkering", "tekst": null, "kategori": "parkering", "egenskaper": {"Oppsettingsdato": "2022-07-01", "Geometri, punkt": "POINT Z (-31300.58992255712 6733473.870809483 2.684933)", "Ansiktsside, rettet mot": "Parallelt mot veg", "Skiltnummer": "552 - Parkering", "Folieklasse": "Klasse 1", "Tilleggsinformasjon": "plate 807.8 i tillegg", "Eier": "Kommune", "Vedlikeholdsansvarlig": "Kommune"}, "vegsystem": "EV39 S78D200 m156", "mor": [1021186669]}, "geometry": {"type": "Point", "coordinates": [5.33863577, 60.38592979]}}, {"type": "Feature", "properties": {"nvdb_id": 1027338530, "skiltnummer": "372 - Parkering forbudt", "tekst": null, "kategori": "forbud", "egenskaper": {"Geometri, punkt": "POINT(-32861.12044654554 6733480.960059626)", "Ansiktsside, rettet mot": "Tosidig", "Skiltnummer": "372 - Parkering forbudt"}, "vegsystem": "KV5126 S1D1 m85", "mor": [1027338534]}, "geometry": {"type": "Point", "coordinates": [5.31071263, 60.3839453]}}, {"type": "Feature", "properties": {"nvdb_id": 1027224728, "skiltnummer": "552 - Parkering", "tekst": null, "kategori": "parkering", "egenskaper": {"Geometri, punkt": "POINT(-31345.153904027655 6733478.535323522)", "Ansiktsside, rettet mot": "Tosidig", "Skiltnummer": "552 - Parkering"}, "vegsystem": "KV13070 S1D1 m22", "mor": [1027224731]}, "geometry": {"type": "Point", "coordinates": [5.3378265, 60.3859127]}}, {"type": "Feature", "properties": {"nvdb_id": 1027224729, "skiltnummer": "806 - Tid", "tekst": "08 - 23 (08 - 17) maks 24 timer mot avgift", "kategori": "parkering", "egenskaper": {"Geometri, punkt": "POINT(-31345.153904027655 6733478.535323522)", "Ansiktsside, rettet mot": "Tosidig", "Skiltnummer": "806 - Tid", "Tekst": "08 - 23 (08 - 17) maks 24 timer mot avgift"}, "vegsystem": "KV13070 S1D1 m22", "mor": [1027224731]}, "geometry": {"type": "Point", "coordinates": [5.3378265, 60.3859127]}}, {"type": "Feature", "properties": {"nvdb_id": 1027297770, "skiltnummer": "372 - Parkering forbudt", "tekst": null, "kategori": "forbud", "egenskaper": {"Geometri, punkt": "POINT(-32306.23930703022 6733479.964854383)", "Ansiktsside, rettet mot": "Tosidig", "Skiltnummer": "372 - Parkering forbudt"}, "vegsystem": "KV4676 S1D1 m91", "mor": [1027297772]}, "geometry": {"type": "Point", "coordinates": [5.32063682, 60.3846651]}}, {"type": "Feature", "properties": {"nvdb_id": 1027326429, "skiltnummer": "372 - Parkering forbudt", "tekst": null, "kategori": "forbud", "egenskaper": {"Geometri, punkt": "POINT(-33451.362775898655 6733477.394836897)", "Ansiktsside, rettet mot": "Trafikk i metreringsretning", "Skiltnummer": "372 - Parkering forbudt"}, "vegsystem": "KV5013 S1D1 m295", "mor": [1027326431]}, "geometry": {"type": "Point", "coordinates": [5.30016882, 60.3831379]}}, {"type": "Feature", "properties": {"nvdb_id": 1027296323, "skiltnummer": "372 - Parkering forbudt", "tekst": null, "kategori": "forbud", "egenskaper": {"Geometri, punkt": "POINT(-32093.457717540907 6733477.467233699)", "Ansiktsside, rettet mot": "Tosidig", "Skiltnummer": "372 - Parkering forbudt"}, "vegsystem": "KV4873 S1D1 m380", "mor": [1027296321]}, "geometry": {"type": "Point", "coordinates": [5.32444821, 60.3849222]}}, {"type": "Feature", "properties": {"nvdb_id": 1027224435, "skiltnummer": "372 - Parkering forbudt", "tekst": null, "kategori": "forbud", "egenskaper": {"Geometri, punkt": "POINT(-30689.833834287478 6733480.98173258)", "Ansiktsside, rettet mot": "Trafikk mot metreringsretning", "Skiltnummer": "372 - Parkering forbudt"}, "vegsystem": "KV4491 S1D1 m132", "mor": [1027224434]}, "geometry": {"type": "Point", "coordinates": [5.3495392, 60.3867924]}}, {"type": "Feature", "properties": {"nvdb_id": 1027326425, "skiltnummer": "372 - Parkering forbudt", "tekst": null, "kategori": "forbud", "egenskaper": {"Geometri, punkt": "POINT(-33445.11746764474 6733479.90169109)", "Ansiktsside, rettet mot": "Tosidig", "Skiltnummer": "372 - Parkering forbudt"}, "vegsystem": "KV5013 S1D1 m295", "mor": [1027326423]}, "geometry": {"type": "Point", "coordinates": [5.30027383, 60.3831683]}}, {"type": "Feature", "properties": {"nvdb_id": 1027297336, "skiltnummer": "372 - Parkering forbudt", "tekst": null, "kategori": "forbud", "egenskaper": {"Geometri, punkt": "POINT(-32391.7265719556 6733483.174105369)", "Ansiktsside, rettet mot": "Trafikk mot metreringsretning", "Skiltnummer": "372 - Parkering forbudt"}, "vegsystem": "KV5323 S1D1 m60", "mor": [1027297337]}, "geometry": {"type": "Point", "coordinates": [5.31909971, 60.3845813]}}, {"type": "Feature", "properties": {"nvdb_id": 1027297783, "skiltnummer": "372 - Parkering forbudt", "tekst": null, "kategori": "forbud", "egenskaper": {"Geometri, punkt": "POINT(-32325.00530459336 6733483.4141727155)", "Ansiktsside, rettet mot": "Tosidig", "Skiltnummer": "372 - Parkering forbudt"}, "vegsystem": "KV4676 S1D1 m75", "mor": [1027297785]}, "geometry": {"type": "Point", "coordinates": [5.32029212, 60.384671]}}, {"type": "Feature", "properties": {"nvdb_id": 1027297275, "skiltnummer": "372 - Parkering forbudt", "tekst": null, "kategori": "forbud", "egenskaper": {"Geometri, punkt": "POINT(-32253.57669371867 6733483.646682796)", "Ansiktsside, rettet mot": "Trafikk i metreringsretning", "Skiltnummer": "372 - Parkering forbudt"}, "vegsystem": "KV14410 S1D1 m104", "mor": [1027297277]}, "geometry": {"type": "Point", "coordinates": [5.32156871, 60.3847668]}}, {"type": "Feature", "properties": {"nvdb_id": 1027297459, "skiltnummer": "372 - Parkering forbudt", "tekst": null, "kategori": "forbud", "egenskaper": {"Geometri, punkt": "POINT(-32101.04850758228 6733483.868635352)", "Ansiktsside, rettet mot": "Tosidig", "Skiltnummer": "372 - Parkering forbudt"}, "vegsystem": "KV5195 S1D1 m5", "mor": [1027297462]}, "geometry": {"type": "Point", "coordinates": [5.3242955, 60.3849689]}}, {"type": "Feature", "properties": {"nvdb_id": 1027297452, "skiltnummer": "807.6 - Symbol, sykkel og liten elektrisk motorvogn", "tekst": null, "kategori": "parkering", "egenskaper": {"Geometri, punkt": "POINT(-32108.68123292015 6733489.609679571)", "Ansiktsside, rettet mot": "Trafikk i metreringsretning", "Skiltnummer": "807.6 - Symbol, sykkel og liten elektrisk motorvogn"}, "vegsystem": "KV5195 S1D1 m6", "mor": [1027297458]}, "geometry": {"type": "Point", "coordinates": [5.32414381, 60.3850097]}}, {"type": "Feature", "properties": {"nvdb_id": 1027297456, "skiltnummer": "372 - Parkering forbudt", "tekst": null, "kategori": "forbud", "egenskaper": {"Geometri, punkt": "POINT(-32108.68123292015 6733489.609679571)", "Ansiktsside, rettet mot": "Tosidig", "Skiltnummer": "372 - Parkering forbudt"}, "vegsystem": "KV5195 S1D1 m6", "mor": [1027297458]}, "geometry": {"type": "Point", "coordinates": [5.32414381, 60.3850097]}}, {"type": "Feature", "properties": {"nvdb_id": 1027297779, "skiltnummer": "372 - Parkering forbudt", "tekst": null, "kategori": "forbud", "egenskaper": {"Geometri, punkt": "POINT(-32319.480502651422 6733490.311681257)", "Ansiktsside, rettet mot": "Trafikk mot metreringsretning", "Skiltnummer": "372 - Parkering forbudt"}, "vegsystem": "KV4676 S1D1 m75", "mor": [1027297781]}, "geometry": {"type": "Point", "coordinates": [5.3203726, 60.3847393]}}, {"type": "Feature", "properties": {"nvdb_id": 1027347920, "skiltnummer": "807.8 - Symbol, forflytningshemmede med parkeringstillatelse", "tekst": null, "kategori": "parkering", "egenskaper": {"Geometri, punkt": "POINT(-33184.24113664485 6733492.623248679)", "Ansiktsside, rettet mot": "Trafikk mot metreringsretning", "Skiltnummer": "807.8 - Symbol, forflytningshemmede med parkeringstillatelse"}, "vegsystem": "KV4865 S1D1 m152", "mor": [1027347922]}, "geometry": {"type": "Point", "coordinates": [5.30490432, 60.3836239]}}, {"type": "Feature", "properties": {"nvdb_id": 1027347921, "skiltnummer": "552 - Parkering", "tekst": null, "kategori": "parkering", "egenskaper": {"Geometri, punkt": "POINT(-33184.24113664485 6733492.623248679)", "Ansiktsside, rettet mot": "Trafikk mot metreringsretning", "Skiltnummer": "552 - Parkering"}, "vegsystem": "KV4865 S1D1 m152", "mor": [1027347922]}, "geometry": {"type": "Point", "coordinates": [5.30490432, 60.3836239]}}, {"type": "Feature", "properties": {"nvdb_id": 1027296767, "skiltnummer": "372 - Parkering forbudt", "tekst": null, "kategori": "forbud", "egenskaper": {"Geometri, punkt": "POINT(-32185.993357508443 6733492.235122202)", "Ansiktsside, rettet mot": "Tosidig", "Skiltnummer": "372 - Parkering forbudt"}, "vegsystem": "KV5040 S1D1 m48", "mor": [1027296769]}, "geometry": {"type": "Point", "coordinates": [5.32275442, 60.3849315]}}, {"type": "Feature", "properties": {"nvdb_id": 1027296315, "skiltnummer": "372 - Parkering forbudt", "tekst": null, "kategori": "forbud", "egenskaper": {"Geometri, punkt": "POINT(-32101.0485799124 6733494.54545159)", "Ansiktsside, rettet mot": "Tosidig", "Skiltnummer": "372 - Parkering forbudt"}, "vegsystem": "KV4873 S1D1 m363", "mor": [1027296317]}, "geometry": {"type": "Point", "coordinates": [5.3242672, 60.38506339]}}, {"type": "Feature", "properties": {"nvdb_id": 1021186615, "skiltnummer": "376.2 - Parkeringssone", "tekst": null, "kategori": "forbud", "egenskaper": {"Oppsettingsdato": "2022-07-01", "Geometri, punkt": "POINT Z (-31325.11805944401 6733492.580031488 2.459342)", "Ansiktsside, rettet mot": "Trafikk i metreringsretning", "Skiltnummer": "376.2 - Parkeringssone", "Folieklasse": "Klasse 1", "Eier": "Kommune", "Vedlikeholdsansvarlig": "Kommune"}, "vegsystem": "EV39 S78D200 m125", "mor": [1021186646]}, "geometry": {"type": "Point", "coordinates": [5.33814762, 60.38606326]}}, {"type": "Feature", "properties": {"nvdb_id": 1027296936, "skiltnummer": "372 - Parkering forbudt", "tekst": null, "kategori": "forbud", "egenskaper": {"Geometri, punkt": "POINT(-32180.89519020205 6733492.597851572)", "Ansiktsside, rettet mot": "Tosidig", "Skiltnummer": "372 - Parkering forbudt"}, "vegsystem": "KV5304 S1D1 m150", "mor": [1027296938]}, "geometry": {"type": "Point", "coordinates": [5.32284461, 60.3849414]}}, {"type": "Feature", "properties": {"nvdb_id": 1027297339, "skiltnummer": "372 - Parkering forbudt", "tekst": null, "kategori": "forbud", "egenskaper": {"Geometri, punkt": "POINT(-32404.889512288384 6733494.537834074)", "Ansiktsside, rettet mot": "Tosidig", "Skiltnummer": "372 - Parkering forbudt"}, "vegsystem": "KV5323 S1D1 m43", "mor": [1027297340]}, "geometry": {"type": "Point", "coordinates": [5.3188342, 60.3846646]}}, {"type": "Feature", "properties": {"nvdb_id": 1027347910, "skiltnummer": "552 - Parkering", "tekst": null, "kategori": "parkering", "egenskaper": {"Geometri, punkt": "POINT(-33178.9651781139 6733498.359071865)", "Ansiktsside, rettet mot": "Trafikk mot metreringsretning", "Skiltnummer": "552 - Parkering"}, "vegsystem": "KV4865 S1D1 m159", "mor": [1027347914]}, "geometry": {"type": "Point", "coordinates": [5.30498342, 60.3836816]}}, {"type": "Feature", "properties": {"nvdb_id": 1027347912, "skiltnummer": "807.8 - Symbol, forflytningshemmede med parkeringstillatelse", "tekst": null, "kategori": "parkering", "egenskaper": {"Geometri, punkt": "POINT(-33178.9651781139 6733498.359071865)", "Ansiktsside, rettet mot": "Trafikk mot metreringsretning", "Skiltnummer": "807.8 - Symbol, forflytningshemmede med parkeringstillatelse"}, "vegsystem": "KV4865 S1D1 m159", "mor": [1027347914]}, "geometry": {"type": "Point", "coordinates": [5.30498342, 60.3836816]}}, {"type": "Feature", "properties": {"nvdb_id": 1027297269, "skiltnummer": "372 - Parkering forbudt", "tekst": null, "kategori": "forbud", "egenskaper": {"Geometri, punkt": "POINT(-32267.409729570383 6733495.018808814)", "Ansiktsside, rettet mot": "Tosidig", "Skiltnummer": "372 - Parkering forbudt"}, "vegsystem": "KV14410 S1D1 m86", "mor": [1027297271]}, "geometry": {"type": "Point", "coordinates": [5.32129121, 60.3848493]}}, {"type": "Feature", "properties": {"nvdb_id": 1027285654, "skiltnummer": "807.8 - Symbol, forflytningshemmede med parkeringstillatelse", "tekst": null, "kategori": "parkering", "egenskaper": {"Geometri, punkt": "POINT(-31886.63062558463 6733495.613155896)", "Ansiktsside, rettet mot": "Tosidig", "Skiltnummer": "807.8 - Symbol, forflytningshemmede med parkeringstillatelse"}, "vegsystem": "KV4277 S2D1 m162", "mor": [1027285658]}, "geometry": {"type": "Point", "coordinates": [5.3280985, 60.3853541]}}, {"type": "Feature", "properties": {"nvdb_id": 1027285656, "skiltnummer": "552 - Parkering", "tekst": null, "kategori": "parkering", "egenskaper": {"Geometri, punkt": "POINT(-31886.63062558463 6733495.613155896)", "Ansiktsside, rettet mot": "Tosidig", "Skiltnummer": "552 - Parkering"}, "vegsystem": "KV4277 S2D1 m162", "mor": [1027285658]}, "geometry": {"type": "Point", "coordinates": [5.3280985, 60.3853541]}}, {"type": "Feature", "properties": {"nvdb_id": 1027620875, "skiltnummer": "372 - Parkering forbudt", "tekst": null, "kategori": "forbud", "egenskaper": {"Geometri, punkt": "POINT(-30845.94843774021 6733500.991375556)", "Ansiktsside, rettet mot": "Tosidig", "Skiltnummer": "372 - Parkering forbudt"}, "vegsystem": "KV4193 S1D1 m86", "mor": [1027620877]}, "geometry": {"type": "Point", "coordinates": [5.34669441, 60.3867652]}}, {"type": "Feature", "properties": {"nvdb_id": 1027297799, "skiltnummer": "807.8 - Symbol, forflytningshemmede med parkeringstillatelse", "tekst": null, "kategori": "parkering", "egenskaper": {"Geometri, punkt": "POINT(-32345.423602467286 6733499.480315457)", "Ansiktsside, rettet mot": "Trafikk i metreringsretning", "Skiltnummer": "807.8 - Symbol, forflytningshemmede med parkeringstillatelse"}, "vegsystem": "KV4676 S1D1 m49", "mor": [1027297803]}, "geometry": {"type": "Point", "coordinates": [5.31988441, 60.38478639]}}, {"type": "Feature", "properties": {"nvdb_id": 1027297801, "skiltnummer": "552 - Parkering", "tekst": null, "kategori": "parkering", "egenskaper": {"Geometri, punkt": "POINT(-32345.423602467286 6733499.480315457)", "Ansiktsside, rettet mot": "Trafikk i metreringsretning", "Skiltnummer": "552 - Parkering"}, "vegsystem": "KV4676 S1D1 m49", "mor": [1027297803]}, "geometry": {"type": "Point", "coordinates": [5.31988441, 60.38478639]}}, {"type": "Feature", "properties": {"nvdb_id": 1027326396, "skiltnummer": "372 - Parkering forbudt", "tekst": null, "kategori": "forbud", "egenskaper": {"Geometri, punkt": "POINT(-33465.08069994976 6733501.873207808)", "Ansiktsside, rettet mot": "Tosidig", "Skiltnummer": "372 - Parkering forbudt"}, "vegsystem": "KV5013 S1D1 m266", "mor": [1027326397]}, "geometry": {"type": "Point", "coordinates": [5.29985852, 60.38333649]}}, {"type": "Feature", "properties": {"nvdb_id": 1027296311, "skiltnummer": "372 - Parkering forbudt", "tekst": null, "kategori": "forbud", "egenskaper": {"Geometri, punkt": "POINT(-32121.592833713978 6733506.369426565)", "Ansiktsside, rettet mot": "Trafikk i metreringsretning", "Skiltnummer": "372 - Parkering forbudt"}, "vegsystem": "KV4873 S1D1 m341", "mor": [1027296313]}, "geometry": {"type": "Point", "coordinates": [5.32386851, 60.38514109]}}, {"type": "Feature", "properties": {"nvdb_id": 1027296690, "skiltnummer": "372 - Parkering forbudt", "tekst": null, "kategori": "forbud", "egenskaper": {"Geometri, punkt": "POINT(-32185.62439695606 6733512.189640505)", "Ansiktsside, rettet mot": "Tosidig", "Skiltnummer": "372 - Parkering forbudt"}, "vegsystem": "KV5304 S1D1 m133", "mor": [1027296691]}, "geometry": {"type": "Point", "coordinates": [5.32270812, 60.3851086]}}, {"type": "Feature", "properties": {"nvdb_id": 1027297298, "skiltnummer": "372 - Parkering forbudt", "tekst": null, "kategori": "forbud", "egenskaper": {"Geometri, punkt": "POINT(-32273.999010285595 6733514.77361834)", "Ansiktsside, rettet mot": "Tosidig", "Skiltnummer": "372 - Parkering forbudt"}, "vegsystem": "KV14410 S1D1 m68", "mor": [1027297299]}, "geometry": {"type": "Point", "coordinates": [5.32112101, 60.3850155]}}, {"type": "Feature", "properties": {"nvdb_id": 1027297792, "skiltnummer": "807.8 - Symbol, forflytningshemmede med parkeringstillatelse", "tekst": null, "kategori": "parkering", "egenskaper": {"Geometri, punkt": "POINT(-32353.206552318763 6733516.802444173)", "Ansiktsside, rettet mot": "Tosidig", "Skiltnummer": "807.8 - Symbol, forflytningshemmede med parkeringstillatelse"}, "vegsystem": "KV4676 S1D1 m32", "mor": [1027297795]}, "geometry": {"type": "Point", "coordinates": [5.31969931, 60.38492949]}}, {"type": "Feature", "properties": {"nvdb_id": 1027297793, "skiltnummer": "552 - Parkering", "tekst": null, "kategori": "parkering", "egenskaper": {"Geometri, punkt": "POINT(-32353.206552318763 6733516.802444173)", "Ansiktsside, rettet mot": "Tosidig", "Skiltnummer": "552 - Parkering"}, "vegsystem": "KV4676 S1D1 m32", "mor": [1027297795]}, "geometry": {"type": "Point", "coordinates": [5.31969931, 60.38492949]}}, {"type": "Feature", "properties": {"nvdb_id": 1027326410, "skiltnummer": "372 - Parkering forbudt", "tekst": null, "kategori": "forbud", "egenskaper": {"Geometri, punkt": "POINT(-33470.15648682043 6733516.11854035)", "Ansiktsside, rettet mot": "Trafikk mot metreringsretning", "Skiltnummer": "372 - Parkering forbudt"}, "vegsystem": "KV5013 S1D1 m253", "mor": [1027326412]}, "geometry": {"type": "Point", "coordinates": [5.29972993, 60.3834559]}}, {"type": "Feature", "properties": {"nvdb_id": 1027330327, "skiltnummer": "372 - Parkering forbudt", "tekst": null, "kategori": "forbud", "egenskaper": {"Geometri, punkt": "POINT(-32872.706487855874 6733514.621209039)", "Ansiktsside, rettet mot": "Tosidig", "Skiltnummer": "372 - Parkering forbudt"}, "vegsystem": "KV9973 S1D1 m148", "mor": [1027330330]}, "geometry": {"type": "Point", "coordinates": [5.31041613, 60.384228]}}, {"type": "Feature", "properties": {"nvdb_id": 1027338526, "skiltnummer": "372 - Parkering forbudt", "tekst": null, "kategori": "forbud", "egenskaper": {"Geometri, punkt": "POINT(-32903.19977045967 6733519.057414629)", "Ansiktsside, rettet mot": "Tosidig", "Skiltnummer": "372 - Parkering forbudt"}, "vegsystem": "KV5126 S1D1 m137", "mor": [1027338527]}, "geometry": {"type": "Point", "coordinates": [5.30985911, 60.38422719]}}, {"type": "Feature", "properties": {"nvdb_id": 1027297812, "skiltnummer": "807.8 - Symbol, forflytningshemmede med parkeringstillatelse", "tekst": null, "kategori": "parkering", "egenskaper": {"Geometri, punkt": "POINT(-32370.196461136453 6733519.028286441)", "Ansiktsside, rettet mot": "Tosidig", "Skiltnummer": "807.8 - Symbol, forflytningshemmede med parkeringstillatelse"}, "vegsystem": "KV4676 S1D1 m17", "mor": [1027297816]}, "geometry": {"type": "Point", "coordinates": [5.31938962, 60.3849269]}}, {"type": "Feature", "properties": {"nvdb_id": 1027297814, "skiltnummer": "552 - Parkering", "tekst": null, "kategori": "parkering", "egenskaper": {"Geometri, punkt": "POINT(-32370.196461136453 6733519.028286441)", "Ansiktsside, rettet mot": "Tosidig", "Skiltnummer": "552 - Parkering"}, "vegsystem": "KV4676 S1D1 m17", "mor": [1027297816]}, "geometry": {"type": "Point", "coordinates": [5.31938962, 60.3849269]}}, {"type": "Feature", "properties": {"nvdb_id": 1027326784, "skiltnummer": "808.301 - Gjelder gjennomkjøring/Gjeld gjennomkøyring", "tekst": null, "kategori": "parkering", "egenskaper": {"Geometri, punkt": "POINT(-33488.05215123901 6733520.687545927)", "Ansiktsside, rettet mot": "Trafikk i metreringsretning", "Skiltnummer": "808.301 - Gjelder gjennomkjøring/Gjeld gjennomkøyring"}, "vegsystem": "KV5013 S2D1 m6", "mor": [1027326782]}, "geometry": {"type": "Point", "coordinates": [5.29939782, 60.3834728]}}, {"type": "Feature", "properties": {"nvdb_id": 1027297787, "skiltnummer": "372 - Parkering forbudt", "tekst": null, "kategori": "forbud", "egenskaper": {"Geometri, punkt": "POINT(-32363.34168882738 6733524.824630913)", "Ansiktsside, rettet mot": "Tosidig", "Skiltnummer": "372 - Parkering forbudt"}, "vegsystem": "KV4676 S1D1 m19", "mor": [1027297789]}, "geometry": {"type": "Point", "coordinates": [5.31949681, 60.3849872]}}, {"type": "Feature", "properties": {"nvdb_id": 1027296693, "skiltnummer": "372 - Parkering forbudt", "tekst": null, "kategori": "forbud", "egenskaper": {"Geometri, punkt": "POINT(-32211.475364802172 6733522.959300168)", "Ansiktsside, rettet mot": "Tosidig", "Skiltnummer": "372 - Parkering forbudt"}, "vegsystem": "KV5304 S1D1 m106", "mor": [1027296695]}, "geometry": {"type": "Point", "coordinates": [5.32221732, 60.38517]}}, {"type": "Feature", "properties": {"nvdb_id": 1027295410, "skiltnummer": "376.1 - Parkeringssone", "tekst": null, "kategori": "forbud", "egenskaper": {"Geometri, punkt": "POINT(-31580.64640077052 6733524.166734195)", "Ansiktsside, rettet mot": "Trafikk i metreringsretning", "Skiltnummer": "376.1 - Parkeringssone"}, "vegsystem": "KV5302 S3D1 m56", "mor": [1027295412]}, "geometry": {"type": "Point", "coordinates": [5.33349451, 60.386008]}}, {"type": "Feature", "properties": {"nvdb_id": 1027296344, "skiltnummer": "372 - Parkering forbudt", "tekst": null, "kategori": "forbud", "egenskaper": {"Geometri, punkt": "POINT(-32137.955280073802 6733524.635033417)", "Ansiktsside, rettet mot": "Tosidig", "Skiltnummer": "372 - Parkering forbudt"}, "vegsystem": "KV4873 S1D1 m314", "mor": [1027296347]}, "geometry": {"type": "Point", "coordinates": [5.32352752, 60.3852813]}}, {"type": "Feature", "properties": {"nvdb_id": 1017559046, "skiltnummer": "808.161 - Skole/Skule", "tekst": null, "kategori": "parkering", "egenskaper": {"Oppsettingsdato": "2022-07-01", "Plasseringskode": 20, "Høyde, egen": 2000, "Geometri, punkt": "POINT Z (-33234.3 6733527.95 37.88)", "Ansiktsside, rettet mot": "Trafikk i metreringsretning", "Skiltnummer": "808.161 - Skole/Skule", "Folieklasse": "Klasse 2", "Prosjektreferanse": "Rv555 Gyldenpriskrysset og Fv558 Carl Konows gate", "Størrelse": "Liten størrelse"}, "vegsystem": "FV5358 S1D1 m80", "mor": [1017559236]}, "geometry": {"type": "Point", "coordinates": [5.30391547, 60.38387075]}}, {"type": "Feature", "properties": {"nvdb_id": 1027295416, "skiltnummer": "376.1 - Parkeringssone", "tekst": null, "kategori": "forbud", "egenskaper": {"Geometri, punkt": "POINT(-31601.859939271002 6733526.980534903)", "Ansiktsside, rettet mot": "Trafikk i metreringsretning", "Skiltnummer": "376.1 - Parkeringssone"}, "vegsystem": "KV5302 S3D1 m53", "mor": [1027295418]}, "geometry": {"type": "Point", "coordinates": [5.3331077, 60.3860051]}}, {"type": "Feature", "properties": {"nvdb_id": 1027296699, "skiltnummer": "372 - Parkering forbudt", "tekst": null, "kategori": "forbud", "egenskaper": {"Geometri, punkt": "POINT(-32206.743289705133 6733530.358596004)", "Ansiktsside, rettet mot": "Trafikk mot metreringsretning", "Skiltnummer": "372 - Parkering forbudt"}, "vegsystem": "KV5304 S1D1 m105", "mor": [1027296701]}, "geometry": {"type": "Point", "coordinates": [5.32228232, 60.3852417]}}, {"type": "Feature", "properties": {"nvdb_id": 1027297342, "skiltnummer": "372 - Parkering forbudt", "tekst": null, "kategori": "forbud", "egenskaper": {"Geometri, punkt": "POINT(-32387.80263177224 6733533.841617887)", "Ansiktsside, rettet mot": "Tosidig", "Skiltnummer": "372 - Parkering forbudt"}, "vegsystem": "KV5323 S1D1 m4", "mor": [1027297344]}, "geometry": {"type": "Point", "coordinates": [5.31903551, 60.3850349]}}, {"type": "Feature", "properties": {"nvdb_id": 1027297293, "skiltnummer": "552 - Parkering", "tekst": null, "kategori": "parkering", "egenskaper": {"Geometri, punkt": "POINT(-32312.65770674788 6733531.759105327)", "Ansiktsside, rettet mot": "Tosidig", "Skiltnummer": "552 - Parkering"}, "vegsystem": "KV14410 S1D1 m28", "mor": [1027297296]}, "geometry": {"type": "Point", "coordinates": [5.32038471, 60.3851151]}}, {"type": "Feature", "properties": {"nvdb_id": 1027297295, "skiltnummer": "808 - Underskilt med annen tekst", "tekst": "Reservert bildeling med gyldig tillatelse", "kategori": "parkering", "egenskaper": {"Geometri, punkt": "POINT(-32312.65770674788 6733531.759105327)", "Ansiktsside, rettet mot": "Tosidig", "Skiltnummer": "808 - Underskilt med annen tekst", "Tekst": "Reservert bildeling med gyldig tillatelse"}, "vegsystem": "KV14410 S1D1 m28", "mor": [1027297296]}, "geometry": {"type": "Point", "coordinates": [5.32038471, 60.3851151]}}, {"type": "Feature", "properties": {"nvdb_id": 1027620847, "skiltnummer": "372 - Parkering forbudt", "tekst": null, "kategori": "forbud", "egenskaper": {"Geometri, punkt": "POINT(-30900.103509058477 6733535.707437724)", "Ansiktsside, rettet mot": "Tosidig", "Skiltnummer": "372 - Parkering forbudt"}, "vegsystem": "KV4193 S1D1 m22", "mor": [1027620849]}, "geometry": {"type": "Point", "coordinates": [5.34563409, 60.38700159]}}, {"type": "Feature", "properties": {"nvdb_id": 1027285683, "skiltnummer": "806 - Tid", "tekst": null, "kategori": "parkering", "egenskaper": {"Geometri, punkt": "POINT(-31919.77691575128 6733537.085149715)", "Ansiktsside, rettet mot": "Tosidig", "Skiltnummer": "806 - Tid"}, "vegsystem": "KV4277 S2D1 m108", "mor": [1027285688]}, "geometry": {"type": "Point", "coordinates": [5.32739591, 60.3856777]}}, {"type": "Feature", "properties": {"nvdb_id": 1027285686, "skiltnummer": "552 - Parkering", "tekst": null, "kategori": "parkering", "egenskaper": {"Geometri, punkt": "POINT(-31919.77691575128 6733537.085149715)", "Ansiktsside, rettet mot": "Tosidig", "Skiltnummer": "552 - Parkering"}, "vegsystem": "KV4277 S2D1 m108", "mor": [1027285688]}, "geometry": {"type": "Point", "coordinates": [5.32739591, 60.3856777]}}, {"type": "Feature", "properties": {"nvdb_id": 1027294099, "skiltnummer": "376.1 - Parkeringssone", "tekst": "08 - 23 (08 - 17) med p-kort eller ved parkometer", "kategori": "boligsone", "egenskaper": {"Geometri, punkt": "POINT(-31748.304844120517 6733537.677603734)", "Ansiktsside, rettet mot": "Trafikk mot metreringsretning", "Skiltnummer": "376.1 - Parkeringssone", "Tekst": "08 - 23 (08 - 17) med p-kort eller ved parkometer"}, "vegsystem": "KV4540 S1D1 m133", "mor": [1027294102]}, "geometry": {"type": "Point", "coordinates": [5.3304606, 60.3859078]}}, {"type": "Feature", "properties": {"nvdb_id": 1027294043, "skiltnummer": "376.1 - Parkeringssone", "tekst": "8 - 23 (8 - 17) med p-kort eller ved parkometer", "kategori": "boligsone", "egenskaper": {"Geometri, punkt": "POINT(-31750.831466034753 6733540.062919499)", "Ansiktsside, rettet mot": "Trafikk mot metreringsretning", "Skiltnummer": "376.1 - Parkeringssone", "Tekst": "8 - 23 (8 - 17) med p-kort eller ved parkometer"}, "vegsystem": "KV4540 S1D1 m132", "mor": [1027294047]}, "geometry": {"type": "Point", "coordinates": [5.33040912, 60.3859256]}}, {"type": "Feature", "properties": {"nvdb_id": 1027297286, "skiltnummer": "808 - Underskilt med annen tekst", "tekst": "08 - 23 Alle dager @ 831 @Maks 3 timer", "kategori": "parkering", "egenskaper": {"Geometri, punkt": "POINT(-32322.958840046544 6733540.698358209)", "Ansiktsside, rettet mot": "Tosidig", "Skiltnummer": "808 - Underskilt med annen tekst", "Tekst": "08 - 23 Alle dager @ 831 @Maks 3 timer"}, "vegsystem": "KV14410 S1D1 m14", "mor": [1027297290]}, "geometry": {"type": "Point", "coordinates": [5.32017681, 60.38518069]}}, {"type": "Feature", "properties": {"nvdb_id": 1027297288, "skiltnummer": "552 - Parkering", "tekst": null, "kategori": "parkering", "egenskaper": {"Geometri, punkt": "POINT(-32322.958840046544 6733540.698358209)", "Ansiktsside, rettet mot": "Tosidig", "Skiltnummer": "552 - Parkering"}, "vegsystem": "KV14410 S1D1 m14", "mor": [1027297290]}, "geometry": {"type": "Point", "coordinates": [5.32017681, 60.38518069]}}, {"type": "Feature", "properties": {"nvdb_id": 1027224459, "skiltnummer": "372 - Parkering forbudt", "tekst": null, "kategori": "forbud", "egenskaper": {"Geometri, punkt": "POINT(-30767.027937941486 6733545.571426324)", "Ansiktsside, rettet mot": "Tosidig", "Skiltnummer": "372 - Parkering forbudt"}, "vegsystem": "KV4491 S1D1 m28", "mor": [1027224457]}, "geometry": {"type": "Point", "coordinates": [5.3479879, 60.38726309]}}, {"type": "Feature", "properties": {"nvdb_id": 1027330343, "skiltnummer": "806 - Tid", "tekst": "08 - 23 (08 - 17) Med p-kort sone 13 eller mot avgift", "kategori": "boligsone", "egenskaper": {"Geometri, punkt": "POINT(-32914.72169322136 6733551.376040432)", "Ansiktsside, rettet mot": "Tosidig", "Skiltnummer": "806 - Tid", "Tekst": "08 - 23 (08 - 17) Med p-kort sone 13 eller mot avgift"}, "vegsystem": "KV9973 S1D1 m204", "mor": [1027330344]}, "geometry": {"type": "Point", "coordinates": [5.30956731, 60.3844981]}}, {"type": "Feature", "properties": {"nvdb_id": 1027330347, "skiltnummer": "552 - Parkering", "tekst": null, "kategori": "parkering", "egenskaper": {"Geometri, punkt": "POINT(-32914.72169322136 6733551.376040432)", "Ansiktsside, rettet mot": "Tosidig", "Skiltnummer": "552 - Parkering"}, "vegsystem": "KV9973 S1D1 m204", "mor": [1027330344]}, "geometry": {"type": "Point", "coordinates": [5.30956731, 60.3844981]}}, {"type": "Feature", "properties": {"nvdb_id": 82648510, "skiltnummer": "372 - Parkering forbudt", "tekst": null, "kategori": "forbud", "egenskaper": {"Geometri, punkt": "POINT Z (-30823.2038337551 6733547.44297956 40.43)", "Ansiktsside, rettet mot": "Tosidig", "Skiltnummer": "372 - Parkering forbudt", "Belysning": "Ingen"}, "vegsystem": "FV585 S1D1 m6828", "mor": [82648513]}, "geometry": {"type": "Point", "coordinates": [5.34697831, 60.38720614]}}, {"type": "Feature", "properties": {"nvdb_id": 1027294013, "skiltnummer": "807.8 - Symbol, forflytningshemmede med parkeringstillatelse", "tekst": null, "kategori": "parkering", "egenskaper": {"Geometri, punkt": "POINT(-31730.06534556602 6733552.047083661)", "Ansiktsside, rettet mot": "Trafikk mot metreringsretning", "Skiltnummer": "807.8 - Symbol, forflytningshemmede med parkeringstillatelse"}, "vegsystem": "KV4540 S1D1 m156", "mor": [1027294017]}, "geometry": {"type": "Point", "coordinates": [5.33074871, 60.3860589]}}, {"type": "Feature", "properties": {"nvdb_id": 1027294015, "skiltnummer": "552 - Parkering", "tekst": null, "kategori": "parkering", "egenskaper": {"Geometri, punkt": "POINT(-31730.06534556602 6733552.047083661)", "Ansiktsside, rettet mot": "Trafikk mot metreringsretning", "Skiltnummer": "552 - Parkering"}, "vegsystem": "KV4540 S1D1 m156", "mor": [1027294017]}, "geometry": {"type": "Point", "coordinates": [5.33074871, 60.3860589]}}, {"type": "Feature", "properties": {"nvdb_id": 1027292955, "skiltnummer": "807.6 - Symbol, sykkel og liten elektrisk motorvogn", "tekst": null, "kategori": "parkering", "egenskaper": {"Geometri, punkt": "POINT(-31906.131919141742 6733548.180373068)", "Ansiktsside, rettet mot": "Trafikk mot metreringsretning", "Skiltnummer": "807.6 - Symbol, sykkel og liten elektrisk motorvogn"}, "vegsystem": "KV4626 S1D1 m277", "mor": [1027292959]}, "geometry": {"type": "Point", "coordinates": [5.32761051, 60.38579379]}}, {"type": "Feature", "properties": {"nvdb_id": 1027224464, "skiltnummer": "372 - Parkering forbudt", "tekst": null, "kategori": "forbud", "egenskaper": {"Geometri, punkt": "POINT(-30777.55376803619 6733548.732015573)", "Ansiktsside, rettet mot": "Tosidig", "Skiltnummer": "372 - Parkering forbudt"}, "vegsystem": "KV4491 S1D1 m18", "mor": [1027224462]}, "geometry": {"type": "Point", "coordinates": [5.3477913, 60.3872773]}}, {"type": "Feature", "properties": {"nvdb_id": 1027224466, "skiltnummer": "808 - Underskilt med annen tekst", "tekst": "Gjelder ikke kjøring til Kalvedalsveien 6a", "kategori": "parkering", "egenskaper": {"Geometri, punkt": "POINT(-30777.55376803619 6733548.732015573)", "Ansiktsside, rettet mot": "Trafikk i metreringsretning", "Skiltnummer": "808 - Underskilt med annen tekst", "Tekst": "Gjelder ikke kjøring til Kalvedalsveien 6a"}, "vegsystem": "KV4491 S1D1 m18", "mor": [1027224462]}, "geometry": {"type": "Point", "coordinates": [5.3477913, 60.3872773]}}, {"type": "Feature", "properties": {"nvdb_id": 1027292945, "skiltnummer": "807.6 - Symbol, sykkel og liten elektrisk motorvogn", "tekst": null, "kategori": "parkering", "egenskaper": {"Geometri, punkt": "POINT(-31911.55335196911 6733555.10726879)", "Ansiktsside, rettet mot": "Trafikk mot metreringsretning", "Skiltnummer": "807.6 - Symbol, sykkel og liten elektrisk motorvogn"}, "vegsystem": "KV4626 S1D1 m277", "mor": [1027292948]}, "geometry": {"type": "Point", "coordinates": [5.32749522, 60.385848]}}, {"type": "Feature", "properties": {"nvdb_id": 1027297279, "skiltnummer": "372 - Parkering forbudt", "tekst": null, "kategori": "forbud", "egenskaper": {"Geometri, punkt": "POINT(-32329.26309044333 6733551.813035982)", "Ansiktsside, rettet mot": "Tosidig", "Skiltnummer": "372 - Parkering forbudt"}, "vegsystem": "KV14410 S1D1 m2", "mor": [1027297281]}, "geometry": {"type": "Point", "coordinates": [5.32003461, 60.3852708]}}, {"type": "Feature", "properties": {"nvdb_id": 1027297498, "skiltnummer": "372 - Parkering forbudt", "tekst": null, "kategori": "forbud", "egenskaper": {"Geometri, punkt": "POINT(-32225.78575366037 6733552.648784605)", "Ansiktsside, rettet mot": "Tosidig", "Skiltnummer": "372 - Parkering forbudt"}, "vegsystem": "KV5191 S1D1 m33", "mor": [1027297499]}, "geometry": {"type": "Point", "coordinates": [5.32188271, 60.385414]}}, {"type": "Feature", "properties": {"nvdb_id": 1027296645, "skiltnummer": "372 - Parkering forbudt", "tekst": null, "kategori": "forbud", "egenskaper": {"Geometri, punkt": "POINT(-32238.09783398069 6733558.812790008)", "Ansiktsside, rettet mot": "Tosidig", "Skiltnummer": "372 - Parkering forbudt"}, "vegsystem": "KV5304 S1D1 m62", "mor": [1027296646]}, "geometry": {"type": "Point", "coordinates": [5.32164621, 60.3854524]}}, {"type": "Feature", "properties": {"nvdb_id": 1027296340, "skiltnummer": "372 - Parkering forbudt", "tekst": null, "kategori": "forbud", "egenskaper": {"Geometri, punkt": "POINT(-32148.681455218582 6733558.436362737)", "Ansiktsside, rettet mot": "Tosidig", "Skiltnummer": "372 - Parkering forbudt"}, "vegsystem": "KV4873 S1D1 m282", "mor": [1027296343]}, "geometry": {"type": "Point", "coordinates": [5.32324612, 60.3855664]}}, {"type": "Feature", "properties": {"nvdb_id": 1027295366, "skiltnummer": "372 - Parkering forbudt", "tekst": null, "kategori": "forbud", "egenskaper": {"Geometri, punkt": "POINT(-31598.115739423432 6733560.873391631)", "Ansiktsside, rettet mot": "Tosidig", "Skiltnummer": "372 - Parkering forbudt"}, "vegsystem": "KV5302 S3D1 m19", "mor": [1027295367]}, "geometry": {"type": "Point", "coordinates": [5.3330849, 60.38630999]}}, {"type": "Feature", "properties": {"nvdb_id": 1027294020, "skiltnummer": "807.8 - Symbol, forflytningshemmede med parkeringstillatelse", "tekst": null, "kategori": "parkering", "egenskaper": {"Geometri, punkt": "POINT(-31699.01036868256 6733567.275099413)", "Ansiktsside, rettet mot": "Tosidig", "Skiltnummer": "807.8 - Symbol, forflytningshemmede med parkeringstillatelse"}, "vegsystem": "KV4540 S1D1 m191", "mor": [1027294022]}, "geometry": {"type": "Point", "coordinates": [5.33126371, 60.3862344]}}, {"type": "Feature", "properties": {"nvdb_id": 1027294023, "skiltnummer": "552 - Parkering", "tekst": null, "kategori": "parkering", "egenskaper": {"Geometri, punkt": "POINT(-31699.01036868256 6733567.275099413)", "Ansiktsside, rettet mot": "Tosidig", "Skiltnummer": "552 - Parkering"}, "vegsystem": "KV4540 S1D1 m191", "mor": [1027294022]}, "geometry": {"type": "Point", "coordinates": [5.33126371, 60.3862344]}}, {"type": "Feature", "properties": {"nvdb_id": 1027296649, "skiltnummer": "372 - Parkering forbudt", "tekst": null, "kategori": "forbud", "egenskaper": {"Geometri, punkt": "POINT(-32259.006178095355 6733564.6696726605)", "Ansiktsside, rettet mot": "Tosidig", "Skiltnummer": "372 - Parkering forbudt"}, "vegsystem": "KV5304 S1D1 m43", "mor": [1027296651]}, "geometry": {"type": "Point", "coordinates": [5.32125681, 60.3854768]}}, {"type": "Feature", "properties": {"nvdb_id": 1027224498, "skiltnummer": "376.1 - Parkeringssone", "tekst": "08 - 23 (08 - 17) Med p-kort eller mot avgift", "kategori": "boligsone", "egenskaper": {"Geometri, punkt": "POINT(-30929.77507788816 6733565.221521225)", "Ansiktsside, rettet mot": "Trafikk i metreringsretning", "Skiltnummer": "376.1 - Parkeringssone", "Tekst": "08 - 23 (08 - 17) Med p-kort eller mot avgift"}, "vegsystem": "KV4193 S2D1 m6", "mor": [1027224499]}, "geometry": {"type": "Point", "coordinates": [5.3450254, 60.387224]}}, {"type": "Feature", "properties": {"nvdb_id": 1027224501, "skiltnummer": "372 - Parkering forbudt", "tekst": null, "kategori": "forbud", "egenskaper": {"Geometri, punkt": "POINT(-30931.300894925138 6733566.814197248)", "Ansiktsside, rettet mot": "Tosidig", "Skiltnummer": "372 - Parkering forbudt"}, "vegsystem": "KV4193 S2D1 m6", "mor": [1027224503]}, "geometry": {"type": "Point", "coordinates": [5.3449939, 60.3872361]}}, {"type": "Feature", "properties": {"nvdb_id": 1027326380, "skiltnummer": "372 - Parkering forbudt", "tekst": null, "kategori": "forbud", "egenskaper": {"Geometri, punkt": "POINT(-33523.1163828501 6733568.6995584825)", "Ansiktsside, rettet mot": "Tosidig", "Skiltnummer": "372 - Parkering forbudt"}, "vegsystem": "KV4720 S1D1 m25", "mor": [1027326381]}, "geometry": {"type": "Point", "coordinates": [5.29864333, 60.3838516]}}, {"type": "Feature", "properties": {"nvdb_id": 1027221615, "skiltnummer": "372 - Parkering forbudt", "tekst": null, "kategori": "forbud", "egenskaper": {"Geometri, punkt": "POINT(-30848.808230554336 6733571.910443908)", "Ansiktsside, rettet mot": "Tosidig", "Skiltnummer": "372 - Parkering forbudt"}, "vegsystem": "KV4631 S1D1 m23", "mor": [1027221617]}, "geometry": {"type": "Point", "coordinates": [5.34645571, 60.38738919]}}, {"type": "Feature", "properties": {"nvdb_id": 1027296655, "skiltnummer": "372 - Parkering forbudt", "tekst": null, "kategori": "forbud", "egenskaper": {"Geometri, punkt": "POINT(-32256.128258960787 6733573.744830841)", "Ansiktsside, rettet mot": "Trafikk mot metreringsretning", "Skiltnummer": "372 - Parkering forbudt"}, "vegsystem": "KV5304 S1D1 m39", "mor": [1027296657]}, "geometry": {"type": "Point", "coordinates": [5.32128422, 60.3855609]}}, {"type": "Feature", "properties": {"nvdb_id": 1027336078, "skiltnummer": "376.1 - Parkeringssone", "tekst": null, "kategori": "forbud", "egenskaper": {"Geometri, punkt": "POINT(-32957.8185811108 6733573.795849057)", "Ansiktsside, rettet mot": "Trafikk i metreringsretning", "Skiltnummer": "376.1 - Parkeringssone"}, "vegsystem": "KV4486 S1D1 m28", "mor": [1027336083]}, "geometry": {"type": "Point", "coordinates": [5.30873721, 60.3846399]}}, {"type": "Feature", "properties": {"nvdb_id": 1027328991, "skiltnummer": "372 - Parkering forbudt", "tekst": null, "kategori": "forbud", "egenskaper": {"Geometri, punkt": "POINT(-33642.377001952496 6733572.991970267)", "Ansiktsside, rettet mot": "Trafikk i metreringsretning", "Skiltnummer": "372 - Parkering forbudt"}, "vegsystem": "KV5223 S1D1 m445", "mor": [1027328995]}, "geometry": {"type": "Point", "coordinates": [5.29649962, 60.3837327]}}, {"type": "Feature", "properties": {"nvdb_id": 1027328993, "skiltnummer": "808.351 - Gjelder/Gjeld (snuplassen, torget o.l.)", "tekst": null, "kategori": "parkering", "egenskaper": {"Geometri, punkt": "POINT(-33642.377001952496 6733572.991970267)", "Ansiktsside, rettet mot": "Trafikk i metreringsretning", "Skiltnummer": "808.351 - Gjelder/Gjeld (snuplassen, torget o.l.)"}, "vegsystem": "KV5223 S1D1 m445", "mor": [1027328995]}, "geometry": {"type": "Point", "coordinates": [5.29649962, 60.3837327]}}, {"type": "Feature", "properties": {"nvdb_id": 1027287790, "skiltnummer": "372 - Parkering forbudt", "tekst": null, "kategori": "forbud", "egenskaper": {"Geometri, punkt": "POINT(-31832.049317720346 6733579.413484752)", "Ansiktsside, rettet mot": "Tosidig", "Skiltnummer": "372 - Parkering forbudt"}, "vegsystem": "KV4626 S1D1 m194", "mor": [1027287788]}, "geometry": {"type": "Point", "coordinates": [5.32885252, 60.38616739]}}, {"type": "Feature", "properties": {"nvdb_id": 1027221665, "skiltnummer": "376.1 - Parkeringssone", "tekst": "08 - 23 (08 - 17) med p-kort eller mot avgift", "kategori": "boligsone", "egenskaper": {"Geometri, punkt": "POINT(-30866.125334589975 6733580.041051551)", "Ansiktsside, rettet mot": "Trafikk i metreringsretning", "Skiltnummer": "376.1 - Parkeringssone", "Tekst": "08 - 23 (08 - 17) med p-kort eller mot avgift"}, "vegsystem": "KV4631 S1D1 m41", "mor": [1027221666]}, "geometry": {"type": "Point", "coordinates": [5.34612451, 60.3874385]}}, {"type": "Feature", "properties": {"nvdb_id": 1027296666, "skiltnummer": "372 - Parkering forbudt", "tekst": null, "kategori": "forbud", "egenskaper": {"Geometri, punkt": "POINT(-32276.413431196008 6733580.447195056)", "Ansiktsside, rettet mot": "Trafikk i metreringsretning", "Skiltnummer": "372 - Parkering forbudt"}, "vegsystem": "KV5304 S1D1 m20", "mor": [1027296668]}, "geometry": {"type": "Point", "coordinates": [5.32090372, 60.3855936]}}, {"type": "Feature", "properties": {"nvdb_id": 1027296660, "skiltnummer": "372 - Parkering forbudt", "tekst": null, "kategori": "forbud", "egenskaper": {"Geometri, punkt": "POINT(-32268.118856602698 6733584.3015316995)", "Ansiktsside, rettet mot": "Tosidig", "Skiltnummer": "372 - Parkering forbudt"}, "vegsystem": "KV5304 S1D1 m23", "mor": [1027296662]}, "geometry": {"type": "Point", "coordinates": [5.32104181, 60.3856386]}}, {"type": "Feature", "properties": {"nvdb_id": 1027221620, "skiltnummer": "376.1 - Parkeringssone", "tekst": "08 - 23 (08 - 17) med p-kort eller mot avgift", "kategori": "boligsone", "egenskaper": {"Geometri, punkt": "POINT(-30864.035437689396 6733585.09828178)", "Ansiktsside, rettet mot": "Trafikk i metreringsretning", "Skiltnummer": "376.1 - Parkeringssone", "Tekst": "08 - 23 (08 - 17) med p-kort eller mot avgift"}, "vegsystem": "KV4631 S1D1 m43", "mor": [1027221627]}, "geometry": {"type": "Point", "coordinates": [5.34614851, 60.387486]}}, {"type": "Feature", "properties": {"nvdb_id": 1027287772, "skiltnummer": "372 - Parkering forbudt", "tekst": null, "kategori": "forbud", "egenskaper": {"Geometri, punkt": "POINT(-31817.347389408387 6733586.511029143)", "Ansiktsside, rettet mot": "Parallelt mot veg", "Skiltnummer": "372 - Parkering forbudt"}, "vegsystem": "KV4626 S1D1 m178", "mor": [1027287773]}, "geometry": {"type": "Point", "coordinates": [5.32909662, 60.3862495]}}, {"type": "Feature", "properties": {"nvdb_id": 1027293071, "skiltnummer": "372 - Parkering forbudt", "tekst": null, "kategori": "forbud", "egenskaper": {"Geometri, punkt": "POINT(-31848.93921567395 6733588.536536162)", "Ansiktsside, rettet mot": "Tosidig", "Skiltnummer": "372 - Parkering forbudt"}, "vegsystem": "KV4467 S1D1 m233", "mor": [1027293074]}, "geometry": {"type": "Point", "coordinates": [5.32852631, 60.386226]}}, {"type": "Feature", "properties": {"nvdb_id": 1027296569, "skiltnummer": "372 - Parkering forbudt", "tekst": null, "kategori": "forbud", "egenskaper": {"Geometri, punkt": "POINT(-32215.38374731934 6733589.577213708)", "Ansiktsside, rettet mot": "Tosidig", "Skiltnummer": "372 - Parkering forbudt"}, "vegsystem": "KV4882 S1D1 m60", "mor": [1027296571]}, "geometry": {"type": "Point", "coordinates": [5.32197081, 60.3857545]}}, {"type": "Feature", "properties": {"nvdb_id": 557476605, "skiltnummer": "808.313 - Gjelder ikke buss/Gjeld ikkje buss", "tekst": "Gjelder ikke buss i rute", "kategori": "parkering", "egenskaper": {"Plasseringskode": 20, "Geometri, punkt": "POINT Z (-31554.3243567416 6733590.59480723 2.007)", "Ansiktsside, rettet mot": "Parallelt mot veg", "Skiltform": "Plan", "Skiltnummer": "808.313 - Gjelder ikke buss/Gjeld ikkje buss", "Belysning": "Ingen", "Tekst": "Gjelder ikke buss i rute"}, "vegsystem": "EV16 S1D1 m918", "mor": [557476603]}, "geometry": {"type": "Point", "coordinates": [5.33378931, 60.38663047]}}, {"type": "Feature", "properties": {"nvdb_id": 1027296565, "skiltnummer": "372 - Parkering forbudt", "tekst": null, "kategori": "forbud", "egenskaper": {"Geometri, punkt": "POINT(-32229.899147622054 6733592.949558005)", "Ansiktsside, rettet mot": "Tosidig", "Skiltnummer": "372 - Parkering forbudt"}, "vegsystem": "KV4882 S1D1 m47", "mor": [1027296567]}, "geometry": {"type": "Point", "coordinates": [5.32170231, 60.3857653]}}, {"type": "Feature", "properties": {"nvdb_id": 1027221673, "skiltnummer": "372 - Parkering forbudt", "tekst": null, "kategori": "forbud", "egenskaper": {"Geometri, punkt": "POINT(-30876.35312406323 6733595.991823183)", "Ansiktsside, rettet mot": "Tosidig", "Skiltnummer": "372 - Parkering forbudt"}, "vegsystem": "KV4631 S1D1 m59", "mor": [1027221677]}, "geometry": {"type": "Point", "coordinates": [5.3458994, 60.3875663]}}, {"type": "Feature", "properties": {"nvdb_id": 1027293061, "skiltnummer": "372 - Parkering forbudt", "tekst": null, "kategori": "forbud", "egenskaper": {"Geometri, punkt": "POINT(-31861.249815782066 6733597.918925636)", "Ansiktsside, rettet mot": "Tosidig", "Skiltnummer": "372 - Parkering forbudt"}, "vegsystem": "KV4467 S1D1 m245", "mor": [1027293063]}, "geometry": {"type": "Point", "coordinates": [5.32828131, 60.3862929]}}, {"type": "Feature", "properties": {"nvdb_id": 1027224521, "skiltnummer": "372 - Parkering forbudt", "tekst": null, "kategori": "forbud", "egenskaper": {"Geometri, punkt": "POINT(-31024.99052828399 6733598.070952154)", "Ansiktsside, rettet mot": "Tosidig", "Skiltnummer": "372 - Parkering forbudt"}, "vegsystem": "KV5284 S1D1 m47", "mor": [1027224523]}, "geometry": {"type": "Point", "coordinates": [5.34323569, 60.3873901]}}, {"type": "Feature", "properties": {"nvdb_id": 1027330379, "skiltnummer": "372 - Parkering forbudt", "tekst": null, "kategori": "forbud", "egenskaper": {"Geometri, punkt": "POINT(-32979.51600624714 6733600.5186799085)", "Ansiktsside, rettet mot": "Tosidig", "Skiltnummer": "372 - Parkering forbudt"}, "vegsystem": "KV9973 S1D1 m285", "mor": [1027330381]}, "geometry": {"type": "Point", "coordinates": [5.30827832, 60.3848479]}}, {"type": "Feature", "properties": {"nvdb_id": 1027293055, "skiltnummer": "372 - Parkering forbudt", "tekst": null, "kategori": "forbud", "egenskaper": {"Geometri, punkt": "POINT(-31851.48875342775 6733601.296963269)", "Ansiktsside, rettet mot": "Tosidig", "Skiltnummer": "372 - Parkering forbudt"}, "vegsystem": "KV4467 S1D1 m250", "mor": [1027293058]}, "geometry": {"type": "Point", "coordinates": [5.3284469, 60.3863356]}}, {"type": "Feature", "properties": {"nvdb_id": 1019047776, "skiltnummer": "372 - Parkering forbudt", "tekst": null, "kategori": "forbud", "egenskaper": {"Oppsettingsdato": "2023-06-15", "Plasseringskode": 10, "Geometri, punkt": "POINT Z (-31645.040105893742 6733601.377645967 2.926)", "Ansiktsside, rettet mot": "Tosidig", "Skiltnummer": "372 - Parkering forbudt", "Prosjektreferanse": "Objektoppdatering DK4604"}, "vegsystem": "FV5332 S1D1 m854", "mor": [543537161]}, "geometry": {"type": "Point", "coordinates": [5.33213851, 60.386607]}}, {"type": "Feature", "properties": {"nvdb_id": 1027296676, "skiltnummer": "372 - Parkering forbudt", "tekst": null, "kategori": "forbud", "egenskaper": {"Geometri, punkt": "POINT(-32281.121370547567 6733604.024398604)", "Ansiktsside, rettet mot": "Tosidig", "Skiltnummer": "372 - Parkering forbudt"}, "vegsystem": "KV5120 S1D1 m27", "mor": [1027296679]}, "geometry": {"type": "Point", "coordinates": [5.32075702, 60.38579609]}}, {"type": "Feature", "properties": {"nvdb_id": 1027287756, "skiltnummer": "807.6 - Symbol, sykkel og liten elektrisk motorvogn", "tekst": null, "kategori": "parkering", "egenskaper": {"Geometri, punkt": "POINT(-31773.998449387844 6733611.870376621)", "Ansiktsside, rettet mot": "Trafikk i metreringsretning", "Skiltnummer": "807.6 - Symbol, sykkel og liten elektrisk motorvogn"}, "vegsystem": "KV4626 S1D1 m128", "mor": [1027287763]}, "geometry": {"type": "Point", "coordinates": [5.32980462, 60.3865308]}}, {"type": "Feature", "properties": {"nvdb_id": 1027335870, "skiltnummer": "372 - Parkering forbudt", "tekst": null, "kategori": "forbud", "egenskaper": {"Geometri, punkt": "POINT(-33391.304446253926 6733615.120245454)", "Ansiktsside, rettet mot": "Tosidig", "Skiltnummer": "372 - Parkering forbudt"}, "vegsystem": "KV4607 S1D1 m259", "mor": [1027335873]}, "geometry": {"type": "Point", "coordinates": [5.30087673, 60.3844358]}}, {"type": "Feature", "properties": {"nvdb_id": 1027335871, "skiltnummer": "808.351 - Gjelder/Gjeld (snuplassen, torget o.l.)", "tekst": null, "kategori": "parkering", "egenskaper": {"Geometri, punkt": "POINT(-33391.304446253926 6733615.120245454)", "Ansiktsside, rettet mot": "Tosidig", "Skiltnummer": "808.351 - Gjelder/Gjeld (snuplassen, torget o.l.)"}, "vegsystem": "KV4607 S1D1 m259", "mor": [1027335873]}, "geometry": {"type": "Point", "coordinates": [5.30087673, 60.3844358]}}, {"type": "Feature", "properties": {"nvdb_id": 1027296561, "skiltnummer": "372 - Parkering forbudt", "tekst": null, "kategori": "forbud", "egenskaper": {"Geometri, punkt": "POINT(-32259.07602673315 6733615.454644026)", "Ansiktsside, rettet mot": "Trafikk i metreringsretning", "Skiltnummer": "372 - Parkering forbudt"}, "vegsystem": "KV4882 S1D1 m9", "mor": [1027296563]}, "geometry": {"type": "Point", "coordinates": [5.32112091, 60.3859262]}}, {"type": "Feature", "properties": {"nvdb_id": 1027285828, "skiltnummer": "372 - Parkering forbudt", "tekst": null, "kategori": "forbud", "egenskaper": {"Geometri, punkt": "POINT(-31970.866503908415 6733616.263490871)", "Ansiktsside, rettet mot": "Tosidig", "Skiltnummer": "372 - Parkering forbudt"}, "vegsystem": "KV4277 S2D1 m15", "mor": [1027285830]}, "geometry": {"type": "Point", "coordinates": [5.3262725, 60.38631149]}}, {"type": "Feature", "properties": {"nvdb_id": 1027336095, "skiltnummer": "806 - Tid", "tekst": "08 - 23 (08 - 17) Med p-kort sone 13 eller mot avgift", "kategori": "boligsone", "egenskaper": {"Geometri, punkt": "POINT(-33056.81230609061 6733616.267090372)", "Ansiktsside, rettet mot": "Trafikk mot metreringsretning", "Skiltnummer": "806 - Tid", "Tekst": "08 - 23 (08 - 17) Med p-kort sone 13 eller mot avgift"}, "vegsystem": "KV4486 S1D1 m136", "mor": [1027336097]}, "geometry": {"type": "Point", "coordinates": [5.30685443, 60.3848857]}}, {"type": "Feature", "properties": {"nvdb_id": 1027336098, "skiltnummer": "552 - Parkering", "tekst": null, "kategori": "parkering", "egenskaper": {"Geometri, punkt": "POINT(-33056.81230609061 6733616.267090372)", "Ansiktsside, rettet mot": "Trafikk mot metreringsretning", "Skiltnummer": "552 - Parkering"}, "vegsystem": "KV4486 S1D1 m136", "mor": [1027336097]}, "geometry": {"type": "Point", "coordinates": [5.30685443, 60.3848857]}}, {"type": "Feature", "properties": {"nvdb_id": 1027295352, "skiltnummer": "372 - Parkering forbudt", "tekst": null, "kategori": "forbud", "egenskaper": {"Geometri, punkt": "POINT(-31601.669054923113 6733618.894711594)", "Ansiktsside, rettet mot": "Tosidig", "Skiltnummer": "372 - Parkering forbudt"}, "vegsystem": "KV5302 S2D1 m136", "mor": [1027295351]}, "geometry": {"type": "Point", "coordinates": [5.33286771, 60.3868189]}}, {"type": "Feature", "properties": {"nvdb_id": 1027335875, "skiltnummer": "372 - Parkering forbudt", "tekst": null, "kategori": "forbud", "egenskaper": {"Geometri, punkt": "POINT(-33391.70972328563 6733623.38353603)", "Ansiktsside, rettet mot": "Tosidig", "Skiltnummer": "372 - Parkering forbudt"}, "vegsystem": "KV4607 S1D1 m254", "mor": [1027335879]}, "geometry": {"type": "Point", "coordinates": [5.30084752, 60.3845084]}}, {"type": "Feature", "properties": {"nvdb_id": 1027326635, "skiltnummer": "376.1 - Parkeringssone", "tekst": "08 - 23 (08 - 17) Med p-kort eller mot avgift", "kategori": "boligsone", "egenskaper": {"Geometri, punkt": "POINT(-33487.98556555004 6733621.092285955)", "Ansiktsside, rettet mot": "Trafikk i metreringsretning", "Skiltnummer": "376.1 - Parkeringssone", "Tekst": "08 - 23 (08 - 17) Med p-kort eller mot avgift"}, "vegsystem": "KV5013 S1D1 m79", "mor": [1027326637]}, "geometry": {"type": "Point", "coordinates": [5.29913222, 60.38436149]}}, {"type": "Feature", "properties": {"nvdb_id": 1027296556, "skiltnummer": "372 - Parkering forbudt", "tekst": null, "kategori": "forbud", "egenskaper": {"Geometri, punkt": "POINT(-32272.13368897501 6733624.50875815)", "Ansiktsside, rettet mot": "Tosidig", "Skiltnummer": "372 - Parkering forbudt"}, "vegsystem": "KV5120 S1D1 m4", "mor": [1027296554]}, "geometry": {"type": "Point", "coordinates": [5.32086341, 60.3859892]}}, {"type": "Feature", "properties": {"nvdb_id": 1027326699, "skiltnummer": "376.1 - Parkeringssone", "tekst": "08 - 23 (08 - 17) Med p-kort eller mot avgift", "kategori": "boligsone", "egenskaper": {"Geometri, punkt": "POINT(-33483.146565806586 6733625.389906466)", "Ansiktsside, rettet mot": "Trafikk i metreringsretning", "Skiltnummer": "376.1 - Parkeringssone", "Tekst": "08 - 23 (08 - 17) Med p-kort eller mot avgift"}, "vegsystem": "KV5013 S1D1 m80", "mor": [1027326705]}, "geometry": {"type": "Point", "coordinates": [5.29920732, 60.3844059]}}, {"type": "Feature", "properties": {"nvdb_id": 1027337834, "skiltnummer": "807.8 - Symbol, forflytningshemmede med parkeringstillatelse", "tekst": null, "kategori": "parkering", "egenskaper": {"Geometri, punkt": "POINT(-33194.56725317484 6733624.81709978)", "Ansiktsside, rettet mot": "Trafikk i metreringsretning", "Skiltnummer": "807.8 - Symbol, forflytningshemmede med parkeringstillatelse"}, "vegsystem": "KV3082 S1D1 m24", "mor": [1027337838]}, "geometry": {"type": "Point", "coordinates": [5.30436863, 60.3847803]}}, {"type": "Feature", "properties": {"nvdb_id": 1027337836, "skiltnummer": "552 - Parkering", "tekst": null, "kategori": "parkering", "egenskaper": {"Geometri, punkt": "POINT(-33194.56725317484 6733624.81709978)", "Ansiktsside, rettet mot": "Trafikk i metreringsretning", "Skiltnummer": "552 - Parkering"}, "vegsystem": "KV3082 S1D1 m24", "mor": [1027337838]}, "geometry": {"type": "Point", "coordinates": [5.30436863, 60.3847803]}}, {"type": "Feature", "properties": {"nvdb_id": 1027224512, "skiltnummer": "376.1 - Parkeringssone", "tekst": "08 -23 (08 - 17) Med p-kort eller mot avgift", "kategori": "boligsone", "egenskaper": {"Geometri, punkt": "POINT(-30997.62775695359 6733627.6108321715)", "Ansiktsside, rettet mot": "Trafikk i metreringsretning", "Skiltnummer": "376.1 - Parkeringssone", "Tekst": "08 -23 (08 - 17) Med p-kort eller mot avgift"}, "vegsystem": "KV5284 S1D1 m8", "mor": [1027224508]}, "geometry": {"type": "Point", "coordinates": [5.3436469, 60.3876874]}}, {"type": "Feature", "properties": {"nvdb_id": 1027337849, "skiltnummer": "552 - Parkering", "tekst": null, "kategori": "parkering", "egenskaper": {"Geometri, punkt": "POINT(-33190.29559326789 6733628.61176358)", "Ansiktsside, rettet mot": "Trafikk mot metreringsretning", "Skiltnummer": "552 - Parkering"}, "vegsystem": "KV3082 S1D1 m20", "mor": [1027337848]}, "geometry": {"type": "Point", "coordinates": [5.30443491, 60.3848195]}}, {"type": "Feature", "properties": {"nvdb_id": 1027337853, "skiltnummer": "807.8 - Symbol, forflytningshemmede med parkeringstillatelse", "tekst": null, "kategori": "parkering", "egenskaper": {"Geometri, punkt": "POINT(-33190.29559326789 6733628.61176358)", "Ansiktsside, rettet mot": "Trafikk mot metreringsretning", "Skiltnummer": "807.8 - Symbol, forflytningshemmede med parkeringstillatelse"}, "vegsystem": "KV3082 S1D1 m20", "mor": [1027337848]}, "geometry": {"type": "Point", "coordinates": [5.30443491, 60.3848195]}}, {"type": "Feature", "properties": {"nvdb_id": 1027224516, "skiltnummer": "376.1 - Parkeringssone", "tekst": "08 - 23 (08 - 17) Med p-kort eller mot avgift", "kategori": "boligsone", "egenskaper": {"Geometri, punkt": "POINT(-30998.680350696202 6733629.415983862)", "Ansiktsside, rettet mot": "Trafikk i metreringsretning", "Skiltnummer": "376.1 - Parkeringssone", "Tekst": "08 - 23 (08 - 17) Med p-kort eller mot avgift"}, "vegsystem": "KV5284 S1D1 m7", "mor": [1027224517]}, "geometry": {"type": "Point", "coordinates": [5.34362331, 60.387702]}}, {"type": "Feature", "properties": {"nvdb_id": 1027221683, "skiltnummer": "372 - Parkering forbudt", "tekst": null, "kategori": "forbud", "egenskaper": {"Geometri, punkt": "POINT(-30909.57253943244 6733629.5666460525)", "Ansiktsside, rettet mot": "Tosidig", "Skiltnummer": "372 - Parkering forbudt"}, "vegsystem": "KV4631 S1D1 m107", "mor": [1027221686]}, "geometry": {"type": "Point", "coordinates": [5.34521649, 60.38782]}}, {"type": "Feature", "properties": {"nvdb_id": 1017656750, "skiltnummer": "372 - Parkering forbudt", "tekst": null, "kategori": "forbud", "egenskaper": {"Oppsettingsdato": "2023-01-19", "Geometri, punkt": "POINT Z (-32424.807750301436 6733630.889100376 3.62)", "Ansiktsside, rettet mot": "Tosidig", "Vedtaksnummer": "312.039", "Skiltnummer": "372 - Parkering forbudt", "Prosjektreferanse": "DK9304 2023-04 ETR 312.039", "Eier": "Stat, Statens vegvesen", "Vedlikeholdsansvarlig": "Statens vegvesen"}, "vegsystem": "RV555 S1D10 m182", "mor": [1017656749]}, "geometry": {"type": "Point", "coordinates": [5.31811643, 60.38584527]}}, {"type": "Feature", "properties": {"nvdb_id": 1017656751, "skiltnummer": "808.351 - Gjelder/Gjeld (snuplassen, torget o.l.)", "tekst": "Gjelder lomme", "kategori": "parkering", "egenskaper": {"Oppsettingsdato": "2023-01-19", "Geometri, punkt": "POINT Z (-32424.807750301436 6733630.889100376 3.62)", "Ansiktsside, rettet mot": "Tosidig", "Vedtaksnummer": "312.039", "Skiltnummer": "808.351 - Gjelder/Gjeld (snuplassen, torget o.l.)", "Prosjektreferanse": "DK9304 2023-04 ETR 312.039", "Eier": "Stat, Statens vegvesen", "Tekst": "Gjelder lomme", "Vedlikeholdsansvarlig": "Statens vegvesen"}, "vegsystem": "RV555 S1D10 m182", "mor": [1017656749]}, "geometry": {"type": "Point", "coordinates": [5.31811643, 60.38584527]}}, {"type": "Feature", "properties": {"nvdb_id": 1027330392, "skiltnummer": "552 - Parkering", "tekst": null, "kategori": "parkering", "egenskaper": {"Geometri, punkt": "POINT(-33001.5343797619 6733635.548756063)", "Ansiktsside, rettet mot": "Tosidig", "Skiltnummer": "552 - Parkering"}, "vegsystem": "KV9973 S1D1 m325", "mor": [1027330395]}, "geometry": {"type": "Point", "coordinates": [5.30779163, 60.385129]}}, {"type": "Feature", "properties": {"nvdb_id": 1027330394, "skiltnummer": "806 - Tid", "tekst": "08 - 23 (08 - 17) Med p-kort sone 13 eller mot avgift", "kategori": "boligsone", "egenskaper": {"Geometri, punkt": "POINT(-33001.5343797619 6733635.548756063)", "Ansiktsside, rettet mot": "Tosidig", "Skiltnummer": "806 - Tid", "Tekst": "08 - 23 (08 - 17) Med p-kort sone 13 eller mot avgift"}, "vegsystem": "KV9973 S1D1 m325", "mor": [1027330395]}, "geometry": {"type": "Point", "coordinates": [5.30779163, 60.385129]}}, {"type": "Feature", "properties": {"nvdb_id": 1027337480, "skiltnummer": "808 - Underskilt med annen tekst", "tekst": "Kjøring til Fyllingsveien 26 tillatt", "kategori": "parkering", "egenskaper": {"Geometri, punkt": "POINT(-33178.621679620584 6733637.510026499)", "Ansiktsside, rettet mot": "Trafikk i metreringsretning", "Skiltnummer": "808 - Underskilt med annen tekst", "Tekst": "Kjøring til Fyllingsveien 26 tillatt"}, "vegsystem": "KV4486 S1D100 m6", "mor": [1027337481]}, "geometry": {"type": "Point", "coordinates": [5.30462001, 60.3849136]}}, {"type": "Feature", "properties": {"nvdb_id": 1027293166, "skiltnummer": "372 - Parkering forbudt", "tekst": null, "kategori": "forbud", "egenskaper": {"Geometri, punkt": "POINT(-31673.85380941187 6733645.978971084)", "Ansiktsside, rettet mot": "Tosidig", "Skiltnummer": "372 - Parkering forbudt"}, "vegsystem": "KV4626 S1D1 m22", "mor": [1027293167]}, "geometry": {"type": "Point", "coordinates": [5.3315051, 60.386964]}}, {"type": "Feature", "properties": {"nvdb_id": 1027221696, "skiltnummer": "372 - Parkering forbudt", "tekst": null, "kategori": "forbud", "egenskaper": {"Geometri, punkt": "POINT(-30906.887027889723 6733640.918858982)", "Ansiktsside, rettet mot": "Tosidig", "Skiltnummer": "372 - Parkering forbudt"}, "vegsystem": "KV4631 S1D1 m117", "mor": [1027221697]}, "geometry": {"type": "Point", "coordinates": [5.3452345, 60.387924]}}, {"type": "Feature", "properties": {"nvdb_id": 1027293289, "skiltnummer": "372 - Parkering forbudt", "tekst": null, "kategori": "forbud", "egenskaper": {"Geometri, punkt": "POINT(-31722.729784975876 6733641.547795803)", "Ansiktsside, rettet mot": "Tosidig", "Skiltnummer": "372 - Parkering forbudt"}, "vegsystem": "KV4384 S1D1 m191", "mor": [1027293290]}, "geometry": {"type": "Point", "coordinates": [5.3306428, 60.3868607]}}, {"type": "Feature", "properties": {"nvdb_id": 1027330387, "skiltnummer": "372 - Parkering forbudt", "tekst": null, "kategori": "forbud", "egenskaper": {"Geometri, punkt": "POINT(-33022.78391529212 6733643.551202937)", "Ansiktsside, rettet mot": "Tosidig", "Skiltnummer": "372 - Parkering forbudt"}, "vegsystem": "KV9973 S1D1 m346", "mor": [1027330389]}, "geometry": {"type": "Point", "coordinates": [5.30739042, 60.3851719]}}, {"type": "Feature", "properties": {"nvdb_id": 1027337447, "skiltnummer": "552 - Parkering", "tekst": null, "kategori": "parkering", "egenskaper": {"Geometri, punkt": "POINT(-33099.528483446105 6733644.63201459)", "Ansiktsside, rettet mot": "Tosidig", "Skiltnummer": "552 - Parkering"}, "vegsystem": "KV4486 S1D1 m187", "mor": [1027337450]}, "geometry": {"type": "Point", "coordinates": [5.30601533, 60.3850806]}}, {"type": "Feature", "properties": {"nvdb_id": 1027337449, "skiltnummer": "806 - Tid", "tekst": "08 - 23 (08 - 17) Med p-kort sone 13 eller mot avgift", "kategori": "boligsone", "egenskaper": {"Geometri, punkt": "POINT(-33099.528483446105 6733644.63201459)", "Ansiktsside, rettet mot": "Tosidig", "Skiltnummer": "806 - Tid", "Tekst": "08 - 23 (08 - 17) Med p-kort sone 13 eller mot avgift"}, "vegsystem": "KV4486 S1D1 m187", "mor": [1027337450]}, "geometry": {"type": "Point", "coordinates": [5.30601533, 60.3850806]}}, {"type": "Feature", "properties": {"nvdb_id": 1027337454, "skiltnummer": "552 - Parkering", "tekst": null, "kategori": "parkering", "egenskaper": {"Geometri, punkt": "POINT(-33158.375892071985 6733645.304628139)", "Ansiktsside, rettet mot": "Tosidig", "Skiltnummer": "552 - Parkering"}, "vegsystem": "KV4486 S1D1 m255", "mor": [1027337457]}, "geometry": {"type": "Point", "coordinates": [5.30496132, 60.3850092]}}, {"type": "Feature", "properties": {"nvdb_id": 1027337456, "skiltnummer": "806 - Tid", "tekst": "08 - 23 (08 - 17) Med p-kort sone 13 eller mot avgift", "kategori": "boligsone", "egenskaper": {"Geometri, punkt": "POINT(-33158.375892071985 6733645.304628139)", "Ansiktsside, rettet mot": "Tosidig", "Skiltnummer": "806 - Tid", "Tekst": "08 - 23 (08 - 17) Med p-kort sone 13 eller mot avgift"}, "vegsystem": "KV4486 S1D1 m255", "mor": [1027337457]}, "geometry": {"type": "Point", "coordinates": [5.30496132, 60.3850092]}}, {"type": "Feature", "properties": {"nvdb_id": 1027326685, "skiltnummer": "372 - Parkering forbudt", "tekst": null, "kategori": "forbud", "egenskaper": {"Geometri, punkt": "POINT(-33514.18219372386 6733645.708161219)", "Ansiktsside, rettet mot": "Tosidig", "Skiltnummer": "372 - Parkering forbudt"}, "vegsystem": "KV5013 S1D1 m44", "mor": [1027326687]}, "geometry": {"type": "Point", "coordinates": [5.29859843, 60.3845449]}}, {"type": "Feature", "properties": {"nvdb_id": 1027296392, "skiltnummer": "372 - Parkering forbudt", "tekst": null, "kategori": "forbud", "egenskaper": {"Geometri, punkt": "POINT(-32195.261109252227 6733645.75160279)", "Ansiktsside, rettet mot": "Tosidig", "Skiltnummer": "372 - Parkering forbudt"}, "vegsystem": "KV4873 S1D1 m179", "mor": [1027296388]}, "geometry": {"type": "Point", "coordinates": [5.32218171, 60.3862781]}}, {"type": "Feature", "properties": {"nvdb_id": 1027293280, "skiltnummer": "807.8 - Symbol, forflytningshemmede med parkeringstillatelse", "tekst": null, "kategori": "parkering", "egenskaper": {"Geometri, punkt": "POINT(-31723.38128493703 6733645.756772934)", "Ansiktsside, rettet mot": "Tosidig", "Skiltnummer": "807.8 - Symbol, forflytningshemmede med parkeringstillatelse"}, "vegsystem": "KV4384 S1D1 m187", "mor": [1027293283]}, "geometry": {"type": "Point", "coordinates": [5.33062001, 60.3868971]}}, {"type": "Feature", "properties": {"nvdb_id": 1027293282, "skiltnummer": "552 - Parkering", "tekst": null, "kategori": "parkering", "egenskaper": {"Geometri, punkt": "POINT(-31723.38128493703 6733645.756772934)", "Ansiktsside, rettet mot": "Tosidig", "Skiltnummer": "552 - Parkering"}, "vegsystem": "KV4384 S1D1 m187", "mor": [1027293283]}, "geometry": {"type": "Point", "coordinates": [5.33062001, 60.3868971]}}, {"type": "Feature", "properties": {"nvdb_id": 1027285972, "skiltnummer": "372 - Parkering forbudt", "tekst": null, "kategori": "forbud", "egenskaper": {"Geometri, punkt": "POINT(-32000.091815863154 6733654.331020508)", "Ansiktsside, rettet mot": "Tosidig", "Skiltnummer": "372 - Parkering forbudt"}, "vegsystem": "KV4541 S1D1 m187", "mor": [1027285973]}, "geometry": {"type": "Point", "coordinates": [5.32564901, 60.3866101]}}, {"type": "Feature", "properties": {"nvdb_id": 1027291256, "skiltnummer": "372 - Parkering forbudt", "tekst": null, "kategori": "forbud", "egenskaper": {"Geometri, punkt": "POINT(-31880.033691113582 6733650.718734406)", "Ansiktsside, rettet mot": "Tosidig", "Skiltnummer": "372 - Parkering forbudt"}, "vegsystem": "KV4467 S1D1 m305", "mor": [1027291257]}, "geometry": {"type": "Point", "coordinates": [5.3278055, 60.3867356]}}, {"type": "Feature", "properties": {"nvdb_id": 1027295357, "skiltnummer": "552 - Parkering", "tekst": null, "kategori": "parkering", "egenskaper": {"Geometri, punkt": "POINT(-31590.351201765123 6733650.76213073)", "Ansiktsside, rettet mot": "Tosidig", "Skiltnummer": "552 - Parkering"}, "vegsystem": "KV5302 S2D1 m104", "mor": [1027295354]}, "geometry": {"type": "Point", "coordinates": [5.33298571, 60.3871158]}}, {"type": "Feature", "properties": {"nvdb_id": 1027295359, "skiltnummer": "807.8 - Symbol, forflytningshemmede med parkeringstillatelse", "tekst": null, "kategori": "parkering", "egenskaper": {"Geometri, punkt": "POINT(-31590.351201765123 6733650.76213073)", "Ansiktsside, rettet mot": "Tosidig", "Skiltnummer": "807.8 - Symbol, forflytningshemmede med parkeringstillatelse"}, "vegsystem": "KV5302 S2D1 m104", "mor": [1027295354]}, "geometry": {"type": "Point", "coordinates": [5.33298571, 60.3871158]}}, {"type": "Feature", "properties": {"nvdb_id": 1027293276, "skiltnummer": "552 - Parkering", "tekst": null, "kategori": "parkering", "egenskaper": {"Geometri, punkt": "POINT(-31713.541075784247 6733651.936601333)", "Ansiktsside, rettet mot": "Tosidig", "Skiltnummer": "552 - Parkering"}, "vegsystem": "KV4384 S1D1 m184", "mor": [1027293278]}, "geometry": {"type": "Point", "coordinates": [5.33077961, 60.3869647]}}, {"type": "Feature", "properties": {"nvdb_id": 1027293277, "skiltnummer": "807.8 - Symbol, forflytningshemmede med parkeringstillatelse", "tekst": null, "kategori": "parkering", "egenskaper": {"Geometri, punkt": "POINT(-31713.541075784247 6733651.936601333)", "Ansiktsside, rettet mot": "Tosidig", "Skiltnummer": "807.8 - Symbol, forflytningshemmede med parkeringstillatelse"}, "vegsystem": "KV4384 S1D1 m184", "mor": [1027293278]}, "geometry": {"type": "Point", "coordinates": [5.33077961, 60.3869647]}}, {"type": "Feature", "properties": {"nvdb_id": 1027292635, "skiltnummer": "807.6 - Symbol, sykkel og liten elektrisk motorvogn", "tekst": null, "kategori": "parkering", "egenskaper": {"Geometri, punkt": "POINT(-31994.52074396354 6733653.132514176)", "Ansiktsside, rettet mot": "Trafikk mot metreringsretning", "Skiltnummer": "807.6 - Symbol, sykkel og liten elektrisk motorvogn"}, "vegsystem": "KV4277 S1D1 m168", "mor": [1027292637]}, "geometry": {"type": "Point", "coordinates": [5.3257518, 60.3866068]}}, {"type": "Feature", "properties": {"nvdb_id": 1027292641, "skiltnummer": "807.6 - Symbol, sykkel og liten elektrisk motorvogn", "tekst": null, "kategori": "parkering", "egenskaper": {"Geometri, punkt": "POINT(-31985.514200971927 6733652.701560513)", "Ansiktsside, rettet mot": "Trafikk mot metreringsretning", "Skiltnummer": "807.6 - Symbol, sykkel og liten elektrisk motorvogn"}, "vegsystem": "KV4277 S1D1 m167", "mor": [1027292643]}, "geometry": {"type": "Point", "coordinates": [5.32591401, 60.3866148]}}, {"type": "Feature", "properties": {"nvdb_id": 82516664, "skiltnummer": "808.619 - STOPP ved rødt blink Tunnel stengt/Stengd", "tekst": null, "kategori": "parkering", "egenskaper": {"Geometri, punkt": "POINT Z (-32449.0211486331 6733652.17631682 3.173)", "Ansiktsside, rettet mot": "Trafikk i metreringsretning", "Skiltform": "Plan", "Skiltnummer": "808.619 - STOPP ved rødt blink Tunnel stengt/Stengd", "Belysning": "Ingen"}, "vegsystem": "RV555 S1D10 m149", "mor": [82516667]}, "geometry": {"type": "Point", "coordinates": [5.31762701, 60.38600189]}}, {"type": "Feature", "properties": {"nvdb_id": 1024520608, "skiltnummer": "372 - Parkering forbudt", "tekst": null, "kategori": "forbud", "egenskaper": {"Oppsettingsdato": "2024-11-12", "Skiltnummer": "372 - Parkering forbudt", "Ansiktsside, rettet mot": "Tosidig", "Plasseringskode": 10, "Prosjektreferanse": "DK4604 Stikkrenner og kummar", "Geometri, punkt": "POINT Z (-31643.33036354964 6733653.320939652 2.716)"}, "vegsystem": "FV5332 S1D1 m906", "mor": [543537157]}, "geometry": {"type": "Point", "coordinates": [5.33203151, 60.387069]}}, {"type": "Feature", "properties": {"nvdb_id": 1027295361, "skiltnummer": "372 - Parkering forbudt", "tekst": null, "kategori": "forbud", "egenskaper": {"Geometri, punkt": "POINT(-31601.3532561257 6733654.481592575)", "Ansiktsside, rettet mot": "Tosidig", "Skiltnummer": "372 - Parkering forbudt"}, "vegsystem": "KV5302 S2D1 m101", "mor": [1027295363]}, "geometry": {"type": "Point", "coordinates": [5.33277911, 60.3871343]}}, {"type": "Feature", "properties": {"nvdb_id": 1027296513, "skiltnummer": "807.6 - Symbol, sykkel og liten elektrisk motorvogn", "tekst": null, "kategori": "parkering", "egenskaper": {"Geometri, punkt": "POINT(-32097.154467273387 6733655.916836369)", "Ansiktsside, rettet mot": "Trafikk mot metreringsretning", "Skiltnummer": "807.6 - Symbol, sykkel og liten elektrisk motorvogn"}, "vegsystem": "KV4890 S1D1 m110", "mor": [1027296512]}, "geometry": {"type": "Point", "coordinates": [5.32390912, 60.3864968]}}, {"type": "Feature", "properties": {"nvdb_id": 82516658, "skiltnummer": "808.619 - STOPP ved rødt blink Tunnel stengt/Stengd", "tekst": null, "kategori": "parkering", "egenskaper": {"Geometri, punkt": "POINT Z (-32445.3948443671 6733658.08201234 3.168)", "Ansiktsside, rettet mot": "Trafikk i metreringsretning", "Skiltform": "Plan", "Skiltnummer": "808.619 - STOPP ved rødt blink Tunnel stengt/Stengd", "Belysning": "Ingen"}, "vegsystem": "RV555 S1D10 m148", "mor": [82516661]}, "geometry": {"type": "Point", "coordinates": [5.31767618, 60.38605892]}}, {"type": "Feature", "properties": {"nvdb_id": 1027291253, "skiltnummer": "372 - Parkering forbudt", "tekst": null, "kategori": "forbud", "egenskaper": {"Geometri, punkt": "POINT(-31876.795509584015 6733664.836055785)", "Ansiktsside, rettet mot": "Tosidig", "Skiltnummer": "372 - Parkering forbudt"}, "vegsystem": "KV4743 S1D1 m300", "mor": [1027291251]}, "geometry": {"type": "Point", "coordinates": [5.327826, 60.3868648]}}, {"type": "Feature", "properties": {"nvdb_id": 1027293268, "skiltnummer": "552 - Parkering", "tekst": null, "kategori": "parkering", "egenskaper": {"Geometri, punkt": "POINT(-31727.091520160902 6733659.705798995)", "Ansiktsside, rettet mot": "Tosidig", "Skiltnummer": "552 - Parkering"}, "vegsystem": "KV4384 S1D1 m173", "mor": [1027293272]}, "geometry": {"type": "Point", "coordinates": [5.3305167, 60.3870157]}}, {"type": "Feature", "properties": {"nvdb_id": 1027293270, "skiltnummer": "806 - Tid", "tekst": "Maks 2 timer mot avgift", "kategori": "parkering", "egenskaper": {"Geometri, punkt": "POINT(-31727.091520160902 6733659.705798995)", "Ansiktsside, rettet mot": "Tosidig", "Skiltnummer": "806 - Tid", "Tekst": "Maks 2 timer mot avgift"}, "vegsystem": "KV4384 S1D1 m173", "mor": [1027293272]}, "geometry": {"type": "Point", "coordinates": [5.3305167, 60.3870157]}}, {"type": "Feature", "properties": {"nvdb_id": 1027291266, "skiltnummer": "372 - Parkering forbudt", "tekst": null, "kategori": "forbud", "egenskaper": {"Geometri, punkt": "POINT(-31870.727307962836 6733666.162638686)", "Ansiktsside, rettet mot": "Tosidig", "Skiltnummer": "372 - Parkering forbudt"}, "vegsystem": "KV4743 S1D1 m294", "mor": [1027291264]}, "geometry": {"type": "Point", "coordinates": [5.32793101, 60.3868845]}}, {"type": "Feature", "properties": {"nvdb_id": 1027293265, "skiltnummer": "372 - Parkering forbudt", "tekst": null, "kategori": "forbud", "egenskaper": {"Geometri, punkt": "POINT(-31716.612371219904 6733663.102043979)", "Ansiktsside, rettet mot": "Tosidig", "Skiltnummer": "372 - Parkering forbudt"}, "vegsystem": "KV4384 S1D1 m172", "mor": [1027293264]}, "geometry": {"type": "Point", "coordinates": [5.33069511, 60.3870595]}}, {"type": "Feature", "properties": {"nvdb_id": 1027331524, "skiltnummer": "372 - Parkering forbudt", "tekst": null, "kategori": "forbud", "egenskaper": {"Geometri, punkt": "POINT(-33483.10271357279 6733663.054429604)", "Ansiktsside, rettet mot": "Tosidig", "Skiltnummer": "372 - Parkering forbudt"}, "vegsystem": "KV4599 S1D1 m343", "mor": [1027331522]}, "geometry": {"type": "Point", "coordinates": [5.29910802, 60.38473929]}}, {"type": "Feature", "properties": {"nvdb_id": 1027296518, "skiltnummer": "807.6 - Symbol, sykkel og liten elektrisk motorvogn", "tekst": null, "kategori": "parkering", "egenskaper": {"Geometri, punkt": "POINT(-32088.316765743308 6733665.588667239)", "Ansiktsside, rettet mot": "Trafikk mot metreringsretning", "Skiltnummer": "807.6 - Symbol, sykkel og liten elektrisk motorvogn"}, "vegsystem": "KV4890 S1D1 m105", "mor": [1027296522]}, "geometry": {"type": "Point", "coordinates": [5.32404151, 60.386594]}}, {"type": "Feature", "properties": {"nvdb_id": 1010940193, "skiltnummer": "808.619 - STOPP ved rødt blink Tunnel stengt/Stengd", "tekst": null, "kategori": "parkering", "egenskaper": {"Geometri, punkt": "POINT Z (-32377.4043212741 6733663.32090408 -999999)", "Skiltnummer": "808.619 - STOPP ved rødt blink Tunnel stengt/Stengd"}, "vegsystem": "FV588 S1D1 m20", "mor": [1010940192]}, "geometry": {"type": "Point", "coordinates": [5.31887808, 60.38619455]}}, {"type": "Feature", "properties": {"nvdb_id": 1027331528, "skiltnummer": "376.1 - Parkeringssone", "tekst": "08 - 23 (08 - 17) Med p-kort eller mot avgift", "kategori": "boligsone", "egenskaper": {"Geometri, punkt": "POINT(-33483.727894973475 6733665.395855167)", "Ansiktsside, rettet mot": "Trafikk mot metreringsretning", "Skiltnummer": "376.1 - Parkeringssone", "Tekst": "08 - 23 (08 - 17) Med p-kort eller mot avgift"}, "vegsystem": "KV4599 S1D1 m341", "mor": [1027331535]}, "geometry": {"type": "Point", "coordinates": [5.29909062, 60.3847592]}}, {"type": "Feature", "properties": {"nvdb_id": 1027291274, "skiltnummer": "808 - Underskilt med annen tekst", "tekst": null, "kategori": "parkering", "egenskaper": {"Geometri, punkt": "POINT(-31858.09717294993 6733673.431379611)", "Ansiktsside, rettet mot": "Trafikk i metreringsretning", "Skiltnummer": "808 - Underskilt med annen tekst"}, "vegsystem": "KV4743 S1D1 m280", "mor": [1027291276]}, "geometry": {"type": "Point", "coordinates": [5.32813761, 60.38696539]}}, {"type": "Feature", "properties": {"nvdb_id": 1027331582, "skiltnummer": "376.1 - Parkeringssone", "tekst": "08 - 23 (08 - 17)Med p-kort eller mot avgift", "kategori": "boligsone", "egenskaper": {"Geometri, punkt": "POINT(-33475.89588550059 6733668.11875221)", "Ansiktsside, rettet mot": "Trafikk mot metreringsretning", "Skiltnummer": "376.1 - Parkeringssone", "Tekst": "08 - 23 (08 - 17)Med p-kort eller mot avgift"}, "vegsystem": "KV4599 S1D1 m341", "mor": [1027331588]}, "geometry": {"type": "Point", "coordinates": [5.29922342, 60.3847936]}}, {"type": "Feature", "properties": {"nvdb_id": 1027287817, "skiltnummer": "806 - Tid", "tekst": "Maks 2 timer mot avgift", "kategori": "parkering", "egenskaper": {"Geometri, punkt": "POINT(-31925.94087694073 6733668.593418601)", "Ansiktsside, rettet mot": "Tosidig", "Skiltnummer": "806 - Tid", "Tekst": "Maks 2 timer mot avgift"}, "vegsystem": "KV5300 S1D1 m136", "mor": [1027287813]}, "geometry": {"type": "Point", "coordinates": [5.32693721, 60.38683359]}}, {"type": "Feature", "properties": {"nvdb_id": 1027287818, "skiltnummer": "552 - Parkering", "tekst": null, "kategori": "parkering", "egenskaper": {"Geometri, punkt": "POINT(-31925.94087694073 6733668.593418601)", "Ansiktsside, rettet mot": "Tosidig", "Skiltnummer": "552 - Parkering"}, "vegsystem": "KV5300 S1D1 m136", "mor": [1027287813]}, "geometry": {"type": "Point", "coordinates": [5.32693721, 60.38683359]}}, {"type": "Feature", "properties": {"nvdb_id": 1027296412, "skiltnummer": "372 - Parkering forbudt", "tekst": null, "kategori": "forbud", "egenskaper": {"Geometri, punkt": "POINT(-32105.23172692454 6733673.293231786)", "Ansiktsside, rettet mot": "Tosidig", "Skiltnummer": "372 - Parkering forbudt"}, "vegsystem": "KV4890 S1D1 m91", "mor": [1027296410]}, "geometry": {"type": "Point", "coordinates": [5.32371861, 60.38664]}}, {"type": "Feature", "properties": {"nvdb_id": 271827170, "skiltnummer": "808.317 - Gjelder ikke buss og taxi/Gjeld ikkje buss og taxi", "tekst": null, "kategori": "parkering", "egenskaper": {"Geometri, punkt": "POINT Z (-32382.6931236322 6733673.29977645 -999999)", "Ansiktsside, rettet mot": "Trafikk i metreringsretning", "Skiltnummer": "808.317 - Gjelder ikke buss og taxi/Gjeld ikkje buss og taxi", "Belysning": "Ingen"}, "vegsystem": "FV588 S1D1 m2", "mor": [271827169]}, "geometry": {"type": "Point", "coordinates": [5.31875704, 60.38627593]}}, {"type": "Feature", "properties": {"nvdb_id": 1027293257, "skiltnummer": "552 - Parkering", "tekst": null, "kategori": "parkering", "egenskaper": {"Geometri, punkt": "POINT(-31729.832731919596 6733675.36416416)", "Ansiktsside, rettet mot": "Tosidig", "Skiltnummer": "552 - Parkering"}, "vegsystem": "KV4384 S1D1 m157", "mor": [1027293261]}, "geometry": {"type": "Point", "coordinates": [5.3304262, 60.3871507]}}, {"type": "Feature", "properties": {"nvdb_id": 1027293259, "skiltnummer": "808 - Underskilt med annen tekst", "tekst": null, "kategori": "parkering", "egenskaper": {"Geometri, punkt": "POINT(-31729.832731919596 6733675.36416416)", "Ansiktsside, rettet mot": "Tosidig", "Skiltnummer": "808 - Underskilt med annen tekst"}, "vegsystem": "KV4384 S1D1 m157", "mor": [1027293261]}, "geometry": {"type": "Point", "coordinates": [5.3304262, 60.3871507]}}, {"type": "Feature", "properties": {"nvdb_id": 82506924, "skiltnummer": "808.317 - Gjelder ikke buss og taxi/Gjeld ikkje buss og taxi", "tekst": null, "kategori": "parkering", "egenskaper": {"Plasseringskode": 20, "Geometri, punkt": "POINT Z (-32393.0568253733 6733679.55575868 10.503)", "Ansiktsside, rettet mot": "Trafikk mot metreringsretning", "Skiltform": "Plan", "Skiltnummer": "808.317 - Gjelder ikke buss og taxi/Gjeld ikkje buss og taxi", "Belysning": "Ingen"}, "vegsystem": "RV555 S1D20 m13", "mor": [82506930]}, "geometry": {"type": "Point", "coordinates": [5.31855512, 60.38631769]}}, {"type": "Feature", "properties": {"nvdb_id": 1027291282, "skiltnummer": "808 - Underskilt med annen tekst", "tekst": "Lasteplass Av og palessing tillatt for @ 372@ øvring tid", "kategori": "parkering", "egenskaper": {"Geometri, punkt": "POINT(-31827.185094506713 6733685.165718811)", "Ansiktsside, rettet mot": "Tosidig", "Skiltnummer": "808 - Underskilt med annen tekst", "Tekst": "Lasteplass Av og palessing tillatt for @ 372@ øvring tid"}, "vegsystem": "KV4743 S1D1 m247", "mor": [1027291281]}, "geometry": {"type": "Point", "coordinates": [5.32865931, 60.3871098]}}, {"type": "Feature", "properties": {"nvdb_id": 1027221691, "skiltnummer": "372 - Parkering forbudt", "tekst": null, "kategori": "forbud", "egenskaper": {"Geometri, punkt": "POINT(-30925.202405480202 6733680.706271193)", "Ansiktsside, rettet mot": "Tosidig", "Skiltnummer": "372 - Parkering forbudt"}, "vegsystem": "KV4631 S1D1 m160", "mor": [1027221693]}, "geometry": {"type": "Point", "coordinates": [5.34480171, 60.3882522]}}, {"type": "Feature", "properties": {"nvdb_id": 1008876265, "skiltnummer": "808.317 - Gjelder ikke buss og taxi/Gjeld ikkje buss og taxi", "tekst": "Gjelder ikke buss@@taxi og utryknings-@@kjøretøy", "kategori": "parkering", "egenskaper": {"Plasseringskode": 20, "Geometri, punkt": "POINT Z (-32352.4807230478 6733680.99885901 -999999)", "Ansiktsside, rettet mot": "Trafikk i metreringsretning", "Skiltform": "Plan", "Skiltnummer": "808.317 - Gjelder ikke buss og taxi/Gjeld ikkje buss og taxi", "Tekst": "Gjelder ikke buss@@taxi og utryknings-@@kjøretøy"}, "vegsystem": "RV555 S1D1 m762 KD3 m189", "mor": [1008876263]}, "geometry": {"type": "Point", "coordinates": [5.31927686, 60.38638373]}}, {"type": "Feature", "properties": {"nvdb_id": 1027296385, "skiltnummer": "372 - Parkering forbudt", "tekst": null, "kategori": "forbud", "egenskaper": {"Geometri, punkt": "POINT(-32193.204203760833 6733682.3694255)", "Ansiktsside, rettet mot": "Tosidig", "Skiltnummer": "372 - Parkering forbudt"}, "vegsystem": "KV4873 S1D1 m141", "mor": [1027296387]}, "geometry": {"type": "Point", "coordinates": [5.32212142, 60.38660489]}}, {"type": "Feature", "properties": {"nvdb_id": 1027288344, "skiltnummer": "372 - Parkering forbudt", "tekst": null, "kategori": "forbud", "egenskaper": {"Geometri, punkt": "POINT(-31929.07999793964 6733685.599050143)", "Ansiktsside, rettet mot": "Tosidig", "Skiltnummer": "372 - Parkering forbudt"}, "vegsystem": "KV5300 S1D1 m125", "mor": [1027288343]}, "geometry": {"type": "Point", "coordinates": [5.32683601, 60.38698]}}, {"type": "Feature", "properties": {"nvdb_id": 1027291296, "skiltnummer": "372 - Parkering forbudt", "tekst": null, "kategori": "forbud", "egenskaper": {"Geometri, punkt": "POINT(-31811.397297953023 6733683.402824729)", "Ansiktsside, rettet mot": "Tosidig", "Skiltnummer": "372 - Parkering forbudt"}, "vegsystem": "KV4743 S1D1 m233", "mor": [1027291297]}, "geometry": {"type": "Point", "coordinates": [5.32894631, 60.3871149]}}, {"type": "Feature", "properties": {"nvdb_id": 1027292710, "skiltnummer": "372 - Parkering forbudt", "tekst": null, "kategori": "forbud", "egenskaper": {"Geometri, punkt": "POINT(-31939.099359397078 6733686.439829594)", "Ansiktsside, rettet mot": "Tosidig", "Skiltnummer": "372 - Parkering forbudt"}, "vegsystem": "KV11430 S1D1 m76", "mor": [1027292711]}, "geometry": {"type": "Point", "coordinates": [5.32665462, 60.3869743]}}, {"type": "Feature", "properties": {"nvdb_id": 1027330406, "skiltnummer": "372 - Parkering forbudt", "tekst": null, "kategori": "forbud", "egenskaper": {"Geometri, punkt": "POINT(-33070.25982134184 6733684.565432147)", "Ansiktsside, rettet mot": "Tosidig", "Skiltnummer": "372 - Parkering forbudt"}, "vegsystem": "KV9973 S1D1 m410", "mor": [1027330408]}, "geometry": {"type": "Point", "coordinates": [5.30643262, 60.38547249]}}, {"type": "Feature", "properties": {"nvdb_id": 1027291424, "skiltnummer": "807.6 - Symbol, sykkel og liten elektrisk motorvogn", "tekst": null, "kategori": "parkering", "egenskaper": {"Geometri, punkt": "POINT(-31898.97830976313 6733687.295909983)", "Ansiktsside, rettet mot": "Trafikk mot metreringsretning", "Skiltnummer": "807.6 - Symbol, sykkel og liten elektrisk motorvogn"}, "vegsystem": "KV4467 S1D1 m347", "mor": [1027291425]}, "geometry": {"type": "Point", "coordinates": [5.32736981, 60.3870345]}}, {"type": "Feature", "properties": {"nvdb_id": 1027291309, "skiltnummer": "376.1 - Parkeringssone", "tekst": "8 - 23 (8 - 17)med p-kort eller ved parkometer", "kategori": "boligsone", "egenskaper": {"Geometri, punkt": "POINT(-31810.0024198771 6733687.986539661)", "Ansiktsside, rettet mot": "Trafikk i metreringsretning", "Skiltnummer": "376.1 - Parkeringssone", "Tekst": "8 - 23 (8 - 17)med p-kort eller ved parkometer"}, "vegsystem": "KV4743 S1D1 m230", "mor": [1027291311]}, "geometry": {"type": "Point", "coordinates": [5.32895911, 60.3871573]}}, {"type": "Feature", "properties": {"nvdb_id": 1027291287, "skiltnummer": "376.1 - Parkeringssone", "tekst": "8 - 23 (8 - 17) med p-kort eller ved parkometer", "kategori": "boligsone", "egenskaper": {"Geometri, punkt": "POINT(-31810.72312722332 6733689.991389924)", "Ansiktsside, rettet mot": "Trafikk i metreringsretning", "Skiltnummer": "376.1 - Parkeringssone", "Tekst": "8 - 23 (8 - 17) med p-kort eller ved parkometer"}, "vegsystem": "KV4743 S1D1 m229", "mor": [1027291291]}, "geometry": {"type": "Point", "coordinates": [5.32894091, 60.38717409]}}, {"type": "Feature", "properties": {"nvdb_id": 1008852433, "skiltnummer": "808.313 - Gjelder ikke buss/Gjeld ikkje buss", "tekst": "Gjelder ikke buss i rute", "kategori": "parkering", "egenskaper": {"Plasseringskode": 30, "Geometri, punkt": "POINT Z (-31574.5133579447 6733691.15911219 -999999)", "Skiltform": "Plan", "Skiltnummer": "808.313 - Gjelder ikke buss/Gjeld ikkje buss", "Tekst": "Gjelder ikke buss i rute"}, "vegsystem": "EV16 S1D1 m1025", "mor": [1008852430]}, "geometry": {"type": "Point", "coordinates": [5.33316196, 60.38749412]}}, {"type": "Feature", "properties": {"nvdb_id": 1027286102, "skiltnummer": "372 - Parkering forbudt", "tekst": null, "kategori": "forbud", "egenskaper": {"Geometri, punkt": "POINT(-32045.673210357665 6733695.794845846)", "Ansiktsside, rettet mot": "Tosidig", "Skiltnummer": "372 - Parkering forbudt"}, "vegsystem": "KV4541 S1D1 m122", "mor": [1027286106]}, "geometry": {"type": "Point", "coordinates": [5.32472401, 60.3869173]}}, {"type": "Feature", "properties": {"nvdb_id": 1027286104, "skiltnummer": "807.6 - Symbol, sykkel og liten elektrisk motorvogn", "tekst": null, "kategori": "parkering", "egenskaper": {"Geometri, punkt": "POINT(-32045.673210357665 6733695.794845846)", "Ansiktsside, rettet mot": "Trafikk mot metreringsretning", "Skiltnummer": "807.6 - Symbol, sykkel og liten elektrisk motorvogn"}, "vegsystem": "KV4541 S1D1 m122", "mor": [1027286106]}, "geometry": {"type": "Point", "coordinates": [5.32472401, 60.3869173]}}, {"type": "Feature", "properties": {"nvdb_id": 1027296413, "skiltnummer": "806 - Tid", "tekst": null, "kategori": "parkering", "egenskaper": {"Geometri, punkt": "POINT(-32114.53103028878 6733696.533831654)", "Ansiktsside, rettet mot": "Tosidig", "Skiltnummer": "806 - Tid"}, "vegsystem": "KV4890 S1D1 m66", "mor": [1027296418]}, "geometry": {"type": "Point", "coordinates": [5.32349071, 60.3868335]}}, {"type": "Feature", "properties": {"nvdb_id": 1027296415, "skiltnummer": "552 - Parkering", "tekst": null, "kategori": "parkering", "egenskaper": {"Geometri, punkt": "POINT(-32114.53103028878 6733696.533831654)", "Ansiktsside, rettet mot": "Tosidig", "Skiltnummer": "552 - Parkering"}, "vegsystem": "KV4890 S1D1 m66", "mor": [1027296418]}, "geometry": {"type": "Point", "coordinates": [5.32349071, 60.3868335]}}, {"type": "Feature", "properties": {"nvdb_id": 1027330402, "skiltnummer": "806 - Tid", "tekst": "08 - 23 (08 - 17) Med p-kort sone 13 eller mot avgift", "kategori": "boligsone", "egenskaper": {"Geometri, punkt": "POINT(-33079.07380454347 6733701.511926504)", "Ansiktsside, rettet mot": "Tosidig", "Skiltnummer": "806 - Tid", "Tekst": "08 - 23 (08 - 17) Med p-kort sone 13 eller mot avgift"}, "vegsystem": "KV9973 S1D1 m426", "mor": [1027330405]}, "geometry": {"type": "Point", "coordinates": [5.30623002, 60.3856109]}}, {"type": "Feature", "properties": {"nvdb_id": 1027330403, "skiltnummer": "552 - Parkering", "tekst": null, "kategori": "parkering", "egenskaper": {"Geometri, punkt": "POINT(-33079.07380454347 6733701.511926504)", "Ansiktsside, rettet mot": "Tosidig", "Skiltnummer": "552 - Parkering"}, "vegsystem": "KV9973 S1D1 m426", "mor": [1027330405]}, "geometry": {"type": "Point", "coordinates": [5.30623002, 60.3856109]}}, {"type": "Feature", "properties": {"nvdb_id": 1027293251, "skiltnummer": "552 - Parkering", "tekst": null, "kategori": "parkering", "egenskaper": {"Geometri, punkt": "POINT(-31725.9658950069 6733702.222910855)", "Ansiktsside, rettet mot": "Tosidig", "Skiltnummer": "552 - Parkering"}, "vegsystem": "KV4384 S1D1 m132", "mor": [1027293254]}, "geometry": {"type": "Point", "coordinates": [5.33042421, 60.3873935]}}, {"type": "Feature", "properties": {"nvdb_id": 1027293253, "skiltnummer": "808 - Underskilt med annen tekst", "tekst": null, "kategori": "parkering", "egenskaper": {"Geometri, punkt": "POINT(-31725.9658950069 6733702.222910855)", "Ansiktsside, rettet mot": "Tosidig", "Skiltnummer": "808 - Underskilt med annen tekst"}, "vegsystem": "KV4384 S1D1 m132", "mor": [1027293254]}, "geometry": {"type": "Point", "coordinates": [5.33042421, 60.3873935]}}, {"type": "Feature", "properties": {"nvdb_id": 1027292650, "skiltnummer": "807.6 - Symbol, sykkel og liten elektrisk motorvogn", "tekst": null, "kategori": "parkering", "egenskaper": {"Geometri, punkt": "POINT(-32010.233241105336 6733701.625556761)", "Ansiktsside, rettet mot": "Trafikk i metreringsretning", "Skiltnummer": "807.6 - Symbol, sykkel og liten elektrisk motorvogn"}, "vegsystem": "KV4277 S1D1 m113", "mor": [1027292652]}, "geometry": {"type": "Point", "coordinates": [5.32534231, 60.3870154]}}, {"type": "Feature", "properties": {"nvdb_id": 1027288323, "skiltnummer": "808 - Underskilt med annen tekst", "tekst": null, "kategori": "parkering", "egenskaper": {"Geometri, punkt": "POINT(-31890.66295709845 6733705.146240067)", "Ansiktsside, rettet mot": "Tosidig", "Skiltnummer": "808 - Underskilt med annen tekst"}, "vegsystem": "KV5300 S1D1 m84", "mor": [1027288326]}, "geometry": {"type": "Point", "coordinates": [5.32747121, 60.3872034]}}, {"type": "Feature", "properties": {"nvdb_id": 1027288324, "skiltnummer": "552 - Parkering", "tekst": null, "kategori": "parkering", "egenskaper": {"Geometri, punkt": "POINT(-31890.66295709845 6733705.146240067)", "Ansiktsside, rettet mot": "Tosidig", "Skiltnummer": "552 - Parkering"}, "vegsystem": "KV5300 S1D1 m84", "mor": [1027288326]}, "geometry": {"type": "Point", "coordinates": [5.32747121, 60.3872034]}}, {"type": "Feature", "properties": {"nvdb_id": 1027293243, "skiltnummer": "372 - Parkering forbudt", "tekst": null, "kategori": "forbud", "egenskaper": {"Geometri, punkt": "POINT(-31737.21422622772 6733706.770176726)", "Ansiktsside, rettet mot": "Tosidig", "Skiltnummer": "372 - Parkering forbudt"}, "vegsystem": "KV4384 S1D1 m125", "mor": [1027293246]}, "geometry": {"type": "Point", "coordinates": [5.33021101, 60.387419]}}, {"type": "Feature", "properties": {"nvdb_id": 1027286159, "skiltnummer": "372 - Parkering forbudt", "tekst": null, "kategori": "forbud", "egenskaper": {"Geometri, punkt": "POINT(-32051.59183681733 6733708.34316055)", "Ansiktsside, rettet mot": "Trafikk mot metreringsretning", "Skiltnummer": "372 - Parkering forbudt"}, "vegsystem": "KV4541 S1D1 m108", "mor": [1027286160]}, "geometry": {"type": "Point", "coordinates": [5.32458491, 60.3870206]}}, {"type": "Feature", "properties": {"nvdb_id": 1027221711, "skiltnummer": "372 - Parkering forbudt", "tekst": null, "kategori": "forbud", "egenskaper": {"Geometri, punkt": "POINT(-30938.93905489624 6733707.897695274)", "Ansiktsside, rettet mot": "Tosidig", "Skiltnummer": "372 - Parkering forbudt"}, "vegsystem": "KV4631 S1D1 m191", "mor": [1027221709]}, "geometry": {"type": "Point", "coordinates": [5.3444841, 60.3884749]}}, {"type": "Feature", "properties": {"nvdb_id": 1027291014, "skiltnummer": "372 - Parkering forbudt", "tekst": null, "kategori": "forbud", "egenskaper": {"Geometri, punkt": "POINT(-32017.449119324214 6733711.496328061)", "Ansiktsside, rettet mot": "Tosidig", "Skiltnummer": "372 - Parkering forbudt"}, "vegsystem": "KV4539 S1D1 m185", "mor": [1027291017]}, "geometry": {"type": "Point", "coordinates": [5.32518711, 60.38709329]}}, {"type": "Feature", "properties": {"nvdb_id": 1027335940, "skiltnummer": "372 - Parkering forbudt", "tekst": null, "kategori": "forbud", "egenskaper": {"Geometri, punkt": "POINT(-33351.384833215736 6733708.303400443)", "Ansiktsside, rettet mot": "Trafikk i metreringsretning", "Skiltnummer": "372 - Parkering forbudt"}, "vegsystem": "KV9973 S3D1 m57", "mor": [1027335942]}, "geometry": {"type": "Point", "coordinates": [5.30134292, 60.38531299]}}, {"type": "Feature", "properties": {"nvdb_id": 1024520667, "skiltnummer": "372 - Parkering forbudt", "tekst": null, "kategori": "forbud", "egenskaper": {"Skiltnummer": "372 - Parkering forbudt", "Plasseringskode": 10, "Ansiktsside, rettet mot": "Tosidig", "Oppsettingsdato": "2024-11-12", "Prosjektreferanse": "DK4604 Stikkrenner og kummar", "Geometri, punkt": "POINT Z (-31644.182218897855 6733708.355158912 2.496)"}, "vegsystem": "FV5332 S1D1 m961", "mor": [543537155]}, "geometry": {"type": "Point", "coordinates": [5.33187051, 60.387555]}}, {"type": "Feature", "properties": {"nvdb_id": 1027221894, "skiltnummer": "808.351 - Gjelder/Gjeld (snuplassen, torget o.l.)", "tekst": null, "kategori": "parkering", "egenskaper": {"Geometri, punkt": "POINT(-30814.48284295376 6733712.786253399)", "Ansiktsside, rettet mot": "Trafikk i metreringsretning", "Skiltnummer": "808.351 - Gjelder/Gjeld (snuplassen, torget o.l.)"}, "vegsystem": "KV5215 S1D1 m663", "mor": [1027221896]}, "geometry": {"type": "Point", "coordinates": [5.346697, 60.3886811]}}, {"type": "Feature", "properties": {"nvdb_id": 1027221895, "skiltnummer": "372 - Parkering forbudt", "tekst": null, "kategori": "forbud", "egenskaper": {"Geometri, punkt": "POINT(-30814.48284295376 6733712.786253399)", "Ansiktsside, rettet mot": "Trafikk i metreringsretning", "Skiltnummer": "372 - Parkering forbudt"}, "vegsystem": "KV5215 S1D1 m663", "mor": [1027221896]}, "geometry": {"type": "Point", "coordinates": [5.346697, 60.3886811]}}, {"type": "Feature", "properties": {"nvdb_id": 1027288216, "skiltnummer": "552 - Parkering", "tekst": null, "kategori": "parkering", "egenskaper": {"Geometri, punkt": "POINT(-31882.788499983726 6733711.49265274)", "Ansiktsside, rettet mot": "Tosidig", "Skiltnummer": "552 - Parkering"}, "vegsystem": "KV5300 S1D1 m74", "mor": [1027288214]}, "geometry": {"type": "Point", "coordinates": [5.32759522, 60.3872699]}}, {"type": "Feature", "properties": {"nvdb_id": 1027288217, "skiltnummer": "806 - Tid", "tekst": null, "kategori": "parkering", "egenskaper": {"Geometri, punkt": "POINT(-31882.788499983726 6733711.49265274)", "Ansiktsside, rettet mot": "Tosidig", "Skiltnummer": "806 - Tid"}, "vegsystem": "KV5300 S1D1 m74", "mor": [1027288214]}, "geometry": {"type": "Point", "coordinates": [5.32759522, 60.3872699]}}, {"type": "Feature", "properties": {"nvdb_id": 1027296426, "skiltnummer": "807.6 - Symbol, sykkel og liten elektrisk motorvogn", "tekst": null, "kategori": "parkering", "egenskaper": {"Geometri, punkt": "POINT(-32120.03539393563 6733712.026222854)", "Ansiktsside, rettet mot": "Tosidig", "Skiltnummer": "807.6 - Symbol, sykkel og liten elektrisk motorvogn"}, "vegsystem": "KV4890 S1D1 m49", "mor": [1027296430]}, "geometry": {"type": "Point", "coordinates": [5.32335122, 60.3869634]}}, {"type": "Feature", "properties": {"nvdb_id": 1027296428, "skiltnummer": "552 - Parkering", "tekst": null, "kategori": "parkering", "egenskaper": {"Geometri, punkt": "POINT(-32120.03539393563 6733712.026222854)", "Ansiktsside, rettet mot": "Trafikk i metreringsretning", "Skiltnummer": "552 - Parkering"}, "vegsystem": "KV4890 S1D1 m49", "mor": [1027296430]}, "geometry": {"type": "Point", "coordinates": [5.32335122, 60.3869634]}}, {"type": "Feature", "properties": {"nvdb_id": 1027295324, "skiltnummer": "372 - Parkering forbudt", "tekst": null, "kategori": "forbud", "egenskaper": {"Geometri, punkt": "POINT(-31600.740932921995 6733712.270192144)", "Ansiktsside, rettet mot": "Tosidig", "Skiltnummer": "372 - Parkering forbudt"}, "vegsystem": "KV5302 S2D1 m43", "mor": [1027295326]}, "geometry": {"type": "Point", "coordinates": [5.33263701, 60.3876466]}}, {"type": "Feature", "properties": {"nvdb_id": 1027291106, "skiltnummer": "552 - Parkering", "tekst": null, "kategori": "parkering", "egenskaper": {"Geometri, punkt": "POINT(-31770.42943503696 6733713.75827163)", "Ansiktsside, rettet mot": "Tosidig", "Skiltnummer": "552 - Parkering"}, "vegsystem": "KV4743 S1D1 m183", "mor": [1027291111]}, "geometry": {"type": "Point", "coordinates": [5.32959852, 60.3874373]}}, {"type": "Feature", "properties": {"nvdb_id": 1027291108, "skiltnummer": "808 - Underskilt med annen tekst", "tekst": "Reservert bildeling med gyldig tillatelse", "kategori": "parkering", "egenskaper": {"Geometri, punkt": "POINT(-31770.42943503696 6733713.75827163)", "Ansiktsside, rettet mot": "Tosidig", "Skiltnummer": "808 - Underskilt med annen tekst", "Tekst": "Reservert bildeling med gyldig tillatelse"}, "vegsystem": "KV4743 S1D1 m183", "mor": [1027291111]}, "geometry": {"type": "Point", "coordinates": [5.32959852, 60.3874373]}}, {"type": "Feature", "properties": {"nvdb_id": 1027335944, "skiltnummer": "372 - Parkering forbudt", "tekst": null, "kategori": "forbud", "egenskaper": {"Geometri, punkt": "POINT(-33357.94792492129 6733714.758588207)", "Ansiktsside, rettet mot": "Tosidig", "Skiltnummer": "372 - Parkering forbudt"}, "vegsystem": "KV9973 S3D1 m51", "mor": [1027335946]}, "geometry": {"type": "Point", "coordinates": [5.30120842, 60.3853615]}}, {"type": "Feature", "properties": {"nvdb_id": 1027296419, "skiltnummer": "372 - Parkering forbudt", "tekst": null, "kategori": "forbud", "egenskaper": {"Geometri, punkt": "POINT(-32111.786445376114 6733717.085200574)", "Ansiktsside, rettet mot": "Trafikk i metreringsretning", "Skiltnummer": "372 - Parkering forbudt"}, "vegsystem": "KV4890 S1D1 m48", "mor": [1027296420]}, "geometry": {"type": "Point", "coordinates": [5.32348532, 60.387019]}}, {"type": "Feature", "properties": {"nvdb_id": 1027330420, "skiltnummer": "372 - Parkering forbudt", "tekst": null, "kategori": "forbud", "egenskaper": {"Geometri, punkt": "POINT(-33122.50972206157 6733716.549928198)", "Ansiktsside, rettet mot": "Tosidig", "Skiltnummer": "372 - Parkering forbudt"}, "vegsystem": "KV9973 S1D1 m472", "mor": [1027330423]}, "geometry": {"type": "Point", "coordinates": [5.30541341, 60.3856869]}}, {"type": "Feature", "properties": {"nvdb_id": 1027330397, "skiltnummer": "372 - Parkering forbudt", "tekst": null, "kategori": "forbud", "egenskaper": {"Geometri, punkt": "POINT(-33113.48360562709 6733722.497117412)", "Ansiktsside, rettet mot": "Tosidig", "Skiltnummer": "372 - Parkering forbudt"}, "vegsystem": "KV9973 S1D1 m466", "mor": [1027330399]}, "geometry": {"type": "Point", "coordinates": [5.30555901, 60.3857514]}}, {"type": "Feature", "properties": {"nvdb_id": 1027331542, "skiltnummer": "372 - Parkering forbudt", "tekst": null, "kategori": "forbud", "egenskaper": {"Geometri, punkt": "POINT(-33506.45854627283 6733720.365695209)", "Ansiktsside, rettet mot": "Tosidig", "Skiltnummer": "372 - Parkering forbudt"}, "vegsystem": "KV4599 S1D1 m281", "mor": [1027331545]}, "geometry": {"type": "Point", "coordinates": [5.29853811, 60.3852158]}}, {"type": "Feature", "properties": {"nvdb_id": 1027292726, "skiltnummer": "372 - Parkering forbudt", "tekst": null, "kategori": "forbud", "egenskaper": {"Geometri, punkt": "POINT(-31960.90865228267 6733721.114593884)", "Ansiktsside, rettet mot": "Tosidig", "Skiltnummer": "372 - Parkering forbudt"}, "vegsystem": "KV11430 S1D1 m31", "mor": [1027292729]}, "geometry": {"type": "Point", "coordinates": [5.3261727, 60.3872526]}}, {"type": "Feature", "properties": {"nvdb_id": 1027292620, "skiltnummer": "372 - Parkering forbudt", "tekst": null, "kategori": "forbud", "egenskaper": {"Geometri, punkt": "POINT(-31973.694040437927 6733722.760848482)", "Ansiktsside, rettet mot": "Tosidig", "Skiltnummer": "372 - Parkering forbudt"}, "vegsystem": "KV11430 S1D1 m24", "mor": [1027292619]}, "geometry": {"type": "Point", "coordinates": [5.32593971, 60.3872504]}}, {"type": "Feature", "properties": {"nvdb_id": 1027221701, "skiltnummer": "806 - Tid", "tekst": "07 - 09 15 - 17", "kategori": "parkering", "egenskaper": {"Geometri, punkt": "POINT(-30941.15903045505 6733725.285344714)", "Ansiktsside, rettet mot": "Trafikk i metreringsretning", "Skiltnummer": "806 - Tid", "Tekst": "07 - 09 15 - 17"}, "vegsystem": "KV4631 S1D1 m208", "mor": [1027221706]}, "geometry": {"type": "Point", "coordinates": [5.3443984, 60.3886259]}}, {"type": "Feature", "properties": {"nvdb_id": 1027221704, "skiltnummer": "808.301 - Gjelder gjennomkjøring/Gjeld gjennomkøyring", "tekst": null, "kategori": "parkering", "egenskaper": {"Geometri, punkt": "POINT(-30941.15903045505 6733725.285344714)", "Ansiktsside, rettet mot": "Trafikk i metreringsretning", "Skiltnummer": "808.301 - Gjelder gjennomkjøring/Gjeld gjennomkøyring"}, "vegsystem": "KV4631 S1D1 m208", "mor": [1027221706]}, "geometry": {"type": "Point", "coordinates": [5.3443984, 60.3886259]}}, {"type": "Feature", "properties": {"nvdb_id": 1027335913, "skiltnummer": "806 - Tid", "tekst": "08 - 23 (08 - 17) Maks 2 timer mot avgift", "kategori": "parkering", "egenskaper": {"Geometri, punkt": "POINT(-33345.28513547545 6733727.373676281)", "Ansiktsside, rettet mot": "Tosidig", "Skiltnummer": "806 - Tid", "Tekst": "08 - 23 (08 - 17) Maks 2 timer mot avgift"}, "vegsystem": "KV9973 S3D1 m36", "mor": [1027335917]}, "geometry": {"type": "Point", "coordinates": [5.30140132, 60.3854898]}}, {"type": "Feature", "properties": {"nvdb_id": 1027335915, "skiltnummer": "552 - Parkering", "tekst": null, "kategori": "parkering", "egenskaper": {"Geometri, punkt": "POINT(-33345.28513547545 6733727.373676281)", "Ansiktsside, rettet mot": "Tosidig", "Skiltnummer": "552 - Parkering"}, "vegsystem": "KV9973 S3D1 m36", "mor": [1027335917]}, "geometry": {"type": "Point", "coordinates": [5.30140132, 60.3854898]}}, {"type": "Feature", "properties": {"nvdb_id": 1027335948, "skiltnummer": "552 - Parkering", "tekst": null, "kategori": "parkering", "egenskaper": {"Geometri, punkt": "POINT(-33356.54676584783 6733730.210787233)", "Ansiktsside, rettet mot": "Tosidig", "Skiltnummer": "552 - Parkering"}, "vegsystem": "KV9973 S3D1 m35", "mor": [1027335950]}, "geometry": {"type": "Point", "coordinates": [5.30119242, 60.3855001]}}, {"type": "Feature", "properties": {"nvdb_id": 1027335952, "skiltnummer": "806 - Tid", "tekst": "08 - 23 (08 - 17)Med p-kort sone 13 eller mot avgift", "kategori": "boligsone", "egenskaper": {"Geometri, punkt": "POINT(-33356.54676584783 6733730.210787233)", "Ansiktsside, rettet mot": "Tosidig", "Skiltnummer": "806 - Tid", "Tekst": "08 - 23 (08 - 17)Med p-kort sone 13 eller mot avgift"}, "vegsystem": "KV9973 S3D1 m35", "mor": [1027335950]}, "geometry": {"type": "Point", "coordinates": [5.30119242, 60.3855001]}}, {"type": "Feature", "properties": {"nvdb_id": 1027288205, "skiltnummer": "806 - Tid", "tekst": null, "kategori": "parkering", "egenskaper": {"Geometri, punkt": "POINT(-31879.668012978625 6733736.891616105)", "Ansiktsside, rettet mot": "Tosidig", "Skiltnummer": "806 - Tid"}, "vegsystem": "KV5300 S1D1 m54", "mor": [1027288210]}, "geometry": {"type": "Point", "coordinates": [5.32758371, 60.3874988]}}, {"type": "Feature", "properties": {"nvdb_id": 1027288208, "skiltnummer": "552 - Parkering", "tekst": null, "kategori": "parkering", "egenskaper": {"Geometri, punkt": "POINT(-31879.668012978625 6733736.891616105)", "Ansiktsside, rettet mot": "Tosidig", "Skiltnummer": "552 - Parkering"}, "vegsystem": "KV5300 S1D1 m54", "mor": [1027288210]}, "geometry": {"type": "Point", "coordinates": [5.32758371, 60.3874988]}}, {"type": "Feature", "properties": {"nvdb_id": 1027291117, "skiltnummer": "372 - Parkering forbudt", "tekst": null, "kategori": "forbud", "egenskaper": {"Geometri, punkt": "POINT(-31751.08795889048 6733733.116161756)", "Ansiktsside, rettet mot": "Tosidig", "Skiltnummer": "372 - Parkering forbudt"}, "vegsystem": "KV4743 S1D1 m155", "mor": [1027291115]}, "geometry": {"type": "Point", "coordinates": [5.32989311, 60.387634]}}, {"type": "Feature", "properties": {"nvdb_id": 1027296442, "skiltnummer": "807.6 - Symbol, sykkel og liten elektrisk motorvogn", "tekst": null, "kategori": "parkering", "egenskaper": {"Geometri, punkt": "POINT(-32130.88853359688 6733735.949187682)", "Ansiktsside, rettet mot": "Trafikk i metreringsretning", "Skiltnummer": "807.6 - Symbol, sykkel og liten elektrisk motorvogn"}, "vegsystem": "KV4890 S1D1 m23", "mor": [1027296446]}, "geometry": {"type": "Point", "coordinates": [5.3230937, 60.3871609]}}, {"type": "Feature", "properties": {"nvdb_id": 1027296447, "skiltnummer": "372 - Parkering forbudt", "tekst": null, "kategori": "forbud", "egenskaper": {"Geometri, punkt": "POINT(-32130.88853359688 6733735.949187682)", "Ansiktsside, rettet mot": "Tosidig", "Skiltnummer": "372 - Parkering forbudt"}, "vegsystem": "KV4890 S1D1 m23", "mor": [1027296446]}, "geometry": {"type": "Point", "coordinates": [5.3230937, 60.3871609]}}, {"type": "Feature", "properties": {"nvdb_id": 1027335919, "skiltnummer": "808 - Underskilt med annen tekst", "tekst": null, "kategori": "parkering", "egenskaper": {"Geometri, punkt": "POINT(-33358.218787684105 6733738.379818377)", "Ansiktsside, rettet mot": "Trafikk i metreringsretning", "Skiltnummer": "808 - Underskilt med annen tekst"}, "vegsystem": "KV9973 S3D1 m28", "mor": [1027335923]}, "geometry": {"type": "Point", "coordinates": [5.30114082, 60.3855702]}}, {"type": "Feature", "properties": {"nvdb_id": 1027335921, "skiltnummer": "552 - Parkering", "tekst": null, "kategori": "parkering", "egenskaper": {"Geometri, punkt": "POINT(-33358.218787684105 6733738.379818377)", "Ansiktsside, rettet mot": "Trafikk i metreringsretning", "Skiltnummer": "552 - Parkering"}, "vegsystem": "KV9973 S3D1 m28", "mor": [1027335923]}, "geometry": {"type": "Point", "coordinates": [5.30114082, 60.3855702]}}, {"type": "Feature", "properties": {"nvdb_id": 1027292626, "skiltnummer": "372 - Parkering forbudt", "tekst": null, "kategori": "forbud", "egenskaper": {"Geometri, punkt": "POINT(-31979.20461803663 6733737.270907533)", "Ansiktsside, rettet mot": "Tosidig", "Skiltnummer": "372 - Parkering forbudt"}, "vegsystem": "KV11430 S1D1 m9", "mor": [1027292628]}, "geometry": {"type": "Point", "coordinates": [5.3258027, 60.3873716]}}, {"type": "Feature", "properties": {"nvdb_id": 1027330411, "skiltnummer": "372 - Parkering forbudt", "tekst": null, "kategori": "forbud", "egenskaper": {"Geometri, punkt": "POINT(-33172.03990872053 6733746.018477674)", "Ansiktsside, rettet mot": "Tosidig", "Skiltnummer": "372 - Parkering forbudt"}, "vegsystem": "KV9973 S1D1 m528", "mor": [1027330413]}, "geometry": {"type": "Point", "coordinates": [5.30444952, 60.38588259]}}, {"type": "Feature", "properties": {"nvdb_id": 1027291120, "skiltnummer": "372 - Parkering forbudt", "tekst": null, "kategori": "forbud", "egenskaper": {"Geometri, punkt": "POINT(-31747.103474949137 6733745.857558615)", "Ansiktsside, rettet mot": "Tosidig", "Skiltnummer": "372 - Parkering forbudt"}, "vegsystem": "KV4743 S1D1 m145", "mor": [1027291123]}, "geometry": {"type": "Point", "coordinates": [5.32993062, 60.387752]}}, {"type": "Feature", "properties": {"nvdb_id": 1027335926, "skiltnummer": "552 - Parkering", "tekst": null, "kategori": "parkering", "egenskaper": {"Geometri, punkt": "POINT(-33342.78363253048 6733742.515490084)", "Ansiktsside, rettet mot": "Tosidig", "Skiltnummer": "552 - Parkering"}, "vegsystem": "KV9973 S3D1 m20", "mor": [1027335929]}, "geometry": {"type": "Point", "coordinates": [5.30140582, 60.38562709]}}, {"type": "Feature", "properties": {"nvdb_id": 1027335928, "skiltnummer": "807.8 - Symbol, forflytningshemmede med parkeringstillatelse", "tekst": null, "kategori": "parkering", "egenskaper": {"Geometri, punkt": "POINT(-33342.78363253048 6733742.515490084)", "Ansiktsside, rettet mot": "Tosidig", "Skiltnummer": "807.8 - Symbol, forflytningshemmede med parkeringstillatelse"}, "vegsystem": "KV9973 S3D1 m20", "mor": [1027335929]}, "geometry": {"type": "Point", "coordinates": [5.30140582, 60.38562709]}}, {"type": "Feature", "properties": {"nvdb_id": 1027336034, "skiltnummer": "376.1 - Parkeringssone", "tekst": "08 - 23 (08 - 17)Med p-kort eller mot avgift", "kategori": "boligsone", "egenskaper": {"Geometri, punkt": "POINT(-33269.26736857998 6733743.422899176)", "Ansiktsside, rettet mot": "Trafikk i metreringsretning", "Skiltnummer": "376.1 - Parkeringssone", "Tekst": "08 - 23 (08 - 17)Med p-kort eller mot avgift"}, "vegsystem": "KV4276 S1D1 m9", "mor": [1027336037]}, "geometry": {"type": "Point", "coordinates": [5.30271793, 60.3857318]}}, {"type": "Feature", "properties": {"nvdb_id": 1027330433, "skiltnummer": "372 - Parkering forbudt", "tekst": null, "kategori": "forbud", "egenskaper": {"Geometri, punkt": "POINT(-33227.73364810774 6733745.286265155)", "Ansiktsside, rettet mot": "Tosidig", "Skiltnummer": "372 - Parkering forbudt"}, "vegsystem": "KV9973 S1D1 m583", "mor": [1027330434]}, "geometry": {"type": "Point", "coordinates": [5.30345562, 60.38580289]}}, {"type": "Feature", "properties": {"nvdb_id": 1027292251, "skiltnummer": "807.8 - Symbol, forflytningshemmede med parkeringstillatelse", "tekst": null, "kategori": "parkering", "egenskaper": {"Geometri, punkt": "POINT(-32334.13492935279 6733746.539693567)", "Ansiktsside, rettet mot": "Parallelt mot veg", "Skiltnummer": "807.8 - Symbol, forflytningshemmede med parkeringstillatelse"}, "vegsystem": "KV4789 S1D1 m197", "mor": [1027292252]}, "geometry": {"type": "Point", "coordinates": [5.31943111, 60.3869879]}}, {"type": "Feature", "properties": {"nvdb_id": 1027335931, "skiltnummer": "806 - Tid", "tekst": null, "kategori": "parkering", "egenskaper": {"Geometri, punkt": "POINT(-33358.65346755425 6733747.799968632)", "Ansiktsside, rettet mot": "Tosidig", "Skiltnummer": "806 - Tid"}, "vegsystem": "KV9973 S3D1 m18", "mor": [1027335935]}, "geometry": {"type": "Point", "coordinates": [5.30110803, 60.385653]}}, {"type": "Feature", "properties": {"nvdb_id": 1027335933, "skiltnummer": "552 - Parkering", "tekst": null, "kategori": "parkering", "egenskaper": {"Geometri, punkt": "POINT(-33358.65346755425 6733747.799968632)", "Ansiktsside, rettet mot": "Tosidig", "Skiltnummer": "552 - Parkering"}, "vegsystem": "KV9973 S3D1 m18", "mor": [1027335935]}, "geometry": {"type": "Point", "coordinates": [5.30110803, 60.385653]}}, {"type": "Feature", "properties": {"nvdb_id": 1027291136, "skiltnummer": "552 - Parkering", "tekst": null, "kategori": "parkering", "egenskaper": {"Geometri, punkt": "POINT(-31731.240738805267 6733748.151143938)", "Ansiktsside, rettet mot": "Tosidig", "Skiltnummer": "552 - Parkering"}, "vegsystem": "KV4743 S1D1 m130", "mor": [1027291141]}, "geometry": {"type": "Point", "coordinates": [5.3302082, 60.3877931]}}, {"type": "Feature", "properties": {"nvdb_id": 1027291138, "skiltnummer": "808 - Underskilt med annen tekst", "tekst": "Gjelder beboere med p-kort til sone 1", "kategori": "boligsone", "egenskaper": {"Geometri, punkt": "POINT(-31731.240738805267 6733748.151143938)", "Ansiktsside, rettet mot": "Tosidig", "Skiltnummer": "808 - Underskilt med annen tekst", "Tekst": "Gjelder beboere med p-kort til sone 1"}, "vegsystem": "KV4743 S1D1 m130", "mor": [1027291141]}, "geometry": {"type": "Point", "coordinates": [5.3302082, 60.3877931]}}, {"type": "Feature", "properties": {"nvdb_id": 1027296431, "skiltnummer": "807.6 - Symbol, sykkel og liten elektrisk motorvogn", "tekst": null, "kategori": "parkering", "egenskaper": {"Geometri, punkt": "POINT(-32127.796828353195 6733751.410084466)", "Ansiktsside, rettet mot": "Parallelt mot veg", "Skiltnummer": "807.6 - Symbol, sykkel og liten elektrisk motorvogn"}, "vegsystem": "KV4890 S1D1 m11", "mor": [1027296438]}, "geometry": {"type": "Point", "coordinates": [5.32310801, 60.3873018]}}, {"type": "Feature", "properties": {"nvdb_id": 1027296434, "skiltnummer": "372 - Parkering forbudt", "tekst": null, "kategori": "forbud", "egenskaper": {"Geometri, punkt": "POINT(-32127.796828353195 6733751.410084466)", "Ansiktsside, rettet mot": "Tosidig", "Skiltnummer": "372 - Parkering forbudt"}, "vegsystem": "KV4890 S1D1 m11", "mor": [1027296438]}, "geometry": {"type": "Point", "coordinates": [5.32310801, 60.3873018]}}, {"type": "Feature", "properties": {"nvdb_id": 1027289636, "skiltnummer": "376.1 - Parkeringssone", "tekst": "08 - 23 (08 - 17) Med p-kort eller ved parkometer", "kategori": "boligsone", "egenskaper": {"Geometri, punkt": "POINT(-31847.8723294643 6733749.421210927)", "Ansiktsside, rettet mot": "Trafikk i metreringsretning", "Skiltnummer": "376.1 - Parkeringssone", "Tekst": "08 - 23 (08 - 17) Med p-kort eller ved parkometer"}, "vegsystem": "KV5300 S1D1 m22", "mor": [1027289639]}, "geometry": {"type": "Point", "coordinates": [5.32811912, 60.3876514]}}, {"type": "Feature", "properties": {"nvdb_id": 1027330431, "skiltnummer": "372 - Parkering forbudt", "tekst": null, "kategori": "forbud", "egenskaper": {"Geometri, punkt": "POINT(-33267.07546230708 6733756.746373857)", "Ansiktsside, rettet mot": "Tosidig", "Skiltnummer": "372 - Parkering forbudt"}, "vegsystem": "KV9973 S1D1 m623", "mor": [1027330428]}, "geometry": {"type": "Point", "coordinates": [5.30272173, 60.38585259]}}, {"type": "Feature", "properties": {"nvdb_id": 1027330427, "skiltnummer": "372 - Parkering forbudt", "tekst": null, "kategori": "forbud", "egenskaper": {"Geometri, punkt": "POINT(-33312.420848538284 6733755.653171936)", "Ansiktsside, rettet mot": "Tosidig", "Skiltnummer": "372 - Parkering forbudt"}, "vegsystem": "KV9973 S1D1 m668", "mor": [1027330425]}, "geometry": {"type": "Point", "coordinates": [5.30191382, 60.3857833]}}, {"type": "Feature", "properties": {"nvdb_id": 1027330451, "skiltnummer": "372 - Parkering forbudt", "tekst": null, "kategori": "forbud", "egenskaper": {"Geometri, punkt": "POINT(-33338.57974278345 6733758.387367325)", "Ansiktsside, rettet mot": "Tosidig", "Skiltnummer": "372 - Parkering forbudt"}, "vegsystem": "KV9973 S1D1 m694", "mor": [1027330453]}, "geometry": {"type": "Point", "coordinates": [5.30143882, 60.38577309]}}, {"type": "Feature", "properties": {"nvdb_id": 1027293735, "skiltnummer": "807.8 - Symbol, forflytningshemmede med parkeringstillatelse", "tekst": null, "kategori": "parkering", "egenskaper": {"Geometri, punkt": "POINT(-31749.57640952512 6733758.493558161)", "Ansiktsside, rettet mot": "Trafikk i metreringsretning", "Skiltnummer": "807.8 - Symbol, forflytningshemmede med parkeringstillatelse"}, "vegsystem": "KV4384 S1D1 m71", "mor": [1027293738]}, "geometry": {"type": "Point", "coordinates": [5.32985291, 60.3878606]}}, {"type": "Feature", "properties": {"nvdb_id": 1027293736, "skiltnummer": "552 - Parkering", "tekst": null, "kategori": "parkering", "egenskaper": {"Geometri, punkt": "POINT(-31749.57640952512 6733758.493558161)", "Ansiktsside, rettet mot": "Trafikk i metreringsretning", "Skiltnummer": "552 - Parkering"}, "vegsystem": "KV4384 S1D1 m71", "mor": [1027293738]}, "geometry": {"type": "Point", "coordinates": [5.32985291, 60.3878606]}}, {"type": "Feature", "properties": {"nvdb_id": 1027330462, "skiltnummer": "552 - Parkering", "tekst": null, "kategori": "parkering", "egenskaper": {"Geometri, punkt": "POINT(-33357.53665251343 6733759.192887661)", "Ansiktsside, rettet mot": "Tosidig", "Skiltnummer": "552 - Parkering"}, "vegsystem": "KV9973 S1D1 m713", "mor": [1027330466]}, "geometry": {"type": "Point", "coordinates": [5.30109772, 60.3857553]}}, {"type": "Feature", "properties": {"nvdb_id": 1027330464, "skiltnummer": "808 - Underskilt med annen tekst", "tekst": "@831", "kategori": "parkering", "egenskaper": {"Geometri, punkt": "POINT(-33357.53665251343 6733759.192887661)", "Ansiktsside, rettet mot": "Tosidig", "Skiltnummer": "808 - Underskilt med annen tekst", "Tekst": "@831"}, "vegsystem": "KV9973 S1D1 m713", "mor": [1027330466]}, "geometry": {"type": "Point", "coordinates": [5.30109772, 60.3857553]}}, {"type": "Feature", "properties": {"nvdb_id": 1027289608, "skiltnummer": "376.1 - Parkeringssone", "tekst": "08 - 23 (08 - 17) Med p-kort eller ved parkomter", "kategori": "boligsone", "egenskaper": {"Geometri, punkt": "POINT(-31848.264889501617 6733764.5849139765)", "Ansiktsside, rettet mot": "Trafikk i metreringsretning", "Skiltnummer": "376.1 - Parkeringssone", "Tekst": "08 - 23 (08 - 17) Med p-kort eller ved parkomter"}, "vegsystem": "KV5300 S1D1 m12", "mor": [1027289610]}, "geometry": {"type": "Point", "coordinates": [5.32807191, 60.3877851]}}, {"type": "Feature", "properties": {"nvdb_id": 1027286146, "skiltnummer": "807.6 - Symbol, sykkel og liten elektrisk motorvogn", "tekst": null, "kategori": "parkering", "egenskaper": {"Geometri, punkt": "POINT(-32078.270209577517 6733760.5636329)", "Ansiktsside, rettet mot": "Trafikk i metreringsretning", "Skiltnummer": "807.6 - Symbol, sykkel og liten elektrisk motorvogn"}, "vegsystem": "KV4541 S1D1 m50", "mor": [1027286150]}, "geometry": {"type": "Point", "coordinates": [5.32396941, 60.3874478]}}, {"type": "Feature", "properties": {"nvdb_id": 1027330444, "skiltnummer": "372 - Parkering forbudt", "tekst": null, "kategori": "forbud", "egenskaper": {"Geometri, punkt": "POINT(-33349.7151245859 6733770.165812405)", "Ansiktsside, rettet mot": "Tosidig", "Skiltnummer": "372 - Parkering forbudt"}, "vegsystem": "KV9973 S1D1 m707", "mor": [1027330443]}, "geometry": {"type": "Point", "coordinates": [5.30120842, 60.3858627]}}, {"type": "Feature", "properties": {"nvdb_id": 1027296362, "skiltnummer": "372 - Parkering forbudt", "tekst": null, "kategori": "forbud", "egenskaper": {"Geometri, punkt": "POINT(-32127.32121916255 6733765.066951134)", "Ansiktsside, rettet mot": "Tosidig", "Skiltnummer": "372 - Parkering forbudt"}, "vegsystem": "KV4873 S1D1 m35", "mor": [1027296364]}, "geometry": {"type": "Point", "coordinates": [5.32308032, 60.3874233]}}, {"type": "Feature", "properties": {"nvdb_id": 1027291056, "skiltnummer": "808 - Underskilt med annen tekst", "tekst": null, "kategori": "parkering", "egenskaper": {"Geometri, punkt": "POINT(-31716.761977587943 6733771.980439693)", "Ansiktsside, rettet mot": "Trafikk i metreringsretning", "Skiltnummer": "808 - Underskilt med annen tekst"}, "vegsystem": "KV4743 S1D1 m104", "mor": [1027291060]}, "geometry": {"type": "Point", "coordinates": [5.33040401, 60.38802299]}}, {"type": "Feature", "properties": {"nvdb_id": 1027291058, "skiltnummer": "552 - Parkering", "tekst": null, "kategori": "parkering", "egenskaper": {"Geometri, punkt": "POINT(-31716.761977587943 6733771.980439693)", "Ansiktsside, rettet mot": "Trafikk i metreringsretning", "Skiltnummer": "552 - Parkering"}, "vegsystem": "KV4743 S1D1 m104", "mor": [1027291060]}, "geometry": {"type": "Point", "coordinates": [5.33040401, 60.38802299]}}, {"type": "Feature", "properties": {"nvdb_id": 1027222418, "skiltnummer": "372 - Parkering forbudt", "tekst": null, "kategori": "forbud", "egenskaper": {"Geometri, punkt": "POINT(-30650.722373839235 6733770.162526723)", "Ansiktsside, rettet mot": "Tosidig", "Skiltnummer": "372 - Parkering forbudt"}, "vegsystem": "KV4881 S1D1 m695", "mor": [1027222416]}, "geometry": {"type": "Point", "coordinates": [5.3494741, 60.3894033]}}, {"type": "Feature", "properties": {"nvdb_id": 1027291717, "skiltnummer": "372 - Parkering forbudt", "tekst": null, "kategori": "forbud", "egenskaper": {"Geometri, punkt": "POINT(-32068.44866227836 6733769.140571399)", "Ansiktsside, rettet mot": "Tosidig", "Skiltnummer": "372 - Parkering forbudt"}, "vegsystem": "KV4568 S1D1 m168", "mor": [1027291718]}, "geometry": {"type": "Point", "coordinates": [5.3241223, 60.3875366]}}, {"type": "Feature", "properties": {"nvdb_id": 1027286709, "skiltnummer": "807.6 - Symbol, sykkel og liten elektrisk motorvogn", "tekst": null, "kategori": "parkering", "egenskaper": {"Geometri, punkt": "POINT(-32082.26335030445 6733769.538838478)", "Ansiktsside, rettet mot": "Parallelt mot veg", "Skiltnummer": "807.6 - Symbol, sykkel og liten elektrisk motorvogn"}, "vegsystem": "KV4541 S1D1 m38", "mor": [1027286711]}, "geometry": {"type": "Point", "coordinates": [5.32387422, 60.387522]}}, {"type": "Feature", "properties": {"nvdb_id": 1027292256, "skiltnummer": "808 - Underskilt med annen tekst", "tekst": null, "kategori": "parkering", "egenskaper": {"Geometri, punkt": "POINT(-32330.159652721137 6733773.721543516)", "Ansiktsside, rettet mot": "Parallelt mot veg", "Skiltnummer": "808 - Underskilt med annen tekst"}, "vegsystem": "KV4789 S1D1 m176", "mor": [1027292257]}, "geometry": {"type": "Point", "coordinates": [5.31943011, 60.3872337]}}, {"type": "Feature", "properties": {"nvdb_id": 1027292558, "skiltnummer": "372 - Parkering forbudt", "tekst": null, "kategori": "forbud", "egenskaper": {"Geometri, punkt": "POINT(-32036.56483893306 6733771.317707819)", "Ansiktsside, rettet mot": "Trafikk i metreringsretning", "Skiltnummer": "372 - Parkering forbudt"}, "vegsystem": "KV4277 S1D1 m39", "mor": [1027292559]}, "geometry": {"type": "Point", "coordinates": [5.32468671, 60.3875977]}}, {"type": "Feature", "properties": {"nvdb_id": 1027330486, "skiltnummer": "372 - Parkering forbudt", "tekst": null, "kategori": "forbud", "egenskaper": {"Geometri, punkt": "POINT(-33392.82436334144 6733772.605618482)", "Ansiktsside, rettet mot": "Tosidig", "Skiltnummer": "372 - Parkering forbudt"}, "vegsystem": "KV9973 S1D1 m749", "mor": [1027330485]}, "geometry": {"type": "Point", "coordinates": [5.30043113, 60.3858276]}}, {"type": "Feature", "properties": {"nvdb_id": 1027291061, "skiltnummer": "372 - Parkering forbudt", "tekst": null, "kategori": "forbud", "egenskaper": {"Geometri, punkt": "POINT(-31700.892490375554 6733773.301501842)", "Ansiktsside, rettet mot": "Tosidig", "Skiltnummer": "372 - Parkering forbudt"}, "vegsystem": "KV4743 S1D1 m91", "mor": [1027291062]}, "geometry": {"type": "Point", "coordinates": [5.33068432, 60.3880555]}}, {"type": "Feature", "properties": {"nvdb_id": 1027286705, "skiltnummer": "807.6 - Symbol, sykkel og liten elektrisk motorvogn", "tekst": null, "kategori": "parkering", "egenskaper": {"Geometri, punkt": "POINT(-32077.981276185135 6733776.1688407445)", "Ansiktsside, rettet mot": "Trafikk mot metreringsretning", "Skiltnummer": "807.6 - Symbol, sykkel og liten elektrisk motorvogn"}, "vegsystem": "KV4541 S1D1 m36", "mor": [1027286707]}, "geometry": {"type": "Point", "coordinates": [5.32393322, 60.3875863]}}, {"type": "Feature", "properties": {"nvdb_id": 1027292210, "skiltnummer": "372 - Parkering forbudt", "tekst": null, "kategori": "forbud", "egenskaper": {"Geometri, punkt": "POINT(-32325.56871187128 6733778.509098952)", "Ansiktsside, rettet mot": "Parallelt mot veg", "Skiltnummer": "372 - Parkering forbudt"}, "vegsystem": "KV4789 S1D1 m169", "mor": [1027292211]}, "geometry": {"type": "Point", "coordinates": [5.31949951, 60.3872821]}}, {"type": "Feature", "properties": {"nvdb_id": 1027292197, "skiltnummer": "372 - Parkering forbudt", "tekst": null, "kategori": "forbud", "egenskaper": {"Geometri, punkt": "POINT(-32312.282023151638 6733778.6966432)", "Ansiktsside, rettet mot": "Tosidig", "Skiltnummer": "372 - Parkering forbudt"}, "vegsystem": "KV4789 S1D1 m162", "mor": [1027292200]}, "geometry": {"type": "Point", "coordinates": [5.31973661, 60.3873012]}}, {"type": "Feature", "properties": {"nvdb_id": 1027222649, "skiltnummer": "372 - Parkering forbudt", "tekst": null, "kategori": "forbud", "egenskaper": {"Geometri, punkt": "POINT(-30658.20470788586 6733783.390797348)", "Ansiktsside, rettet mot": "Trafikk i metreringsretning", "Skiltnummer": "372 - Parkering forbudt"}, "vegsystem": "KV4881 S1D1 m709", "mor": [1027222650]}, "geometry": {"type": "Point", "coordinates": [5.34930529, 60.3895106]}}, {"type": "Feature", "properties": {"nvdb_id": 1027291066, "skiltnummer": "372 - Parkering forbudt", "tekst": null, "kategori": "forbud", "egenskaper": {"Geometri, punkt": "POINT(-31701.579281566315 6733784.859406358)", "Ansiktsside, rettet mot": "Tosidig", "Skiltnummer": "372 - Parkering forbudt"}, "vegsystem": "KV4743 S1D1 m84", "mor": [1027291068]}, "geometry": {"type": "Point", "coordinates": [5.33064141, 60.38815689]}}, {"type": "Feature", "properties": {"nvdb_id": 1027286687, "skiltnummer": "807.6 - Symbol, sykkel og liten elektrisk motorvogn", "tekst": null, "kategori": "parkering", "egenskaper": {"Geometri, punkt": "POINT(-32106.772694507497 6733788.2891370915)", "Ansiktsside, rettet mot": "Trafikk i metreringsretning", "Skiltnummer": "807.6 - Symbol, sykkel og liten elektrisk motorvogn"}, "vegsystem": "KV4541 S1D1 m6", "mor": [1027286689]}, "geometry": {"type": "Point", "coordinates": [5.32338621, 60.3876558]}}, {"type": "Feature", "properties": {"nvdb_id": 1027292190, "skiltnummer": "552 - Parkering", "tekst": null, "kategori": "parkering", "egenskaper": {"Geometri, punkt": "POINT(-32303.773525177734 6733789.953422842)", "Ansiktsside, rettet mot": "Tosidig", "Skiltnummer": "552 - Parkering"}, "vegsystem": "KV4789 S1D1 m147", "mor": [1027292194]}, "geometry": {"type": "Point", "coordinates": [5.31985891, 60.38741199]}}, {"type": "Feature", "properties": {"nvdb_id": 1027292193, "skiltnummer": "807.8 - Symbol, forflytningshemmede med parkeringstillatelse", "tekst": null, "kategori": "parkering", "egenskaper": {"Geometri, punkt": "POINT(-32303.773525177734 6733789.953422842)", "Ansiktsside, rettet mot": "Tosidig", "Skiltnummer": "807.8 - Symbol, forflytningshemmede med parkeringstillatelse"}, "vegsystem": "KV4789 S1D1 m147", "mor": [1027292194]}, "geometry": {"type": "Point", "coordinates": [5.31985891, 60.38741199]}}, {"type": "Feature", "properties": {"nvdb_id": 1027292521, "skiltnummer": "372 - Parkering forbudt", "tekst": null, "kategori": "forbud", "egenskaper": {"Geometri, punkt": "POINT(-31957.37429903203 6733793.486461125)", "Ansiktsside, rettet mot": "Tosidig", "Skiltnummer": "372 - Parkering forbudt"}, "vegsystem": "KV4467 S1D1 m468", "mor": [1027292522]}, "geometry": {"type": "Point", "coordinates": [5.32604412, 60.38789779]}}, {"type": "Feature", "properties": {"nvdb_id": 1027292571, "skiltnummer": "372 - Parkering forbudt", "tekst": null, "kategori": "forbud", "egenskaper": {"Geometri, punkt": "POINT(-32043.241224380443 6733790.938047108)", "Ansiktsside, rettet mot": "Tosidig", "Skiltnummer": "372 - Parkering forbudt"}, "vegsystem": "KV4277 S1D1 m18", "mor": [1027292570]}, "geometry": {"type": "Point", "coordinates": [5.32451531, 60.3877626]}}, {"type": "Feature", "properties": {"nvdb_id": 1027292232, "skiltnummer": "372 - Parkering forbudt", "tekst": null, "kategori": "forbud", "egenskaper": {"Geometri, punkt": "POINT(-32312.28996001708 6733795.498488342)", "Ansiktsside, rettet mot": "Parallelt mot veg", "Skiltnummer": "372 - Parkering forbudt"}, "vegsystem": "KV4789 S1D1 m148", "mor": [1027292233]}, "geometry": {"type": "Point", "coordinates": [5.31969191, 60.38744989]}}, {"type": "Feature", "properties": {"nvdb_id": 1027224699, "skiltnummer": "808 - Underskilt med annen tekst", "tekst": "Gjelder ikke buss i rute", "kategori": "parkering", "egenskaper": {"Geometri, punkt": "POINT(-31486.335958010633 6733794.083399462)", "Ansiktsside, rettet mot": "Trafikk mot metreringsretning", "Skiltnummer": "808 - Underskilt med annen tekst", "Tekst": "Gjelder ikke buss i rute"}, "vegsystem": "KV5202 S1D1 m23", "mor": [1027224703]}, "geometry": {"type": "Point", "coordinates": [5.33446631, 60.38852069]}}, {"type": "Feature", "properties": {"nvdb_id": 1027293786, "skiltnummer": "807.8 - Symbol, forflytningshemmede med parkeringstillatelse", "tekst": null, "kategori": "parkering", "egenskaper": {"Geometri, punkt": "POINT(-31772.275167900254 6733796.642962355)", "Ansiktsside, rettet mot": "Tosidig", "Skiltnummer": "807.8 - Symbol, forflytningshemmede med parkeringstillatelse"}, "vegsystem": "KV4384 S1D1 m26", "mor": [1027293788]}, "geometry": {"type": "Point", "coordinates": [5.32934591, 60.3881685]}}, {"type": "Feature", "properties": {"nvdb_id": 1027293789, "skiltnummer": "552 - Parkering", "tekst": null, "kategori": "parkering", "egenskaper": {"Geometri, punkt": "POINT(-31772.275167900254 6733796.642962355)", "Ansiktsside, rettet mot": "Tosidig", "Skiltnummer": "552 - Parkering"}, "vegsystem": "KV4384 S1D1 m26", "mor": [1027293788]}, "geometry": {"type": "Point", "coordinates": [5.32934591, 60.3881685]}}, {"type": "Feature", "properties": {"nvdb_id": 1008876246, "skiltnummer": "376.1 - Parkeringssone", "tekst": "Sone 3@@8-23 (8-17)@@med p-kort@@eller ved@@parkometer", "kategori": "boligsone", "egenskaper": {"Geometri, punkt": "POINT Z (-32497.305390641675 6733803.112552126 3.915)", "Ansiktsside, rettet mot": "Parallelt mot veg", "Skiltform": "Plan", "Skiltnummer": "376.1 - Parkeringssone", "Tekst": "Sone 3@@8-23 (8-17)@@med p-kort@@eller ved@@parkometer"}, "vegsystem": "RV555 S1D20 m174", "mor": [1008876245]}, "geometry": {"type": "Point", "coordinates": [5.31636322, 60.3872744]}}, {"type": "Feature", "properties": {"nvdb_id": 1027330479, "skiltnummer": "806 - Tid", "tekst": "08 - 23 (08 - 17)Med p-kort sone 13 eller mot avgift", "kategori": "boligsone", "egenskaper": {"Geometri, punkt": "POINT(-33429.645194596844 6733799.183970177)", "Ansiktsside, rettet mot": "Tosidig", "Skiltnummer": "806 - Tid", "Tekst": "08 - 23 (08 - 17)Med p-kort sone 13 eller mot avgift"}, "vegsystem": "KV9973 S1D1 m793", "mor": [1027330483]}, "geometry": {"type": "Point", "coordinates": [5.29970213, 60.3860144]}}, {"type": "Feature", "properties": {"nvdb_id": 1027330480, "skiltnummer": "552 - Parkering", "tekst": null, "kategori": "parkering", "egenskaper": {"Geometri, punkt": "POINT(-33429.645194596844 6733799.183970177)", "Ansiktsside, rettet mot": "Tosidig", "Skiltnummer": "552 - Parkering"}, "vegsystem": "KV9973 S1D1 m793", "mor": [1027330483]}, "geometry": {"type": "Point", "coordinates": [5.29970213, 60.3860144]}}, {"type": "Feature", "properties": {"nvdb_id": 1027292186, "skiltnummer": "372 - Parkering forbudt", "tekst": null, "kategori": "forbud", "egenskaper": {"Geometri, punkt": "POINT(-32306.508265623357 6733805.374505273)", "Ansiktsside, rettet mot": "Tosidig", "Skiltnummer": "372 - Parkering forbudt"}, "vegsystem": "KV4789 S1D1 m136", "mor": [1027292187]}, "geometry": {"type": "Point", "coordinates": [5.31976912, 60.3875449]}}, {"type": "Feature", "properties": {"nvdb_id": 1027292175, "skiltnummer": "552 - Parkering", "tekst": null, "kategori": "parkering", "egenskaper": {"Geometri, punkt": "POINT(-32291.443113717716 6733806.846233857)", "Ansiktsside, rettet mot": "Tosidig", "Skiltnummer": "552 - Parkering"}, "vegsystem": "KV4789 S1D1 m126", "mor": [1027292176]}, "geometry": {"type": "Point", "coordinates": [5.32003462, 60.3875777]}}, {"type": "Feature", "properties": {"nvdb_id": 1027292180, "skiltnummer": "806 - Tid", "tekst": null, "kategori": "parkering", "egenskaper": {"Geometri, punkt": "POINT(-32291.443113717716 6733806.846233857)", "Ansiktsside, rettet mot": "Tosidig", "Skiltnummer": "806 - Tid"}, "vegsystem": "KV4789 S1D1 m126", "mor": [1027292176]}, "geometry": {"type": "Point", "coordinates": [5.32003462, 60.3875777]}}, {"type": "Feature", "properties": {"nvdb_id": 1027286477, "skiltnummer": "372 - Parkering forbudt", "tekst": null, "kategori": "forbud", "egenskaper": {"Geometri, punkt": "POINT(-32122.92864102521 6733810.388345587)", "Ansiktsside, rettet mot": "Tosidig", "Skiltnummer": "372 - Parkering forbudt"}, "vegsystem": "KV4703 S1D1 m140", "mor": [1027286475]}, "geometry": {"type": "Point", "coordinates": [5.32303871, 60.38783019]}}, {"type": "Feature", "properties": {"nvdb_id": 1027221145, "skiltnummer": "552 - Parkering", "tekst": null, "kategori": "parkering", "egenskaper": {"Geometri, punkt": "POINT(-30882.023327744217 6733809.517132091)", "Ansiktsside, rettet mot": "Parallelt mot veg", "Skiltnummer": "552 - Parkering"}, "vegsystem": "KV4452 S3D1 m1005", "mor": [1027221150]}, "geometry": {"type": "Point", "coordinates": [5.34523321, 60.3894489]}}, {"type": "Feature", "properties": {"nvdb_id": 1027221149, "skiltnummer": "807.8 - Symbol, forflytningshemmede med parkeringstillatelse", "tekst": null, "kategori": "parkering", "egenskaper": {"Geometri, punkt": "POINT(-30882.023327744217 6733809.517132091)", "Ansiktsside, rettet mot": "Parallelt mot veg", "Skiltnummer": "807.8 - Symbol, forflytningshemmede med parkeringstillatelse"}, "vegsystem": "KV4452 S3D1 m1005", "mor": [1027221150]}, "geometry": {"type": "Point", "coordinates": [5.34523321, 60.3894489]}}, {"type": "Feature", "properties": {"nvdb_id": 1027290948, "skiltnummer": "552 - Parkering", "tekst": null, "kategori": "parkering", "egenskaper": {"Geometri, punkt": "POINT(-31934.826685769367 6733814.548899753)", "Ansiktsside, rettet mot": "Tosidig", "Skiltnummer": "552 - Parkering"}, "vegsystem": "KV4539 S1D1 m51", "mor": [1027290953]}, "geometry": {"type": "Point", "coordinates": [5.3263915, 60.3881138]}}, {"type": "Feature", "properties": {"nvdb_id": 1027290952, "skiltnummer": "808 - Underskilt med annen tekst", "tekst": "Reservert bildeling med gyldig tillatelse", "kategori": "parkering", "egenskaper": {"Geometri, punkt": "POINT(-31934.826685769367 6733814.548899753)", "Ansiktsside, rettet mot": "Tosidig", "Skiltnummer": "808 - Underskilt med annen tekst", "Tekst": "Reservert bildeling med gyldig tillatelse"}, "vegsystem": "KV4539 S1D1 m51", "mor": [1027290953]}, "geometry": {"type": "Point", "coordinates": [5.3263915, 60.3881138]}}, {"type": "Feature", "properties": {"nvdb_id": 1027279270, "skiltnummer": "808 - Underskilt med annen tekst", "tekst": null, "kategori": "parkering", "egenskaper": {"Geometri, punkt": "POINT(-32496.107140101492 6733811.905779035)", "Ansiktsside, rettet mot": "Tosidig", "Skiltnummer": "808 - Underskilt med annen tekst"}, "vegsystem": "KV4386 S1D1 m13", "mor": [1027279274]}, "geometry": {"type": "Point", "coordinates": [5.31636132, 60.3873538]}}, {"type": "Feature", "properties": {"nvdb_id": 1027279272, "skiltnummer": "552 - Parkering", "tekst": null, "kategori": "parkering", "egenskaper": {"Geometri, punkt": "POINT(-32496.107140101492 6733811.905779035)", "Ansiktsside, rettet mot": "Tosidig", "Skiltnummer": "552 - Parkering"}, "vegsystem": "KV4386 S1D1 m13", "mor": [1027279274]}, "geometry": {"type": "Point", "coordinates": [5.31636132, 60.3873538]}}, {"type": "Feature", "properties": {"nvdb_id": 1027221138, "skiltnummer": "807.8 - Symbol, forflytningshemmede med parkeringstillatelse", "tekst": null, "kategori": "parkering", "egenskaper": {"Geometri, punkt": "POINT(-30883.433744321926 6733813.363539207)", "Ansiktsside, rettet mot": "Tosidig", "Skiltnummer": "807.8 - Symbol, forflytningshemmede med parkeringstillatelse"}, "vegsystem": "KV4452 S3D1 m1001", "mor": [1027221137]}, "geometry": {"type": "Point", "coordinates": [5.3451978, 60.3894811]}}, {"type": "Feature", "properties": {"nvdb_id": 1027221141, "skiltnummer": "552 - Parkering", "tekst": null, "kategori": "parkering", "egenskaper": {"Geometri, punkt": "POINT(-30883.433744321926 6733813.363539207)", "Ansiktsside, rettet mot": "Tosidig", "Skiltnummer": "552 - Parkering"}, "vegsystem": "KV4452 S3D1 m1001", "mor": [1027221137]}, "geometry": {"type": "Point", "coordinates": [5.3451978, 60.3894811]}}, {"type": "Feature", "properties": {"nvdb_id": 1027331499, "skiltnummer": "372 - Parkering forbudt", "tekst": null, "kategori": "forbud", "egenskaper": {"Geometri, punkt": "POINT(-33545.37115294626 6733815.310645153)", "Ansiktsside, rettet mot": "Tosidig", "Skiltnummer": "372 - Parkering forbudt"}, "vegsystem": "KV4599 S1D1 m179", "mor": [1027331502]}, "geometry": {"type": "Point", "coordinates": [5.29759003, 60.3860049]}}, {"type": "Feature", "properties": {"nvdb_id": 1027326585, "skiltnummer": "376.1 - Parkeringssone", "tekst": null, "kategori": "forbud", "egenskaper": {"Geometri, punkt": "POINT(-33623.27410190867 6733817.027171803)", "Ansiktsside, rettet mot": "Trafikk mot metreringsretning", "Skiltnummer": "376.1 - Parkeringssone"}, "vegsystem": "KV4852 S1D1 m19", "mor": [1027326591]}, "geometry": {"type": "Point", "coordinates": [5.29619253, 60.3859176]}}, {"type": "Feature", "properties": {"nvdb_id": 1027330476, "skiltnummer": "372 - Parkering forbudt", "tekst": null, "kategori": "forbud", "egenskaper": {"Geometri, punkt": "POINT(-33429.43297866697 6733821.30984488)", "Ansiktsside, rettet mot": "Tosidig", "Skiltnummer": "372 - Parkering forbudt"}, "vegsystem": "KV9973 S1D1 m811", "mor": [1027330477]}, "geometry": {"type": "Point", "coordinates": [5.29964712, 60.3862105]}}, {"type": "Feature", "properties": {"nvdb_id": 1027291813, "skiltnummer": "808 - Underskilt med annen tekst", "tekst": null, "kategori": "parkering", "egenskaper": {"Geometri, punkt": "POINT(-32178.55102472857 6733818.12635395)", "Ansiktsside, rettet mot": "Parallelt mot veg", "Skiltnummer": "808 - Underskilt med annen tekst"}, "vegsystem": "KV4784 S1D1 m35", "mor": [1027291818]}, "geometry": {"type": "Point", "coordinates": [5.32202351, 60.38782569]}}, {"type": "Feature", "properties": {"nvdb_id": 1027291815, "skiltnummer": "372 - Parkering forbudt", "tekst": null, "kategori": "forbud", "egenskaper": {"Geometri, punkt": "POINT(-32178.55102472857 6733818.12635395)", "Ansiktsside, rettet mot": "Parallelt mot veg", "Skiltnummer": "372 - Parkering forbudt"}, "vegsystem": "KV4784 S1D1 m35", "mor": [1027291818]}, "geometry": {"type": "Point", "coordinates": [5.32202351, 60.38782569]}}, {"type": "Feature", "properties": {"nvdb_id": 1027291819, "skiltnummer": "372 - Parkering forbudt", "tekst": null, "kategori": "forbud", "egenskaper": {"Geometri, punkt": "POINT(-32163.458531307406 6733823.820084578)", "Ansiktsside, rettet mot": "Parallelt mot veg", "Skiltnummer": "372 - Parkering forbudt"}, "vegsystem": "KV4784 S1D1 m42", "mor": [1027291821]}, "geometry": {"type": "Point", "coordinates": [5.3222783, 60.3878959]}}, {"type": "Feature", "properties": {"nvdb_id": 1027291822, "skiltnummer": "808 - Underskilt med annen tekst", "tekst": null, "kategori": "parkering", "egenskaper": {"Geometri, punkt": "POINT(-32163.458531307406 6733823.820084578)", "Ansiktsside, rettet mot": "Parallelt mot veg", "Skiltnummer": "808 - Underskilt med annen tekst"}, "vegsystem": "KV4784 S1D1 m42", "mor": [1027291821]}, "geometry": {"type": "Point", "coordinates": [5.3222783, 60.3878959]}}, {"type": "Feature", "properties": {"nvdb_id": 1027333567, "skiltnummer": "372 - Parkering forbudt", "tekst": null, "kategori": "forbud", "egenskaper": {"Geometri, punkt": "POINT(-33533.47382377309 6733824.728306004)", "Ansiktsside, rettet mot": "Tosidig", "Skiltnummer": "372 - Parkering forbudt"}, "vegsystem": "KV4381 S1D1 m136", "mor": [1027333569]}, "geometry": {"type": "Point", "coordinates": [5.29777772, 60.38610389]}}, {"type": "Feature", "properties": {"nvdb_id": 1027291028, "skiltnummer": "372 - Parkering forbudt", "tekst": null, "kategori": "forbud", "egenskaper": {"Geometri, punkt": "POINT(-31639.810370350722 6733825.195122852)", "Ansiktsside, rettet mot": "Tosidig", "Skiltnummer": "372 - Parkering forbudt"}, "vegsystem": "KV4743 S1D1 m11", "mor": [1027291029]}, "geometry": {"type": "Point", "coordinates": [5.33163921, 60.3885949]}}, {"type": "Feature", "properties": {"nvdb_id": 1027221721, "skiltnummer": "372 - Parkering forbudt", "tekst": null, "kategori": "forbud", "egenskaper": {"Geometri, punkt": "POINT(-31044.755398246343 6733828.630196503)", "Ansiktsside, rettet mot": "Tosidig", "Skiltnummer": "372 - Parkering forbudt"}, "vegsystem": "KV4631 S1D1 m357", "mor": [1027221722]}, "geometry": {"type": "Point", "coordinates": [5.34227221, 60.389405]}}, {"type": "Feature", "properties": {"nvdb_id": 1027279437, "skiltnummer": "372 - Parkering forbudt", "tekst": null, "kategori": "forbud", "egenskaper": {"Geometri, punkt": "POINT(-32489.358677832526 6733826.372241458)", "Ansiktsside, rettet mot": "Parallelt mot veg", "Skiltnummer": "372 - Parkering forbudt"}, "vegsystem": "KV4386 S1D1 m29", "mor": [1027279436]}, "geometry": {"type": "Point", "coordinates": [5.31644361, 60.38749069]}}, {"type": "Feature", "properties": {"nvdb_id": 1027287369, "skiltnummer": "372 - Parkering forbudt", "tekst": null, "kategori": "forbud", "egenskaper": {"Geometri, punkt": "POINT(-32158.167646003072 6733826.617207733)", "Ansiktsside, rettet mot": "Tosidig", "Skiltnummer": "372 - Parkering forbudt"}, "vegsystem": "KV4703 S1D1 m102", "mor": [1027287371]}, "geometry": {"type": "Point", "coordinates": [5.32236551, 60.3879276]}}, {"type": "Feature", "properties": {"nvdb_id": 1027291080, "skiltnummer": "372 - Parkering forbudt", "tekst": null, "kategori": "forbud", "egenskaper": {"Geometri, punkt": "POINT(-31645.743699800223 6733830.401073069)", "Ansiktsside, rettet mot": "Tosidig", "Skiltnummer": "372 - Parkering forbudt"}, "vegsystem": "KV4743 S1D1 m12", "mor": [1027291083]}, "geometry": {"type": "Point", "coordinates": [5.3315193, 60.3886332]}}, {"type": "Feature", "properties": {"nvdb_id": 1027291703, "skiltnummer": "372 - Parkering forbudt", "tekst": null, "kategori": "forbud", "egenskaper": {"Geometri, punkt": "POINT(-32029.36233765236 6733835.000100651)", "Ansiktsside, rettet mot": "Tosidig", "Skiltnummer": "372 - Parkering forbudt"}, "vegsystem": "KV4568 S1D1 m94", "mor": [1027291704]}, "geometry": {"type": "Point", "coordinates": [5.32464672, 60.3881708]}}, {"type": "Feature", "properties": {"nvdb_id": 1027331478, "skiltnummer": "372 - Parkering forbudt", "tekst": null, "kategori": "forbud", "egenskaper": {"Geometri, punkt": "POINT(-33544.96188599884 6733836.763312559)", "Ansiktsside, rettet mot": "Tosidig", "Skiltnummer": "372 - Parkering forbudt"}, "vegsystem": "KV4599 S1D1 m159", "mor": [1027331481]}, "geometry": {"type": "Point", "coordinates": [5.29754032, 60.38619529]}}, {"type": "Feature", "properties": {"nvdb_id": 1027224681, "skiltnummer": "376.1 - Parkeringssone", "tekst": null, "kategori": "forbud", "egenskaper": {"Geometri, punkt": "POINT(-31497.33879875054 6733839.898636928)", "Ansiktsside, rettet mot": "Trafikk mot metreringsretning", "Skiltnummer": "376.1 - Parkeringssone"}, "vegsystem": "KV5202 S1D1 m70", "mor": [1027224683]}, "geometry": {"type": "Point", "coordinates": [5.3341482, 60.3889118]}}, {"type": "Feature", "properties": {"nvdb_id": 1027291810, "skiltnummer": "808 - Underskilt med annen tekst", "tekst": "Gjelder plassen", "kategori": "parkering", "egenskaper": {"Geometri, punkt": "POINT(-32200.73434063664 6733837.436433268)", "Ansiktsside, rettet mot": "Parallelt mot veg", "Skiltnummer": "808 - Underskilt med annen tekst", "Tekst": "Gjelder plassen"}, "vegsystem": "KV4789 S1D1 m11", "mor": [1027291812]}, "geometry": {"type": "Point", "coordinates": [5.32157562, 60.38796749]}}, {"type": "Feature", "properties": {"nvdb_id": 1027291811, "skiltnummer": "372 - Parkering forbudt", "tekst": null, "kategori": "forbud", "egenskaper": {"Geometri, punkt": "POINT(-32200.73434063664 6733837.436433268)", "Ansiktsside, rettet mot": "Parallelt mot veg", "Skiltnummer": "372 - Parkering forbudt"}, "vegsystem": "KV4789 S1D1 m11", "mor": [1027291812]}, "geometry": {"type": "Point", "coordinates": [5.32157562, 60.38796749]}}, {"type": "Feature", "properties": {"nvdb_id": 1027224688, "skiltnummer": "808 - Underskilt med annen tekst", "tekst": null, "kategori": "parkering", "egenskaper": {"Geometri, punkt": "POINT(-31496.733096869313 6733845.423993333)", "Ansiktsside, rettet mot": "Parallelt mot veg", "Skiltnummer": "808 - Underskilt med annen tekst"}, "vegsystem": "KV5202 S1D1 m74", "mor": [1027224691]}, "geometry": {"type": "Point", "coordinates": [5.33414441, 60.3889615]}}, {"type": "Feature", "properties": {"nvdb_id": 1027291848, "skiltnummer": "806 - Tid", "tekst": null, "kategori": "parkering", "egenskaper": {"Geometri, punkt": "POINT(-32268.03400764661 6733838.264113339)", "Ansiktsside, rettet mot": "Trafikk mot metreringsretning", "Skiltnummer": "806 - Tid"}, "vegsystem": "KV4789 S1D1 m86", "mor": [1027291852]}, "geometry": {"type": "Point", "coordinates": [5.32036991, 60.3878865]}}, {"type": "Feature", "properties": {"nvdb_id": 1027291851, "skiltnummer": "552 - Parkering", "tekst": null, "kategori": "parkering", "egenskaper": {"Geometri, punkt": "POINT(-32268.03400764661 6733838.264113339)", "Ansiktsside, rettet mot": "Trafikk mot metreringsretning", "Skiltnummer": "552 - Parkering"}, "vegsystem": "KV4789 S1D1 m86", "mor": [1027291852]}, "geometry": {"type": "Point", "coordinates": [5.32036991, 60.3878865]}}, {"type": "Feature", "properties": {"nvdb_id": 1027291692, "skiltnummer": "807.6 - Symbol, sykkel og liten elektrisk motorvogn", "tekst": null, "kategori": "parkering", "egenskaper": {"Geometri, punkt": "POINT(-32012.20948783087 6733839.846679703)", "Ansiktsside, rettet mot": "Trafikk mot metreringsretning", "Skiltnummer": "807.6 - Symbol, sykkel og liten elektrisk motorvogn"}, "vegsystem": "KV4568 S1D1 m78", "mor": [1027291694]}, "geometry": {"type": "Point", "coordinates": [5.32494062, 60.3882362]}}, {"type": "Feature", "properties": {"nvdb_id": 1027290932, "skiltnummer": "372 - Parkering forbudt", "tekst": null, "kategori": "forbud", "egenskaper": {"Geometri, punkt": "POINT(-31904.449347471935 6733840.111492591)", "Ansiktsside, rettet mot": "Tosidig", "Skiltnummer": "372 - Parkering forbudt"}, "vegsystem": "KV4539 S1D1 m12", "mor": [1027290938]}, "geometry": {"type": "Point", "coordinates": [5.32686702, 60.38837989]}}, {"type": "Feature", "properties": {"nvdb_id": 1027290935, "skiltnummer": "376.1 - Parkeringssone", "tekst": "08 - 23 (08 - 17) Med p-kort eller ved parkometer", "kategori": "boligsone", "egenskaper": {"Geometri, punkt": "POINT(-31904.449347471935 6733840.111492591)", "Ansiktsside, rettet mot": "Trafikk i metreringsretning", "Skiltnummer": "376.1 - Parkeringssone", "Tekst": "08 - 23 (08 - 17) Med p-kort eller ved parkometer"}, "vegsystem": "KV4539 S1D1 m12", "mor": [1027290938]}, "geometry": {"type": "Point", "coordinates": [5.32686702, 60.38837989]}}, {"type": "Feature", "properties": {"nvdb_id": 1027290944, "skiltnummer": "376.1 - Parkeringssone", "tekst": "08 - 23 (08 - 17) Med p-kort eller ved parkometer", "kategori": "boligsone", "egenskaper": {"Geometri, punkt": "POINT(-31911.60354053194 6733843.227943139)", "Ansiktsside, rettet mot": "Trafikk i metreringsretning", "Skiltnummer": "376.1 - Parkeringssone", "Tekst": "08 - 23 (08 - 17) Med p-kort eller ved parkometer"}, "vegsystem": "KV4539 S1D1 m14", "mor": [1027290946]}, "geometry": {"type": "Point", "coordinates": [5.3267308, 60.3883981]}}, {"type": "Feature", "properties": {"nvdb_id": 1027221716, "skiltnummer": "372 - Parkering forbudt", "tekst": null, "kategori": "forbud", "egenskaper": {"Geometri, punkt": "POINT(-31069.602175967768 6733843.717003952)", "Ansiktsside, rettet mot": "Trafikk i metreringsretning", "Skiltnummer": "372 - Parkering forbudt"}, "vegsystem": "KV4631 S1D1 m387", "mor": [1027221717]}, "geometry": {"type": "Point", "coordinates": [5.34178791, 60.389506]}}, {"type": "Feature", "properties": {"nvdb_id": 1027279432, "skiltnummer": "372 - Parkering forbudt", "tekst": null, "kategori": "forbud", "egenskaper": {"Geometri, punkt": "POINT(-32504.86881309352 6733842.446088307)", "Ansiktsside, rettet mot": "Tosidig", "Skiltnummer": "372 - Parkering forbudt"}, "vegsystem": "KV4386 S1D1 m50", "mor": [1027279428]}, "geometry": {"type": "Point", "coordinates": [5.31612361, 60.3876126]}}, {"type": "Feature", "properties": {"nvdb_id": 1027291835, "skiltnummer": "372 - Parkering forbudt", "tekst": null, "kategori": "forbud", "egenskaper": {"Geometri, punkt": "POINT(-32259.038079292397 6733842.9295250345)", "Ansiktsside, rettet mot": "Tosidig", "Skiltnummer": "372 - Parkering forbudt"}, "vegsystem": "KV4789 S1D1 m72", "mor": [1027291836]}, "geometry": {"type": "Point", "coordinates": [5.32051841, 60.3879396]}}, {"type": "Feature", "properties": {"nvdb_id": 1008864864, "skiltnummer": "806 - Tid", "tekst": "07-10@@14-17", "kategori": "parkering", "egenskaper": {"Plasseringskode": 20, "Geometri, punkt": "POINT Z (-31897.9908198879 6733843.57341008 -999999)", "Ansiktsside, rettet mot": "Trafikk i metreringsretning", "Skiltform": "Plan", "Skiltnummer": "806 - Tid", "Tekst": "07-10@@14-17"}, "vegsystem": "EV16 S1D1 m2523", "mor": [82516577]}, "geometry": {"type": "Point", "coordinates": [5.32697333, 60.38841901]}}, {"type": "Feature", "properties": {"nvdb_id": 1027291830, "skiltnummer": "372 - Parkering forbudt", "tekst": null, "kategori": "forbud", "egenskaper": {"Geometri, punkt": "POINT(-32199.024063673103 6733848.70711512)", "Ansiktsside, rettet mot": "Tosidig", "Skiltnummer": "372 - Parkering forbudt"}, "vegsystem": "KV4789 S1D1 m10", "mor": [1027291832]}, "geometry": {"type": "Point", "coordinates": [5.32157631, 60.3880695]}}, {"type": "Feature", "properties": {"nvdb_id": 1027291803, "skiltnummer": "808 - Underskilt med annen tekst", "tekst": null, "kategori": "parkering", "egenskaper": {"Geometri, punkt": "POINT(-32193.858188072918 6733855.488425338)", "Ansiktsside, rettet mot": "Parallelt mot veg", "Skiltnummer": "808 - Underskilt med annen tekst"}, "vegsystem": "KV4789 S1D1 m5", "mor": [1027291801]}, "geometry": {"type": "Point", "coordinates": [5.32165072, 60.38813629]}}, {"type": "Feature", "properties": {"nvdb_id": 1027291805, "skiltnummer": "372 - Parkering forbudt", "tekst": null, "kategori": "forbud", "egenskaper": {"Geometri, punkt": "POINT(-32193.858188072918 6733855.488425338)", "Ansiktsside, rettet mot": "Parallelt mot veg", "Skiltnummer": "372 - Parkering forbudt"}, "vegsystem": "KV4789 S1D1 m5", "mor": [1027291801]}, "geometry": {"type": "Point", "coordinates": [5.32165072, 60.38813629]}}, {"type": "Feature", "properties": {"nvdb_id": 1027291844, "skiltnummer": "372 - Parkering forbudt", "tekst": null, "kategori": "forbud", "egenskaper": {"Geometri, punkt": "POINT(-32268.86200169346 6733850.894165097)", "Ansiktsside, rettet mot": "Tosidig", "Skiltnummer": "372 - Parkering forbudt"}, "vegsystem": "KV4789 S1D1 m80", "mor": [1027291846]}, "geometry": {"type": "Point", "coordinates": [5.32032161, 60.3879972]}}, {"type": "Feature", "properties": {"nvdb_id": 1027331451, "skiltnummer": "552 - Parkering", "tekst": null, "kategori": "parkering", "egenskaper": {"Geometri, punkt": "POINT(-33559.29171822651 6733846.83668428)", "Ansiktsside, rettet mot": "Tosidig", "Skiltnummer": "552 - Parkering"}, "vegsystem": "KV4599 S1D1 m144", "mor": [1027331455]}, "geometry": {"type": "Point", "coordinates": [5.29725732, 60.3862656]}}, {"type": "Feature", "properties": {"nvdb_id": 1027331454, "skiltnummer": "807.8 - Symbol, forflytningshemmede med parkeringstillatelse", "tekst": null, "kategori": "parkering", "egenskaper": {"Geometri, punkt": "POINT(-33559.29171822651 6733846.83668428)", "Ansiktsside, rettet mot": "Tosidig", "Skiltnummer": "807.8 - Symbol, forflytningshemmede med parkeringstillatelse"}, "vegsystem": "KV4599 S1D1 m144", "mor": [1027331455]}, "geometry": {"type": "Point", "coordinates": [5.29725732, 60.3862656]}}, {"type": "Feature", "properties": {"nvdb_id": 1027333588, "skiltnummer": "372 - Parkering forbudt", "tekst": null, "kategori": "forbud", "egenskaper": {"Geometri, punkt": "POINT(-33488.32747659134 6733848.412491431)", "Ansiktsside, rettet mot": "Tosidig", "Skiltnummer": "372 - Parkering forbudt"}, "vegsystem": "KV4381 S1D1 m85", "mor": [1027333589]}, "geometry": {"type": "Point", "coordinates": [5.29852203, 60.38637289]}}, {"type": "Feature", "properties": {"nvdb_id": 1027291787, "skiltnummer": "552 - Parkering", "tekst": null, "kategori": "parkering", "egenskaper": {"Geometri, punkt": "POINT(-32164.36016746529 6733851.645849739)", "Ansiktsside, rettet mot": "Tosidig", "Skiltnummer": "552 - Parkering"}, "vegsystem": "KV4350 S1D1 m117", "mor": [1027291791]}, "geometry": {"type": "Point", "coordinates": [5.32218841, 60.388141]}}, {"type": "Feature", "properties": {"nvdb_id": 1027291789, "skiltnummer": "806 - Tid", "tekst": "08 - 23 (08 - 17) Maks 2 timer mot avgift", "kategori": "parkering", "egenskaper": {"Geometri, punkt": "POINT(-32164.36016746529 6733851.645849739)", "Ansiktsside, rettet mot": "Tosidig", "Skiltnummer": "806 - Tid", "Tekst": "08 - 23 (08 - 17) Maks 2 timer mot avgift"}, "vegsystem": "KV4350 S1D1 m117", "mor": [1027291791]}, "geometry": {"type": "Point", "coordinates": [5.32218841, 60.388141]}}, {"type": "Feature", "properties": {"nvdb_id": 1027223118, "skiltnummer": "808.351 - Gjelder/Gjeld (snuplassen, torget o.l.)", "tekst": null, "kategori": "parkering", "egenskaper": {"Geometri, punkt": "POINT(-30822.79259532818 6733858.340334347)", "Ansiktsside, rettet mot": "Parallelt mot veg", "Skiltnummer": "808.351 - Gjelder/Gjeld (snuplassen, torget o.l.)"}, "vegsystem": "KV5247 S1D1 m131", "mor": [1027223123]}, "geometry": {"type": "Point", "coordinates": [5.34616339, 60.38995859]}}, {"type": "Feature", "properties": {"nvdb_id": 1027223120, "skiltnummer": "372 - Parkering forbudt", "tekst": null, "kategori": "forbud", "egenskaper": {"Geometri, punkt": "POINT(-30822.79259532818 6733858.340334347)", "Ansiktsside, rettet mot": "Parallelt mot veg", "Skiltnummer": "372 - Parkering forbudt"}, "vegsystem": "KV5247 S1D1 m131", "mor": [1027223123]}, "geometry": {"type": "Point", "coordinates": [5.34616339, 60.38995859]}}, {"type": "Feature", "properties": {"nvdb_id": 1027333786, "skiltnummer": "376.1 - Parkeringssone", "tekst": "08 - 23 (08 - 17) Med p-kort eller mot avgift", "kategori": "boligsone", "egenskaper": {"Geometri, punkt": "POINT(-33472.07296943839 6733855.3522460945)", "Ansiktsside, rettet mot": "Trafikk i metreringsretning", "Skiltnummer": "376.1 - Parkeringssone", "Tekst": "08 - 23 (08 - 17) Med p-kort eller mot avgift"}, "vegsystem": "KV4381 S1D1 m67", "mor": [1027333794]}, "geometry": {"type": "Point", "coordinates": [5.29879422, 60.38645569]}}, {"type": "Feature", "properties": {"nvdb_id": 1027330491, "skiltnummer": "372 - Parkering forbudt", "tekst": null, "kategori": "forbud", "egenskaper": {"Geometri, punkt": "POINT(-33465.08247232973 6733857.081553489)", "Ansiktsside, rettet mot": "Tosidig", "Skiltnummer": "372 - Parkering forbudt"}, "vegsystem": "KV9973 S1D1 m860", "mor": [1027330494]}, "geometry": {"type": "Point", "coordinates": [5.29891463, 60.3864802]}}, {"type": "Feature", "properties": {"nvdb_id": 1016035171, "skiltnummer": "552 - Parkering", "tekst": null, "kategori": "parkering", "egenskaper": {"Oppsettingsdato": "2022-03-16", "Plasseringskode": 10, "Høyde, egen": 500, "Bredde, målt": 500, "Geometri, punkt": "POINT Z (-33619.44 6733861.93 22.54)", "Ansiktsside, rettet mot": "Tosidig", "Farge": "Blå", "Skiltform": "Plan", "Tosidig plate med ulike motiv": "Nei", "Skiltnummer": "552 - Parkering", "Belysning": "Ingen", "Folieklasse": "Klasse 1", "Prosjektreferanse": "060492", "Størrelse": "Liten størrelse"}, "vegsystem": "FV558 S1D1 m1039", "mor": [1016035197]}, "geometry": {"type": "Point", "coordinates": [5.29614172, 60.38632004]}}, {"type": "Feature", "properties": {"nvdb_id": 1027295301, "skiltnummer": "552 - Parkering", "tekst": null, "kategori": "parkering", "egenskaper": {"Geometri, punkt": "POINT(-31651.8079137865 6733857.939923649)", "Ansiktsside, rettet mot": "Tosidig", "Skiltnummer": "552 - Parkering"}, "vegsystem": "KV5302 S1D1 m54", "mor": [1027295303]}, "geometry": {"type": "Point", "coordinates": [5.33133791, 60.388869]}}, {"type": "Feature", "properties": {"nvdb_id": 1027333593, "skiltnummer": "376.1 - Parkeringssone", "tekst": "08 - 23 (08 - 17)Med p-kort eller mot avgift", "kategori": "boligsone", "egenskaper": {"Geometri, punkt": "POINT(-33475.159976340015 6733864.872911428)", "Ansiktsside, rettet mot": "Trafikk i metreringsretning", "Skiltnummer": "376.1 - Parkeringssone", "Tekst": "08 - 23 (08 - 17)Med p-kort eller mot avgift"}, "vegsystem": "KV4381 S1D1 m65", "mor": [1027333596]}, "geometry": {"type": "Point", "coordinates": [5.29871372, 60.3865359]}}, {"type": "Feature", "properties": {"nvdb_id": 1027291684, "skiltnummer": "372 - Parkering forbudt", "tekst": null, "kategori": "forbud", "egenskaper": {"Geometri, punkt": "POINT(-32006.550197539036 6733864.937203724)", "Ansiktsside, rettet mot": "Tosidig", "Skiltnummer": "372 - Parkering forbudt"}, "vegsystem": "KV4568 S1D1 m55", "mor": [1027291687]}, "geometry": {"type": "Point", "coordinates": [5.32497531, 60.3884657]}}, {"type": "Feature", "properties": {"nvdb_id": 1027287364, "skiltnummer": "372 - Parkering forbudt", "tekst": null, "kategori": "forbud", "egenskaper": {"Geometri, punkt": "POINT(-32184.212299055886 6733864.915888921)", "Ansiktsside, rettet mot": "Tosidig", "Skiltnummer": "372 - Parkering forbudt"}, "vegsystem": "KV4703 S1D1 m56", "mor": [1027287367]}, "geometry": {"type": "Point", "coordinates": [5.32179822, 60.3882324]}}, {"type": "Feature", "properties": {"nvdb_id": 1027333800, "skiltnummer": "807.8 - Symbol, forflytningshemmede med parkeringstillatelse", "tekst": null, "kategori": "parkering", "egenskaper": {"Geometri, punkt": "POINT(-33450.374998520245 6733863.584670747)", "Ansiktsside, rettet mot": "Tosidig", "Skiltnummer": "807.8 - Symbol, forflytningshemmede med parkeringstillatelse"}, "vegsystem": "KV4381 S1D1 m43", "mor": [1027333804]}, "geometry": {"type": "Point", "coordinates": [5.29916032, 60.3865571]}}, {"type": "Feature", "properties": {"nvdb_id": 1027333802, "skiltnummer": "552 - Parkering", "tekst": null, "kategori": "parkering", "egenskaper": {"Geometri, punkt": "POINT(-33450.374998520245 6733863.584670747)", "Ansiktsside, rettet mot": "Tosidig", "Skiltnummer": "552 - Parkering"}, "vegsystem": "KV4381 S1D1 m43", "mor": [1027333804]}, "geometry": {"type": "Point", "coordinates": [5.29916032, 60.3865571]}}, {"type": "Feature", "properties": {"nvdb_id": 82505701, "skiltnummer": "372 - Parkering forbudt", "tekst": null, "kategori": "forbud", "egenskaper": {"Geometri, punkt": "POINT Z (-31645.4153533668 6733864.03860902 -999999)", "Ansiktsside, rettet mot": "Tosidig", "Skiltform": "Plan", "Skiltnummer": "372 - Parkering forbudt", "Belysning": "Ingen"}, "vegsystem": "EV16 S1D1 m1213", "mor": [82505704]}, "geometry": {"type": "Point", "coordinates": [5.33143608, 60.38893136]}}, {"type": "Feature", "properties": {"nvdb_id": 1027333818, "skiltnummer": "808 - Underskilt med annen tekst", "tekst": null, "kategori": "parkering", "egenskaper": {"Geometri, punkt": "POINT(-33445.390919456724 6733866.301448052)", "Ansiktsside, rettet mot": "Tosidig", "Skiltnummer": "808 - Underskilt med annen tekst"}, "vegsystem": "KV4381 S1D1 m38", "mor": [1027333817]}, "geometry": {"type": "Point", "coordinates": [5.29924222, 60.38658769]}}, {"type": "Feature", "properties": {"nvdb_id": 1027333819, "skiltnummer": "552 - Parkering", "tekst": null, "kategori": "parkering", "egenskaper": {"Geometri, punkt": "POINT(-33445.390919456724 6733866.301448052)", "Ansiktsside, rettet mot": "Tosidig", "Skiltnummer": "552 - Parkering"}, "vegsystem": "KV4381 S1D1 m38", "mor": [1027333817]}, "geometry": {"type": "Point", "coordinates": [5.29924222, 60.38658769]}}, {"type": "Feature", "properties": {"nvdb_id": 1027291777, "skiltnummer": "372 - Parkering forbudt", "tekst": null, "kategori": "forbud", "egenskaper": {"Geometri, punkt": "POINT(-32149.300267233048 6733868.2472761)", "Ansiktsside, rettet mot": "Tosidig", "Skiltnummer": "372 - Parkering forbudt"}, "vegsystem": "KV4350 S1D1 m95", "mor": [1027291778]}, "geometry": {"type": "Point", "coordinates": [5.32241372, 60.3883077]}}, {"type": "Feature", "properties": {"nvdb_id": 1027333806, "skiltnummer": "372 - Parkering forbudt", "tekst": null, "kategori": "forbud", "egenskaper": {"Geometri, punkt": "POINT(-33434.80202573794 6733869.439452778)", "Ansiktsside, rettet mot": "Tosidig", "Skiltnummer": "372 - Parkering forbudt"}, "vegsystem": "KV4381 S1D1 m27", "mor": [1027333808]}, "geometry": {"type": "Point", "coordinates": [5.29942322, 60.38662939]}}, {"type": "Feature", "properties": {"nvdb_id": 1027224662, "skiltnummer": "806 - Tid", "tekst": null, "kategori": "parkering", "egenskaper": {"Geometri, punkt": "POINT(-31532.228868148988 6733880.687543251)", "Ansiktsside, rettet mot": "Tosidig", "Skiltnummer": "806 - Tid"}, "vegsystem": "KV5202 S1D1 m119", "mor": [1027224664]}, "geometry": {"type": "Point", "coordinates": [5.3334162, 60.3892271]}}, {"type": "Feature", "properties": {"nvdb_id": 1027224665, "skiltnummer": "806 - Tid", "tekst": null, "kategori": "parkering", "egenskaper": {"Geometri, punkt": "POINT(-31532.228868148988 6733880.687543251)", "Ansiktsside, rettet mot": "Tosidig", "Skiltnummer": "806 - Tid"}, "vegsystem": "KV5202 S1D1 m119", "mor": [1027224664]}, "geometry": {"type": "Point", "coordinates": [5.3334162, 60.3892271]}}, {"type": "Feature", "properties": {"nvdb_id": 1017969735, "skiltnummer": "552 - Parkering", "tekst": null, "kategori": "parkering", "egenskaper": {"Oppsettingsdato": "2023-03-21", "Plasseringskode": 10, "Geometri, punkt": "POINT Z (-33630.56 6733879.32 23.44)", "Ansiktsside, rettet mot": "Tosidig", "Farge": "Blå", "Vedtaksnummer": "TFV3-022-2023", "Skiltform": "Plan", "Skiltnummer": "552 - Parkering", "Belysning": "Ingen", "Folieklasse": "Klasse 1", "Prosjektreferanse": "ETR 411-331", "Størrelse": "Liten størrelse"}, "vegsystem": "FV558 S1D1 m1059", "mor": [1017969736]}, "geometry": {"type": "Point", "coordinates": [5.29589666, 60.38645932]}}, {"type": "Feature", "properties": {"nvdb_id": 1027333812, "skiltnummer": "372 - Parkering forbudt", "tekst": null, "kategori": "forbud", "egenskaper": {"Geometri, punkt": "POINT(-33443.40586165618 6733882.367458792)", "Ansiktsside, rettet mot": "Tosidig", "Skiltnummer": "372 - Parkering forbudt"}, "vegsystem": "KV4381 S1D1 m29", "mor": [1027333814]}, "geometry": {"type": "Point", "coordinates": [5.29923502, 60.38673249]}}, {"type": "Feature", "properties": {"nvdb_id": 1027222666, "skiltnummer": "372 - Parkering forbudt", "tekst": null, "kategori": "forbud", "egenskaper": {"Geometri, punkt": "POINT(-30776.6183605626 6733880.8513467945)", "Ansiktsside, rettet mot": "Tosidig", "Skiltnummer": "372 - Parkering forbudt"}, "vegsystem": "KV4881 S1D1 m865", "mor": [1027222668]}, "geometry": {"type": "Point", "coordinates": [5.34692971, 60.3902183]}}, {"type": "Feature", "properties": {"nvdb_id": 1008858535, "skiltnummer": "808.515 - Gjelder ........ felt/Gjeld ........ Felt", "tekst": "Gjelder@@høyre felt", "kategori": "parkering", "egenskaper": {"Plasseringskode": 20, "Geometri, punkt": "POINT Z (-31746.6199951172 6733883.48999023 2.086)", "Ansiktsside, rettet mot": "Trafikk i metreringsretning", "Skiltform": "Plan", "Skiltnummer": "808.515 - Gjelder ........ felt/Gjeld ........ Felt", "Tekst": "Gjelder@@høyre felt"}, "vegsystem": "EV16 S1D1 m1378", "mor": [543537147]}, "geometry": {"type": "Point", "coordinates": [5.32957462, 60.38897083]}}, {"type": "Feature", "properties": {"nvdb_id": 1027291774, "skiltnummer": "808 - Underskilt med annen tekst", "tekst": "P-automat", "kategori": "parkering", "egenskaper": {"Geometri, punkt": "POINT(-32140.002987132757 6733879.850586719)", "Ansiktsside, rettet mot": "Parallelt mot veg", "Skiltnummer": "808 - Underskilt med annen tekst", "Tekst": "P-automat"}, "vegsystem": "KV4350 S1D1 m80", "mor": [1027291772]}, "geometry": {"type": "Point", "coordinates": [5.32254921, 60.3884226]}}, {"type": "Feature", "properties": {"nvdb_id": 1008858538, "skiltnummer": "807.3 - Symbol, buss", "tekst": null, "kategori": "parkering", "egenskaper": {"Plasseringskode": 20, "Geometri, punkt": "POINT Z (-31748.5745066656 6733886.78113273 -999999)", "Ansiktsside, rettet mot": "Trafikk i metreringsretning", "Skiltform": "Plan", "Skiltnummer": "807.3 - Symbol, buss"}, "vegsystem": "EV16 S1D1 m1382", "mor": [1008858536]}, "geometry": {"type": "Point", "coordinates": [5.32953093, 60.3889974]}}, {"type": "Feature", "properties": {"nvdb_id": 1008858539, "skiltnummer": "808 - Underskilt med annen tekst", "tekst": "08-17", "kategori": "parkering", "egenskaper": {"Plasseringskode": 30, "Geometri, punkt": "POINT Z (-31748.5745066656 6733886.78113273 -999999)", "Ansiktsside, rettet mot": "Trafikk i metreringsretning", "Skiltform": "Plan", "Skiltnummer": "808 - Underskilt med annen tekst", "Tekst": "08-17"}, "vegsystem": "EV16 S1D1 m1382", "mor": [1008858536]}, "geometry": {"type": "Point", "coordinates": [5.32953093, 60.3889974]}}, {"type": "Feature", "properties": {"nvdb_id": 1008858541, "skiltnummer": "807.3 - Symbol, buss", "tekst": null, "kategori": "parkering", "egenskaper": {"Plasseringskode": 20, "Geometri, punkt": "POINT Z (-31748.5745066656 6733886.78113273 -999999)", "Ansiktsside, rettet mot": "Trafikk mot metreringsretning", "Skiltform": "Plan", "Skiltnummer": "807.3 - Symbol, buss"}, "vegsystem": "EV16 S1D1 m1382", "mor": [1008858536]}, "geometry": {"type": "Point", "coordinates": [5.32953093, 60.3889974]}}, {"type": "Feature", "properties": {"nvdb_id": 1008858542, "skiltnummer": "808 - Underskilt med annen tekst", "tekst": "08-17", "kategori": "parkering", "egenskaper": {"Plasseringskode": 30, "Geometri, punkt": "POINT Z (-31748.5745066656 6733886.78113273 -999999)", "Ansiktsside, rettet mot": "Trafikk mot metreringsretning", "Skiltform": "Plan", "Skiltnummer": "808 - Underskilt med annen tekst", "Tekst": "08-17"}, "vegsystem": "EV16 S1D1 m1382", "mor": [1008858536]}, "geometry": {"type": "Point", "coordinates": [5.32953093, 60.3889974]}}, {"type": "Feature", "properties": {"nvdb_id": 1027221732, "skiltnummer": "376.1 - Parkeringssone", "tekst": "08 - 23 (08 - 17) Med P-kort eller mot avgift", "kategori": "boligsone", "egenskaper": {"Geometri, punkt": "POINT(-31117.936396175064 6733881.146551254)", "Ansiktsside, rettet mot": "Trafikk mot metreringsretning", "Skiltnummer": "376.1 - Parkeringssone", "Tekst": "08 - 23 (08 - 17) Med P-kort eller mot avgift"}, "vegsystem": "KV4631 S1D1 m449", "mor": [1027221735]}, "geometry": {"type": "Point", "coordinates": [5.34082441, 60.389774]}}, {"type": "Feature", "properties": {"nvdb_id": 1027291767, "skiltnummer": "806 - Tid", "tekst": "08 - 23 (08 - 17) Meks 2 timer mot avgift", "kategori": "parkering", "egenskaper": {"Geometri, punkt": "POINT(-32138.927065203898 6733881.26153243)", "Ansiktsside, rettet mot": "Tosidig", "Skiltnummer": "806 - Tid", "Tekst": "08 - 23 (08 - 17) Meks 2 timer mot avgift"}, "vegsystem": "KV4350 S1D1 m78", "mor": [1027291769]}, "geometry": {"type": "Point", "coordinates": [5.32256471, 60.3884365]}}, {"type": "Feature", "properties": {"nvdb_id": 1027291770, "skiltnummer": "552 - Parkering", "tekst": null, "kategori": "parkering", "egenskaper": {"Geometri, punkt": "POINT(-32138.927065203898 6733881.26153243)", "Ansiktsside, rettet mot": "Tosidig", "Skiltnummer": "552 - Parkering"}, "vegsystem": "KV4350 S1D1 m78", "mor": [1027291769]}, "geometry": {"type": "Point", "coordinates": [5.32256471, 60.3884365]}}, {"type": "Feature", "properties": {"nvdb_id": 1027330508, "skiltnummer": "372 - Parkering forbudt", "tekst": null, "kategori": "forbud", "egenskaper": {"Geometri, punkt": "POINT(-33466.87011170597 6733885.504513733)", "Ansiktsside, rettet mot": "Tosidig", "Skiltnummer": "372 - Parkering forbudt"}, "vegsystem": "KV9973 S1D1 m886", "mor": [1027330510]}, "geometry": {"type": "Point", "coordinates": [5.29880712, 60.3867294]}}, {"type": "Feature", "properties": {"nvdb_id": 1027221741, "skiltnummer": "376.1 - Parkeringssone", "tekst": "08 - 23 (08 - 17) Med p-kort eller mot avgift", "kategori": "boligsone", "egenskaper": {"Geometri, punkt": "POINT(-31113.035936384695 6733886.793289208)", "Ansiktsside, rettet mot": "Trafikk mot metreringsretning", "Skiltnummer": "376.1 - Parkeringssone", "Tekst": "08 - 23 (08 - 17) Med p-kort eller mot avgift"}, "vegsystem": "KV4631 S1D1 m448", "mor": [1027221745]}, "geometry": {"type": "Point", "coordinates": [5.3408971, 60.3898304]}}, {"type": "Feature", "properties": {"nvdb_id": 1027221765, "skiltnummer": "372 - Parkering forbudt", "tekst": null, "kategori": "forbud", "egenskaper": {"Geometri, punkt": "POINT(-31116.4330010938 6733888.019016814)", "Ansiktsside, rettet mot": "Tosidig", "Skiltnummer": "372 - Parkering forbudt"}, "vegsystem": "KV4631 S1D1 m453", "mor": [1027221764]}, "geometry": {"type": "Point", "coordinates": [5.3408331, 60.3898368]}}, {"type": "Feature", "properties": {"nvdb_id": 1027291679, "skiltnummer": "372 - Parkering forbudt", "tekst": null, "kategori": "forbud", "egenskaper": {"Geometri, punkt": "POINT(-31988.787226937944 6733890.199624375)", "Ansiktsside, rettet mot": "Tosidig", "Skiltnummer": "372 - Parkering forbudt"}, "vegsystem": "KV4568 S1D1 m24", "mor": [1027291677]}, "geometry": {"type": "Point", "coordinates": [5.32522601, 60.3887126]}}, {"type": "Feature", "properties": {"nvdb_id": 1027222672, "skiltnummer": "372 - Parkering forbudt", "tekst": null, "kategori": "forbud", "egenskaper": {"Geometri, punkt": "POINT(-30787.664738777676 6733892.923757148)", "Ansiktsside, rettet mot": "Parallelt mot veg", "Skiltnummer": "372 - Parkering forbudt"}, "vegsystem": "KV4881 S1D1 m881", "mor": [1027222674]}, "geometry": {"type": "Point", "coordinates": [5.34670019, 60.3903107]}}, {"type": "Feature", "properties": {"nvdb_id": 1027283866, "skiltnummer": "806 - Tid", "tekst": null, "kategori": "parkering", "egenskaper": {"Geometri, punkt": "POINT(-32341.653937649215 6733891.72051936)", "Ansiktsside, rettet mot": "Tosidig", "Skiltnummer": "806 - Tid"}, "vegsystem": "KV4602 S1D1 m151", "mor": [1027283870]}, "geometry": {"type": "Point", "coordinates": [5.31891161, 60.388263]}}, {"type": "Feature", "properties": {"nvdb_id": 1027283868, "skiltnummer": "552 - Parkering", "tekst": null, "kategori": "parkering", "egenskaper": {"Geometri, punkt": "POINT(-32341.653937649215 6733891.72051936)", "Ansiktsside, rettet mot": "Tosidig", "Skiltnummer": "552 - Parkering"}, "vegsystem": "KV4602 S1D1 m151", "mor": [1027283870]}, "geometry": {"type": "Point", "coordinates": [5.31891161, 60.388263]}}, {"type": "Feature", "properties": {"nvdb_id": 1027291666, "skiltnummer": "376.1 - Parkeringssone", "tekst": "08 - 23 (08 - 17) Med p-kort eller ved parkometer", "kategori": "boligsone", "egenskaper": {"Geometri, punkt": "POINT(-31972.375633677468 6733893.404979429)", "Ansiktsside, rettet mot": "Trafikk i metreringsretning", "Skiltnummer": "376.1 - Parkeringssone", "Tekst": "08 - 23 (08 - 17) Med p-kort eller ved parkometer"}, "vegsystem": "KV4568 S1D1 m12", "mor": [1027291671]}, "geometry": {"type": "Point", "coordinates": [5.325511, 60.3887625]}}, {"type": "Feature", "properties": {"nvdb_id": 1027291672, "skiltnummer": "372 - Parkering forbudt", "tekst": null, "kategori": "forbud", "egenskaper": {"Geometri, punkt": "POINT(-31972.375633677468 6733893.404979429)", "Ansiktsside, rettet mot": "Tosidig", "Skiltnummer": "372 - Parkering forbudt"}, "vegsystem": "KV4568 S1D1 m12", "mor": [1027291671]}, "geometry": {"type": "Point", "coordinates": [5.325511, 60.3887625]}}, {"type": "Feature", "properties": {"nvdb_id": 1027290928, "skiltnummer": "372 - Parkering forbudt", "tekst": null, "kategori": "forbud", "egenskaper": {"Geometri, punkt": "POINT(-32221.93047462206 6733893.7604882335)", "Ansiktsside, rettet mot": "Tosidig", "Skiltnummer": "372 - Parkering forbudt"}, "vegsystem": "KV4703 S1D1 m9", "mor": [1027290930]}, "geometry": {"type": "Point", "coordinates": [5.32104722, 60.38843819]}}, {"type": "Feature", "properties": {"nvdb_id": 1027223471, "skiltnummer": "372 - Parkering forbudt", "tekst": null, "kategori": "forbud", "egenskaper": {"Geometri, punkt": "POINT(-30632.281482970575 6733895.50320489)", "Ansiktsside, rettet mot": "Tosidig", "Skiltnummer": "372 - Parkering forbudt"}, "vegsystem": "KV5018 S1D1 m295", "mor": [1027223473]}, "geometry": {"type": "Point", "coordinates": [5.34947251, 60.3905369]}}, {"type": "Feature", "properties": {"nvdb_id": 1027291655, "skiltnummer": "807.6 - Symbol, sykkel og liten elektrisk motorvogn", "tekst": null, "kategori": "parkering", "egenskaper": {"Geometri, punkt": "POINT(-31973.661421332625 6733895.5953257345)", "Ansiktsside, rettet mot": "Parallelt mot veg", "Skiltnummer": "807.6 - Symbol, sykkel og liten elektrisk motorvogn"}, "vegsystem": "KV4568 S1D1 m11", "mor": [1027291657]}, "geometry": {"type": "Point", "coordinates": [5.32548222, 60.3887802]}}, {"type": "Feature", "properties": {"nvdb_id": 1027223475, "skiltnummer": "372 - Parkering forbudt", "tekst": null, "kategori": "forbud", "egenskaper": {"Geometri, punkt": "POINT(-30627.29260321043 6733898.313022236)", "Ansiktsside, rettet mot": "Tosidig", "Skiltnummer": "372 - Parkering forbudt"}, "vegsystem": "KV5018 S1D1 m296", "mor": [1027223477]}, "geometry": {"type": "Point", "coordinates": [5.34955429, 60.3905683]}}, {"type": "Feature", "properties": {"nvdb_id": 1027291661, "skiltnummer": "376.1 - Parkeringssone", "tekst": "08 - 23 (08 - 17) Med p-kort eller ved parkometer", "kategori": "boligsone", "egenskaper": {"Geometri, punkt": "POINT(-31978.399666490383 6733900.071187966)", "Ansiktsside, rettet mot": "Trafikk i metreringsretning", "Skiltnummer": "376.1 - Parkeringssone", "Tekst": "08 - 23 (08 - 17) Med p-kort eller ved parkometer"}, "vegsystem": "KV4568 S1D1 m10", "mor": [1027291663]}, "geometry": {"type": "Point", "coordinates": [5.3253856, 60.3888136]}}, {"type": "Feature", "properties": {"nvdb_id": 1027334218, "skiltnummer": "372 - Parkering forbudt", "tekst": null, "kategori": "forbud", "egenskaper": {"Geometri, punkt": "POINT(-33529.70130256552 6733902.142666269)", "Ansiktsside, rettet mot": "Tosidig", "Skiltnummer": "372 - Parkering forbudt"}, "vegsystem": "KV4965 S1D1 m39", "mor": [1027334220]}, "geometry": {"type": "Point", "coordinates": [5.29763943, 60.386794]}}, {"type": "Feature", "properties": {"nvdb_id": 1008864905, "skiltnummer": "806 - Tid", "tekst": "07-10@@14-17", "kategori": "parkering", "egenskaper": {"Plasseringskode": 20, "Geometri, punkt": "POINT Z (-31966.539310882 6733897.65124602 -999999)", "Ansiktsside, rettet mot": "Trafikk i metreringsretning", "Skiltform": "Plan", "Skiltnummer": "806 - Tid", "Tekst": "07-10@@14-17"}, "vegsystem": "EV16 S1D1 m2436", "mor": [1008864901]}, "geometry": {"type": "Point", "coordinates": [5.32560414, 60.38880774]}}, {"type": "Feature", "properties": {"nvdb_id": 1027331435, "skiltnummer": "372 - Parkering forbudt", "tekst": null, "kategori": "forbud", "egenskaper": {"Geometri, punkt": "POINT(-33581.55994336866 6733900.382879261)", "Ansiktsside, rettet mot": "Tosidig", "Skiltnummer": "372 - Parkering forbudt"}, "vegsystem": "KV4599 S1D1 m86", "mor": [1027331436]}, "geometry": {"type": "Point", "coordinates": [5.29671682, 60.3867102]}}, {"type": "Feature", "properties": {"nvdb_id": 1027334221, "skiltnummer": "372 - Parkering forbudt", "tekst": null, "kategori": "forbud", "egenskaper": {"Geometri, punkt": "POINT(-33510.28259113128 6733901.54994966)", "Ansiktsside, rettet mot": "Tosidig", "Skiltnummer": "372 - Parkering forbudt"}, "vegsystem": "KV4965 S1D1 m22", "mor": [1027334226]}, "geometry": {"type": "Point", "coordinates": [5.29798822, 60.3868143]}}, {"type": "Feature", "properties": {"nvdb_id": 1027221759, "skiltnummer": "372 - Parkering forbudt", "tekst": null, "kategori": "forbud", "egenskaper": {"Geometri, punkt": "POINT(-31145.315483940765 6733903.82793752)", "Ansiktsside, rettet mot": "Tosidig", "Skiltnummer": "372 - Parkering forbudt"}, "vegsystem": "KV4631 S1D1 m485", "mor": [1027221758]}, "geometry": {"type": "Point", "coordinates": [5.34027471, 60.3899389]}}, {"type": "Feature", "properties": {"nvdb_id": 1019800877, "skiltnummer": "807.3 - Symbol, buss", "tekst": null, "kategori": "parkering", "egenskaper": {"Oppsettingsdato": "2010-01-01", "Plasseringskode": 20, "Geometri, punkt": "POINT Z (-31788.12259187468 6733909.177805627 2.326)", "Ansiktsside, rettet mot": "Trafikk mot metreringsretning", "Vedtaksnummer": "TFV3-019-2024", "Arkivnummer": "24/42191-1", "Skiltnummer": "807.3 - Symbol, buss", "Prosjektreferanse": "DK9304 2024-05 ETR 244.008", "Eier": "Stat, Statens vegvesen", "Vedlikeholdsansvarlig": "Statens vegvesen"}, "vegsystem": "EV16 S1D1 m1427", "mor": [1019800879]}, "geometry": {"type": "Point", "coordinates": [5.32876432, 60.38914377]}}, {"type": "Feature", "properties": {"nvdb_id": 1019800880, "skiltnummer": "552 - Parkering", "tekst": null, "kategori": "parkering", "egenskaper": {"Oppsettingsdato": "2010-01-01", "Plasseringskode": 10, "Geometri, punkt": "POINT Z (-31788.12259187468 6733909.177805627 2.326)", "Ansiktsside, rettet mot": "Trafikk mot metreringsretning", "Vedtaksnummer": "TFV3-019-2024", "Arkivnummer": "24/42191-1", "Skiltnummer": "552 - Parkering", "Prosjektreferanse": "DK9304 2024-05 ETR 244.008", "Eier": "Stat, Statens vegvesen", "Vedlikeholdsansvarlig": "Statens vegvesen"}, "vegsystem": "EV16 S1D1 m1427", "mor": [1019800879]}, "geometry": {"type": "Point", "coordinates": [5.32876432, 60.38914377]}}, {"type": "Feature", "properties": {"nvdb_id": 1027330535, "skiltnummer": "372 - Parkering forbudt", "tekst": null, "kategori": "forbud", "egenskaper": {"Geometri, punkt": "POINT(-33489.39182807447 6733905.85702427)", "Ansiktsside, rettet mot": "Tosidig", "Skiltnummer": "372 - Parkering forbudt"}, "vegsystem": "KV9973 S1D1 m915", "mor": [1027330533]}, "geometry": {"type": "Point", "coordinates": [5.29835032, 60.3868799]}}, {"type": "Feature", "properties": {"nvdb_id": 1027224633, "skiltnummer": "808 - Underskilt med annen tekst", "tekst": "Gjelder ikke anleggstrafikk", "kategori": "parkering", "egenskaper": {"Geometri, punkt": "POINT(-31496.898581569432 6733909.631785445)", "Ansiktsside, rettet mot": "Parallelt mot veg", "Skiltnummer": "808 - Underskilt med annen tekst", "Tekst": "Gjelder ikke anleggstrafikk"}, "vegsystem": "KV5202 S1D1 m165", "mor": [1027224632]}, "geometry": {"type": "Point", "coordinates": [5.3339714, 60.3895296]}}, {"type": "Feature", "properties": {"nvdb_id": 1027224635, "skiltnummer": "808 - Underskilt med annen tekst", "tekst": "Gjelder plassen", "kategori": "parkering", "egenskaper": {"Geometri, punkt": "POINT(-31496.898581569432 6733909.631785445)", "Ansiktsside, rettet mot": "Parallelt mot veg", "Skiltnummer": "808 - Underskilt med annen tekst", "Tekst": "Gjelder plassen"}, "vegsystem": "KV5202 S1D1 m165", "mor": [1027224632]}, "geometry": {"type": "Point", "coordinates": [5.3339714, 60.3895296]}}, {"type": "Feature", "properties": {"nvdb_id": 1027224637, "skiltnummer": "372 - Parkering forbudt", "tekst": null, "kategori": "forbud", "egenskaper": {"Geometri, punkt": "POINT(-31496.898581569432 6733909.631785445)", "Ansiktsside, rettet mot": "Parallelt mot veg", "Skiltnummer": "372 - Parkering forbudt"}, "vegsystem": "KV5202 S1D1 m165", "mor": [1027224632]}, "geometry": {"type": "Point", "coordinates": [5.3339714, 60.3895296]}}, {"type": "Feature", "properties": {"nvdb_id": 1027283871, "skiltnummer": "807.8 - Symbol, forflytningshemmede med parkeringstillatelse", "tekst": null, "kategori": "parkering", "egenskaper": {"Geometri, punkt": "POINT(-32342.734300223878 6733910.60219309)", "Ansiktsside, rettet mot": "Tosidig", "Skiltnummer": "807.8 - Symbol, forflytningshemmede med parkeringstillatelse"}, "vegsystem": "KV4602 S1D1 m139", "mor": [1027283876]}, "geometry": {"type": "Point", "coordinates": [5.31884222, 60.3884287]}}, {"type": "Feature", "properties": {"nvdb_id": 1027283874, "skiltnummer": "552 - Parkering", "tekst": null, "kategori": "parkering", "egenskaper": {"Geometri, punkt": "POINT(-32342.734300223878 6733910.60219309)", "Ansiktsside, rettet mot": "Tosidig", "Skiltnummer": "552 - Parkering"}, "vegsystem": "KV4602 S1D1 m139", "mor": [1027283876]}, "geometry": {"type": "Point", "coordinates": [5.31884222, 60.3884287]}}, {"type": "Feature", "properties": {"nvdb_id": 82505644, "skiltnummer": "372 - Parkering forbudt", "tekst": null, "kategori": "forbud", "egenskaper": {"Geometri, punkt": "POINT Z (-31675.035226995 6733908.7754912 -999999)", "Ansiktsside, rettet mot": "Tosidig", "Skiltform": "Plan", "Skiltnummer": "372 - Parkering forbudt", "Belysning": "Ingen"}, "vegsystem": "EV16 S1D1 m1280", "mor": [82505647]}, "geometry": {"type": "Point", "coordinates": [5.33078785, 60.38928849]}}, {"type": "Feature", "properties": {"nvdb_id": 1027334210, "skiltnummer": "806 - Tid", "tekst": "08 - 23 (08 - 17)Med p-kort sone 13 eller mot avgift", "kategori": "boligsone", "egenskaper": {"Geometri, punkt": "POINT(-33507.227553710225 6733913.524856447)", "Ansiktsside, rettet mot": "Tosidig", "Skiltnummer": "806 - Tid", "Tekst": "08 - 23 (08 - 17)Med p-kort sone 13 eller mot avgift"}, "vegsystem": "KV4965 S1D1 m14", "mor": [1027334214]}, "geometry": {"type": "Point", "coordinates": [5.29801102, 60.3869243]}}, {"type": "Feature", "properties": {"nvdb_id": 1027334212, "skiltnummer": "552 - Parkering", "tekst": null, "kategori": "parkering", "egenskaper": {"Geometri, punkt": "POINT(-33507.227553710225 6733913.524856447)", "Ansiktsside, rettet mot": "Tosidig", "Skiltnummer": "552 - Parkering"}, "vegsystem": "KV4965 S1D1 m14", "mor": [1027334214]}, "geometry": {"type": "Point", "coordinates": [5.29801102, 60.3869243]}}, {"type": "Feature", "properties": {"nvdb_id": 1027278051, "skiltnummer": "552 - Parkering", "tekst": null, "kategori": "parkering", "egenskaper": {"Geometri, punkt": "POINT(-32366.637203044724 6733909.63938947)", "Ansiktsside, rettet mot": "Tosidig", "Skiltnummer": "552 - Parkering"}, "vegsystem": "KV4602 S1D1 m121", "mor": [1027278055]}, "geometry": {"type": "Point", "coordinates": [5.31841732, 60.38838879]}}, {"type": "Feature", "properties": {"nvdb_id": 1027278054, "skiltnummer": "806 - Tid", "tekst": "@ 831", "kategori": "parkering", "egenskaper": {"Geometri, punkt": "POINT(-32366.637203044724 6733909.63938947)", "Ansiktsside, rettet mot": "Tosidig", "Skiltnummer": "806 - Tid", "Tekst": "@ 831"}, "vegsystem": "KV4602 S1D1 m121", "mor": [1027278055]}, "geometry": {"type": "Point", "coordinates": [5.31841732, 60.38838879]}}, {"type": "Feature", "properties": {"nvdb_id": 1027221756, "skiltnummer": "372 - Parkering forbudt", "tekst": null, "kategori": "forbud", "egenskaper": {"Geometri, punkt": "POINT(-31142.711439593928 6733912.243473165)", "Ansiktsside, rettet mot": "Tosidig", "Skiltnummer": "372 - Parkering forbudt"}, "vegsystem": "KV4631 S1D1 m490", "mor": [1027221757]}, "geometry": {"type": "Point", "coordinates": [5.34029901, 60.39001679]}}, {"type": "Feature", "properties": {"nvdb_id": 1027283839, "skiltnummer": "372 - Parkering forbudt", "tekst": null, "kategori": "forbud", "egenskaper": {"Geometri, punkt": "POINT(-32229.826781465206 6733913.630104946)", "Ansiktsside, rettet mot": "Tosidig", "Skiltnummer": "372 - Parkering forbudt"}, "vegsystem": "KV5070 S1D1 m10", "mor": [1027283842]}, "geometry": {"type": "Point", "coordinates": [5.32085331, 60.3886037]}}, {"type": "Feature", "properties": {"nvdb_id": 1027331439, "skiltnummer": "372 - Parkering forbudt", "tekst": null, "kategori": "forbud", "egenskaper": {"Geometri, punkt": "POINT(-33575.77476410277 6733912.5507687675)", "Ansiktsside, rettet mot": "Tosidig", "Skiltnummer": "372 - Parkering forbudt"}, "vegsystem": "KV4599 S1D1 m77", "mor": [1027331441]}, "geometry": {"type": "Point", "coordinates": [5.29678792, 60.3868255]}}, {"type": "Feature", "properties": {"nvdb_id": 1027223465, "skiltnummer": "372 - Parkering forbudt", "tekst": null, "kategori": "forbud", "egenskaper": {"Geometri, punkt": "POINT(-30642.405425935634 6733911.471890558)", "Ansiktsside, rettet mot": "Trafikk i metreringsretning", "Skiltnummer": "372 - Parkering forbudt"}, "vegsystem": "KV5018 S1D1 m314", "mor": [1027223467]}, "geometry": {"type": "Point", "coordinates": [5.34924921, 60.390665]}}, {"type": "Feature", "properties": {"nvdb_id": 1027295819, "skiltnummer": "372 - Parkering forbudt", "tekst": null, "kategori": "forbud", "egenskaper": {"Geometri, punkt": "POINT(-31924.696501319297 6733914.787399098)", "Ansiktsside, rettet mot": "Tosidig", "Skiltnummer": "372 - Parkering forbudt"}, "vegsystem": "KV3013 S1D1 m41", "mor": [1027295822]}, "geometry": {"type": "Point", "coordinates": [5.326307, 60.38901429]}}, {"type": "Feature", "properties": {"nvdb_id": 1027283894, "skiltnummer": "806 - Tid", "tekst": null, "kategori": "parkering", "egenskaper": {"Geometri, punkt": "POINT(-32435.010087042465 6733922.040982358)", "Ansiktsside, rettet mot": "Trafikk i metreringsretning", "Skiltnummer": "806 - Tid"}, "vegsystem": "KV5167 S1D1 m42", "mor": [1027283900]}, "geometry": {"type": "Point", "coordinates": [5.31716172, 60.3884088]}}, {"type": "Feature", "properties": {"nvdb_id": 1027283896, "skiltnummer": "808 - Underskilt med annen tekst", "tekst": null, "kategori": "parkering", "egenskaper": {"Geometri, punkt": "POINT(-32435.010087042465 6733922.040982358)", "Ansiktsside, rettet mot": "Trafikk i metreringsretning", "Skiltnummer": "808 - Underskilt med annen tekst"}, "vegsystem": "KV5167 S1D1 m42", "mor": [1027283900]}, "geometry": {"type": "Point", "coordinates": [5.31716172, 60.3884088]}}, {"type": "Feature", "properties": {"nvdb_id": 1027283898, "skiltnummer": "552 - Parkering", "tekst": null, "kategori": "parkering", "egenskaper": {"Geometri, punkt": "POINT(-32435.010087042465 6733922.040982358)", "Ansiktsside, rettet mot": "Trafikk i metreringsretning", "Skiltnummer": "552 - Parkering"}, "vegsystem": "KV5167 S1D1 m42", "mor": [1027283900]}, "geometry": {"type": "Point", "coordinates": [5.31716172, 60.3884088]}}, {"type": "Feature", "properties": {"nvdb_id": 1008864921, "skiltnummer": "808.515 - Gjelder ........ felt/Gjeld ........ Felt", "tekst": "Gjelder@@høyre felt", "kategori": "parkering", "egenskaper": {"Plasseringskode": 20, "Geometri, punkt": "POINT Z (-31688.8742771589 6733918.99793625 -999999)", "Ansiktsside, rettet mot": "Trafikk i metreringsretning", "Skiltform": "Plan", "Skiltnummer": "808.515 - Gjelder ........ felt/Gjeld ........ Felt", "Tekst": "Gjelder@@høyre felt"}, "vegsystem": "EV16 S1D1 m1290", "mor": [1008864919]}, "geometry": {"type": "Point", "coordinates": [5.33051327, 60.38936083]}}, {"type": "Feature", "properties": {"nvdb_id": 1027221773, "skiltnummer": "372 - Parkering forbudt", "tekst": null, "kategori": "forbud", "egenskaper": {"Geometri, punkt": "POINT(-31156.133975132136 6733916.376368639)", "Ansiktsside, rettet mot": "Tosidig", "Skiltnummer": "372 - Parkering forbudt"}, "vegsystem": "KV4462 S1D1 m489", "mor": [1027221775]}, "geometry": {"type": "Point", "coordinates": [5.340048, 60.39003579]}}, {"type": "Feature", "properties": {"nvdb_id": 1027295978, "skiltnummer": "808 - Underskilt med annen tekst", "tekst": "Gjelder plassen", "kategori": "parkering", "egenskaper": {"Geometri, punkt": "POINT(-31958.847745059407 6733920.617061726)", "Ansiktsside, rettet mot": "Parallelt mot veg", "Skiltnummer": "808 - Underskilt med annen tekst", "Tekst": "Gjelder plassen"}, "vegsystem": "KV16707 S1D1 m13", "mor": [1027295982]}, "geometry": {"type": "Point", "coordinates": [5.32568081, 60.3890211]}}, {"type": "Feature", "properties": {"nvdb_id": 1027295980, "skiltnummer": "372 - Parkering forbudt", "tekst": null, "kategori": "forbud", "egenskaper": {"Geometri, punkt": "POINT(-31958.847745059407 6733920.617061726)", "Ansiktsside, rettet mot": "Parallelt mot veg", "Skiltnummer": "372 - Parkering forbudt"}, "vegsystem": "KV16707 S1D1 m13", "mor": [1027295982]}, "geometry": {"type": "Point", "coordinates": [5.32568081, 60.3890211]}}, {"type": "Feature", "properties": {"nvdb_id": 1008861481, "skiltnummer": "808.515 - Gjelder ........ felt/Gjeld ........ Felt", "tekst": "Gjelder@@høyre felt", "kategori": "parkering", "egenskaper": {"Plasseringskode": 20, "Geometri, punkt": "POINT Z (-31833.7932101426 6733933.02842175 -999999)", "Ansiktsside, rettet mot": "Trafikk i metreringsretning", "Skiltform": "Plan", "Skiltnummer": "808.515 - Gjelder ........ felt/Gjeld ........ Felt", "Tekst": "Gjelder@@høyre felt"}, "vegsystem": "EV16 S1D1 m1478", "mor": [1008861479]}, "geometry": {"type": "Point", "coordinates": [5.32788437, 60.38929498]}}, {"type": "Feature", "properties": {"nvdb_id": 1027221127, "skiltnummer": "376.1 - Parkeringssone", "tekst": "08 - 23 (08 - 17) Med p-kort eller mot avgift", "kategori": "boligsone", "egenskaper": {"Geometri, punkt": "POINT(-30999.368519027485 6733930.383573675)", "Ansiktsside, rettet mot": "Trafikk i metreringsretning", "Skiltnummer": "376.1 - Parkeringssone", "Tekst": "08 - 23 (08 - 17) Med p-kort eller mot avgift"}, "vegsystem": "KV4452 S3D1 m835", "mor": [1027221129]}, "geometry": {"type": "Point", "coordinates": [5.34281469, 60.3903651]}}, {"type": "Feature", "properties": {"nvdb_id": 1027331429, "skiltnummer": "807.8 - Symbol, forflytningshemmede med parkeringstillatelse", "tekst": null, "kategori": "parkering", "egenskaper": {"Geometri, punkt": "POINT(-33592.89914132876 6733929.028334207)", "Ansiktsside, rettet mot": "Tosidig", "Skiltnummer": "807.8 - Symbol, forflytningshemmede med parkeringstillatelse"}, "vegsystem": "KV4599 S1D1 m55", "mor": [1027331432]}, "geometry": {"type": "Point", "coordinates": [5.29643793, 60.38694879]}}, {"type": "Feature", "properties": {"nvdb_id": 1027331431, "skiltnummer": "552 - Parkering", "tekst": null, "kategori": "parkering", "egenskaper": {"Geometri, punkt": "POINT(-33592.89914132876 6733929.028334207)", "Ansiktsside, rettet mot": "Tosidig", "Skiltnummer": "552 - Parkering"}, "vegsystem": "KV4599 S1D1 m55", "mor": [1027331432]}, "geometry": {"type": "Point", "coordinates": [5.29643793, 60.38694879]}}, {"type": "Feature", "properties": {"nvdb_id": 1016035167, "skiltnummer": "552 - Parkering", "tekst": null, "kategori": "parkering", "egenskaper": {"Oppsettingsdato": "2023-11-01", "Plasseringskode": 10, "Høyde, egen": 500, "Bredde, målt": 500, "Geometri, punkt": "POINT Z (-33665.2 6733934 21.740000000000002)", "Ansiktsside, rettet mot": "Trafikk i metreringsretning", "Farge": "Blå", "Vedtaksnummer": "TFV3-078-2022", "Skiltform": "Plan", "Tosidig plate med ulike motiv": "Nei", "Skiltnummer": "552 - Parkering", "Belysning": "Ingen", "Folieklasse": "Klasse 1", "Prosjektreferanse": "060492", "Størrelse": "Liten størrelse"}, "vegsystem": "FV558 S1D1 m1124", "mor": [1016035200]}, "geometry": {"type": "Point", "coordinates": [5.2951319, 60.38689766]}}, {"type": "Feature", "properties": {"nvdb_id": 1027295832, "skiltnummer": "372 - Parkering forbudt", "tekst": null, "kategori": "forbud", "egenskaper": {"Geometri, punkt": "POINT(-31825.37963393517 6733930.168129248)", "Ansiktsside, rettet mot": "Tosidig", "Skiltnummer": "372 - Parkering forbudt"}, "vegsystem": "KV4904 S2D1 m29", "mor": [1027295836]}, "geometry": {"type": "Point", "coordinates": [5.3280424, 60.3892807]}}, {"type": "Feature", "properties": {"nvdb_id": 1027278065, "skiltnummer": "372 - Parkering forbudt", "tekst": null, "kategori": "forbud", "egenskaper": {"Geometri, punkt": "POINT(-32353.02044184925 6733930.6797842365)", "Ansiktsside, rettet mot": "Tosidig", "Skiltnummer": "372 - Parkering forbudt"}, "vegsystem": "KV5070 S1D1 m177", "mor": [1027278066]}, "geometry": {"type": "Point", "coordinates": [5.31860502, 60.3885929]}}, {"type": "Feature", "properties": {"nvdb_id": 1027279021, "skiltnummer": "372 - Parkering forbudt", "tekst": null, "kategori": "forbud", "egenskaper": {"Geometri, punkt": "POINT(-32392.512277814443 6733932.741157912)", "Ansiktsside, rettet mot": "Tosidig", "Skiltnummer": "372 - Parkering forbudt"}, "vegsystem": "KV4602 S1D1 m86", "mor": [1027279022]}, "geometry": {"type": "Point", "coordinates": [5.31789332, 60.3885593]}}, {"type": "Feature", "properties": {"nvdb_id": 1027278060, "skiltnummer": "372 - Parkering forbudt", "tekst": null, "kategori": "forbud", "egenskaper": {"Geometri, punkt": "POINT(-32360.09469818743 6733936.067632851)", "Ansiktsside, rettet mot": "Tosidig", "Skiltnummer": "372 - Parkering forbudt"}, "vegsystem": "KV5070 S1D1 m178", "mor": [1027278062]}, "geometry": {"type": "Point", "coordinates": [5.31846421, 60.3886313]}}, {"type": "Feature", "properties": {"nvdb_id": 1027283884, "skiltnummer": "806 - Tid", "tekst": null, "kategori": "parkering", "egenskaper": {"Geometri, punkt": "POINT(-32415.964076271863 6733938.287477923)", "Ansiktsside, rettet mot": "Tosidig", "Skiltnummer": "806 - Tid"}, "vegsystem": "KV5167 S1D1 m17", "mor": [1027283890]}, "geometry": {"type": "Point", "coordinates": [5.31745922, 60.38857759]}}, {"type": "Feature", "properties": {"nvdb_id": 1027283887, "skiltnummer": "552 - Parkering", "tekst": null, "kategori": "parkering", "egenskaper": {"Geometri, punkt": "POINT(-32415.964076271863 6733938.287477923)", "Ansiktsside, rettet mot": "Tosidig", "Skiltnummer": "552 - Parkering"}, "vegsystem": "KV5167 S1D1 m17", "mor": [1027283890]}, "geometry": {"type": "Point", "coordinates": [5.31745922, 60.38857759]}}, {"type": "Feature", "properties": {"nvdb_id": 1027283889, "skiltnummer": "808 - Underskilt med annen tekst", "tekst": null, "kategori": "parkering", "egenskaper": {"Geometri, punkt": "POINT(-32415.964076271863 6733938.287477923)", "Ansiktsside, rettet mot": "Tosidig", "Skiltnummer": "808 - Underskilt med annen tekst"}, "vegsystem": "KV5167 S1D1 m17", "mor": [1027283890]}, "geometry": {"type": "Point", "coordinates": [5.31745922, 60.38857759]}}, {"type": "Feature", "properties": {"nvdb_id": 1027222678, "skiltnummer": "372 - Parkering forbudt", "tekst": null, "kategori": "forbud", "egenskaper": {"Geometri, punkt": "POINT(-30872.382772202487 6733938.31766991)", "Ansiktsside, rettet mot": "Trafikk mot metreringsretning", "Skiltnummer": "372 - Parkering forbudt"}, "vegsystem": "KV4881 S1D1 m977", "mor": [1027222680]}, "geometry": {"type": "Point", "coordinates": [5.3450649, 60.3906016]}}, {"type": "Feature", "properties": {"nvdb_id": 1027330530, "skiltnummer": "372 - Parkering forbudt", "tekst": null, "kategori": "forbud", "egenskaper": {"Geometri, punkt": "POINT(-33512.203056832775 6733949.167333271)", "Ansiktsside, rettet mot": "Tosidig", "Skiltnummer": "372 - Parkering forbudt"}, "vegsystem": "KV9973 S1D1 m965", "mor": [1027330531]}, "geometry": {"type": "Point", "coordinates": [5.29782733, 60.38723319]}}, {"type": "Feature", "properties": {"nvdb_id": 1027221771, "skiltnummer": "372 - Parkering forbudt", "tekst": null, "kategori": "forbud", "egenskaper": {"Geometri, punkt": "POINT(-31161.03086897463 6733940.148336524)", "Ansiktsside, rettet mot": "Tosidig", "Skiltnummer": "372 - Parkering forbudt"}, "vegsystem": "KV4462 S1D1 m464", "mor": [1027221768]}, "geometry": {"type": "Point", "coordinates": [5.3398975, 60.3902398]}}, {"type": "Feature", "properties": {"nvdb_id": 1027295801, "skiltnummer": "372 - Parkering forbudt", "tekst": null, "kategori": "forbud", "egenskaper": {"Geometri, punkt": "POINT(-31783.82465425029 6733943.477592347)", "Ansiktsside, rettet mot": "Trafikk i metreringsretning", "Skiltnummer": "372 - Parkering forbudt"}, "vegsystem": "KV4904 S1D1 m254", "mor": [1027295802]}, "geometry": {"type": "Point", "coordinates": [5.3287503, 60.389453]}}, {"type": "Feature", "properties": {"nvdb_id": 1027283831, "skiltnummer": "372 - Parkering forbudt", "tekst": null, "kategori": "forbud", "egenskaper": {"Geometri, punkt": "POINT(-32276.0800034625 6733939.628475775)", "Ansiktsside, rettet mot": "Tosidig", "Skiltnummer": "372 - Parkering forbudt"}, "vegsystem": "KV5070 S1D1 m62", "mor": [1027283832]}, "geometry": {"type": "Point", "coordinates": [5.31995721, 60.38877309]}}, {"type": "Feature", "properties": {"nvdb_id": 1027279073, "skiltnummer": "552 - Parkering", "tekst": null, "kategori": "parkering", "egenskaper": {"Geometri, punkt": "POINT(-32461.021439470467 6733940.226116512)", "Ansiktsside, rettet mot": "Parallelt mot veg", "Skiltnummer": "552 - Parkering"}, "vegsystem": "KV4388 S1D1 m140", "mor": [1027279074]}, "geometry": {"type": "Point", "coordinates": [5.31664832, 60.3885356]}}, {"type": "Feature", "properties": {"nvdb_id": 1027330546, "skiltnummer": "806 - Tid", "tekst": "08 - 23 (08 - 17)Med p-kort sone 13 eller mot avgift", "kategori": "boligsone", "egenskaper": {"Geometri, punkt": "POINT(-33541.31752312521 6733945.630909181)", "Ansiktsside, rettet mot": "Tosidig", "Skiltnummer": "806 - Tid", "Tekst": "08 - 23 (08 - 17)Med p-kort sone 13 eller mot avgift"}, "vegsystem": "KV9973 S1D1 m982", "mor": [1027330549]}, "geometry": {"type": "Point", "coordinates": [5.29731612, 60.3871636]}}, {"type": "Feature", "properties": {"nvdb_id": 1027330547, "skiltnummer": "552 - Parkering", "tekst": null, "kategori": "parkering", "egenskaper": {"Geometri, punkt": "POINT(-33541.31752312521 6733945.630909181)", "Ansiktsside, rettet mot": "Tosidig", "Skiltnummer": "552 - Parkering"}, "vegsystem": "KV9973 S1D1 m982", "mor": [1027330549]}, "geometry": {"type": "Point", "coordinates": [5.29731612, 60.3871636]}}, {"type": "Feature", "properties": {"nvdb_id": 1027295790, "skiltnummer": "372 - Parkering forbudt", "tekst": null, "kategori": "forbud", "egenskaper": {"Geometri, punkt": "POINT(-31823.827201455366 6733949.777542369)", "Ansiktsside, rettet mot": "Tosidig", "Skiltnummer": "372 - Parkering forbudt"}, "vegsystem": "KV4904 S2D1 m11", "mor": [1027295794]}, "geometry": {"type": "Point", "coordinates": [5.32801821, 60.3894563]}}, {"type": "Feature", "properties": {"nvdb_id": 1027222682, "skiltnummer": "372 - Parkering forbudt", "tekst": null, "kategori": "forbud", "egenskaper": {"Geometri, punkt": "POINT(-30882.55541959766 6733947.222195878)", "Ansiktsside, rettet mot": "Tosidig", "Skiltnummer": "372 - Parkering forbudt"}, "vegsystem": "KV4881 S1D1 m990", "mor": [1027222685]}, "geometry": {"type": "Point", "coordinates": [5.34485941, 60.3906671]}}, {"type": "Feature", "properties": {"nvdb_id": 1027278068, "skiltnummer": "552 - Parkering", "tekst": null, "kategori": "parkering", "egenskaper": {"Geometri, punkt": "POINT(-32349.123486539116 6733950.393721707)", "Ansiktsside, rettet mot": "Tosidig", "Skiltnummer": "552 - Parkering"}, "vegsystem": "KV5070 S1D1 m160", "mor": [1027278070]}, "geometry": {"type": "Point", "coordinates": [5.31862242, 60.3887725]}}, {"type": "Feature", "properties": {"nvdb_id": 1027278071, "skiltnummer": "807.8 - Symbol, forflytningshemmede med parkeringstillatelse", "tekst": null, "kategori": "parkering", "egenskaper": {"Geometri, punkt": "POINT(-32349.123486539116 6733950.393721707)", "Ansiktsside, rettet mot": "Tosidig", "Skiltnummer": "807.8 - Symbol, forflytningshemmede med parkeringstillatelse"}, "vegsystem": "KV5070 S1D1 m160", "mor": [1027278070]}, "geometry": {"type": "Point", "coordinates": [5.31862242, 60.3887725]}}, {"type": "Feature", "properties": {"nvdb_id": 1027295767, "skiltnummer": "372 - Parkering forbudt", "tekst": null, "kategori": "forbud", "egenskaper": {"Geometri, punkt": "POINT(-31808.860788238468 6733948.328208631)", "Ansiktsside, rettet mot": "Tosidig", "Skiltnummer": "372 - Parkering forbudt"}, "vegsystem": "KV4904 S1D1 m228", "mor": [1027295764]}, "geometry": {"type": "Point", "coordinates": [5.32828971, 60.3894631]}}, {"type": "Feature", "properties": {"nvdb_id": 1008864887, "skiltnummer": "808 - Underskilt med annen tekst", "tekst": "@370@@Øvrig tid", "kategori": "parkering", "egenskaper": {"Plasseringskode": 30, "Geometri, punkt": "POINT Z (-32031.033523519 6733959.08915651 -999999)", "Ansiktsside, rettet mot": "Trafikk mot metreringsretning", "Skiltform": "Plan", "Skiltnummer": "808 - Underskilt med annen tekst", "Tekst": "@370@@Øvrig tid"}, "vegsystem": "EV16 S1D1 m2347", "mor": [1008864884]}, "geometry": {"type": "Point", "coordinates": [5.32428788, 60.38926691]}}, {"type": "Feature", "properties": {"nvdb_id": 1008864888, "skiltnummer": "806 - Tid", "tekst": "07-10@@14-17", "kategori": "parkering", "egenskaper": {"Plasseringskode": 20, "Geometri, punkt": "POINT Z (-32031.033523519 6733959.08915651 -999999)", "Ansiktsside, rettet mot": "Trafikk mot metreringsretning", "Skiltform": "Plan", "Skiltnummer": "806 - Tid", "Tekst": "07-10@@14-17"}, "vegsystem": "EV16 S1D1 m2347", "mor": [1008864884]}, "geometry": {"type": "Point", "coordinates": [5.32428788, 60.38926691]}}, {"type": "Feature", "properties": {"nvdb_id": 1008864889, "skiltnummer": "808 - Underskilt med annen tekst", "tekst": "@370@@Øvrig tid", "kategori": "parkering", "egenskaper": {"Plasseringskode": 30, "Geometri, punkt": "POINT Z (-32031.033523519 6733959.08915651 -999999)", "Ansiktsside, rettet mot": "Trafikk i metreringsretning", "Skiltform": "Plan", "Skiltnummer": "808 - Underskilt med annen tekst", "Tekst": "@370@@Øvrig tid"}, "vegsystem": "EV16 S1D1 m2347", "mor": [1008864884]}, "geometry": {"type": "Point", "coordinates": [5.32428788, 60.38926691]}}, {"type": "Feature", "properties": {"nvdb_id": 1008864890, "skiltnummer": "806 - Tid", "tekst": "07-10@@14-17", "kategori": "parkering", "egenskaper": {"Plasseringskode": 20, "Geometri, punkt": "POINT Z (-32031.033523519 6733959.08915651 -999999)", "Ansiktsside, rettet mot": "Trafikk i metreringsretning", "Skiltform": "Plan", "Skiltnummer": "806 - Tid", "Tekst": "07-10@@14-17"}, "vegsystem": "EV16 S1D1 m2347", "mor": [1008864884]}, "geometry": {"type": "Point", "coordinates": [5.32428788, 60.38926691]}}, {"type": "Feature", "properties": {"nvdb_id": 1027295769, "skiltnummer": "807.6 - Symbol, sykkel og liten elektrisk motorvogn", "tekst": null, "kategori": "parkering", "egenskaper": {"Geometri, punkt": "POINT(-31822.187397732167 6733956.957410208)", "Ansiktsside, rettet mot": "Trafikk mot metreringsretning", "Skiltnummer": "807.6 - Symbol, sykkel og liten elektrisk motorvogn"}, "vegsystem": "KV4904 S1D1 m214", "mor": [1027295773]}, "geometry": {"type": "Point", "coordinates": [5.32802852, 60.38952199]}}, {"type": "Feature", "properties": {"nvdb_id": 1027278016, "skiltnummer": "372 - Parkering forbudt", "tekst": null, "kategori": "forbud", "egenskaper": {"Geometri, punkt": "POINT(-32332.00260059815 6733958.113338)", "Ansiktsside, rettet mot": "Tosidig", "Skiltnummer": "372 - Parkering forbudt"}, "vegsystem": "KV5070 S1D1 m142", "mor": [1027278018]}, "geometry": {"type": "Point", "coordinates": [5.31890811, 60.38886329]}}, {"type": "Feature", "properties": {"nvdb_id": 1027279088, "skiltnummer": "372 - Parkering forbudt", "tekst": null, "kategori": "forbud", "egenskaper": {"Geometri, punkt": "POINT(-32462.91196735727 6733959.069966685)", "Ansiktsside, rettet mot": "Tosidig", "Skiltnummer": "372 - Parkering forbudt"}, "vegsystem": "KV4388 S1D1 m120", "mor": [1027279090]}, "geometry": {"type": "Point", "coordinates": [5.31656451, 60.3886999]}}, {"type": "Feature", "properties": {"nvdb_id": 1027295775, "skiltnummer": "807.6 - Symbol, sykkel og liten elektrisk motorvogn", "tekst": null, "kategori": "parkering", "egenskaper": {"Geometri, punkt": "POINT(-31818.611753421137 6733963.692264083)", "Ansiktsside, rettet mot": "Trafikk mot metreringsretning", "Skiltnummer": "807.6 - Symbol, sykkel og liten elektrisk motorvogn"}, "vegsystem": "KV4904 S1D1 m213", "mor": [1027295779]}, "geometry": {"type": "Point", "coordinates": [5.32807461, 60.3895863]}}, {"type": "Feature", "properties": {"nvdb_id": 1027330539, "skiltnummer": "372 - Parkering forbudt", "tekst": null, "kategori": "forbud", "egenskaper": {"Geometri, punkt": "POINT(-33547.9639720862 6733965.929114276)", "Ansiktsside, rettet mot": "Tosidig", "Skiltnummer": "372 - Parkering forbudt"}, "vegsystem": "KV9973 S1D1 m1001", "mor": [1027330537]}, "geometry": {"type": "Point", "coordinates": [5.29714332, 60.3873345]}}, {"type": "Feature", "properties": {"nvdb_id": 1027221819, "skiltnummer": "372 - Parkering forbudt", "tekst": null, "kategori": "forbud", "egenskaper": {"Geometri, punkt": "POINT(-31184.471487918752 6733962.348984079)", "Ansiktsside, rettet mot": "Tosidig", "Skiltnummer": "372 - Parkering forbudt"}, "vegsystem": "KV4462 S1D1 m432", "mor": [1027221817]}, "geometry": {"type": "Point", "coordinates": [5.33941951, 60.3904056]}}, {"type": "Feature", "properties": {"nvdb_id": 1027280791, "skiltnummer": "372 - Parkering forbudt", "tekst": null, "kategori": "forbud", "egenskaper": {"Geometri, punkt": "POINT(-32342.52383453888 6733967.481011116)", "Ansiktsside, rettet mot": "Tosidig", "Skiltnummer": "372 - Parkering forbudt"}, "vegsystem": "KV5068 S1D1 m10", "mor": [1027280793]}, "geometry": {"type": "Point", "coordinates": [5.31869511, 60.3889324]}}, {"type": "Feature", "properties": {"nvdb_id": 1027280798, "skiltnummer": "372 - Parkering forbudt", "tekst": null, "kategori": "forbud", "egenskaper": {"Geometri, punkt": "POINT(-32353.15837903181 6733963.115369112)", "Ansiktsside, rettet mot": "Tosidig", "Skiltnummer": "372 - Parkering forbudt"}, "vegsystem": "KV5068 S1D1 m16", "mor": [1027280800]}, "geometry": {"type": "Point", "coordinates": [5.31851652, 60.38887979]}}, {"type": "Feature", "properties": {"nvdb_id": 1027331410, "skiltnummer": "376.1 - Parkeringssone", "tekst": "08 - 23 (08 - 17)Med p-kort eller mot avgift", "kategori": "boligsone", "egenskaper": {"Geometri, punkt": "POINT(-33605.393083455274 6733964.274761443)", "Ansiktsside, rettet mot": "Trafikk i metreringsretning", "Skiltnummer": "376.1 - Parkeringssone", "Tekst": "08 - 23 (08 - 17)Med p-kort eller mot avgift"}, "vegsystem": "KV4599 S1D1 m18", "mor": [1027331403]}, "geometry": {"type": "Point", "coordinates": [5.29612083, 60.3872443]}}, {"type": "Feature", "properties": {"nvdb_id": 1027295781, "skiltnummer": "552 - Parkering", "tekst": null, "kategori": "parkering", "egenskaper": {"Geometri, punkt": "POINT(-31836.378239979153 6733965.036847224)", "Ansiktsside, rettet mot": "Tosidig", "Skiltnummer": "552 - Parkering"}, "vegsystem": "KV4904 S1D1 m197", "mor": [1027295785]}, "geometry": {"type": "Point", "coordinates": [5.32775331, 60.3895749]}}, {"type": "Feature", "properties": {"nvdb_id": 1027295784, "skiltnummer": "807.8 - Symbol, forflytningshemmede med parkeringstillatelse", "tekst": null, "kategori": "parkering", "egenskaper": {"Geometri, punkt": "POINT(-31836.378239979153 6733965.036847224)", "Ansiktsside, rettet mot": "Tosidig", "Skiltnummer": "807.8 - Symbol, forflytningshemmede med parkeringstillatelse"}, "vegsystem": "KV4904 S1D1 m197", "mor": [1027295785]}, "geometry": {"type": "Point", "coordinates": [5.32775331, 60.3895749]}}, {"type": "Feature", "properties": {"nvdb_id": 1027331397, "skiltnummer": "376.1 - Parkeringssone", "tekst": "08 - 23 (08 - 17)Med p-kort eller mot avgift", "kategori": "boligsone", "egenskaper": {"Geometri, punkt": "POINT(-33598.4674955972 6733967.561425426)", "Ansiktsside, rettet mot": "Trafikk i metreringsretning", "Skiltnummer": "376.1 - Parkeringssone", "Tekst": "08 - 23 (08 - 17)Med p-kort eller mot avgift"}, "vegsystem": "KV4599 S1D1 m17", "mor": [1027331400]}, "geometry": {"type": "Point", "coordinates": [5.29623593, 60.38728249]}}, {"type": "Feature", "properties": {"nvdb_id": 1027330578, "skiltnummer": "372 - Parkering forbudt", "tekst": null, "kategori": "forbud", "egenskaper": {"Geometri, punkt": "POINT(-33663.777873865445 6733970.525928904)", "Ansiktsside, rettet mot": "Tosidig", "Skiltnummer": "372 - Parkering forbudt"}, "vegsystem": "KV5343 S1D1 m53", "mor": [1027330580]}, "geometry": {"type": "Point", "coordinates": [5.29506022, 60.3872228]}}, {"type": "Feature", "properties": {"nvdb_id": 1027224580, "skiltnummer": "807.8 - Symbol, forflytningshemmede med parkeringstillatelse", "tekst": null, "kategori": "parkering", "egenskaper": {"Geometri, punkt": "POINT(-31441.655815560487 6733972.537928393)", "Ansiktsside, rettet mot": "Trafikk i metreringsretning", "Skiltnummer": "807.8 - Symbol, forflytningshemmede med parkeringstillatelse"}, "vegsystem": "KV5724 S1D1 m125", "mor": [1027224581]}, "geometry": {"type": "Point", "coordinates": [5.3347928, 60.3901588]}}, {"type": "Feature", "properties": {"nvdb_id": 1027224586, "skiltnummer": "552 - Parkering", "tekst": null, "kategori": "parkering", "egenskaper": {"Geometri, punkt": "POINT(-31441.655815560487 6733972.537928393)", "Ansiktsside, rettet mot": "Tosidig", "Skiltnummer": "552 - Parkering"}, "vegsystem": "KV5724 S1D1 m125", "mor": [1027224581]}, "geometry": {"type": "Point", "coordinates": [5.3347928, 60.3901588]}}, {"type": "Feature", "properties": {"nvdb_id": 1027265936, "skiltnummer": "372 - Parkering forbudt", "tekst": null, "kategori": "forbud", "egenskaper": {"Geometri, punkt": "POINT(-32284.08287554281 6733974.235867714)", "Ansiktsside, rettet mot": "Parallelt mot veg", "Skiltnummer": "372 - Parkering forbudt"}, "vegsystem": "KV5197 S1D1 m121", "mor": [1027265940]}, "geometry": {"type": "Point", "coordinates": [5.31972231, 60.3890689]}}, {"type": "Feature", "properties": {"nvdb_id": 1027265939, "skiltnummer": "808 - Underskilt med annen tekst", "tekst": null, "kategori": "parkering", "egenskaper": {"Geometri, punkt": "POINT(-32284.08287554281 6733974.235867714)", "Ansiktsside, rettet mot": "Trafikk i metreringsretning", "Skiltnummer": "808 - Underskilt med annen tekst"}, "vegsystem": "KV5197 S1D1 m121", "mor": [1027265940]}, "geometry": {"type": "Point", "coordinates": [5.31972231, 60.3890689]}}, {"type": "Feature", "properties": {"nvdb_id": 1027291739, "skiltnummer": "376.1 - Parkeringssone", "tekst": "08 - 23 (08 - 17) Med p-kort eller ved parkometer", "kategori": "boligsone", "egenskaper": {"Geometri, punkt": "POINT(-32097.34480560827 6733976.396996745)", "Ansiktsside, rettet mot": "Trafikk i metreringsretning", "Skiltnummer": "376.1 - Parkeringssone", "Tekst": "08 - 23 (08 - 17) Med p-kort eller ved parkometer"}, "vegsystem": "KV4493 S1D1 m21", "mor": [1027291742]}, "geometry": {"type": "Point", "coordinates": [5.32305611, 60.3893331]}}, {"type": "Feature", "properties": {"nvdb_id": 1027280803, "skiltnummer": "808 - Underskilt med annen tekst", "tekst": "Reservert bildeling med gyldig tillatelse", "kategori": "parkering", "egenskaper": {"Geometri, punkt": "POINT(-32371.554740628693 6733978.125377946)", "Ansiktsside, rettet mot": "Tosidig", "Skiltnummer": "808 - Underskilt med annen tekst", "Tekst": "Reservert bildeling med gyldig tillatelse"}, "vegsystem": "KV5068 S1D1 m39", "mor": [1027280806]}, "geometry": {"type": "Point", "coordinates": [5.31814771, 60.38898849]}}, {"type": "Feature", "properties": {"nvdb_id": 1027280804, "skiltnummer": "552 - Parkering", "tekst": null, "kategori": "parkering", "egenskaper": {"Geometri, punkt": "POINT(-32371.554740628693 6733978.125377946)", "Ansiktsside, rettet mot": "Tosidig", "Skiltnummer": "552 - Parkering"}, "vegsystem": "KV5068 S1D1 m39", "mor": [1027280806]}, "geometry": {"type": "Point", "coordinates": [5.31814771, 60.38898849]}}, {"type": "Feature", "properties": {"nvdb_id": 1027330569, "skiltnummer": "372 - Parkering forbudt", "tekst": null, "kategori": "forbud", "egenskaper": {"Geometri, punkt": "POINT(-33578.34103121061 6733979.51810441)", "Ansiktsside, rettet mot": "Tosidig", "Skiltnummer": "372 - Parkering forbudt"}, "vegsystem": "PV99996 S109D1 m25", "mor": [1027330570]}, "geometry": {"type": "Point", "coordinates": [5.29656403, 60.3874148]}}, {"type": "Feature", "properties": {"nvdb_id": 1027277350, "skiltnummer": "808 - Underskilt med annen tekst", "tekst": null, "kategori": "parkering", "egenskaper": {"Geometri, punkt": "POINT(-32211.20696915209 6733978.749429227)", "Ansiktsside, rettet mot": "Tosidig", "Skiltnummer": "808 - Underskilt med annen tekst"}, "vegsystem": "KV4920 S1D1 m275", "mor": [1027277354]}, "geometry": {"type": "Point", "coordinates": [5.32101361, 60.38920449]}}, {"type": "Feature", "properties": {"nvdb_id": 1027277352, "skiltnummer": "552 - Parkering", "tekst": null, "kategori": "parkering", "egenskaper": {"Geometri, punkt": "POINT(-32211.20696915209 6733978.749429227)", "Ansiktsside, rettet mot": "Tosidig", "Skiltnummer": "552 - Parkering"}, "vegsystem": "KV4920 S1D1 m275", "mor": [1027277354]}, "geometry": {"type": "Point", "coordinates": [5.32101361, 60.38920449]}}, {"type": "Feature", "properties": {"nvdb_id": 1027222689, "skiltnummer": "807.8 - Symbol, forflytningshemmede med parkeringstillatelse", "tekst": null, "kategori": "parkering", "egenskaper": {"Geometri, punkt": "POINT(-30920.33030623349 6733979.189572226)", "Ansiktsside, rettet mot": "Trafikk mot metreringsretning", "Skiltnummer": "807.8 - Symbol, forflytningshemmede med parkeringstillatelse"}, "vegsystem": "KV4881 S1D1 m1040", "mor": [1027222693]}, "geometry": {"type": "Point", "coordinates": [5.34409921, 60.3909006]}}, {"type": "Feature", "properties": {"nvdb_id": 1027222691, "skiltnummer": "552 - Parkering", "tekst": null, "kategori": "parkering", "egenskaper": {"Geometri, punkt": "POINT(-30920.33030623349 6733979.189572226)", "Ansiktsside, rettet mot": "Trafikk mot metreringsretning", "Skiltnummer": "552 - Parkering"}, "vegsystem": "KV4881 S1D1 m1040", "mor": [1027222693]}, "geometry": {"type": "Point", "coordinates": [5.34409921, 60.3909006]}}, {"type": "Feature", "properties": {"nvdb_id": 1027283856, "skiltnummer": "372 - Parkering forbudt", "tekst": null, "kategori": "forbud", "egenskaper": {"Geometri, punkt": "POINT(-32172.098032328766 6733983.390081506)", "Ansiktsside, rettet mot": "Tosidig", "Skiltnummer": "372 - Parkering forbudt"}, "vegsystem": "KV4291 S1D1 m14", "mor": [1027283857]}, "geometry": {"type": "Point", "coordinates": [5.32170071, 60.3892969]}}, {"type": "Feature", "properties": {"nvdb_id": 1027330572, "skiltnummer": "372 - Parkering forbudt", "tekst": null, "kategori": "forbud", "egenskaper": {"Geometri, punkt": "POINT(-33569.20246343862 6733984.487073646)", "Ansiktsside, rettet mot": "Tosidig", "Skiltnummer": "372 - Parkering forbudt"}, "vegsystem": "KV9973 S1D1 m1028", "mor": [1027330576]}, "geometry": {"type": "Point", "coordinates": [5.29671423, 60.3874708]}}, {"type": "Feature", "properties": {"nvdb_id": 1027222694, "skiltnummer": "807.8 - Symbol, forflytningshemmede med parkeringstillatelse", "tekst": null, "kategori": "parkering", "egenskaper": {"Geometri, punkt": "POINT(-30925.198839757475 6733983.242532621)", "Ansiktsside, rettet mot": "Tosidig", "Skiltnummer": "807.8 - Symbol, forflytningshemmede med parkeringstillatelse"}, "vegsystem": "KV4881 S1D1 m1046", "mor": [1027222699]}, "geometry": {"type": "Point", "coordinates": [5.3440014, 60.3909301]}}, {"type": "Feature", "properties": {"nvdb_id": 1027222697, "skiltnummer": "552 - Parkering", "tekst": null, "kategori": "parkering", "egenskaper": {"Geometri, punkt": "POINT(-30925.198839757475 6733983.242532621)", "Ansiktsside, rettet mot": "Tosidig", "Skiltnummer": "552 - Parkering"}, "vegsystem": "KV4881 S1D1 m1046", "mor": [1027222699]}, "geometry": {"type": "Point", "coordinates": [5.3440014, 60.3909301]}}, {"type": "Feature", "properties": {"nvdb_id": 1027279030, "skiltnummer": "372 - Parkering forbudt", "tekst": null, "kategori": "forbud", "egenskaper": {"Geometri, punkt": "POINT(-32462.801493135747 6733986.35069124)", "Ansiktsside, rettet mot": "Tosidig", "Skiltnummer": "372 - Parkering forbudt"}, "vegsystem": "KV4388 S1D1 m94", "mor": [1027279033]}, "geometry": {"type": "Point", "coordinates": [5.31649412, 60.3889415]}}, {"type": "Feature", "properties": {"nvdb_id": 1027221178, "skiltnummer": "376.1 - Parkeringssone", "tekst": null, "kategori": "forbud", "egenskaper": {"Geometri, punkt": "POINT(-31205.679193177843 6733985.959206515)", "Ansiktsside, rettet mot": "Trafikk i metreringsretning", "Skiltnummer": "376.1 - Parkeringssone"}, "vegsystem": "KV4711 S1D1 m5", "mor": [1027221181]}, "geometry": {"type": "Point", "coordinates": [5.33897771, 60.3905868]}}, {"type": "Feature", "properties": {"nvdb_id": 1027280544, "skiltnummer": "372 - Parkering forbudt", "tekst": null, "kategori": "forbud", "egenskaper": {"Geometri, punkt": "POINT(-32523.03052852105 6733988.959219416)", "Ansiktsside, rettet mot": "Tosidig", "Skiltnummer": "372 - Parkering forbudt"}, "vegsystem": "KV4608 S1D1 m50", "mor": [1027280546]}, "geometry": {"type": "Point", "coordinates": [5.31541011, 60.38888549]}}, {"type": "Feature", "properties": {"nvdb_id": 1027221592, "skiltnummer": "376.1 - Parkeringssone", "tekst": null, "kategori": "forbud", "egenskaper": {"Geometri, punkt": "POINT(-31197.558450849378 6733995.230292914)", "Ansiktsside, rettet mot": "Trafikk i metreringsretning", "Skiltnummer": "376.1 - Parkeringssone"}, "vegsystem": "KV4462 S1D1 m398", "mor": [1027221596]}, "geometry": {"type": "Point", "coordinates": [5.33909841, 60.3906795]}}, {"type": "Feature", "properties": {"nvdb_id": 1027219632, "skiltnummer": "376.1 - Parkeringssone", "tekst": "08 - 23 (08 - 17) Med p-kort eller mot avgift", "kategori": "boligsone", "egenskaper": {"Geometri, punkt": "POINT(-31089.51343334152 6733990.6290166555)", "Ansiktsside, rettet mot": "Trafikk mot metreringsretning", "Skiltnummer": "376.1 - Parkeringssone", "Tekst": "08 - 23 (08 - 17) Med p-kort eller mot avgift"}, "vegsystem": "KV4452 S3D1 m726", "mor": [1027219636]}, "geometry": {"type": "Point", "coordinates": [5.34104301, 60.3907803]}}, {"type": "Feature", "properties": {"nvdb_id": 1027280540, "skiltnummer": "372 - Parkering forbudt", "tekst": null, "kategori": "forbud", "egenskaper": {"Geometri, punkt": "POINT(-32530.488029360655 6733994.551209172)", "Ansiktsside, rettet mot": "Tosidig", "Skiltnummer": "372 - Parkering forbudt"}, "vegsystem": "KV4608 S1D1 m60", "mor": [1027280542]}, "geometry": {"type": "Point", "coordinates": [5.31526192, 60.3889252]}}, {"type": "Feature", "properties": {"nvdb_id": 1027295749, "skiltnummer": "372 - Parkering forbudt", "tekst": null, "kategori": "forbud", "egenskaper": {"Geometri, punkt": "POINT(-31887.111537969555 6733994.348888201)", "Ansiktsside, rettet mot": "Tosidig", "Skiltnummer": "372 - Parkering forbudt"}, "vegsystem": "KV4904 S1D1 m139", "mor": [1027295751]}, "geometry": {"type": "Point", "coordinates": [5.3267683, 60.3897678]}}, {"type": "Feature", "properties": {"nvdb_id": 1027224577, "skiltnummer": "376.1 - Parkeringssone", "tekst": null, "kategori": "forbud", "egenskaper": {"Geometri, punkt": "POINT(-31460.653362598037 6733995.924365116)", "Ansiktsside, rettet mot": "Trafikk i metreringsretning", "Skiltnummer": "376.1 - Parkeringssone"}, "vegsystem": "KV5724 S1D1 m95", "mor": [1027224579]}, "geometry": {"type": "Point", "coordinates": [5.33439111, 60.3903409]}}, {"type": "Feature", "properties": {"nvdb_id": 1027277320, "skiltnummer": "372 - Parkering forbudt", "tekst": null, "kategori": "forbud", "egenskaper": {"Geometri, punkt": "POINT(-32236.584376540734 6733996.307836028)", "Ansiktsside, rettet mot": "Trafikk i metreringsretning", "Skiltnummer": "372 - Parkering forbudt"}, "vegsystem": "KV4920 S1D1 m244", "mor": [1027277321]}, "geometry": {"type": "Point", "coordinates": [5.32051322, 60.3893266]}}, {"type": "Feature", "properties": {"nvdb_id": 1027280972, "skiltnummer": "808 - Underskilt med annen tekst", "tekst": "Gjelder hele plassen", "kategori": "parkering", "egenskaper": {"Geometri, punkt": "POINT(-32441.066221229616 6733996.7522052)", "Ansiktsside, rettet mot": "Trafikk mot metreringsretning", "Skiltnummer": "808 - Underskilt med annen tekst", "Tekst": "Gjelder hele plassen"}, "vegsystem": "KV4388 S1D1 m72", "mor": [1027280976]}, "geometry": {"type": "Point", "coordinates": [5.31685522, 60.3890621]}}, {"type": "Feature", "properties": {"nvdb_id": 1027280974, "skiltnummer": "372 - Parkering forbudt", "tekst": null, "kategori": "forbud", "egenskaper": {"Geometri, punkt": "POINT(-32441.066221229616 6733996.7522052)", "Ansiktsside, rettet mot": "Tosidig", "Skiltnummer": "372 - Parkering forbudt"}, "vegsystem": "KV4388 S1D1 m72", "mor": [1027280976]}, "geometry": {"type": "Point", "coordinates": [5.31685522, 60.3890621]}}, {"type": "Feature", "properties": {"nvdb_id": 1027224565, "skiltnummer": "376.1 - Parkeringssone", "tekst": null, "kategori": "forbud", "egenskaper": {"Geometri, punkt": "POINT(-31453.68822664721 6734001.728215892)", "Ansiktsside, rettet mot": "Trafikk i metreringsretning", "Skiltnummer": "376.1 - Parkeringssone"}, "vegsystem": "KV5724 S1D1 m96", "mor": [1027224568]}, "geometry": {"type": "Point", "coordinates": [5.33450031, 60.3904014]}}, {"type": "Feature", "properties": {"nvdb_id": 1027277358, "skiltnummer": "372 - Parkering forbudt", "tekst": null, "kategori": "forbud", "egenskaper": {"Geometri, punkt": "POINT(-32226.46233550564 6734001.292086154)", "Ansiktsside, rettet mot": "Tosidig", "Skiltnummer": "372 - Parkering forbudt"}, "vegsystem": "KV4920 S1D1 m249", "mor": [1027277360]}, "geometry": {"type": "Point", "coordinates": [5.32068102, 60.389384]}}, {"type": "Feature", "properties": {"nvdb_id": 1027266044, "skiltnummer": "372 - Parkering forbudt", "tekst": null, "kategori": "forbud", "egenskaper": {"Geometri, punkt": "POINT(-32319.211526383297 6733998.359235965)", "Ansiktsside, rettet mot": "Tosidig", "Skiltnummer": "372 - Parkering forbudt"}, "vegsystem": "KV5197 S1D1 m80", "mor": [1027266047]}, "geometry": {"type": "Point", "coordinates": [5.31903011, 60.38923629]}}, {"type": "Feature", "properties": {"nvdb_id": 1027291733, "skiltnummer": "806 - Tid", "tekst": "07 - 10  14 - 17@372", "kategori": "parkering", "egenskaper": {"Geometri, punkt": "POINT(-32103.93640851893 6734000.919792841)", "Ansiktsside, rettet mot": "Parallelt mot veg", "Skiltnummer": "806 - Tid", "Tekst": "07 - 10  14 - 17@372"}, "vegsystem": "KV4493 S1D1 m46", "mor": [1027291734]}, "geometry": {"type": "Point", "coordinates": [5.32287322, 60.3895415]}}, {"type": "Feature", "properties": {"nvdb_id": 1027280807, "skiltnummer": "808 - Underskilt med annen tekst", "tekst": "Reservert bildeling med gyldig tillatelse", "kategori": "parkering", "egenskaper": {"Geometri, punkt": "POINT(-32400.13967528881 6734001.312909885)", "Ansiktsside, rettet mot": "Tosidig", "Skiltnummer": "808 - Underskilt med annen tekst", "Tekst": "Reservert bildeling med gyldig tillatelse"}, "vegsystem": "KV5068 S1D1 m76", "mor": [1027280812]}, "geometry": {"type": "Point", "coordinates": [5.31757501, 60.3891562]}}, {"type": "Feature", "properties": {"nvdb_id": 1027280809, "skiltnummer": "552 - Parkering", "tekst": null, "kategori": "parkering", "egenskaper": {"Geometri, punkt": "POINT(-32400.13967528881 6734001.312909885)", "Ansiktsside, rettet mot": "Tosidig", "Skiltnummer": "552 - Parkering"}, "vegsystem": "KV5068 S1D1 m76", "mor": [1027280812]}, "geometry": {"type": "Point", "coordinates": [5.31757501, 60.3891562]}}, {"type": "Feature", "properties": {"nvdb_id": 1027221611, "skiltnummer": "808.519 - Kjøring til eiendommene tillatt/Køyring til eigedomane tillete", "tekst": null, "kategori": "parkering", "egenskaper": {"Geometri, punkt": "POINT(-31122.623714472633 6734002.194218051)", "Ansiktsside, rettet mot": "Trafikk i metreringsretning", "Skiltnummer": "808.519 - Kjøring til eiendommene tillatt/Køyring til eigedomane tillete"}, "vegsystem": "KV4462 S1D1 m10", "mor": [1027221610]}, "geometry": {"type": "Point", "coordinates": [5.3404202, 60.3908393]}}, {"type": "Feature", "properties": {"nvdb_id": 1027280815, "skiltnummer": "372 - Parkering forbudt", "tekst": null, "kategori": "forbud", "egenskaper": {"Geometri, punkt": "POINT(-32409.33300245239 6734008.585717307)", "Ansiktsside, rettet mot": "Tosidig", "Skiltnummer": "372 - Parkering forbudt"}, "vegsystem": "KV5068 S1D1 m87", "mor": [1027280817]}, "geometry": {"type": "Point", "coordinates": [5.31739131, 60.3892085]}}, {"type": "Feature", "properties": {"nvdb_id": 1027224560, "skiltnummer": "372 - Parkering forbudt", "tekst": null, "kategori": "forbud", "egenskaper": {"Geometri, punkt": "POINT(-31467.39959153114 6734014.1412964575)", "Ansiktsside, rettet mot": "Tosidig", "Skiltnummer": "372 - Parkering forbudt"}, "vegsystem": "KV5724 S1D1 m78", "mor": [1027224562]}, "geometry": {"type": "Point", "coordinates": [5.3342222, 60.39049329]}}, {"type": "Feature", "properties": {"nvdb_id": 1027277331, "skiltnummer": "372 - Parkering forbudt", "tekst": null, "kategori": "forbud", "egenskaper": {"Geometri, punkt": "POINT(-32254.43694235792 6734010.762037031)", "Ansiktsside, rettet mot": "Tosidig", "Skiltnummer": "372 - Parkering forbudt"}, "vegsystem": "KV4920 S1D1 m221", "mor": [1027277333]}, "geometry": {"type": "Point", "coordinates": [5.32015561, 60.3894311]}}, {"type": "Feature", "properties": {"nvdb_id": 1027266033, "skiltnummer": "372 - Parkering forbudt", "tekst": null, "kategori": "forbud", "egenskaper": {"Geometri, punkt": "POINT(-32336.351936556748 6734012.222441973)", "Ansiktsside, rettet mot": "Tosidig", "Skiltnummer": "372 - Parkering forbudt"}, "vegsystem": "KV5197 S1D1 m58", "mor": [1027266035]}, "geometry": {"type": "Point", "coordinates": [5.31868681, 60.38933649]}}, {"type": "Feature", "properties": {"nvdb_id": 1027277326, "skiltnummer": "372 - Parkering forbudt", "tekst": null, "kategori": "forbud", "egenskaper": {"Geometri, punkt": "POINT(-32245.34034247906 6734016.485817453)", "Ansiktsside, rettet mot": "Trafikk mot metreringsretning", "Skiltnummer": "372 - Parkering forbudt"}, "vegsystem": "KV4920 S1D1 m225", "mor": [1027277328]}, "geometry": {"type": "Point", "coordinates": [5.32030312, 60.3894937]}}, {"type": "Feature", "properties": {"nvdb_id": 82507812, "skiltnummer": "372 - Parkering forbudt", "tekst": null, "kategori": "forbud", "egenskaper": {"Geometri, punkt": "POINT Z (-31561.4380005554 6734014.61870549 4.209)", "Ansiktsside, rettet mot": "Trafikk mot metreringsretning", "Skiltform": "Plan", "Skiltnummer": "372 - Parkering forbudt", "Belysning": "Ingen"}, "vegsystem": "FV577 S1D1 m133", "mor": [82507815]}, "geometry": {"type": "Point", "coordinates": [5.33253908, 60.39037426]}}, {"type": "Feature", "properties": {"nvdb_id": 1027280953, "skiltnummer": "808 - Underskilt med annen tekst", "tekst": "Gjelder hele plassen", "kategori": "parkering", "egenskaper": {"Geometri, punkt": "POINT(-32413.099153227173 6734027.188012252)", "Ansiktsside, rettet mot": "Trafikk i metreringsretning", "Skiltnummer": "808 - Underskilt med annen tekst", "Tekst": "Gjelder hele plassen"}, "vegsystem": "KV4388 S1D1 m35", "mor": [1027280952]}, "geometry": {"type": "Point", "coordinates": [5.31727462, 60.3893682]}}, {"type": "Feature", "properties": {"nvdb_id": 1027280956, "skiltnummer": "372 - Parkering forbudt", "tekst": null, "kategori": "forbud", "egenskaper": {"Geometri, punkt": "POINT(-32413.099153227173 6734027.188012252)", "Ansiktsside, rettet mot": "Tosidig", "Skiltnummer": "372 - Parkering forbudt"}, "vegsystem": "KV4388 S1D1 m35", "mor": [1027280952]}, "geometry": {"type": "Point", "coordinates": [5.31727462, 60.3893682]}}, {"type": "Feature", "properties": {"nvdb_id": 1027295702, "skiltnummer": "372 - Parkering forbudt", "tekst": null, "kategori": "forbud", "egenskaper": {"Geometri, punkt": "POINT(-31927.890265397262 6734020.875851642)", "Ansiktsside, rettet mot": "Tosidig", "Skiltnummer": "372 - Parkering forbudt"}, "vegsystem": "KV4904 S1D1 m90", "mor": [1027295704]}, "geometry": {"type": "Point", "coordinates": [5.32596871, 60.3899491]}}, {"type": "Feature", "properties": {"nvdb_id": 1027224549, "skiltnummer": "372 - Parkering forbudt", "tekst": null, "kategori": "forbud", "egenskaper": {"Geometri, punkt": "POINT(-31489.550561962067 6734021.0254836595)", "Ansiktsside, rettet mot": "Tosidig", "Skiltnummer": "372 - Parkering forbudt"}, "vegsystem": "KV5724 S1D1 m57", "mor": [1027224550]}, "geometry": {"type": "Point", "coordinates": [5.3338078, 60.39052519]}}, {"type": "Feature", "properties": {"nvdb_id": 1027280537, "skiltnummer": "372 - Parkering forbudt", "tekst": null, "kategori": "forbud", "egenskaper": {"Geometri, punkt": "POINT(-32569.438907483127 6734021.097386767)", "Ansiktsside, rettet mot": "Tosidig", "Skiltnummer": "372 - Parkering forbudt"}, "vegsystem": "KV4608 S1D1 m108", "mor": [1027280535]}, "geometry": {"type": "Point", "coordinates": [5.31449492, 60.38910899]}}, {"type": "Feature", "properties": {"nvdb_id": 1027280671, "skiltnummer": "372 - Parkering forbudt", "tekst": null, "kategori": "forbud", "egenskaper": {"Geometri, punkt": "POINT(-32404.052443617373 6734023.450748898)", "Ansiktsside, rettet mot": "Tosidig", "Skiltnummer": "372 - Parkering forbudt"}, "vegsystem": "KV4388 S1D1 m25", "mor": [1027280673]}, "geometry": {"type": "Point", "coordinates": [5.31744632, 60.389347]}}, {"type": "Feature", "properties": {"nvdb_id": 1027266020, "skiltnummer": "372 - Parkering forbudt", "tekst": null, "kategori": "forbud", "egenskaper": {"Geometri, punkt": "POINT(-32341.728125759983 6734027.549591461)", "Ansiktsside, rettet mot": "Tosidig", "Skiltnummer": "372 - Parkering forbudt"}, "vegsystem": "KV5197 S1D1 m44", "mor": [1027266022]}, "geometry": {"type": "Point", "coordinates": [5.31855001, 60.3894651]}}, {"type": "Feature", "properties": {"nvdb_id": 82514824, "skiltnummer": "808.317 - Gjelder ikke buss og taxi/Gjeld ikkje buss og taxi", "tekst": null, "kategori": "parkering", "egenskaper": {"Geometri, punkt": "POINT Z (-32138.0195337935 6734030.78711977 4.106)", "Ansiktsside, rettet mot": "Trafikk i metreringsretning", "Skiltnummer": "808.317 - Gjelder ikke buss og taxi/Gjeld ikkje buss og taxi", "Belysning": "Ingen"}, "vegsystem": "FV5350 S1D1 m406", "mor": [82514830]}, "geometry": {"type": "Point", "coordinates": [5.32218448, 60.38976112]}}, {"type": "Feature", "properties": {"nvdb_id": 1027224553, "skiltnummer": "372 - Parkering forbudt", "tekst": null, "kategori": "forbud", "egenskaper": {"Geometri, punkt": "POINT(-31488.145842135767 6734037.685224395)", "Ansiktsside, rettet mot": "Tosidig", "Skiltnummer": "372 - Parkering forbudt"}, "vegsystem": "KV5724 S1D1 m46", "mor": [1027224555]}, "geometry": {"type": "Point", "coordinates": [5.3337888, 60.3906745]}}, {"type": "Feature", "properties": {"nvdb_id": 1027280576, "skiltnummer": "808.301 - Gjelder gjennomkjøring/Gjeld gjennomkøyring", "tekst": null, "kategori": "parkering", "egenskaper": {"Geometri, punkt": "POINT(-32579.303704924183 6734033.565974066)", "Ansiktsside, rettet mot": "Trafikk mot metreringsretning", "Skiltnummer": "808.301 - Gjelder gjennomkjøring/Gjeld gjennomkøyring"}, "vegsystem": "KV4608 S1D1 m123", "mor": [1027280580]}, "geometry": {"type": "Point", "coordinates": [5.31428541, 60.3892064]}}, {"type": "Feature", "properties": {"nvdb_id": 1027280532, "skiltnummer": "372 - Parkering forbudt", "tekst": null, "kategori": "forbud", "egenskaper": {"Geometri, punkt": "POINT(-32571.599274324137 6734036.761377555)", "Ansiktsside, rettet mot": "Tosidig", "Skiltnummer": "372 - Parkering forbudt"}, "vegsystem": "KV4608 S1D1 m121", "mor": [1027280531]}, "geometry": {"type": "Point", "coordinates": [5.31441472, 60.38924479]}}, {"type": "Feature", "properties": {"nvdb_id": 1027295711, "skiltnummer": "807.6 - Symbol, sykkel og liten elektrisk motorvogn", "tekst": null, "kategori": "parkering", "egenskaper": {"Geometri, punkt": "POINT(-31957.04720606387 6734038.551676649)", "Ansiktsside, rettet mot": "Tosidig", "Skiltnummer": "807.6 - Symbol, sykkel og liten elektrisk motorvogn"}, "vegsystem": "KV4904 S1D1 m56", "mor": [1027295716]}, "geometry": {"type": "Point", "coordinates": [5.32540041, 60.3900673]}}, {"type": "Feature", "properties": {"nvdb_id": 1027295713, "skiltnummer": "552 - Parkering", "tekst": null, "kategori": "parkering", "egenskaper": {"Geometri, punkt": "POINT(-31957.04720606387 6734038.551676649)", "Ansiktsside, rettet mot": "Tosidig", "Skiltnummer": "552 - Parkering"}, "vegsystem": "KV4904 S1D1 m56", "mor": [1027295716]}, "geometry": {"type": "Point", "coordinates": [5.32540041, 60.3900673]}}, {"type": "Feature", "properties": {"nvdb_id": 1027280684, "skiltnummer": "372 - Parkering forbudt", "tekst": null, "kategori": "forbud", "egenskaper": {"Geometri, punkt": "POINT(-32401.550811134046 6734042.840638101)", "Ansiktsside, rettet mot": "Tosidig", "Skiltnummer": "372 - Parkering forbudt"}, "vegsystem": "KV4388 S1D1 m8", "mor": [1027280683]}, "geometry": {"type": "Point", "coordinates": [5.31743961, 60.3895219]}}, {"type": "Feature", "properties": {"nvdb_id": 1027270201, "skiltnummer": "372 - Parkering forbudt", "tekst": null, "kategori": "forbud", "egenskaper": {"Geometri, punkt": "POINT(-32222.986057897448 6734041.439304787)", "Ansiktsside, rettet mot": "Tosidig", "Skiltnummer": "372 - Parkering forbudt"}, "vegsystem": "KV4342 S2D1 m9", "mor": [1027270203]}, "geometry": {"type": "Point", "coordinates": [5.32063671, 60.38974389]}}, {"type": "Feature", "properties": {"nvdb_id": 1027224611, "skiltnummer": "808 - Underskilt med annen tekst", "tekst": null, "kategori": "parkering", "egenskaper": {"Geometri, punkt": "POINT(-31415.59773079329 6734043.132453865)", "Ansiktsside, rettet mot": "Tosidig", "Skiltnummer": "808 - Underskilt med annen tekst"}, "vegsystem": "KV4611 S1D1 m63", "mor": [1027224613]}, "geometry": {"type": "Point", "coordinates": [5.3350719, 60.39081779]}}, {"type": "Feature", "properties": {"nvdb_id": 1027270209, "skiltnummer": "372 - Parkering forbudt", "tekst": null, "kategori": "forbud", "egenskaper": {"Geometri, punkt": "POINT(-32206.495845099445 6734044.383315382)", "Ansiktsside, rettet mot": "Tosidig", "Skiltnummer": "372 - Parkering forbudt"}, "vegsystem": "KV5159 S1D1 m115", "mor": [1027270208]}, "geometry": {"type": "Point", "coordinates": [5.32092381, 60.38979159]}}, {"type": "Feature", "properties": {"nvdb_id": 1027265962, "skiltnummer": "372 - Parkering forbudt", "tekst": null, "kategori": "forbud", "egenskaper": {"Geometri, punkt": "POINT(-32380.415500558098 6734047.806478235)", "Ansiktsside, rettet mot": "Tosidig", "Skiltnummer": "372 - Parkering forbudt"}, "vegsystem": "KV5197 S1D1 m2", "mor": [1027265965]}, "geometry": {"type": "Point", "coordinates": [5.31780441, 60.38959359]}}, {"type": "Feature", "properties": {"nvdb_id": 1027278036, "skiltnummer": "372 - Parkering forbudt", "tekst": null, "kategori": "forbud", "egenskaper": {"Geometri, punkt": "POINT(-32398.73225674522 6734052.90749218)", "Ansiktsside, rettet mot": "Tosidig", "Skiltnummer": "372 - Parkering forbudt"}, "vegsystem": "KV5067 S1D1 m8", "mor": [1027278039]}, "geometry": {"type": "Point", "coordinates": [5.31746332, 60.38961469]}}, {"type": "Feature", "properties": {"nvdb_id": 1027222701, "skiltnummer": "372 - Parkering forbudt", "tekst": null, "kategori": "forbud", "egenskaper": {"Geometri, punkt": "POINT(-31004.6457252237 6734050.828518952)", "Ansiktsside, rettet mot": "Tosidig", "Skiltnummer": "372 - Parkering forbudt"}, "vegsystem": "KV4881 S1D1 m1149", "mor": [1027222703]}, "geometry": {"type": "Point", "coordinates": [5.3424016, 60.3914243]}}, {"type": "Feature", "properties": {"nvdb_id": 1027222708, "skiltnummer": "372 - Parkering forbudt", "tekst": null, "kategori": "forbud", "egenskaper": {"Geometri, punkt": "POINT(-30999.929585261503 6734055.72307296)", "Ansiktsside, rettet mot": "Tosidig", "Skiltnummer": "372 - Parkering forbudt"}, "vegsystem": "KV4881 S1D1 m1151", "mor": [1027222711]}, "geometry": {"type": "Point", "coordinates": [5.342473, 60.3914738]}}, {"type": "Feature", "properties": {"nvdb_id": 1027295696, "skiltnummer": "808 - Underskilt med annen tekst", "tekst": null, "kategori": "parkering", "egenskaper": {"Geometri, punkt": "POINT(-31987.09208520921 6734059.477705657)", "Ansiktsside, rettet mot": "Trafikk i metreringsretning", "Skiltnummer": "808 - Underskilt med annen tekst"}, "vegsystem": "KV4904 S1D1 m20", "mor": [1027295700]}, "geometry": {"type": "Point", "coordinates": [5.32480761, 60.3902131]}}, {"type": "Feature", "properties": {"nvdb_id": 1027280569, "skiltnummer": "372 - Parkering forbudt", "tekst": null, "kategori": "forbud", "egenskaper": {"Geometri, punkt": "POINT(-32595.14530433528 6734060.095637784)", "Ansiktsside, rettet mot": "Tosidig", "Skiltnummer": "372 - Parkering forbudt"}, "vegsystem": "KV4608 S1D1 m153", "mor": [1027280572]}, "geometry": {"type": "Point", "coordinates": [5.31393172, 60.3894204]}}, {"type": "Feature", "properties": {"nvdb_id": 1027270308, "skiltnummer": "807.6 - Symbol, sykkel og liten elektrisk motorvogn", "tekst": null, "kategori": "parkering", "egenskaper": {"Geometri, punkt": "POINT(-32297.275043486035 6734060.342663699)", "Ansiktsside, rettet mot": "Trafikk mot metreringsretning", "Skiltnummer": "807.6 - Symbol, sykkel og liten elektrisk motorvogn"}, "vegsystem": "KV4945 S2D1 m31", "mor": [1027270312]}, "geometry": {"type": "Point", "coordinates": [5.31925801, 60.3898137]}}, {"type": "Feature", "properties": {"nvdb_id": 1027295666, "skiltnummer": "372 - Parkering forbudt", "tekst": null, "kategori": "forbud", "egenskaper": {"Geometri, punkt": "POINT(-31991.187437550165 6734062.705925715)", "Ansiktsside, rettet mot": "Tosidig", "Skiltnummer": "372 - Parkering forbudt"}, "vegsystem": "KV4904 S1D1 m14", "mor": [1027295668]}, "geometry": {"type": "Point", "coordinates": [5.32472582, 60.3902363]}}, {"type": "Feature", "properties": {"nvdb_id": 82514845, "skiltnummer": "806 - Tid", "tekst": null, "kategori": "parkering", "egenskaper": {"Geometri, punkt": "POINT Z (-32182.4695337935 6734063.17211977 4.506)", "Ansiktsside, rettet mot": "Trafikk i metreringsretning", "Skiltnummer": "806 - Tid", "Belysning": "Ingen"}, "vegsystem": "FV5350 S1D1 m351", "mor": [82514863]}, "geometry": {"type": "Point", "coordinates": [5.32130366, 60.38998943]}}, {"type": "Feature", "properties": {"nvdb_id": 1027270156, "skiltnummer": "376.1 - Parkeringssone", "tekst": null, "kategori": "forbud", "egenskaper": {"Geometri, punkt": "POINT(-32194.507583084283 6734063.236387082)", "Ansiktsside, rettet mot": "Trafikk i metreringsretning", "Skiltnummer": "376.1 - Parkeringssone"}, "vegsystem": "KV5159 S1D1 m93", "mor": [1027270159]}, "geometry": {"type": "Point", "coordinates": [5.32108821, 60.38997419]}}, {"type": "Feature", "properties": {"nvdb_id": 1027270299, "skiltnummer": "807.6 - Symbol, sykkel og liten elektrisk motorvogn", "tekst": null, "kategori": "parkering", "egenskaper": {"Geometri, punkt": "POINT(-32306.225765657262 6734066.347703029)", "Ansiktsside, rettet mot": "Trafikk mot metreringsretning", "Skiltnummer": "807.6 - Symbol, sykkel og liten elektrisk motorvogn"}, "vegsystem": "KV4945 S2D1 m31", "mor": [1027270303]}, "geometry": {"type": "Point", "coordinates": [5.31908201, 60.3898551]}}, {"type": "Feature", "properties": {"nvdb_id": 1027295680, "skiltnummer": "807.6 - Symbol, sykkel og liten elektrisk motorvogn", "tekst": null, "kategori": "parkering", "egenskaper": {"Geometri, punkt": "POINT(-31984.8373860718 6734068.351533437)", "Ansiktsside, rettet mot": "Parallelt mot veg", "Skiltnummer": "807.6 - Symbol, sykkel og liten elektrisk motorvogn"}, "vegsystem": "KV4904 S1D1 m16", "mor": [1027295685]}, "geometry": {"type": "Point", "coordinates": [5.32482442, 60.3902946]}}, {"type": "Feature", "properties": {"nvdb_id": 1027197500, "skiltnummer": "552 - Parkering", "tekst": null, "kategori": "parkering", "egenskaper": {"Geometri, punkt": "POINT(-31634.865181937465 6734066.126351789)", "Ansiktsside, rettet mot": "Tosidig", "Skiltnummer": "552 - Parkering"}, "vegsystem": "KV4453 S1D1 m14", "mor": [1027197503]}, "geometry": {"type": "Point", "coordinates": [5.33108941, 60.3907339]}}, {"type": "Feature", "properties": {"nvdb_id": 1027197502, "skiltnummer": "808 - Underskilt med annen tekst", "tekst": null, "kategori": "parkering", "egenskaper": {"Geometri, punkt": "POINT(-31634.865181937465 6734066.126351789)", "Ansiktsside, rettet mot": "Trafikk i metreringsretning", "Skiltnummer": "808 - Underskilt med annen tekst"}, "vegsystem": "KV4453 S1D1 m14", "mor": [1027197503]}, "geometry": {"type": "Point", "coordinates": [5.33108941, 60.3907339]}}, {"type": "Feature", "properties": {"nvdb_id": 1027270164, "skiltnummer": "807.6 - Symbol, sykkel og liten elektrisk motorvogn", "tekst": null, "kategori": "parkering", "egenskaper": {"Geometri, punkt": "POINT(-32191.38696272869 6734066.897540399)", "Ansiktsside, rettet mot": "Trafikk mot metreringsretning", "Skiltnummer": "807.6 - Symbol, sykkel og liten elektrisk motorvogn"}, "vegsystem": "KV5159 S1D1 m88", "mor": [1027270163]}, "geometry": {"type": "Point", "coordinates": [5.32113431, 60.3900107]}}, {"type": "Feature", "properties": {"nvdb_id": 1027270212, "skiltnummer": "372 - Parkering forbudt", "tekst": null, "kategori": "forbud", "egenskaper": {"Geometri, punkt": "POINT(-32196.786004172405 6734070.421023814)", "Ansiktsside, rettet mot": "Tosidig", "Skiltnummer": "372 - Parkering forbudt"}, "vegsystem": "KV5159 S1D1 m89", "mor": [1027270220]}, "geometry": {"type": "Point", "coordinates": [5.32102841, 60.3900348]}}, {"type": "Feature", "properties": {"nvdb_id": 1027270216, "skiltnummer": "376.1 - Parkeringssone", "tekst": "08 - 23 (08 - 17) Med p-kort eller ved parkometer", "kategori": "boligsone", "egenskaper": {"Geometri, punkt": "POINT(-32196.786004172405 6734070.421023814)", "Ansiktsside, rettet mot": "Trafikk i metreringsretning", "Skiltnummer": "376.1 - Parkeringssone", "Tekst": "08 - 23 (08 - 17) Med p-kort eller ved parkometer"}, "vegsystem": "KV5159 S1D1 m89", "mor": [1027270220]}, "geometry": {"type": "Point", "coordinates": [5.32102841, 60.3900348]}}, {"type": "Feature", "properties": {"nvdb_id": 1027222717, "skiltnummer": "376.1 - Parkeringssone", "tekst": null, "kategori": "forbud", "egenskaper": {"Geometri, punkt": "POINT(-31019.412366999662 6734068.99944107)", "Ansiktsside, rettet mot": "Trafikk mot metreringsretning", "Skiltnummer": "376.1 - Parkeringssone"}, "vegsystem": "KV4881 S1D1 m1174", "mor": [1027222721]}, "geometry": {"type": "Point", "coordinates": [5.34208941, 60.39156579]}}, {"type": "Feature", "properties": {"nvdb_id": 1027222731, "skiltnummer": "376.1 - Parkeringssone", "tekst": null, "kategori": "forbud", "egenskaper": {"Geometri, punkt": "POINT(-31014.046105380054 6734072.430775134)", "Ansiktsside, rettet mot": "Trafikk mot metreringsretning", "Skiltnummer": "376.1 - Parkeringssone"}, "vegsystem": "KV4881 S1D1 m1173", "mor": [1027222735]}, "geometry": {"type": "Point", "coordinates": [5.3421763, 60.3916032]}}, {"type": "Feature", "properties": {"nvdb_id": 1027222724, "skiltnummer": "808 - Underskilt med annen tekst", "tekst": null, "kategori": "parkering", "egenskaper": {"Geometri, punkt": "POINT(-31016.621800208115 6734075.80573501)", "Ansiktsside, rettet mot": "Tosidig", "Skiltnummer": "808 - Underskilt med annen tekst"}, "vegsystem": "KV4881 S1D1 m1177", "mor": [1027222723]}, "geometry": {"type": "Point", "coordinates": [5.3421213, 60.3916297]}}, {"type": "Feature", "properties": {"nvdb_id": 1027222727, "skiltnummer": "552 - Parkering", "tekst": null, "kategori": "parkering", "egenskaper": {"Geometri, punkt": "POINT(-31016.621800208115 6734075.80573501)", "Ansiktsside, rettet mot": "Tosidig", "Skiltnummer": "552 - Parkering"}, "vegsystem": "KV4881 S1D1 m1177", "mor": [1027222723]}, "geometry": {"type": "Point", "coordinates": [5.3421213, 60.3916297]}}, {"type": "Feature", "properties": {"nvdb_id": 1027277977, "skiltnummer": "372 - Parkering forbudt", "tekst": null, "kategori": "forbud", "egenskaper": {"Geometri, punkt": "POINT(-32452.07046393212 6734077.41750778)", "Ansiktsside, rettet mot": "Tosidig", "Skiltnummer": "372 - Parkering forbudt"}, "vegsystem": "KV5067 S1D1 m68", "mor": [1027277980]}, "geometry": {"type": "Point", "coordinates": [5.31644442, 60.3897616]}}, {"type": "Feature", "properties": {"nvdb_id": 1010897122, "skiltnummer": "372 - Parkering forbudt", "tekst": null, "kategori": "forbud", "egenskaper": {"Oppsettingsdato": "1900-01-01", "Plasseringskode": 10, "Geometri, punkt": "POINT Z (-32058.1649974029 6734079.50638878 -999999)", "Ansiktsside, rettet mot": "Trafikk i metreringsretning", "Skiltnummer": "372 - Parkering forbudt", "Størrelse": "Liten størrelse"}, "vegsystem": "EV16 S1D60 m52", "mor": [1008861510]}, "geometry": {"type": "Point", "coordinates": [5.32348343, 60.39029712]}}, {"type": "Feature", "properties": {"nvdb_id": 1027197009, "skiltnummer": "808 - Underskilt med annen tekst", "tekst": null, "kategori": "parkering", "egenskaper": {"Geometri, punkt": "POINT(-31584.526745743467 6734079.300250582)", "Ansiktsside, rettet mot": "Trafikk mot metreringsretning", "Skiltnummer": "808 - Underskilt med annen tekst"}, "vegsystem": "KV4764 S1D1 m17", "mor": [1027197010]}, "geometry": {"type": "Point", "coordinates": [5.3319548, 60.3909165]}}, {"type": "Feature", "properties": {"nvdb_id": 1027270191, "skiltnummer": "372 - Parkering forbudt", "tekst": null, "kategori": "forbud", "egenskaper": {"Geometri, punkt": "POINT(-32286.832352342084 6734078.611264869)", "Ansiktsside, rettet mot": "Tosidig", "Skiltnummer": "372 - Parkering forbudt"}, "vegsystem": "KV4945 S2D1 m10", "mor": [1027270189]}, "geometry": {"type": "Point", "coordinates": [5.31939632, 60.3899891]}}, {"type": "Feature", "properties": {"nvdb_id": 1027266079, "skiltnummer": "372 - Parkering forbudt", "tekst": null, "kategori": "forbud", "egenskaper": {"Geometri, punkt": "POINT(-32370.71326815302 6734082.906440406)", "Ansiktsside, rettet mot": "Tosidig", "Skiltnummer": "372 - Parkering forbudt"}, "vegsystem": "KV4760 S1D1 m251", "mor": [1027266080]}, "geometry": {"type": "Point", "coordinates": [5.31788482, 60.38991699]}}, {"type": "Feature", "properties": {"nvdb_id": 1027270107, "skiltnummer": "807.6 - Symbol, sykkel og liten elektrisk motorvogn", "tekst": null, "kategori": "parkering", "egenskaper": {"Geometri, punkt": "POINT(-32180.782529519172 6734080.227583472)", "Ansiktsside, rettet mot": "Trafikk mot metreringsretning", "Skiltnummer": "807.6 - Symbol, sykkel og liten elektrisk motorvogn"}, "vegsystem": "KV5159 S1D1 m71", "mor": [1027270106]}, "geometry": {"type": "Point", "coordinates": [5.3212886, 60.3901426]}}, {"type": "Feature", "properties": {"nvdb_id": 1027277184, "skiltnummer": "372 - Parkering forbudt", "tekst": null, "kategori": "forbud", "egenskaper": {"Geometri, punkt": "POINT(-32349.002951869857 6734082.137907029)", "Ansiktsside, rettet mot": "Tosidig", "Skiltnummer": "372 - Parkering forbudt"}, "vegsystem": "KV4920 S1D1 m102", "mor": [1027277186]}, "geometry": {"type": "Point", "coordinates": [5.31827511, 60.3899387]}}, {"type": "Feature", "properties": {"nvdb_id": 1027270542, "skiltnummer": "372 - Parkering forbudt", "tekst": null, "kategori": "forbud", "egenskaper": {"Geometri, punkt": "POINT(-32284.311741139623 6734092.10054597)", "Ansiktsside, rettet mot": "Tosidig", "Skiltnummer": "372 - Parkering forbudt"}, "vegsystem": "KV4945 S1D1 m172", "mor": [1027270543]}, "geometry": {"type": "Point", "coordinates": [5.31940561, 60.3901118]}}, {"type": "Feature", "properties": {"nvdb_id": 1027277114, "skiltnummer": "807.6 - Symbol, sykkel og liten elektrisk motorvogn", "tekst": null, "kategori": "parkering", "egenskaper": {"Geometri, punkt": "POINT(-32365.66545399942 6734094.167915366)", "Ansiktsside, rettet mot": "Trafikk mot metreringsretning", "Skiltnummer": "807.6 - Symbol, sykkel og liten elektrisk motorvogn"}, "vegsystem": "KV4920 S1D1 m82", "mor": [1027277118]}, "geometry": {"type": "Point", "coordinates": [5.31794522, 60.3900233]}}, {"type": "Feature", "properties": {"nvdb_id": 1027270110, "skiltnummer": "372 - Parkering forbudt", "tekst": null, "kategori": "forbud", "egenskaper": {"Geometri, punkt": "POINT(-32165.29179027246 6734095.815868645)", "Ansiktsside, rettet mot": "Tosidig", "Skiltnummer": "372 - Parkering forbudt"}, "vegsystem": "KV5159 S1D1 m49", "mor": [1027270112]}, "geometry": {"type": "Point", "coordinates": [5.32152431, 60.3903009]}}, {"type": "Feature", "properties": {"nvdb_id": 1027266066, "skiltnummer": "372 - Parkering forbudt", "tekst": null, "kategori": "forbud", "egenskaper": {"Geometri, punkt": "POINT(-32347.743404522655 6734097.0005743345)", "Ansiktsside, rettet mot": "Tosidig", "Skiltnummer": "372 - Parkering forbudt"}, "vegsystem": "KV4760 S1D1 m226", "mor": [1027266068]}, "geometry": {"type": "Point", "coordinates": [5.31825822, 60.3900719]}}, {"type": "Feature", "properties": {"nvdb_id": 1027277126, "skiltnummer": "807.6 - Symbol, sykkel og liten elektrisk motorvogn", "tekst": null, "kategori": "parkering", "egenskaper": {"Geometri, punkt": "POINT(-32358.649698914494 6734101.544586061)", "Ansiktsside, rettet mot": "Trafikk mot metreringsretning", "Skiltnummer": "807.6 - Symbol, sykkel og liten elektrisk motorvogn"}, "vegsystem": "KV4920 S1D1 m83", "mor": [1027277123]}, "geometry": {"type": "Point", "coordinates": [5.31805111, 60.3900978]}}, {"type": "Feature", "properties": {"nvdb_id": 1027221162, "skiltnummer": "372 - Parkering forbudt", "tekst": null, "kategori": "forbud", "egenskaper": {"Geometri, punkt": "POINT(-31184.66973355785 6734105.622051146)", "Ansiktsside, rettet mot": "Tosidig", "Skiltnummer": "372 - Parkering forbudt"}, "vegsystem": "KV4426 S1D1 m80", "mor": [1027221164]}, "geometry": {"type": "Point", "coordinates": [5.3390367, 60.3916735]}}, {"type": "Feature", "properties": {"nvdb_id": 1027221167, "skiltnummer": "372 - Parkering forbudt", "tekst": null, "kategori": "forbud", "egenskaper": {"Geometri, punkt": "POINT(-31160.003620811156 6734107.123176566)", "Ansiktsside, rettet mot": "Tosidig", "Skiltnummer": "372 - Parkering forbudt"}, "vegsystem": "KV4426 S1D1 m110", "mor": [1027221165]}, "geometry": {"type": "Point", "coordinates": [5.3394739, 60.3917191]}}, {"type": "Feature", "properties": {"nvdb_id": 1027276940, "skiltnummer": "372 - Parkering forbudt", "tekst": null, "kategori": "forbud", "egenskaper": {"Geometri, punkt": "POINT(-32381.06236387568 6734106.134569369)", "Ansiktsside, rettet mot": "Trafikk i metreringsretning", "Skiltnummer": "372 - Parkering forbudt"}, "vegsystem": "KV4920 S1D1 m62", "mor": [1027276941]}, "geometry": {"type": "Point", "coordinates": [5.31763812, 60.390109]}}, {"type": "Feature", "properties": {"nvdb_id": 219547990, "skiltnummer": "808.545 - Varetransport tillatt/tillete (tidsrom)", "tekst": null, "kategori": "parkering", "egenskaper": {"Geometri, punkt": "POINT Z (-32100.3857449917 6734106.5386095 5.69)", "Ansiktsside, rettet mot": "Trafikk i metreringsretning", "Skiltnummer": "808.545 - Varetransport tillatt/tillete (tidsrom)", "Belysning": "Ingen"}, "vegsystem": "FV5334 S1D1 m23", "mor": [219547988]}, "geometry": {"type": "Point", "coordinates": [5.32265667, 60.39048098]}}, {"type": "Feature", "properties": {"nvdb_id": 1027277945, "skiltnummer": "372 - Parkering forbudt", "tekst": null, "kategori": "forbud", "egenskaper": {"Geometri, punkt": "POINT(-32504.85645014106 6734111.789192375)", "Ansiktsside, rettet mot": "Parallelt mot veg", "Skiltnummer": "372 - Parkering forbudt"}, "vegsystem": "KV3011 S1D1 m8", "mor": [1027277948]}, "geometry": {"type": "Point", "coordinates": [5.31540922, 60.3899965]}}, {"type": "Feature", "properties": {"nvdb_id": 1027266134, "skiltnummer": "372 - Parkering forbudt", "tekst": null, "kategori": "forbud", "egenskaper": {"Geometri, punkt": "POINT(-32340.467211602256 6734107.82985152)", "Ansiktsside, rettet mot": "Trafikk mot metreringsretning", "Skiltnummer": "372 - Parkering forbudt"}, "vegsystem": "KV4760 S1D1 m213", "mor": [1027266131]}, "geometry": {"type": "Point", "coordinates": [5.31835962, 60.3901773]}}, {"type": "Feature", "properties": {"nvdb_id": 1027270114, "skiltnummer": "372 - Parkering forbudt", "tekst": null, "kategori": "forbud", "egenskaper": {"Geometri, punkt": "POINT(-32153.281114781974 6734113.163010788)", "Ansiktsside, rettet mot": "Tosidig", "Skiltnummer": "372 - Parkering forbudt"}, "vegsystem": "KV5159 S1D1 m28", "mor": [1027270117]}, "geometry": {"type": "Point", "coordinates": [5.32169311, 60.3904702]}}, {"type": "Feature", "properties": {"nvdb_id": 1027219458, "skiltnummer": "376.1 - Parkeringssone", "tekst": null, "kategori": "forbud", "egenskaper": {"Geometri, punkt": "POINT(-31466.69368662883 6734113.605043327)", "Ansiktsside, rettet mot": "Trafikk i metreringsretning", "Skiltnummer": "376.1 - Parkeringssone"}, "vegsystem": "KV4910 S1D1 m10", "mor": [1027219461]}, "geometry": {"type": "Point", "coordinates": [5.3339714, 60.3913746]}}, {"type": "Feature", "properties": {"nvdb_id": 1027276944, "skiltnummer": "372 - Parkering forbudt", "tekst": null, "kategori": "forbud", "egenskaper": {"Geometri, punkt": "POINT(-32392.498155185836 6734114.497024403)", "Ansiktsside, rettet mot": "Tosidig", "Skiltnummer": "372 - Parkering forbudt"}, "vegsystem": "KV4920 S1D1 m48", "mor": [1027276946]}, "geometry": {"type": "Point", "coordinates": [5.31741142, 60.390168]}}, {"type": "Feature", "properties": {"nvdb_id": 82648237, "skiltnummer": "806 - Tid", "tekst": null, "kategori": "parkering", "egenskaper": {"Geometri, punkt": "POINT Z (-31476.5809086539 6734117.40717766 8.906)", "Ansiktsside, rettet mot": "Trafikk i metreringsretning", "Skiltnummer": "806 - Tid", "Belysning": "Ingen"}, "vegsystem": "FV585 S1D1 m7718", "mor": [82648243]}, "geometry": {"type": "Point", "coordinates": [5.3337845, 60.39139529]}}, {"type": "Feature", "properties": {"nvdb_id": 1027197462, "skiltnummer": "372 - Parkering forbudt", "tekst": null, "kategori": "forbud", "egenskaper": {"Geometri, punkt": "POINT(-31692.699228238547 6734116.417280949)", "Ansiktsside, rettet mot": "Tosidig", "Skiltnummer": "372 - Parkering forbudt"}, "vegsystem": "KV4518 S1D1 m13", "mor": [1027197463]}, "geometry": {"type": "Point", "coordinates": [5.32992181, 60.3911032]}}, {"type": "Feature", "properties": {"nvdb_id": 1027270533, "skiltnummer": "376.1 - Parkeringssone", "tekst": "08 - 23 (08 - 17) Med p-kort eller ved parkometer", "kategori": "boligsone", "egenskaper": {"Geometri, punkt": "POINT(-32257.602873067604 6734116.441870329)", "Ansiktsside, rettet mot": "Trafikk i metreringsretning", "Skiltnummer": "376.1 - Parkeringssone", "Tekst": "08 - 23 (08 - 17) Med p-kort eller ved parkometer"}, "vegsystem": "KV4945 S1D1 m139", "mor": [1027270536]}, "geometry": {"type": "Point", "coordinates": [5.31981871, 60.3903623]}}, {"type": "Feature", "properties": {"nvdb_id": 1027219468, "skiltnummer": "376.1 - Parkeringssone", "tekst": null, "kategori": "forbud", "egenskaper": {"Geometri, punkt": "POINT(-31469.741002331604 6734119.569675624)", "Ansiktsside, rettet mot": "Tosidig", "Skiltnummer": "376.1 - Parkeringssone"}, "vegsystem": "KV4910 S1D1 m11", "mor": [1027219473]}, "geometry": {"type": "Point", "coordinates": [5.33390111, 60.3914234]}}, {"type": "Feature", "properties": {"nvdb_id": 1027219465, "skiltnummer": "372 - Parkering forbudt", "tekst": null, "kategori": "forbud", "egenskaper": {"Geometri, punkt": "POINT(-31468.057335684774 6734120.291968836)", "Ansiktsside, rettet mot": "Tosidig", "Skiltnummer": "372 - Parkering forbudt"}, "vegsystem": "KV4910 S1D1 m12", "mor": [1027219467]}, "geometry": {"type": "Point", "coordinates": [5.33392931, 60.391432]}}, {"type": "Feature", "properties": {"nvdb_id": 1027265902, "skiltnummer": "372 - Parkering forbudt", "tekst": null, "kategori": "forbud", "egenskaper": {"Geometri, punkt": "POINT(-31999.41755348863 6734118.462311694)", "Ansiktsside, rettet mot": "Parallelt mot veg", "Skiltnummer": "372 - Parkering forbudt"}, "vegsystem": "KV4823 S1D1 m122", "mor": [1027265903]}, "geometry": {"type": "Point", "coordinates": [5.3244308, 60.39071899]}}, {"type": "Feature", "properties": {"nvdb_id": 82514884, "skiltnummer": "372 - Parkering forbudt", "tekst": null, "kategori": "forbud", "egenskaper": {"Geometri, punkt": "POINT Z (-32248.6153671268 6734119.79295311 6.05)", "Ansiktsside, rettet mot": "Trafikk i metreringsretning", "Skiltform": "Plan", "Skiltnummer": "372 - Parkering forbudt", "Belysning": "Ingen", "Størrelse": "Liten størrelse"}, "vegsystem": "FV5350 S1D1 m263", "mor": [82514887]}, "geometry": {"type": "Point", "coordinates": [5.31997056, 60.39040376]}}, {"type": "Feature", "properties": {"nvdb_id": 219547973, "skiltnummer": "372 - Parkering forbudt", "tekst": null, "kategori": "forbud", "egenskaper": {"Geometri, punkt": "POINT Z (-32248.6153671268 6734119.79295311 6.05)", "Ansiktsside, rettet mot": "Trafikk mot metreringsretning", "Skiltform": "Plan", "Skiltnummer": "372 - Parkering forbudt", "Belysning": "Ingen", "Størrelse": "Liten størrelse"}, "vegsystem": "FV5350 S1D1 m263", "mor": [82514887]}, "geometry": {"type": "Point", "coordinates": [5.31997056, 60.39040376]}}, {"type": "Feature", "properties": {"nvdb_id": 1027270521, "skiltnummer": "376.1 - Parkeringssone", "tekst": "08 - 23 (08 - 17) Med p-kort eller ved parkometer", "kategori": "boligsone", "egenskaper": {"Geometri, punkt": "POINT(-32263.8221350736 6734121.409030649)", "Ansiktsside, rettet mot": "Trafikk i metreringsretning", "Skiltnummer": "376.1 - Parkeringssone", "Tekst": "08 - 23 (08 - 17) Med p-kort eller ved parkometer"}, "vegsystem": "KV4945 S1D1 m139", "mor": [1027270524]}, "geometry": {"type": "Point", "coordinates": [5.31969432, 60.3903981]}}, {"type": "Feature", "properties": {"nvdb_id": 1027222744, "skiltnummer": "372 - Parkering forbudt", "tekst": null, "kategori": "forbud", "egenskaper": {"Geometri, punkt": "POINT(-31058.033895916305 6734120.35648755)", "Ansiktsside, rettet mot": "Tosidig", "Skiltnummer": "372 - Parkering forbudt"}, "vegsystem": "KV4881 S1D1 m1238", "mor": [1027222743]}, "geometry": {"type": "Point", "coordinates": [5.3412627, 60.39196979]}}, {"type": "Feature", "properties": {"nvdb_id": 1027276948, "skiltnummer": "807.6 - Symbol, sykkel og liten elektrisk motorvogn", "tekst": null, "kategori": "parkering", "egenskaper": {"Geometri, punkt": "POINT(-32405.285264321254 6734122.834017099)", "Ansiktsside, rettet mot": "Parallelt mot veg", "Skiltnummer": "807.6 - Symbol, sykkel og liten elektrisk motorvogn"}, "vegsystem": "KV4920 S1D1 m33", "mor": [1027276952]}, "geometry": {"type": "Point", "coordinates": [5.31716062, 60.390225]}}, {"type": "Feature", "properties": {"nvdb_id": 1027276930, "skiltnummer": "372 - Parkering forbudt", "tekst": null, "kategori": "forbud", "egenskaper": {"Geometri, punkt": "POINT(-32393.631119012483 6734126.573653677)", "Ansiktsside, rettet mot": "Tosidig", "Skiltnummer": "372 - Parkering forbudt"}, "vegsystem": "KV4920 S1D1 m40", "mor": [1027276932]}, "geometry": {"type": "Point", "coordinates": [5.31735912, 60.3902734]}}, {"type": "Feature", "properties": {"nvdb_id": 1027219486, "skiltnummer": "552 - Parkering", "tekst": null, "kategori": "parkering", "egenskaper": {"Geometri, punkt": "POINT(-31458.936044233735 6734128.386291501)", "Ansiktsside, rettet mot": "Tosidig", "Skiltnummer": "552 - Parkering"}, "vegsystem": "KV4910 S1D1 m25", "mor": [1027219491]}, "geometry": {"type": "Point", "coordinates": [5.33407101, 60.3915156]}}, {"type": "Feature", "properties": {"nvdb_id": 1027219488, "skiltnummer": "807.8 - Symbol, forflytningshemmede med parkeringstillatelse", "tekst": null, "kategori": "parkering", "egenskaper": {"Geometri, punkt": "POINT(-31458.936044233735 6734128.386291501)", "Ansiktsside, rettet mot": "Tosidig", "Skiltnummer": "807.8 - Symbol, forflytningshemmede med parkeringstillatelse"}, "vegsystem": "KV4910 S1D1 m25", "mor": [1027219491]}, "geometry": {"type": "Point", "coordinates": [5.33407101, 60.3915156]}}, {"type": "Feature", "properties": {"nvdb_id": 1027197416, "skiltnummer": "808 - Underskilt med annen tekst", "tekst": null, "kategori": "parkering", "egenskaper": {"Geometri, punkt": "POINT(-31698.82950888772 6734129.007632928)", "Ansiktsside, rettet mot": "Parallelt mot veg", "Skiltnummer": "808 - Underskilt med annen tekst"}, "vegsystem": "KV4518 S1D1 m19", "mor": [1027197420]}, "geometry": {"type": "Point", "coordinates": [5.3297788, 60.3912066]}}, {"type": "Feature", "properties": {"nvdb_id": 1027197418, "skiltnummer": "552 - Parkering", "tekst": null, "kategori": "parkering", "egenskaper": {"Geometri, punkt": "POINT(-31698.82950888772 6734129.007632928)", "Ansiktsside, rettet mot": "Parallelt mot veg", "Skiltnummer": "552 - Parkering"}, "vegsystem": "KV4518 S1D1 m19", "mor": [1027197420]}, "geometry": {"type": "Point", "coordinates": [5.3297788, 60.3912066]}}, {"type": "Feature", "properties": {"nvdb_id": 1027222738, "skiltnummer": "372 - Parkering forbudt", "tekst": null, "kategori": "forbud", "egenskaper": {"Geometri, punkt": "POINT(-31055.19629223377 6734126.195501911)", "Ansiktsside, rettet mot": "Tosidig", "Skiltnummer": "372 - Parkering forbudt"}, "vegsystem": "KV4881 S1D1 m1241", "mor": [1027222741]}, "geometry": {"type": "Point", "coordinates": [5.34129801, 60.3920252]}}, {"type": "Feature", "properties": {"nvdb_id": 1027270133, "skiltnummer": "807.8 - Symbol, forflytningshemmede med parkeringstillatelse", "tekst": null, "kategori": "parkering", "egenskaper": {"Geometri, punkt": "POINT(-32143.7275459104 6734124.649130666)", "Ansiktsside, rettet mot": "Tosidig", "Skiltnummer": "807.8 - Symbol, forflytningshemmede med parkeringstillatelse"}, "vegsystem": "KV5159 S1D1 m13", "mor": [1027270137]}, "geometry": {"type": "Point", "coordinates": [5.3218335, 60.3905844]}}, {"type": "Feature", "properties": {"nvdb_id": 1027270135, "skiltnummer": "552 - Parkering", "tekst": null, "kategori": "parkering", "egenskaper": {"Geometri, punkt": "POINT(-32143.7275459104 6734124.649130666)", "Ansiktsside, rettet mot": "Tosidig", "Skiltnummer": "552 - Parkering"}, "vegsystem": "KV5159 S1D1 m13", "mor": [1027270137]}, "geometry": {"type": "Point", "coordinates": [5.3218335, 60.3905844]}}, {"type": "Feature", "properties": {"nvdb_id": 1027219481, "skiltnummer": "807.8 - Symbol, forflytningshemmede med parkeringstillatelse", "tekst": null, "kategori": "parkering", "egenskaper": {"Geometri, punkt": "POINT(-31454.559697840712 6734130.754769002)", "Ansiktsside, rettet mot": "Trafikk i metreringsretning", "Skiltnummer": "807.8 - Symbol, forflytningshemmede med parkeringstillatelse"}, "vegsystem": "KV4910 S1D1 m29", "mor": [1027219485]}, "geometry": {"type": "Point", "coordinates": [5.334143, 60.3915423]}}, {"type": "Feature", "properties": {"nvdb_id": 1027219483, "skiltnummer": "552 - Parkering", "tekst": null, "kategori": "parkering", "egenskaper": {"Geometri, punkt": "POINT(-31454.559697840712 6734130.754769002)", "Ansiktsside, rettet mot": "Trafikk i metreringsretning", "Skiltnummer": "552 - Parkering"}, "vegsystem": "KV4910 S1D1 m29", "mor": [1027219485]}, "geometry": {"type": "Point", "coordinates": [5.334143, 60.3915423]}}, {"type": "Feature", "properties": {"nvdb_id": 1027270035, "skiltnummer": "372 - Parkering forbudt", "tekst": null, "kategori": "forbud", "egenskaper": {"Geometri, punkt": "POINT(-32148.896486809244 6734135.493631281)", "Ansiktsside, rettet mot": "Tosidig", "Skiltnummer": "372 - Parkering forbudt"}, "vegsystem": "KV5159 S1D1 m8", "mor": [1027270034]}, "geometry": {"type": "Point", "coordinates": [5.32171232, 60.3906736]}}, {"type": "Feature", "properties": {"nvdb_id": 1027270044, "skiltnummer": "807.6 - Symbol, sykkel og liten elektrisk motorvogn", "tekst": null, "kategori": "parkering", "egenskaper": {"Geometri, punkt": "POINT(-32140.61182625871 6734133.406567535)", "Ansiktsside, rettet mot": "Parallelt mot veg", "Skiltnummer": "807.6 - Symbol, sykkel og liten elektrisk motorvogn"}, "vegsystem": "KV5159 S1D1 m4", "mor": [1027270047]}, "geometry": {"type": "Point", "coordinates": [5.32186601, 60.390666]}}, {"type": "Feature", "properties": {"nvdb_id": 1027266127, "skiltnummer": "372 - Parkering forbudt", "tekst": null, "kategori": "forbud", "egenskaper": {"Geometri, punkt": "POINT(-32317.230957340682 6734135.408800319)", "Ansiktsside, rettet mot": "Tosidig", "Skiltnummer": "372 - Parkering forbudt"}, "vegsystem": "KV4760 S1D1 m177", "mor": [1027266129]}, "geometry": {"type": "Point", "coordinates": [5.31870201, 60.3904519]}}, {"type": "Feature", "properties": {"nvdb_id": 1027222760, "skiltnummer": "808 - Underskilt med annen tekst", "tekst": null, "kategori": "parkering", "egenskaper": {"Geometri, punkt": "POINT(-31065.400806653197 6734138.619017804)", "Ansiktsside, rettet mot": "Tosidig", "Skiltnummer": "808 - Underskilt med annen tekst"}, "vegsystem": "KV4881 S1D1 m1257", "mor": [1027222765]}, "geometry": {"type": "Point", "coordinates": [5.3410826, 60.3921218]}}, {"type": "Feature", "properties": {"nvdb_id": 1027222763, "skiltnummer": "552 - Parkering", "tekst": null, "kategori": "parkering", "egenskaper": {"Geometri, punkt": "POINT(-31065.400806653197 6734138.619017804)", "Ansiktsside, rettet mot": "Tosidig", "Skiltnummer": "552 - Parkering"}, "vegsystem": "KV4881 S1D1 m1257", "mor": [1027222765]}, "geometry": {"type": "Point", "coordinates": [5.3410826, 60.3921218]}}, {"type": "Feature", "properties": {"nvdb_id": 1027276902, "skiltnummer": "807.6 - Symbol, sykkel og liten elektrisk motorvogn", "tekst": null, "kategori": "parkering", "egenskaper": {"Geometri, punkt": "POINT(-32394.625925051863 6734136.528279602)", "Ansiktsside, rettet mot": "Trafikk mot metreringsretning", "Skiltnummer": "807.6 - Symbol, sykkel og liten elektrisk motorvogn"}, "vegsystem": "KV5063 S2D1 m81", "mor": [1027276904]}, "geometry": {"type": "Point", "coordinates": [5.31731491, 60.39036019]}}, {"type": "Feature", "properties": {"nvdb_id": 1027276916, "skiltnummer": "807.6 - Symbol, sykkel og liten elektrisk motorvogn", "tekst": null, "kategori": "parkering", "egenskaper": {"Geometri, punkt": "POINT(-32402.42173677811 6734141.119469609)", "Ansiktsside, rettet mot": "Trafikk mot metreringsretning", "Skiltnummer": "807.6 - Symbol, sykkel og liten elektrisk motorvogn"}, "vegsystem": "KV5063 S2D1 m82", "mor": [1027276920]}, "geometry": {"type": "Point", "coordinates": [5.31716331, 60.39039059]}}, {"type": "Feature", "properties": {"nvdb_id": 1027276896, "skiltnummer": "808 - Underskilt med annen tekst", "tekst": "Reservert bildeling med gyldig tillatelse", "kategori": "parkering", "egenskaper": {"Geometri, punkt": "POINT(-32397.955928889103 6734147.665405299)", "Ansiktsside, rettet mot": "Trafikk i metreringsretning", "Skiltnummer": "808 - Underskilt med annen tekst", "Tekst": "Reservert bildeling med gyldig tillatelse"}, "vegsystem": "KV5063 S2D1 m74", "mor": [1027276900]}, "geometry": {"type": "Point", "coordinates": [5.31722581, 60.39045439]}}, {"type": "Feature", "properties": {"nvdb_id": 1027276898, "skiltnummer": "552 - Parkering", "tekst": null, "kategori": "parkering", "egenskaper": {"Geometri, punkt": "POINT(-32397.955928889103 6734147.665405299)", "Ansiktsside, rettet mot": "Trafikk i metreringsretning", "Skiltnummer": "552 - Parkering"}, "vegsystem": "KV5063 S2D1 m74", "mor": [1027276900]}, "geometry": {"type": "Point", "coordinates": [5.31722581, 60.39045439]}}, {"type": "Feature", "properties": {"nvdb_id": 1027270801, "skiltnummer": "372 - Parkering forbudt", "tekst": null, "kategori": "forbud", "egenskaper": {"Geometri, punkt": "POINT(-32236.45231452817 6734146.929136554)", "Ansiktsside, rettet mot": "Tosidig", "Skiltnummer": "372 - Parkering forbudt"}, "vegsystem": "KV4945 S1D1 m102", "mor": [1027270803]}, "geometry": {"type": "Point", "coordinates": [5.32011612, 60.3906599]}}, {"type": "Feature", "properties": {"nvdb_id": 1027270013, "skiltnummer": "807.6 - Symbol, sykkel og liten elektrisk motorvogn", "tekst": null, "kategori": "parkering", "egenskaper": {"Geometri, punkt": "POINT(-32156.76549254579 6734147.13394389)", "Ansiktsside, rettet mot": "Trafikk mot metreringsretning", "Skiltnummer": "807.6 - Symbol, sykkel og liten elektrisk motorvogn"}, "vegsystem": "KV4815 S2D1 m129", "mor": [1027270017]}, "geometry": {"type": "Point", "coordinates": [5.32154072, 60.3907663]}}, {"type": "Feature", "properties": {"nvdb_id": 1027270019, "skiltnummer": "807.6 - Symbol, sykkel og liten elektrisk motorvogn", "tekst": null, "kategori": "parkering", "egenskaper": {"Geometri, punkt": "POINT(-32153.301016097656 6734151.79486736)", "Ansiktsside, rettet mot": "Trafikk mot metreringsretning", "Skiltnummer": "807.6 - Symbol, sykkel og liten elektrisk motorvogn"}, "vegsystem": "KV4815 S2D1 m129", "mor": [1027270023]}, "geometry": {"type": "Point", "coordinates": [5.32159031, 60.3908121]}}, {"type": "Feature", "properties": {"nvdb_id": 1021019485, "skiltnummer": "372 - Parkering forbudt", "tekst": null, "kategori": "forbud", "egenskaper": {"Geometri, punkt": "POINT(-32011.624226457672 6734187.1348297605)", "Ansiktsside, rettet mot": "Parallelt mot veg", "Skiltnummer": "372 - Parkering forbudt"}, "vegsystem": "KV4823 S1D1 m71", "mor": [1021019484]}, "geometry": {"type": "Point", "coordinates": [5.32403044, 60.3913108]}}, {"type": "Feature", "properties": {"nvdb_id": 1027195881, "skiltnummer": "808.351 - Gjelder/Gjeld (snuplassen, torget o.l.)", "tekst": null, "kategori": "parkering", "egenskaper": {"Geometri, punkt": "POINT(-31326.256971929455 6734151.966757277)", "Ansiktsside, rettet mot": "Parallelt mot veg", "Skiltnummer": "808.351 - Gjelder/Gjeld (snuplassen, torget o.l.)"}, "vegsystem": "KV4711 S1D1 m209", "mor": [1027195884]}, "geometry": {"type": "Point", "coordinates": [5.3363816, 60.3918982]}}, {"type": "Feature", "properties": {"nvdb_id": 1027195882, "skiltnummer": "372 - Parkering forbudt", "tekst": null, "kategori": "forbud", "egenskaper": {"Geometri, punkt": "POINT(-31326.256971929455 6734151.966757277)", "Ansiktsside, rettet mot": "Parallelt mot veg", "Skiltnummer": "372 - Parkering forbudt"}, "vegsystem": "KV4711 S1D1 m209", "mor": [1027195884]}, "geometry": {"type": "Point", "coordinates": [5.3363816, 60.3918982]}}, {"type": "Feature", "properties": {"nvdb_id": 1027219507, "skiltnummer": "372 - Parkering forbudt", "tekst": null, "kategori": "forbud", "egenskaper": {"Geometri, punkt": "POINT(-31403.9842825596 6734152.945318656)", "Ansiktsside, rettet mot": "Tosidig", "Skiltnummer": "372 - Parkering forbudt"}, "vegsystem": "KV4910 S1D1 m84", "mor": [1027219509]}, "geometry": {"type": "Point", "coordinates": [5.33498881, 60.391805]}}, {"type": "Feature", "properties": {"nvdb_id": 557338151, "skiltnummer": "372 - Parkering forbudt", "tekst": null, "kategori": "forbud", "egenskaper": {"Geometri, punkt": "POINT Z (-32118.9436694466 6734157.42639182 7.075)", "Ansiktsside, rettet mot": "Tosidig", "Skiltnummer": "372 - Parkering forbudt", "Belysning": "Ingen"}, "vegsystem": "FV5334 S1D1 m76", "mor": [557338150]}, "geometry": {"type": "Point", "coordinates": [5.32218984, 60.39090703]}}, {"type": "Feature", "properties": {"nvdb_id": 1027219535, "skiltnummer": "372 - Parkering forbudt", "tekst": null, "kategori": "forbud", "egenskaper": {"Geometri, punkt": "POINT(-31478.41661330487 6734153.448861166)", "Ansiktsside, rettet mot": "Tosidig", "Skiltnummer": "372 - Parkering forbudt"}, "vegsystem": "KV4428 S1D1 m24", "mor": [1027219537]}, "geometry": {"type": "Point", "coordinates": [5.3336562, 60.3917119]}}, {"type": "Feature", "properties": {"nvdb_id": 1027219498, "skiltnummer": "808 - Underskilt med annen tekst", "tekst": "Gjelder plassen", "kategori": "parkering", "egenskaper": {"Geometri, punkt": "POINT(-31399.029047841672 6734153.5221581245)", "Ansiktsside, rettet mot": "Parallelt mot veg", "Skiltnummer": "808 - Underskilt med annen tekst", "Tekst": "Gjelder plassen"}, "vegsystem": "KV4910 S1D1 m86", "mor": [1027219501]}, "geometry": {"type": "Point", "coordinates": [5.33507591, 60.3918166]}}, {"type": "Feature", "properties": {"nvdb_id": 1027219499, "skiltnummer": "372 - Parkering forbudt", "tekst": null, "kategori": "forbud", "egenskaper": {"Geometri, punkt": "POINT(-31399.029047841672 6734153.5221581245)", "Ansiktsside, rettet mot": "Parallelt mot veg", "Skiltnummer": "372 - Parkering forbudt"}, "vegsystem": "KV4910 S1D1 m86", "mor": [1027219501]}, "geometry": {"type": "Point", "coordinates": [5.33507591, 60.3918166]}}, {"type": "Feature", "properties": {"nvdb_id": 1027266172, "skiltnummer": "376.1 - Parkeringssone", "tekst": "08 - 23 (08 - 17) Med p-kort eller ved parkometer", "kategori": "boligsone", "egenskaper": {"Geometri, punkt": "POINT(-32304.55659757706 6734153.719184371)", "Ansiktsside, rettet mot": "Trafikk i metreringsretning", "Skiltnummer": "376.1 - Parkeringssone", "Tekst": "08 - 23 (08 - 17) Med p-kort eller ved parkometer"}, "vegsystem": "KV4760 S1D1 m154", "mor": [1027266179]}, "geometry": {"type": "Point", "coordinates": [5.31888011, 60.3906306]}}, {"type": "Feature", "properties": {"nvdb_id": 1027266116, "skiltnummer": "376.1 - Parkeringssone", "tekst": "08 - 23 (08 - 17) Med p-kort eller ved parkometer", "kategori": "boligsone", "egenskaper": {"Geometri, punkt": "POINT(-32312.713197601726 6734159.798580796)", "Ansiktsside, rettet mot": "Trafikk i metreringsretning", "Skiltnummer": "376.1 - Parkeringssone", "Tekst": "08 - 23 (08 - 17) Med p-kort eller ved parkometer"}, "vegsystem": "KV4760 S1D1 m155", "mor": [1027266122]}, "geometry": {"type": "Point", "coordinates": [5.31871812, 60.3906737]}}, {"type": "Feature", "properties": {"nvdb_id": 1027266120, "skiltnummer": "372 - Parkering forbudt", "tekst": null, "kategori": "forbud", "egenskaper": {"Geometri, punkt": "POINT(-32312.713197601726 6734159.798580796)", "Ansiktsside, rettet mot": "Tosidig", "Skiltnummer": "372 - Parkering forbudt"}, "vegsystem": "KV4760 S1D1 m155", "mor": [1027266122]}, "geometry": {"type": "Point", "coordinates": [5.31871812, 60.3906737]}}, {"type": "Feature", "properties": {"nvdb_id": 82514929, "skiltnummer": "372 - Parkering forbudt", "tekst": null, "kategori": "forbud", "egenskaper": {"Geometri, punkt": "POINT Z (-32296.2403671268 6734156.94045311 7.019)", "Ansiktsside, rettet mot": "Trafikk i metreringsretning", "Skiltform": "Plan", "Skiltnummer": "372 - Parkering forbudt", "Belysning": "Ingen", "Størrelse": "Liten størrelse"}, "vegsystem": "FV5350 S1D1 m203", "mor": [82514935]}, "geometry": {"type": "Point", "coordinates": [5.31902031, 60.39067002]}}, {"type": "Feature", "properties": {"nvdb_id": 1027196279, "skiltnummer": "372 - Parkering forbudt", "tekst": null, "kategori": "forbud", "egenskaper": {"Geometri, punkt": "POINT(-31318.463823038503 6734157.286656424)", "Ansiktsside, rettet mot": "Tosidig", "Skiltnummer": "372 - Parkering forbudt"}, "vegsystem": "KV4349 S1D1 m525", "mor": [1027196281]}, "geometry": {"type": "Point", "coordinates": [5.3365069, 60.3919555]}}, {"type": "Feature", "properties": {"nvdb_id": 1027265112, "skiltnummer": "807.6 - Symbol, sykkel og liten elektrisk motorvogn", "tekst": null, "kategori": "parkering", "egenskaper": {"Geometri, punkt": "POINT(-32120.94554433471 6734158.11497636)", "Ansiktsside, rettet mot": "Trafikk i metreringsretning", "Skiltnummer": "807.6 - Symbol, sykkel og liten elektrisk motorvogn"}, "vegsystem": "KV5110 S1D1 m6", "mor": [1027265111]}, "geometry": {"type": "Point", "coordinates": [5.3221522, 60.3909105]}}, {"type": "Feature", "properties": {"nvdb_id": 1027219531, "skiltnummer": "372 - Parkering forbudt", "tekst": null, "kategori": "forbud", "egenskaper": {"Geometri, punkt": "POINT(-31482.177105951705 6734163.507291164)", "Ansiktsside, rettet mot": "Tosidig", "Skiltnummer": "372 - Parkering forbudt"}, "vegsystem": "KV4428 S1D1 m26", "mor": [1027219533]}, "geometry": {"type": "Point", "coordinates": [5.33356231, 60.391796]}}, {"type": "Feature", "properties": {"nvdb_id": 1027270795, "skiltnummer": "552 - Parkering", "tekst": null, "kategori": "parkering", "egenskaper": {"Geometri, punkt": "POINT(-32228.347443885636 6734159.691962923)", "Ansiktsside, rettet mot": "Tosidig", "Skiltnummer": "552 - Parkering"}, "vegsystem": "KV4945 S1D1 m87", "mor": [1027270798]}, "geometry": {"type": "Point", "coordinates": [5.32022722, 60.3907835]}}, {"type": "Feature", "properties": {"nvdb_id": 1027270797, "skiltnummer": "807.8 - Symbol, forflytningshemmede med parkeringstillatelse", "tekst": null, "kategori": "parkering", "egenskaper": {"Geometri, punkt": "POINT(-32228.347443885636 6734159.691962923)", "Ansiktsside, rettet mot": "Tosidig", "Skiltnummer": "807.8 - Symbol, forflytningshemmede med parkeringstillatelse"}, "vegsystem": "KV4945 S1D1 m87", "mor": [1027270798]}, "geometry": {"type": "Point", "coordinates": [5.32022722, 60.3907835]}}, {"type": "Feature", "properties": {"nvdb_id": 1027269994, "skiltnummer": "808 - Underskilt med annen tekst", "tekst": "Øvring tid", "kategori": "parkering", "egenskaper": {"Geometri, punkt": "POINT(-32178.512414027355 6734159.792683421)", "Ansiktsside, rettet mot": "Tosidig", "Skiltnummer": "808 - Underskilt med annen tekst", "Tekst": "Øvring tid"}, "vegsystem": "KV4815 S2D1 m103", "mor": [1027270001]}, "geometry": {"type": "Point", "coordinates": [5.32111822, 60.3908498]}}, {"type": "Feature", "properties": {"nvdb_id": 1027269997, "skiltnummer": "806 - Tid", "tekst": "15 - 23 (15 - 23) Maks 1 timer mot avgift", "kategori": "parkering", "egenskaper": {"Geometri, punkt": "POINT(-32178.512414027355 6734159.792683421)", "Ansiktsside, rettet mot": "Tosidig", "Skiltnummer": "806 - Tid", "Tekst": "15 - 23 (15 - 23) Maks 1 timer mot avgift"}, "vegsystem": "KV4815 S2D1 m103", "mor": [1027270001]}, "geometry": {"type": "Point", "coordinates": [5.32111822, 60.3908498]}}, {"type": "Feature", "properties": {"nvdb_id": 1027269999, "skiltnummer": "552 - Parkering", "tekst": null, "kategori": "parkering", "egenskaper": {"Geometri, punkt": "POINT(-32178.512414027355 6734159.792683421)", "Ansiktsside, rettet mot": "Tosidig", "Skiltnummer": "552 - Parkering"}, "vegsystem": "KV4815 S2D1 m103", "mor": [1027270001]}, "geometry": {"type": "Point", "coordinates": [5.32111822, 60.3908498]}}, {"type": "Feature", "properties": {"nvdb_id": 1027197354, "skiltnummer": "552 - Parkering", "tekst": null, "kategori": "parkering", "egenskaper": {"Geometri, punkt": "POINT(-31743.985854715458 6734161.491275231)", "Ansiktsside, rettet mot": "Tosidig", "Skiltnummer": "552 - Parkering"}, "vegsystem": "KV4893 S1D1 m118", "mor": [1027197358]}, "geometry": {"type": "Point", "coordinates": [5.32888511, 60.3914349]}}, {"type": "Feature", "properties": {"nvdb_id": 1027197357, "skiltnummer": "807.8 - Symbol, forflytningshemmede med parkeringstillatelse", "tekst": null, "kategori": "parkering", "egenskaper": {"Geometri, punkt": "POINT(-31743.985854715458 6734161.491275231)", "Ansiktsside, rettet mot": "Tosidig", "Skiltnummer": "807.8 - Symbol, forflytningshemmede med parkeringstillatelse"}, "vegsystem": "KV4893 S1D1 m118", "mor": [1027197358]}, "geometry": {"type": "Point", "coordinates": [5.32888511, 60.3914349]}}, {"type": "Feature", "properties": {"nvdb_id": 1027276876, "skiltnummer": "372 - Parkering forbudt", "tekst": null, "kategori": "forbud", "egenskaper": {"Geometri, punkt": "POINT(-32375.46773322858 6734162.0567392325)", "Ansiktsside, rettet mot": "Tosidig", "Skiltnummer": "372 - Parkering forbudt"}, "vegsystem": "KV5063 S2D1 m49", "mor": [1027276879]}, "geometry": {"type": "Point", "coordinates": [5.31758981, 60.3906113]}}, {"type": "Feature", "properties": {"nvdb_id": 1027265788, "skiltnummer": "807.8 - Symbol, forflytningshemmede med parkeringstillatelse", "tekst": null, "kategori": "parkering", "egenskaper": {"Geometri, punkt": "POINT(-32067.55336009327 6734165.203122963)", "Ansiktsside, rettet mot": "Tosidig", "Skiltnummer": "807.8 - Symbol, forflytningshemmede med parkeringstillatelse"}, "vegsystem": "KV4823 S1D1 m39", "mor": [1027265791]}, "geometry": {"type": "Point", "coordinates": [5.32308832, 60.3910433]}}, {"type": "Feature", "properties": {"nvdb_id": 1027265789, "skiltnummer": "552 - Parkering", "tekst": null, "kategori": "parkering", "egenskaper": {"Geometri, punkt": "POINT(-32067.55336009327 6734165.203122963)", "Ansiktsside, rettet mot": "Tosidig", "Skiltnummer": "552 - Parkering"}, "vegsystem": "KV4823 S1D1 m39", "mor": [1027265791]}, "geometry": {"type": "Point", "coordinates": [5.32308832, 60.3910433]}}, {"type": "Feature", "properties": {"nvdb_id": 1027265806, "skiltnummer": "372 - Parkering forbudt", "tekst": null, "kategori": "forbud", "egenskaper": {"Geometri, punkt": "POINT(-32058.27420610597 6734168.617927561)", "Ansiktsside, rettet mot": "Tosidig", "Skiltnummer": "372 - Parkering forbudt"}, "vegsystem": "KV4823 S1D1 m45", "mor": [1027265809]}, "geometry": {"type": "Point", "coordinates": [5.32324522, 60.3910857]}}, {"type": "Feature", "properties": {"nvdb_id": 1027276885, "skiltnummer": "808 - Underskilt med annen tekst", "tekst": null, "kategori": "parkering", "egenskaper": {"Geometri, punkt": "POINT(-32382.339576035854 6734167.787557965)", "Ansiktsside, rettet mot": "Tosidig", "Skiltnummer": "808 - Underskilt med annen tekst"}, "vegsystem": "KV5063 S2D1 m48", "mor": [1027276888]}, "geometry": {"type": "Point", "coordinates": [5.31745171, 60.390653]}}, {"type": "Feature", "properties": {"nvdb_id": 1027276886, "skiltnummer": "552 - Parkering", "tekst": null, "kategori": "parkering", "egenskaper": {"Geometri, punkt": "POINT(-32382.339576035854 6734167.787557965)", "Ansiktsside, rettet mot": "Tosidig", "Skiltnummer": "552 - Parkering"}, "vegsystem": "KV5063 S2D1 m48", "mor": [1027276888]}, "geometry": {"type": "Point", "coordinates": [5.31745171, 60.390653]}}, {"type": "Feature", "properties": {"nvdb_id": 1027222820, "skiltnummer": "372 - Parkering forbudt", "tekst": null, "kategori": "forbud", "egenskaper": {"Geometri, punkt": "POINT(-31100.081883570296 6734166.459418888)", "Ansiktsside, rettet mot": "Tosidig", "Skiltnummer": "372 - Parkering forbudt"}, "vegsystem": "KV4881 S1D1 m1301", "mor": [1027222821]}, "geometry": {"type": "Point", "coordinates": [5.3403886, 60.39232279]}}, {"type": "Feature", "properties": {"nvdb_id": 1008864850, "skiltnummer": "808.515 - Gjelder ........ felt/Gjeld ........ Felt", "tekst": "Gjelder@@midtfelt og@@høyre felt", "kategori": "parkering", "egenskaper": {"Geometri, punkt": "POINT Z (-31930.3626732327 6734167.41669056 -999999)", "Ansiktsside, rettet mot": "Trafikk mot metreringsretning", "Skiltnummer": "808.515 - Gjelder ........ felt/Gjeld ........ Felt", "Tekst": "Gjelder@@midtfelt og@@høyre felt"}, "vegsystem": "EV16 S1D1 m1847", "mor": [82505458]}, "geometry": {"type": "Point", "coordinates": [5.32553605, 60.39124289]}}, {"type": "Feature", "properties": {"nvdb_id": 1027222812, "skiltnummer": "376.1 - Parkeringssone", "tekst": null, "kategori": "forbud", "egenskaper": {"Geometri, punkt": "POINT(-31102.237662135158 6734168.326224889)", "Ansiktsside, rettet mot": "Trafikk i metreringsretning", "Skiltnummer": "376.1 - Parkeringssone"}, "vegsystem": "KV4881 S1D1 m1303", "mor": [1027222815]}, "geometry": {"type": "Point", "coordinates": [5.3403451, 60.3923365]}}, {"type": "Feature", "properties": {"nvdb_id": 1027219519, "skiltnummer": "372 - Parkering forbudt", "tekst": null, "kategori": "forbud", "egenskaper": {"Geometri, punkt": "POINT(-31402.177184023312 6734172.550677364)", "Ansiktsside, rettet mot": "Trafikk i metreringsretning", "Skiltnummer": "372 - Parkering forbudt"}, "vegsystem": "KV5007 S1D1 m71", "mor": [1027219520]}, "geometry": {"type": "Point", "coordinates": [5.33496921, 60.3919809]}}, {"type": "Feature", "properties": {"nvdb_id": 1027222838, "skiltnummer": "376.1 - Parkeringssone", "tekst": null, "kategori": "forbud", "egenskaper": {"Geometri, punkt": "POINT(-31097.487970516784 6734172.955844374)", "Ansiktsside, rettet mot": "Trafikk i metreringsretning", "Skiltnummer": "376.1 - Parkeringssone"}, "vegsystem": "KV4881 S1D1 m1304", "mor": [1027222831]}, "geometry": {"type": "Point", "coordinates": [5.3404178, 60.3923837]}}, {"type": "Feature", "properties": {"nvdb_id": 1027196282, "skiltnummer": "808.301 - Gjelder gjennomkjøring/Gjeld gjennomkøyring", "tekst": null, "kategori": "parkering", "egenskaper": {"Geometri, punkt": "POINT(-31315.364391253097 6734171.424567856)", "Ansiktsside, rettet mot": "Trafikk mot metreringsretning", "Skiltnummer": "808.301 - Gjelder gjennomkjøring/Gjeld gjennomkøyring"}, "vegsystem": "KV4349 S1D1 m511", "mor": [1027196289]}, "geometry": {"type": "Point", "coordinates": [5.33652491, 60.3920847]}}, {"type": "Feature", "properties": {"nvdb_id": 1027196285, "skiltnummer": "806 - Tid", "tekst": "07 - 09 15 - 17", "kategori": "parkering", "egenskaper": {"Geometri, punkt": "POINT(-31315.364391253097 6734171.424567856)", "Ansiktsside, rettet mot": "Trafikk mot metreringsretning", "Skiltnummer": "806 - Tid", "Tekst": "07 - 09 15 - 17"}, "vegsystem": "KV4349 S1D1 m511", "mor": [1027196289]}, "geometry": {"type": "Point", "coordinates": [5.33652491, 60.3920847]}}, {"type": "Feature", "properties": {"nvdb_id": 1027276873, "skiltnummer": "372 - Parkering forbudt", "tekst": null, "kategori": "forbud", "egenskaper": {"Geometri, punkt": "POINT(-32376.6777593008 6734173.613765095)", "Ansiktsside, rettet mot": "Trafikk i metreringsretning", "Skiltnummer": "372 - Parkering forbudt"}, "vegsystem": "KV5063 S2D1 m40", "mor": [1027276875]}, "geometry": {"type": "Point", "coordinates": [5.31753751, 60.390712]}}, {"type": "Feature", "properties": {"nvdb_id": 1027270841, "skiltnummer": "807.6 - Symbol, sykkel og liten elektrisk motorvogn", "tekst": null, "kategori": "parkering", "egenskaper": {"Geometri, punkt": "POINT(-32366.136168833356 6734173.925585869)", "Ansiktsside, rettet mot": "Trafikk mot metreringsretning", "Skiltnummer": "807.6 - Symbol, sykkel og liten elektrisk motorvogn"}, "vegsystem": "KV5063 S2D1 m34", "mor": [1027270843]}, "geometry": {"type": "Point", "coordinates": [5.31772522, 60.3907286]}}, {"type": "Feature", "properties": {"nvdb_id": 1027265793, "skiltnummer": "372 - Parkering forbudt", "tekst": null, "kategori": "forbud", "egenskaper": {"Geometri, punkt": "POINT(-32079.357294327114 6734174.590743759)", "Ansiktsside, rettet mot": "Tosidig", "Skiltnummer": "372 - Parkering forbudt"}, "vegsystem": "KV4823 S1D1 m24", "mor": [1027265798]}, "geometry": {"type": "Point", "coordinates": [5.32285232, 60.3911109]}}, {"type": "Feature", "properties": {"nvdb_id": 1027269972, "skiltnummer": "552 - Parkering", "tekst": null, "kategori": "parkering", "egenskaper": {"Geometri, punkt": "POINT(-32198.462921041762 6734174.76121085)", "Ansiktsside, rettet mot": "Tosidig", "Skiltnummer": "552 - Parkering"}, "vegsystem": "KV4815 S2D1 m79", "mor": [1027269974]}, "geometry": {"type": "Point", "coordinates": [5.32072171, 60.3909561]}}, {"type": "Feature", "properties": {"nvdb_id": 1027269973, "skiltnummer": "806 - Tid", "tekst": "08 - 23 (08 - 23) Maks 1 timer mot avgift", "kategori": "parkering", "egenskaper": {"Geometri, punkt": "POINT(-32198.462921041762 6734174.76121085)", "Ansiktsside, rettet mot": "Tosidig", "Skiltnummer": "806 - Tid", "Tekst": "08 - 23 (08 - 23) Maks 1 timer mot avgift"}, "vegsystem": "KV4815 S2D1 m79", "mor": [1027269974]}, "geometry": {"type": "Point", "coordinates": [5.32072171, 60.3909561]}}, {"type": "Feature", "properties": {"nvdb_id": 566415412, "skiltnummer": "376.1 - Parkeringssone", "tekst": null, "kategori": "forbud", "egenskaper": {"Geometri, punkt": "POINT Z (-31516.2684086539 6734178.79051099 9.206)", "Ansiktsside, rettet mot": "Parallelt mot veg", "Skiltform": "Plan", "Skiltnummer": "376.1 - Parkeringssone", "Belysning": "Ingen"}, "vegsystem": "FV585 S1D1 m7792", "mor": [566415411]}, "geometry": {"type": "Point", "coordinates": [5.33291209, 60.39188659]}}, {"type": "Feature", "properties": {"nvdb_id": 1027266238, "skiltnummer": "372 - Parkering forbudt", "tekst": null, "kategori": "forbud", "egenskaper": {"Geometri, punkt": "POINT(-32290.691805041162 6734175.45721714)", "Ansiktsside, rettet mot": "Tosidig", "Skiltnummer": "372 - Parkering forbudt"}, "vegsystem": "KV4760 S1D1 m129", "mor": [1027266239]}, "geometry": {"type": "Point", "coordinates": [5.31907041, 60.3908412]}}, {"type": "Feature", "properties": {"nvdb_id": 1027197365, "skiltnummer": "807.8 - Symbol, forflytningshemmede med parkeringstillatelse", "tekst": null, "kategori": "parkering", "egenskaper": {"Geometri, punkt": "POINT(-31725.651723807212 6734179.495503254)", "Ansiktsside, rettet mot": "Trafikk mot metreringsretning", "Skiltnummer": "807.8 - Symbol, forflytningshemmede med parkeringstillatelse"}, "vegsystem": "KV4893 S1D1 m92", "mor": [1027197367]}, "geometry": {"type": "Point", "coordinates": [5.3291653, 60.3916183]}}, {"type": "Feature", "properties": {"nvdb_id": 1027197366, "skiltnummer": "552 - Parkering", "tekst": null, "kategori": "parkering", "egenskaper": {"Geometri, punkt": "POINT(-31725.651723807212 6734179.495503254)", "Ansiktsside, rettet mot": "Trafikk mot metreringsretning", "Skiltnummer": "552 - Parkering"}, "vegsystem": "KV4893 S1D1 m92", "mor": [1027197367]}, "geometry": {"type": "Point", "coordinates": [5.3291653, 60.3916183]}}, {"type": "Feature", "properties": {"nvdb_id": 1027276860, "skiltnummer": "807.6 - Symbol, sykkel og liten elektrisk motorvogn", "tekst": null, "kategori": "parkering", "egenskaper": {"Geometri, punkt": "POINT(-32370.977174951113 6734184.224765902)", "Ansiktsside, rettet mot": "Parallelt mot veg", "Skiltnummer": "807.6 - Symbol, sykkel og liten elektrisk motorvogn"}, "vegsystem": "KV5063 S2D1 m29", "mor": [1027276863]}, "geometry": {"type": "Point", "coordinates": [5.31761132, 60.3908134]}}, {"type": "Feature", "properties": {"nvdb_id": 1027269944, "skiltnummer": "807.6 - Symbol, sykkel og liten elektrisk motorvogn", "tekst": null, "kategori": "parkering", "egenskaper": {"Geometri, punkt": "POINT(-32206.614253431093 6734181.630452949)", "Ansiktsside, rettet mot": "Parallelt mot veg", "Skiltnummer": "807.6 - Symbol, sykkel og liten elektrisk motorvogn"}, "vegsystem": "KV4815 S2D1 m68", "mor": [1027269946]}, "geometry": {"type": "Point", "coordinates": [5.32055772, 60.39100619]}}, {"type": "Feature", "properties": {"nvdb_id": 1027219409, "skiltnummer": "376.1 - Parkeringssone", "tekst": "08 - 23 (08 - 17)", "kategori": "forbud", "egenskaper": {"Geometri, punkt": "POINT(-31518.871038766927 6734186.803551162)", "Ansiktsside, rettet mot": "Trafikk i metreringsretning", "Skiltnummer": "376.1 - Parkeringssone", "Tekst": "08 - 23 (08 - 17)"}, "vegsystem": "KV4383 S1D1 m9", "mor": [1027219408]}, "geometry": {"type": "Point", "coordinates": [5.33284431, 60.3919541]}}, {"type": "Feature", "properties": {"nvdb_id": 1027265133, "skiltnummer": "807.6 - Symbol, sykkel og liten elektrisk motorvogn", "tekst": null, "kategori": "parkering", "egenskaper": {"Geometri, punkt": "POINT(-32095.88115446898 6734184.915462621)", "Ansiktsside, rettet mot": "Trafikk mot metreringsretning", "Skiltnummer": "807.6 - Symbol, sykkel og liten elektrisk motorvogn"}, "vegsystem": "KV5110 S1D1 m43", "mor": [1027265135]}, "geometry": {"type": "Point", "coordinates": [5.32252942, 60.39118059]}}, {"type": "Feature", "properties": {"nvdb_id": 1027276855, "skiltnummer": "807.6 - Symbol, sykkel og liten elektrisk motorvogn", "tekst": null, "kategori": "parkering", "egenskaper": {"Geometri, punkt": "POINT(-32365.88305915962 6734188.259653296)", "Ansiktsside, rettet mot": "Trafikk mot metreringsretning", "Skiltnummer": "807.6 - Symbol, sykkel og liten elektrisk motorvogn"}, "vegsystem": "KV5063 S2D1 m22", "mor": [1027276858]}, "geometry": {"type": "Point", "coordinates": [5.31769171, 60.3908558]}}, {"type": "Feature", "properties": {"nvdb_id": 1027269950, "skiltnummer": "807.6 - Symbol, sykkel og liten elektrisk motorvogn", "tekst": null, "kategori": "parkering", "egenskaper": {"Geometri, punkt": "POINT(-32202.14784601156 6734188.673587173)", "Ansiktsside, rettet mot": "Parallelt mot veg", "Skiltnummer": "807.6 - Symbol, sykkel og liten elektrisk motorvogn"}, "vegsystem": "KV4815 S2D1 m67", "mor": [1027269954]}, "geometry": {"type": "Point", "coordinates": [5.32061891, 60.3910744]}}, {"type": "Feature", "properties": {"nvdb_id": 1027219554, "skiltnummer": "372 - Parkering forbudt", "tekst": null, "kategori": "forbud", "egenskaper": {"Geometri, punkt": "POINT(-31427.494638902717 6734186.399807109)", "Ansiktsside, rettet mot": "Tosidig", "Skiltnummer": "372 - Parkering forbudt"}, "vegsystem": "KV4428 S1D1 m85", "mor": [1027219556]}, "geometry": {"type": "Point", "coordinates": [5.3344797, 60.3920703]}}, {"type": "Feature", "properties": {"nvdb_id": 1027265754, "skiltnummer": "372 - Parkering forbudt", "tekst": null, "kategori": "forbud", "egenskaper": {"Geometri, punkt": "POINT(-32087.005705569056 6734190.773981045)", "Ansiktsside, rettet mot": "Tosidig", "Skiltnummer": "372 - Parkering forbudt"}, "vegsystem": "KV4823 S1D1 m8", "mor": [1027265756]}, "geometry": {"type": "Point", "coordinates": [5.32267261, 60.3912441]}}, {"type": "Feature", "properties": {"nvdb_id": 1027196293, "skiltnummer": "372 - Parkering forbudt", "tekst": null, "kategori": "forbud", "egenskaper": {"Geometri, punkt": "POINT(-31319.16896954202 6734188.098497161)", "Ansiktsside, rettet mot": "Tosidig", "Skiltnummer": "372 - Parkering forbudt"}, "vegsystem": "KV4349 S1D1 m494", "mor": [1027196295]}, "geometry": {"type": "Point", "coordinates": [5.33641271, 60.39222729]}}, {"type": "Feature", "properties": {"nvdb_id": 1027219540, "skiltnummer": "808 - Underskilt med annen tekst", "tekst": "Reservert bildeling med gyldig tillatelse", "kategori": "parkering", "egenskaper": {"Geometri, punkt": "POINT(-31434.94112165051 6734192.823770234)", "Ansiktsside, rettet mot": "Tosidig", "Skiltnummer": "808 - Underskilt med annen tekst", "Tekst": "Reservert bildeling med gyldig tillatelse"}, "vegsystem": "KV4428 S1D1 m82", "mor": [1027219545]}, "geometry": {"type": "Point", "coordinates": [5.33432951, 60.3921174]}}, {"type": "Feature", "properties": {"nvdb_id": 1027219544, "skiltnummer": "552 - Parkering", "tekst": null, "kategori": "parkering", "egenskaper": {"Geometri, punkt": "POINT(-31434.94112165051 6734192.823770234)", "Ansiktsside, rettet mot": "Tosidig", "Skiltnummer": "552 - Parkering"}, "vegsystem": "KV4428 S1D1 m82", "mor": [1027219545]}, "geometry": {"type": "Point", "coordinates": [5.33432951, 60.3921174]}}, {"type": "Feature", "properties": {"nvdb_id": 1027219417, "skiltnummer": "372 - Parkering forbudt", "tekst": null, "kategori": "forbud", "egenskaper": {"Geometri, punkt": "POINT(-31501.269878057297 6734189.902270474)", "Ansiktsside, rettet mot": "Tosidig", "Skiltnummer": "372 - Parkering forbudt"}, "vegsystem": "KV4383 S1D1 m26", "mor": [1027219419]}, "geometry": {"type": "Point", "coordinates": [5.33315091, 60.3920046]}}, {"type": "Feature", "properties": {"nvdb_id": 1027269918, "skiltnummer": "807.6 - Symbol, sykkel og liten elektrisk motorvogn", "tekst": null, "kategori": "parkering", "egenskaper": {"Geometri, punkt": "POINT(-32218.20509673166 6734191.359841969)", "Ansiktsside, rettet mot": "Trafikk mot metreringsretning", "Skiltnummer": "807.6 - Symbol, sykkel og liten elektrisk motorvogn"}, "vegsystem": "KV4815 S2D1 m53", "mor": [1027269922]}, "geometry": {"type": "Point", "coordinates": [5.32032461, 60.3910771]}}, {"type": "Feature", "properties": {"nvdb_id": 1027270849, "skiltnummer": "372 - Parkering forbudt", "tekst": null, "kategori": "forbud", "egenskaper": {"Geometri, punkt": "POINT(-32355.53799226065 6734193.278198748)", "Ansiktsside, rettet mot": "Tosidig", "Skiltnummer": "372 - Parkering forbudt"}, "vegsystem": "KV5063 S2D1 m12", "mor": [1027270851]}, "geometry": {"type": "Point", "coordinates": [5.31786341, 60.3909138]}}, {"type": "Feature", "properties": {"nvdb_id": 1027270845, "skiltnummer": "372 - Parkering forbudt", "tekst": null, "kategori": "forbud", "egenskaper": {"Geometri, punkt": "POINT(-32359.797041405458 6734196.418219414)", "Ansiktsside, rettet mot": "Tosidig", "Skiltnummer": "372 - Parkering forbudt"}, "vegsystem": "KV5063 S2D1 m12", "mor": [1027270846]}, "geometry": {"type": "Point", "coordinates": [5.31777892, 60.390936]}}, {"type": "Feature", "properties": {"nvdb_id": 1027266232, "skiltnummer": "807.8 - Symbol, forflytningshemmede med parkeringstillatelse", "tekst": null, "kategori": "parkering", "egenskaper": {"Geometri, punkt": "POINT(-32277.226036639884 6734193.977922684)", "Ansiktsside, rettet mot": "Tosidig", "Skiltnummer": "807.8 - Symbol, forflytningshemmede med parkeringstillatelse"}, "vegsystem": "KV4760 S1D1 m106", "mor": [1027266236]}, "geometry": {"type": "Point", "coordinates": [5.31926211, 60.3910228]}}, {"type": "Feature", "properties": {"nvdb_id": 1027266234, "skiltnummer": "552 - Parkering", "tekst": null, "kategori": "parkering", "egenskaper": {"Geometri, punkt": "POINT(-32277.226036639884 6734193.977922684)", "Ansiktsside, rettet mot": "Tosidig", "Skiltnummer": "552 - Parkering"}, "vegsystem": "KV4760 S1D1 m106", "mor": [1027266236]}, "geometry": {"type": "Point", "coordinates": [5.31926211, 60.3910228]}}, {"type": "Feature", "properties": {"nvdb_id": 1027197369, "skiltnummer": "372 - Parkering forbudt", "tekst": null, "kategori": "forbud", "egenskaper": {"Geometri, punkt": "POINT(-31716.189051184687 6734194.984115495)", "Ansiktsside, rettet mot": "Tosidig", "Skiltnummer": "372 - Parkering forbudt"}, "vegsystem": "KV4893 S1D1 m74", "mor": [1027197371]}, "geometry": {"type": "Point", "coordinates": [5.32929351, 60.3917678]}}, {"type": "Feature", "properties": {"nvdb_id": 1027269906, "skiltnummer": "807.6 - Symbol, sykkel og liten elektrisk motorvogn", "tekst": null, "kategori": "parkering", "egenskaper": {"Geometri, punkt": "POINT(-32214.531773451017 6734197.27775766)", "Ansiktsside, rettet mot": "Trafikk mot metreringsretning", "Skiltnummer": "807.6 - Symbol, sykkel og liten elektrisk motorvogn"}, "vegsystem": "KV4815 S2D1 m52", "mor": [1027269907]}, "geometry": {"type": "Point", "coordinates": [5.32037461, 60.3911343]}}, {"type": "Feature", "properties": {"nvdb_id": 1027270870, "skiltnummer": "376.1 - Parkeringssone", "tekst": "08 - 23 (08 - 17) Med p-kort eller ved parkometer", "kategori": "boligsone", "egenskaper": {"Geometri, punkt": "POINT(-32351.835481606307 6734195.395419033)", "Ansiktsside, rettet mot": "Trafikk i metreringsretning", "Skiltnummer": "376.1 - Parkeringssone", "Tekst": "08 - 23 (08 - 17) Med p-kort eller ved parkometer"}, "vegsystem": "KV5063 S2D1 m8", "mor": [1027270869]}, "geometry": {"type": "Point", "coordinates": [5.31792402, 60.39093739]}}, {"type": "Feature", "properties": {"nvdb_id": 1027265032, "skiltnummer": "372 - Parkering forbudt", "tekst": null, "kategori": "forbud", "egenskaper": {"Geometri, punkt": "POINT(-32139.486184724723 6734195.41421323)", "Ansiktsside, rettet mot": "Tosidig", "Skiltnummer": "372 - Parkering forbudt"}, "vegsystem": "KV5142 S1D1 m10", "mor": [1027265033]}, "geometry": {"type": "Point", "coordinates": [5.32172172, 60.3912163]}}, {"type": "Feature", "properties": {"nvdb_id": 1027270859, "skiltnummer": "376.1 - Parkeringssone", "tekst": "08 - 23 (08 - 17) Med p-kort eller ved parkometer", "kategori": "boligsone", "egenskaper": {"Geometri, punkt": "POINT(-32356.517343833926 6734197.7959646825)", "Ansiktsside, rettet mot": "Trafikk i metreringsretning", "Skiltnummer": "376.1 - Parkeringssone", "Tekst": "08 - 23 (08 - 17) Med p-kort eller ved parkometer"}, "vegsystem": "KV5063 S2D1 m9", "mor": [1027270863]}, "geometry": {"type": "Point", "coordinates": [5.31783392, 60.3909525]}}, {"type": "Feature", "properties": {"nvdb_id": 1027222843, "skiltnummer": "372 - Parkering forbudt", "tekst": null, "kategori": "forbud", "egenskaper": {"Geometri, punkt": "POINT(-31121.654014946776 6734199.952253047)", "Ansiktsside, rettet mot": "Tosidig", "Skiltnummer": "372 - Parkering forbudt"}, "vegsystem": "KV4881 S1D1 m1341", "mor": [1027222845]}, "geometry": {"type": "Point", "coordinates": [5.3399141, 60.392591]}}, {"type": "Feature", "properties": {"nvdb_id": 1027265039, "skiltnummer": "808 - Underskilt med annen tekst", "tekst": "Gjelder plassen", "kategori": "parkering", "egenskaper": {"Geometri, punkt": "POINT(-32126.77723115636 6734198.693137062)", "Ansiktsside, rettet mot": "Parallelt mot veg", "Skiltnummer": "808 - Underskilt med annen tekst", "Tekst": "Gjelder plassen"}, "vegsystem": "KV5142 S1D1 m22", "mor": [1027265043]}, "geometry": {"type": "Point", "coordinates": [5.32194032, 60.391262]}}, {"type": "Feature", "properties": {"nvdb_id": 1027265041, "skiltnummer": "372 - Parkering forbudt", "tekst": null, "kategori": "forbud", "egenskaper": {"Geometri, punkt": "POINT(-32126.77723115636 6734198.693137062)", "Ansiktsside, rettet mot": "Parallelt mot veg", "Skiltnummer": "372 - Parkering forbudt"}, "vegsystem": "KV5142 S1D1 m22", "mor": [1027265043]}, "geometry": {"type": "Point", "coordinates": [5.32194032, 60.391262]}}, {"type": "Feature", "properties": {"nvdb_id": 1027265145, "skiltnummer": "372 - Parkering forbudt", "tekst": null, "kategori": "forbud", "egenskaper": {"Geometri, punkt": "POINT(-32085.52642702486 6734199.243033704)", "Ansiktsside, rettet mot": "Tosidig", "Skiltnummer": "372 - Parkering forbudt"}, "vegsystem": "KV5110 S1D1 m60", "mor": [1027265150]}, "geometry": {"type": "Point", "coordinates": [5.32267662, 60.391321]}}, {"type": "Feature", "properties": {"nvdb_id": 1027265147, "skiltnummer": "808 - Underskilt med annen tekst", "tekst": null, "kategori": "parkering", "egenskaper": {"Geometri, punkt": "POINT(-32085.52642702486 6734199.243033704)", "Ansiktsside, rettet mot": "Trafikk i metreringsretning", "Skiltnummer": "808 - Underskilt med annen tekst"}, "vegsystem": "KV5110 S1D1 m60", "mor": [1027265150]}, "geometry": {"type": "Point", "coordinates": [5.32267662, 60.391321]}}, {"type": "Feature", "properties": {"nvdb_id": 1027265148, "skiltnummer": "808 - Underskilt med annen tekst", "tekst": null, "kategori": "parkering", "egenskaper": {"Geometri, punkt": "POINT(-32085.52642702486 6734199.243033704)", "Ansiktsside, rettet mot": "Trafikk i metreringsretning", "Skiltnummer": "808 - Underskilt med annen tekst"}, "vegsystem": "KV5110 S1D1 m60", "mor": [1027265150]}, "geometry": {"type": "Point", "coordinates": [5.32267662, 60.391321]}}, {"type": "Feature", "properties": {"nvdb_id": 1027270853, "skiltnummer": "807.6 - Symbol, sykkel og liten elektrisk motorvogn", "tekst": null, "kategori": "parkering", "egenskaper": {"Geometri, punkt": "POINT(-32352.14438892412 6734202.2090008985)", "Ansiktsside, rettet mot": "Trafikk i metreringsretning", "Skiltnummer": "807.6 - Symbol, sykkel og liten elektrisk motorvogn"}, "vegsystem": "KV5063 S2D1 m3", "mor": [1027270857]}, "geometry": {"type": "Point", "coordinates": [5.31790042, 60.3909973]}}, {"type": "Feature", "properties": {"nvdb_id": 1027219448, "skiltnummer": "807.8 - Symbol, forflytningshemmede med parkeringstillatelse", "tekst": null, "kategori": "parkering", "egenskaper": {"Geometri, punkt": "POINT(-31432.013448509853 6734206.704657303)", "Ansiktsside, rettet mot": "Tosidig", "Skiltnummer": "807.8 - Symbol, forflytningshemmede med parkeringstillatelse"}, "vegsystem": "KV5007 S1D1 m26", "mor": [1027219453]}, "geometry": {"type": "Point", "coordinates": [5.33434511, 60.3922441]}}, {"type": "Feature", "properties": {"nvdb_id": 1027219451, "skiltnummer": "552 - Parkering", "tekst": null, "kategori": "parkering", "egenskaper": {"Geometri, punkt": "POINT(-31432.013448509853 6734206.704657303)", "Ansiktsside, rettet mot": "Tosidig", "Skiltnummer": "552 - Parkering"}, "vegsystem": "KV5007 S1D1 m26", "mor": [1027219453]}, "geometry": {"type": "Point", "coordinates": [5.33434511, 60.3922441]}}, {"type": "Feature", "properties": {"nvdb_id": 1027265138, "skiltnummer": "372 - Parkering forbudt", "tekst": null, "kategori": "forbud", "egenskaper": {"Geometri, punkt": "POINT(-32090.473931905814 6734210.90198776)", "Ansiktsside, rettet mot": "Tosidig", "Skiltnummer": "372 - Parkering forbudt"}, "vegsystem": "KV5110 S1D1 m67", "mor": [1027265140]}, "geometry": {"type": "Point", "coordinates": [5.32255721, 60.3914177]}}, {"type": "Feature", "properties": {"nvdb_id": 1027219428, "skiltnummer": "372 - Parkering forbudt", "tekst": null, "kategori": "forbud", "egenskaper": {"Geometri, punkt": "POINT(-31470.100908790715 6734208.582631291)", "Ansiktsside, rettet mot": "Trafikk i metreringsretning", "Skiltnummer": "372 - Parkering forbudt"}, "vegsystem": "KV4383 S1D1 m62", "mor": [1027219430]}, "geometry": {"type": "Point", "coordinates": [5.3336589, 60.3922108]}}, {"type": "Feature", "properties": {"nvdb_id": 1027265045, "skiltnummer": "372 - Parkering forbudt", "tekst": null, "kategori": "forbud", "egenskaper": {"Geometri, punkt": "POINT(-32126.64017031016 6734208.705702302)", "Ansiktsside, rettet mot": "Tosidig", "Skiltnummer": "372 - Parkering forbudt"}, "vegsystem": "KV5142 S1D1 m29", "mor": [1027265047]}, "geometry": {"type": "Point", "coordinates": [5.32191621, 60.3913508]}}, {"type": "Feature", "properties": {"nvdb_id": 1027197345, "skiltnummer": "372 - Parkering forbudt", "tekst": null, "kategori": "forbud", "egenskaper": {"Geometri, punkt": "POINT(-31714.708117685164 6734211.508414079)", "Ansiktsside, rettet mot": "Tosidig", "Skiltnummer": "372 - Parkering forbudt"}, "vegsystem": "KV4893 S1D1 m60", "mor": [1027197347]}, "geometry": {"type": "Point", "coordinates": [5.32927621, 60.39191599]}}, {"type": "Feature", "properties": {"nvdb_id": 1027264520, "skiltnummer": "372 - Parkering forbudt", "tekst": null, "kategori": "forbud", "egenskaper": {"Geometri, punkt": "POINT(-32515.358506806195 6734215.983225144)", "Ansiktsside, rettet mot": "Tosidig", "Skiltnummer": "372 - Parkering forbudt"}, "vegsystem": "KV4305 S1D1 m253", "mor": [1027264522]}, "geometry": {"type": "Point", "coordinates": [5.31494491, 60.39090489]}}, {"type": "Feature", "properties": {"nvdb_id": 1027197331, "skiltnummer": "372 - Parkering forbudt", "tekst": null, "kategori": "forbud", "egenskaper": {"Geometri, punkt": "POINT(-31699.177760919905 6734217.534157141)", "Ansiktsside, rettet mot": "Tosidig", "Skiltnummer": "372 - Parkering forbudt"}, "vegsystem": "KV4893 S1D1 m46", "mor": [1027197330]}, "geometry": {"type": "Point", "coordinates": [5.329538, 60.3919897]}}, {"type": "Feature", "properties": {"nvdb_id": 1027269874, "skiltnummer": "807.6 - Symbol, sykkel og liten elektrisk motorvogn", "tekst": null, "kategori": "parkering", "egenskaper": {"Geometri, punkt": "POINT(-32254.535305101424 6734220.03362689)", "Ansiktsside, rettet mot": "Trafikk i metreringsretning", "Skiltnummer": "807.6 - Symbol, sykkel og liten elektrisk motorvogn"}, "vegsystem": "KV4815 S2D1 m7", "mor": [1027269873]}, "geometry": {"type": "Point", "coordinates": [5.31959882, 60.3912832]}}, {"type": "Feature", "properties": {"nvdb_id": 1027265161, "skiltnummer": "808 - Underskilt med annen tekst", "tekst": null, "kategori": "parkering", "egenskaper": {"Geometri, punkt": "POINT(-32069.90461340116 6734220.133606797)", "Ansiktsside, rettet mot": "Trafikk i metreringsretning", "Skiltnummer": "808 - Underskilt med annen tekst"}, "vegsystem": "KV5110 S1D1 m87", "mor": [1027265167]}, "geometry": {"type": "Point", "coordinates": [5.3229006, 60.3915264]}}, {"type": "Feature", "properties": {"nvdb_id": 1027265166, "skiltnummer": "372 - Parkering forbudt", "tekst": "Gjelder plass", "kategori": "forbud", "egenskaper": {"Geometri, punkt": "POINT(-32069.90461340116 6734220.133606797)", "Ansiktsside, rettet mot": "Tosidig", "Skiltnummer": "372 - Parkering forbudt", "Tekst": "Gjelder plass"}, "vegsystem": "KV5110 S1D1 m87", "mor": [1027265167]}, "geometry": {"type": "Point", "coordinates": [5.3229006, 60.3915264]}}, {"type": "Feature", "properties": {"nvdb_id": 557338144, "skiltnummer": "372 - Parkering forbudt", "tekst": null, "kategori": "forbud", "egenskaper": {"Geometri, punkt": "POINT Z (-32178.817394135 6734220.42566168 8.236)", "Ansiktsside, rettet mot": "Tosidig", "Skiltnummer": "372 - Parkering forbudt", "Belysning": "Ingen"}, "vegsystem": "FV5334 S1D1 m162", "mor": [557338143]}, "geometry": {"type": "Point", "coordinates": [5.32095196, 60.39138606]}}, {"type": "Feature", "properties": {"nvdb_id": 1027265055, "skiltnummer": "372 - Parkering forbudt", "tekst": null, "kategori": "forbud", "egenskaper": {"Geometri, punkt": "POINT(-32117.914038362447 6734223.060005827)", "Ansiktsside, rettet mot": "Tosidig", "Skiltnummer": "372 - Parkering forbudt"}, "vegsystem": "KV5142 S1D1 m45", "mor": [1027265057]}, "geometry": {"type": "Point", "coordinates": [5.32203421, 60.3914893]}}, {"type": "Feature", "properties": {"nvdb_id": 1027269885, "skiltnummer": "806 - Tid", "tekst": "Varetransport tillatt 06 - 11 (06 - 10)", "kategori": "parkering", "egenskaper": {"Geometri, punkt": "POINT(-32257.730071658618 6734221.829348806)", "Ansiktsside, rettet mot": "Trafikk i metreringsretning", "Skiltnummer": "806 - Tid", "Tekst": "Varetransport tillatt 06 - 11 (06 - 10)"}, "vegsystem": "KV4815 S2D1 m3", "mor": [1027269887]}, "geometry": {"type": "Point", "coordinates": [5.31953692, 60.39129489]}}, {"type": "Feature", "properties": {"nvdb_id": 1027265152, "skiltnummer": "552 - Parkering", "tekst": null, "kategori": "parkering", "egenskaper": {"Geometri, punkt": "POINT(-32078.096397922724 6734226.579205296)", "Ansiktsside, rettet mot": "Tosidig", "Skiltnummer": "552 - Parkering"}, "vegsystem": "KV5110 S1D1 m87", "mor": [1027265156]}, "geometry": {"type": "Point", "coordinates": [5.32273702, 60.3915727]}}, {"type": "Feature", "properties": {"nvdb_id": 1027265154, "skiltnummer": "807.8 - Symbol, forflytningshemmede med parkeringstillatelse", "tekst": null, "kategori": "parkering", "egenskaper": {"Geometri, punkt": "POINT(-32078.096397922724 6734226.579205296)", "Ansiktsside, rettet mot": "Tosidig", "Skiltnummer": "807.8 - Symbol, forflytningshemmede med parkeringstillatelse"}, "vegsystem": "KV5110 S1D1 m87", "mor": [1027265156]}, "geometry": {"type": "Point", "coordinates": [5.32273702, 60.3915727]}}, {"type": "Feature", "properties": {"nvdb_id": 1027277395, "skiltnummer": "808 - Underskilt med annen tekst", "tekst": null, "kategori": "parkering", "egenskaper": {"Geometri, punkt": "POINT(-32546.829709028476 6734224.901331219)", "Ansiktsside, rettet mot": "Trafikk i metreringsretning", "Skiltnummer": "808 - Underskilt med annen tekst"}, "vegsystem": "KV5298 S1D1 m99", "mor": [1027277396]}, "geometry": {"type": "Point", "coordinates": [5.31435841, 60.39094249]}}, {"type": "Feature", "properties": {"nvdb_id": 1027277397, "skiltnummer": "372 - Parkering forbudt", "tekst": null, "kategori": "forbud", "egenskaper": {"Geometri, punkt": "POINT(-32546.829709028476 6734224.901331219)", "Ansiktsside, rettet mot": "Tosidig", "Skiltnummer": "372 - Parkering forbudt"}, "vegsystem": "KV5298 S1D1 m99", "mor": [1027277396]}, "geometry": {"type": "Point", "coordinates": [5.31435841, 60.39094249]}}, {"type": "Feature", "properties": {"nvdb_id": 1027197336, "skiltnummer": "372 - Parkering forbudt", "tekst": null, "kategori": "forbud", "egenskaper": {"Geometri, punkt": "POINT(-31701.75015232258 6734228.512833853)", "Ansiktsside, rettet mot": "Tosidig", "Skiltnummer": "372 - Parkering forbudt"}, "vegsystem": "KV4893 S1D1 m39", "mor": [1027197335]}, "geometry": {"type": "Point", "coordinates": [5.32946291, 60.3920835]}}, {"type": "Feature", "properties": {"nvdb_id": 1027264771, "skiltnummer": "807.6 - Symbol, sykkel og liten elektrisk motorvogn", "tekst": null, "kategori": "parkering", "egenskaper": {"Geometri, punkt": "POINT(-32266.68190213025 6734227.145328814)", "Ansiktsside, rettet mot": "Trafikk mot metreringsretning", "Skiltnummer": "807.6 - Symbol, sykkel og liten elektrisk motorvogn"}, "vegsystem": "KV4815 S1D10 m56", "mor": [1027264772]}, "geometry": {"type": "Point", "coordinates": [5.31936271, 60.39133019]}}, {"type": "Feature", "properties": {"nvdb_id": 82565315, "skiltnummer": "372 - Parkering forbudt", "tekst": null, "kategori": "forbud", "egenskaper": {"Geometri, punkt": "POINT Z (-31561.2475753206 6734228.92905266 8.906)", "Ansiktsside, rettet mot": "Tosidig", "Skiltnummer": "372 - Parkering forbudt", "Belysning": "Ingen"}, "vegsystem": "FV585 S1D1 m7857", "mor": [82565318]}, "geometry": {"type": "Point", "coordinates": [5.33197477, 60.3922714]}}, {"type": "Feature", "properties": {"nvdb_id": 1027196975, "skiltnummer": "376.1 - Parkeringssone", "tekst": null, "kategori": "forbud", "egenskaper": {"Geometri, punkt": "POINT(-31566.972220875206 6734231.301442637)", "Ansiktsside, rettet mot": "Trafikk i metreringsretning", "Skiltnummer": "376.1 - Parkeringssone"}, "vegsystem": "KV5125 S1D1 m71", "mor": [1027196978]}, "geometry": {"type": "Point", "coordinates": [5.33186611, 60.39228489]}}, {"type": "Feature", "properties": {"nvdb_id": 1027196976, "skiltnummer": "808 - Underskilt med annen tekst", "tekst": "Gjelder ikke vare transport 06 - 11 (06 - 10)", "kategori": "parkering", "egenskaper": {"Geometri, punkt": "POINT(-31566.972220875206 6734231.301442637)", "Ansiktsside, rettet mot": "Trafikk i metreringsretning", "Skiltnummer": "808 - Underskilt med annen tekst", "Tekst": "Gjelder ikke vare transport 06 - 11 (06 - 10)"}, "vegsystem": "KV5125 S1D1 m71", "mor": [1027196978]}, "geometry": {"type": "Point", "coordinates": [5.33186611, 60.39228489]}}, {"type": "Feature", "properties": {"nvdb_id": 1027277563, "skiltnummer": "372 - Parkering forbudt", "tekst": null, "kategori": "forbud", "egenskaper": {"Geometri, punkt": "POINT(-32402.59490713908 6734231.431155307)", "Ansiktsside, rettet mot": "Tosidig", "Skiltnummer": "372 - Parkering forbudt"}, "vegsystem": "KV5095 S1D1 m19", "mor": [1027277566]}, "geometry": {"type": "Point", "coordinates": [5.31692061, 60.3911897]}}, {"type": "Feature", "properties": {"nvdb_id": 1027197320, "skiltnummer": "807.8 - Symbol, forflytningshemmede med parkeringstillatelse", "tekst": null, "kategori": "parkering", "egenskaper": {"Geometri, punkt": "POINT(-31689.576632265 6734232.335704692)", "Ansiktsside, rettet mot": "Tosidig", "Skiltnummer": "807.8 - Symbol, forflytningshemmede med parkeringstillatelse"}, "vegsystem": "KV4893 S1D1 m28", "mor": [1027197325]}, "geometry": {"type": "Point", "coordinates": [5.3296705, 60.3921333]}}, {"type": "Feature", "properties": {"nvdb_id": 1027197321, "skiltnummer": "552 - Parkering", "tekst": null, "kategori": "parkering", "egenskaper": {"Geometri, punkt": "POINT(-31689.576632265 6734232.335704692)", "Ansiktsside, rettet mot": "Tosidig", "Skiltnummer": "552 - Parkering"}, "vegsystem": "KV4893 S1D1 m28", "mor": [1027197325]}, "geometry": {"type": "Point", "coordinates": [5.3296705, 60.3921333]}}, {"type": "Feature", "properties": {"nvdb_id": 1027222848, "skiltnummer": "372 - Parkering forbudt", "tekst": null, "kategori": "forbud", "egenskaper": {"Geometri, punkt": "POINT(-31136.864869776764 6734234.379250778)", "Ansiktsside, rettet mot": "Tosidig", "Skiltnummer": "372 - Parkering forbudt"}, "vegsystem": "KV4881 S1D1 m1381", "mor": [1027222850]}, "geometry": {"type": "Point", "coordinates": [5.3395509, 60.3928758]}}, {"type": "Feature", "properties": {"nvdb_id": 219547957, "skiltnummer": "372 - Parkering forbudt", "tekst": null, "kategori": "forbud", "egenskaper": {"Geometri, punkt": "POINT Z (-32383.812272748 6734234.32538353 7.506)", "Ansiktsside, rettet mot": "Trafikk i metreringsretning", "Skiltform": "Plan", "Skiltnummer": "372 - Parkering forbudt", "Belysning": "Ingen", "Størrelse": "Liten størrelse"}, "vegsystem": "FV5350 S1D1 m84", "mor": [82514995]}, "geometry": {"type": "Point", "coordinates": [5.31724886, 60.39123997]}}, {"type": "Feature", "properties": {"nvdb_id": 219548014, "skiltnummer": "808.545 - Varetransport tillatt/tillete (tidsrom)", "tekst": null, "kategori": "parkering", "egenskaper": {"Geometri, punkt": "POINT Z (-32179.2080872814 6734236.54175397 8.35)", "Ansiktsside, rettet mot": "Trafikk i metreringsretning", "Skiltnummer": "808.545 - Varetransport tillatt/tillete (tidsrom)", "Belysning": "Ingen"}, "vegsystem": "FV5334 S1D1 m175", "mor": [219548012]}, "geometry": {"type": "Point", "coordinates": [5.32090223, 60.39152818]}}, {"type": "Feature", "properties": {"nvdb_id": 1027197308, "skiltnummer": "372 - Parkering forbudt", "tekst": null, "kategori": "forbud", "egenskaper": {"Geometri, punkt": "POINT(-31684.3657970489 6734236.184607843)", "Ansiktsside, rettet mot": "Tosidig", "Skiltnummer": "372 - Parkering forbudt"}, "vegsystem": "KV4893 S1D1 m22", "mor": [1027197311]}, "geometry": {"type": "Point", "coordinates": [5.3297535, 60.3921742]}}, {"type": "Feature", "properties": {"nvdb_id": 1027277553, "skiltnummer": "376.1 - Parkeringssone", "tekst": "8 - 23 (8 - 17) med p-kort eller ved parkometer", "kategori": "boligsone", "egenskaper": {"Geometri, punkt": "POINT(-32407.496813041857 6734240.338447524)", "Ansiktsside, rettet mot": "Trafikk i metreringsretning", "Skiltnummer": "376.1 - Parkeringssone", "Tekst": "8 - 23 (8 - 17) med p-kort eller ved parkometer"}, "vegsystem": "KV5095 S1D1 m15", "mor": [1027277560]}, "geometry": {"type": "Point", "coordinates": [5.31680931, 60.39126209]}}, {"type": "Feature", "properties": {"nvdb_id": 1027277547, "skiltnummer": "376.1 - Parkeringssone", "tekst": "8 - 23 (8 - 17) med p-kort eller ved parkometer", "kategori": "boligsone", "egenskaper": {"Geometri, punkt": "POINT(-32401.127267883276 6734238.195882462)", "Ansiktsside, rettet mot": "Trafikk i metreringsretning", "Skiltnummer": "376.1 - Parkeringssone", "Tekst": "8 - 23 (8 - 17) med p-kort eller ved parkometer"}, "vegsystem": "KV5095 S1D1 m12", "mor": [1027277552]}, "geometry": {"type": "Point", "coordinates": [5.31692892, 60.3912515]}}, {"type": "Feature", "properties": {"nvdb_id": 1027196967, "skiltnummer": "808.301 - Gjelder gjennomkjøring/Gjeld gjennomkøyring", "tekst": null, "kategori": "parkering", "egenskaper": {"Geometri, punkt": "POINT(-31553.97166261729 6734239.690882173)", "Ansiktsside, rettet mot": "Trafikk mot metreringsretning", "Skiltnummer": "808.301 - Gjelder gjennomkjøring/Gjeld gjennomkøyring"}, "vegsystem": "KV4777 S1D1 m97", "mor": [1027196966]}, "geometry": {"type": "Point", "coordinates": [5.3320764, 60.3923762]}}, {"type": "Feature", "properties": {"nvdb_id": 1027266442, "skiltnummer": "372 - Parkering forbudt", "tekst": null, "kategori": "forbud", "egenskaper": {"Geometri, punkt": "POINT(-32243.260128784343 6734240.449755009)", "Ansiktsside, rettet mot": "Tosidig", "Skiltnummer": "372 - Parkering forbudt"}, "vegsystem": "KV4760 S1D1 m47", "mor": [1027266441]}, "geometry": {"type": "Point", "coordinates": [5.31974631, 60.3914787]}}, {"type": "Feature", "properties": {"nvdb_id": 1027197300, "skiltnummer": "808 - Underskilt med annen tekst", "tekst": null, "kategori": "parkering", "egenskaper": {"Geometri, punkt": "POINT(-31681.19586536486 6734241.0137583455)", "Ansiktsside, rettet mot": "Trafikk mot metreringsretning", "Skiltnummer": "808 - Underskilt med annen tekst"}, "vegsystem": "KV4893 S1D1 m16", "mor": [1027197299]}, "geometry": {"type": "Point", "coordinates": [5.32979741, 60.3922211]}}, {"type": "Feature", "properties": {"nvdb_id": 1027197306, "skiltnummer": "376.1 - Parkeringssone", "tekst": null, "kategori": "forbud", "egenskaper": {"Geometri, punkt": "POINT(-31681.19586536486 6734241.0137583455)", "Ansiktsside, rettet mot": "Trafikk mot metreringsretning", "Skiltnummer": "376.1 - Parkeringssone"}, "vegsystem": "KV4893 S1D1 m16", "mor": [1027197299]}, "geometry": {"type": "Point", "coordinates": [5.32979741, 60.3922211]}}, {"type": "Feature", "properties": {"nvdb_id": 1027197313, "skiltnummer": "372 - Parkering forbudt", "tekst": null, "kategori": "forbud", "egenskaper": {"Geometri, punkt": "POINT(-31689.223562106257 6734244.304509227)", "Ansiktsside, rettet mot": "Tosidig", "Skiltnummer": "372 - Parkering forbudt"}, "vegsystem": "KV4893 S1D1 m19", "mor": [1027197315]}, "geometry": {"type": "Point", "coordinates": [5.3296451, 60.3922397]}}, {"type": "Feature", "properties": {"nvdb_id": 1027196952, "skiltnummer": "376.1 - Parkeringssone", "tekst": "08 - 23 (08 - 17) Med P-kort eller mot avgift", "kategori": "boligsone", "egenskaper": {"Geometri, punkt": "POINT(-31538.899199891835 6734245.875427827)", "Ansiktsside, rettet mot": "Trafikk mot metreringsretning", "Skiltnummer": "376.1 - Parkeringssone", "Tekst": "08 - 23 (08 - 17) Med P-kort eller mot avgift"}, "vegsystem": "KV4777 S1D1 m81", "mor": [1027196956]}, "geometry": {"type": "Point", "coordinates": [5.33232961, 60.39245069]}}, {"type": "Feature", "properties": {"nvdb_id": 82565288, "skiltnummer": "372 - Parkering forbudt", "tekst": null, "kategori": "forbud", "egenskaper": {"Geometri, punkt": "POINT Z (-31558.9986169872 6734250.75717766 8.906)", "Ansiktsside, rettet mot": "Tosidig", "Skiltnummer": "372 - Parkering forbudt", "Belysning": "Ingen"}, "vegsystem": "FV585 S1D1 m7876", "mor": [82565291]}, "geometry": {"type": "Point", "coordinates": [5.33195717, 60.39246756]}}, {"type": "Feature", "properties": {"nvdb_id": 1027196615, "skiltnummer": "372 - Parkering forbudt", "tekst": null, "kategori": "forbud", "egenskaper": {"Geometri, punkt": "POINT(-31429.186456497642 6734252.980183728)", "Ansiktsside, rettet mot": "Tosidig", "Skiltnummer": "372 - Parkering forbudt"}, "vegsystem": "KV4957 S1D1 m130", "mor": [1027196618]}, "geometry": {"type": "Point", "coordinates": [5.33427311, 60.3926574]}}, {"type": "Feature", "properties": {"nvdb_id": 1027264759, "skiltnummer": "806 - Tid", "tekst": "Varetransport tillatt 06 - 11 (06 - 10)", "kategori": "parkering", "egenskaper": {"Geometri, punkt": "POINT(-32303.210931695183 6734258.696429347)", "Ansiktsside, rettet mot": "Trafikk i metreringsretning", "Skiltnummer": "806 - Tid", "Tekst": "Varetransport tillatt 06 - 11 (06 - 10)"}, "vegsystem": "KV4815 S1D10 m8", "mor": [1027264763]}, "geometry": {"type": "Point", "coordinates": [5.31862571, 60.39156149]}}, {"type": "Feature", "properties": {"nvdb_id": 1027196949, "skiltnummer": "372 - Parkering forbudt", "tekst": null, "kategori": "forbud", "egenskaper": {"Geometri, punkt": "POINT(-31519.197861418594 6734257.870772111)", "Ansiktsside, rettet mot": "Tosidig", "Skiltnummer": "372 - Parkering forbudt"}, "vegsystem": "KV4777 S1D1 m58", "mor": [1027196951]}, "geometry": {"type": "Point", "coordinates": [5.3326502, 60.3925827]}}, {"type": "Feature", "properties": {"nvdb_id": 1027265064, "skiltnummer": "372 - Parkering forbudt", "tekst": null, "kategori": "forbud", "egenskaper": {"Geometri, punkt": "POINT(-32096.10083833651 6734258.8952780925)", "Ansiktsside, rettet mot": "Tosidig", "Skiltnummer": "372 - Parkering forbudt"}, "vegsystem": "KV5142 S1D1 m88", "mor": [1027265066]}, "geometry": {"type": "Point", "coordinates": [5.32232931, 60.39183509]}}, {"type": "Feature", "properties": {"nvdb_id": 1027196579, "skiltnummer": "807.8 - Symbol, forflytningshemmede med parkeringstillatelse", "tekst": null, "kategori": "parkering", "egenskaper": {"Geometri, punkt": "POINT(-31414.67113447562 6734258.840961946)", "Ansiktsside, rettet mot": "Trafikk i metreringsretning", "Skiltnummer": "807.8 - Symbol, forflytningshemmede med parkeringstillatelse"}, "vegsystem": "KV4372 S1D1 m183", "mor": [1027196582]}, "geometry": {"type": "Point", "coordinates": [5.33451721, 60.3927283]}}, {"type": "Feature", "properties": {"nvdb_id": 1027196580, "skiltnummer": "552 - Parkering", "tekst": null, "kategori": "parkering", "egenskaper": {"Geometri, punkt": "POINT(-31414.67113447562 6734258.840961946)", "Ansiktsside, rettet mot": "Trafikk i metreringsretning", "Skiltnummer": "552 - Parkering"}, "vegsystem": "KV4372 S1D1 m183", "mor": [1027196582]}, "geometry": {"type": "Point", "coordinates": [5.33451721, 60.3927283]}}, {"type": "Feature", "properties": {"nvdb_id": 494047704, "skiltnummer": "372 - Parkering forbudt", "tekst": null, "kategori": "forbud", "egenskaper": {"Geometri, punkt": "POINT Z (-32380.9018560813 6734260.12225853 7.906)", "Ansiktsside, rettet mot": "Trafikk i metreringsretning", "Skiltnummer": "372 - Parkering forbudt", "Belysning": "Ingen"}, "vegsystem": "FV5350 S1D1 m46", "mor": [494047703]}, "geometry": {"type": "Point", "coordinates": [5.31723246, 60.39147212]}}, {"type": "Feature", "properties": {"nvdb_id": 494047705, "skiltnummer": "372 - Parkering forbudt", "tekst": null, "kategori": "forbud", "egenskaper": {"Geometri, punkt": "POINT Z (-32380.9018560813 6734260.12225853 7.906)", "Ansiktsside, rettet mot": "Trafikk mot metreringsretning", "Skiltnummer": "372 - Parkering forbudt", "Belysning": "Ingen"}, "vegsystem": "FV5350 S1D1 m46", "mor": [494047703]}, "geometry": {"type": "Point", "coordinates": [5.31723246, 60.39147212]}}, {"type": "Feature", "properties": {"nvdb_id": 1027264512, "skiltnummer": "376.1 - Parkeringssone", "tekst": "8 - 23 (8 - 17) med p-kort eller ved parkometer", "kategori": "boligsone", "egenskaper": {"Geometri, punkt": "POINT(-32475.573020578013 6734260.8781622425)", "Ansiktsside, rettet mot": "Trafikk i metreringsretning", "Skiltnummer": "376.1 - Parkeringssone", "Tekst": "8 - 23 (8 - 17) med p-kort eller ved parkometer"}, "vegsystem": "KV4305 S1D1 m192", "mor": [1027264516]}, "geometry": {"type": "Point", "coordinates": [5.31553732, 60.3913545]}}, {"type": "Feature", "properties": {"nvdb_id": 1027264707, "skiltnummer": "807.6 - Symbol, sykkel og liten elektrisk motorvogn", "tekst": null, "kategori": "parkering", "egenskaper": {"Geometri, punkt": "POINT(-32309.02470064629 6734261.456888195)", "Ansiktsside, rettet mot": "Trafikk i metreringsretning", "Skiltnummer": "807.6 - Symbol, sykkel og liten elektrisk motorvogn"}, "vegsystem": "KV4815 S1D10 m2", "mor": [1027264709]}, "geometry": {"type": "Point", "coordinates": [5.31851441, 60.3915783]}}, {"type": "Feature", "properties": {"nvdb_id": 82565193, "skiltnummer": "372 - Parkering forbudt", "tekst": null, "kategori": "forbud", "egenskaper": {"Geometri, punkt": "POINT Z (-31662.4670769741 6734261.69706152 8.064)", "Ansiktsside, rettet mot": "Tosidig", "Skiltnummer": "372 - Parkering forbudt", "Belysning": "Ingen"}, "vegsystem": "FV585 S1D1 m8024", "mor": [82565196]}, "geometry": {"type": "Point", "coordinates": [5.33007758, 60.39242873]}}, {"type": "Feature", "properties": {"nvdb_id": 1027264499, "skiltnummer": "376.1 - Parkeringssone", "tekst": "8 - 23 (8 - 17) med p-kort eller ved parkometer", "kategori": "boligsone", "egenskaper": {"Geometri, punkt": "POINT(-32478.769156890106 6734266.922547729)", "Ansiktsside, rettet mot": "Trafikk i metreringsretning", "Skiltnummer": "376.1 - Parkeringssone", "Tekst": "8 - 23 (8 - 17) med p-kort eller ved parkometer"}, "vegsystem": "KV4305 S1D1 m188", "mor": [1027264501]}, "geometry": {"type": "Point", "coordinates": [5.31546412, 60.3914038]}}, {"type": "Feature", "properties": {"nvdb_id": 1027264729, "skiltnummer": "372 - Parkering forbudt", "tekst": null, "kategori": "forbud", "egenskaper": {"Geometri, punkt": "POINT(-32298.307232726365 6734265.708504993)", "Ansiktsside, rettet mot": "Tosidig", "Skiltnummer": "372 - Parkering forbudt"}, "vegsystem": "KV5063 S1D1 m76", "mor": [1027264731]}, "geometry": {"type": "Point", "coordinates": [5.31869482, 60.39163]}}, {"type": "Feature", "properties": {"nvdb_id": 82565202, "skiltnummer": "372 - Parkering forbudt", "tekst": null, "kategori": "forbud", "egenskaper": {"Geometri, punkt": "POINT Z (-31652.3791655653 6734268.05683176 7.895)", "Ansiktsside, rettet mot": "Tosidig", "Skiltnummer": "372 - Parkering forbudt", "Belysning": "Ingen"}, "vegsystem": "FV585 S1D1 m8015", "mor": [82565205]}, "geometry": {"type": "Point", "coordinates": [5.33024116, 60.39249825]}}, {"type": "Feature", "properties": {"nvdb_id": 1027196584, "skiltnummer": "807.8 - Symbol, forflytningshemmede med parkeringstillatelse", "tekst": null, "kategori": "parkering", "egenskaper": {"Geometri, punkt": "POINT(-31423.43940046034 6734268.872617951)", "Ansiktsside, rettet mot": "Tosidig", "Skiltnummer": "807.8 - Symbol, forflytningshemmede med parkeringstillatelse"}, "vegsystem": "KV4372 S1D1 m170", "mor": [1027196588]}, "geometry": {"type": "Point", "coordinates": [5.33433381, 60.3928056]}}, {"type": "Feature", "properties": {"nvdb_id": 1027196586, "skiltnummer": "552 - Parkering", "tekst": null, "kategori": "parkering", "egenskaper": {"Geometri, punkt": "POINT(-31423.43940046034 6734268.872617951)", "Ansiktsside, rettet mot": "Tosidig", "Skiltnummer": "552 - Parkering"}, "vegsystem": "KV4372 S1D1 m170", "mor": [1027196588]}, "geometry": {"type": "Point", "coordinates": [5.33433381, 60.3928056]}}, {"type": "Feature", "properties": {"nvdb_id": 1027264800, "skiltnummer": "372 - Parkering forbudt", "tekst": null, "kategori": "forbud", "egenskaper": {"Geometri, punkt": "POINT(-32192.18922108668 6734270.307395388)", "Ansiktsside, rettet mot": "Tosidig", "Skiltnummer": "372 - Parkering forbudt"}, "vegsystem": "KV5066 S1D1 m58", "mor": [1027264803]}, "geometry": {"type": "Point", "coordinates": [5.32058052, 60.39180999]}}, {"type": "Feature", "properties": {"nvdb_id": 1027196609, "skiltnummer": "372 - Parkering forbudt", "tekst": null, "kategori": "forbud", "egenskaper": {"Geometri, punkt": "POINT(-31460.202485436574 6734277.310648747)", "Ansiktsside, rettet mot": "Tosidig", "Skiltnummer": "372 - Parkering forbudt"}, "vegsystem": "KV4957 S1D1 m91", "mor": [1027196611]}, "geometry": {"type": "Point", "coordinates": [5.33365391, 60.3928321]}}, {"type": "Feature", "properties": {"nvdb_id": 1027219202, "skiltnummer": "372 - Parkering forbudt", "tekst": null, "kategori": "forbud", "egenskaper": {"Geometri, punkt": "POINT(-31872.307677475852 6734283.183796321)", "Ansiktsside, rettet mot": "Tosidig", "Skiltnummer": "372 - Parkering forbudt"}, "vegsystem": "KV4928 S2D1 m16", "mor": [1027219205]}, "geometry": {"type": "Point", "coordinates": [5.3262675, 60.3923437]}}, {"type": "Feature", "properties": {"nvdb_id": 1027264723, "skiltnummer": "372 - Parkering forbudt", "tekst": null, "kategori": "forbud", "egenskaper": {"Geometri, punkt": "POINT(-32287.322969539324 6734278.846313298)", "Ansiktsside, rettet mot": "Tosidig", "Skiltnummer": "372 - Parkering forbudt"}, "vegsystem": "KV5063 S1D1 m59", "mor": [1027264725]}, "geometry": {"type": "Point", "coordinates": [5.31885641, 60.39176069]}}, {"type": "Feature", "properties": {"nvdb_id": 1027264683, "skiltnummer": "372 - Parkering forbudt", "tekst": null, "kategori": "forbud", "egenskaper": {"Geometri, punkt": "POINT(-32339.999652815983 6734280.841052425)", "Ansiktsside, rettet mot": "Tosidig", "Skiltnummer": "372 - Parkering forbudt"}, "vegsystem": "KV4815 S1D1 m9", "mor": [1027264686]}, "geometry": {"type": "Point", "coordinates": [5.31790901, 60.3917092]}}, {"type": "Feature", "properties": {"nvdb_id": 566415606, "skiltnummer": "552 - Parkering", "tekst": null, "kategori": "parkering", "egenskaper": {"Geometri, punkt": "POINT Z (-31860.8140422221 6734285.15516383 4.294)", "Ansiktsside, rettet mot": "Tosidig", "Skiltform": "Plan", "Skiltnummer": "552 - Parkering", "Belysning": "Ingen"}, "vegsystem": "FV577 S1D1 m589", "mor": [566415605]}, "geometry": {"type": "Point", "coordinates": [5.32646786, 60.39237622]}}, {"type": "Feature", "properties": {"nvdb_id": 566415607, "skiltnummer": "807.8 - Symbol, forflytningshemmede med parkeringstillatelse", "tekst": null, "kategori": "parkering", "egenskaper": {"Geometri, punkt": "POINT Z (-31860.8140422221 6734285.15516383 4.294)", "Ansiktsside, rettet mot": "Parallelt mot veg", "Skiltform": "Plan", "Skiltnummer": "807.8 - Symbol, forflytningshemmede med parkeringstillatelse", "Belysning": "Ingen"}, "vegsystem": "FV577 S1D1 m589", "mor": [566415605]}, "geometry": {"type": "Point", "coordinates": [5.32646786, 60.39237622]}}, {"type": "Feature", "properties": {"nvdb_id": 1027265024, "skiltnummer": "372 - Parkering forbudt", "tekst": null, "kategori": "forbud", "egenskaper": {"Geometri, punkt": "POINT(-32117.594634690206 6734281.854175197)", "Ansiktsside, rettet mot": "Tosidig", "Skiltnummer": "372 - Parkering forbudt"}, "vegsystem": "KV4879 S1D1 m53", "mor": [1027265022]}, "geometry": {"type": "Point", "coordinates": [5.32188401, 60.3920101]}}, {"type": "Feature", "properties": {"nvdb_id": 566415458, "skiltnummer": "552 - Parkering", "tekst": null, "kategori": "parkering", "egenskaper": {"Geometri, punkt": "POINT Z (-31650.186141346 6734288.01335215 7.519)", "Ansiktsside, rettet mot": "Tosidig", "Skiltform": "Plan", "Skiltnummer": "552 - Parkering", "Belysning": "Ingen"}, "vegsystem": "FV585 S1D1 m8001", "mor": [566415457]}, "geometry": {"type": "Point", "coordinates": [5.33022751, 60.39267776]}}, {"type": "Feature", "properties": {"nvdb_id": 566415459, "skiltnummer": "807.8 - Symbol, forflytningshemmede med parkeringstillatelse", "tekst": null, "kategori": "parkering", "egenskaper": {"Geometri, punkt": "POINT Z (-31650.186141346 6734288.01335215 7.519)", "Ansiktsside, rettet mot": "Tosidig", "Skiltform": "Plan", "Skiltnummer": "807.8 - Symbol, forflytningshemmede med parkeringstillatelse", "Belysning": "Ingen"}, "vegsystem": "FV585 S1D1 m8001", "mor": [566415457]}, "geometry": {"type": "Point", "coordinates": [5.33022751, 60.39267776]}}, {"type": "Feature", "properties": {"nvdb_id": 1027196922, "skiltnummer": "372 - Parkering forbudt", "tekst": null, "kategori": "forbud", "egenskaper": {"Geometri, punkt": "POINT(-31519.466675214702 6734283.839357324)", "Ansiktsside, rettet mot": "Tosidig", "Skiltnummer": "372 - Parkering forbudt"}, "vegsystem": "KV4293 S1D1 m69", "mor": [1027196924]}, "geometry": {"type": "Point", "coordinates": [5.3325766, 60.39281219]}}, {"type": "Feature", "properties": {"nvdb_id": 1027196914, "skiltnummer": "372 - Parkering forbudt", "tekst": null, "kategori": "forbud", "egenskaper": {"Geometri, punkt": "POINT(-31545.59038534516 6734286.160761634)", "Ansiktsside, rettet mot": "Tosidig", "Skiltnummer": "372 - Parkering forbudt"}, "vegsystem": "KV4293 S1D1 m41", "mor": [1027196916]}, "geometry": {"type": "Point", "coordinates": [5.33210321, 60.3927985]}}, {"type": "Feature", "properties": {"nvdb_id": 494047698, "skiltnummer": "372 - Parkering forbudt", "tekst": null, "kategori": "forbud", "egenskaper": {"Geometri, punkt": "POINT Z (-32370.4508144146 6734289.35871686 7.768)", "Ansiktsside, rettet mot": "Trafikk i metreringsretning", "Skiltnummer": "372 - Parkering forbudt", "Belysning": "Ingen"}, "vegsystem": "FV5350 S1D1 m16", "mor": [219547949]}, "geometry": {"type": "Point", "coordinates": [5.3173418, 60.39174461]}}, {"type": "Feature", "properties": {"nvdb_id": 494047699, "skiltnummer": "372 - Parkering forbudt", "tekst": null, "kategori": "forbud", "egenskaper": {"Geometri, punkt": "POINT Z (-32370.4508144146 6734289.35871686 7.768)", "Ansiktsside, rettet mot": "Trafikk mot metreringsretning", "Skiltnummer": "372 - Parkering forbudt", "Belysning": "Ingen"}, "vegsystem": "FV5350 S1D1 m16", "mor": [219547949]}, "geometry": {"type": "Point", "coordinates": [5.3173418, 60.39174461]}}, {"type": "Feature", "properties": {"nvdb_id": 1027196918, "skiltnummer": "372 - Parkering forbudt", "tekst": null, "kategori": "forbud", "egenskaper": {"Geometri, punkt": "POINT(-31539.52754547086 6734288.629558064)", "Ansiktsside, rettet mot": "Tosidig", "Skiltnummer": "372 - Parkering forbudt"}, "vegsystem": "KV4293 S1D1 m42", "mor": [1027196920]}, "geometry": {"type": "Point", "coordinates": [5.3322051, 60.3928283]}}, {"type": "Feature", "properties": {"nvdb_id": 1027264673, "skiltnummer": "807.8 - Symbol, forflytningshemmede med parkeringstillatelse", "tekst": null, "kategori": "parkering", "egenskaper": {"Geometri, punkt": "POINT(-32344.34220434376 6734287.676751539)", "Ansiktsside, rettet mot": "Tosidig", "Skiltnummer": "807.8 - Symbol, forflytningshemmede med parkeringstillatelse"}, "vegsystem": "KV4815 S1D1 m3", "mor": [1027264677]}, "geometry": {"type": "Point", "coordinates": [5.31781322, 60.391764]}}, {"type": "Feature", "properties": {"nvdb_id": 1027264675, "skiltnummer": "552 - Parkering", "tekst": null, "kategori": "parkering", "egenskaper": {"Geometri, punkt": "POINT(-32344.34220434376 6734287.676751539)", "Ansiktsside, rettet mot": "Tosidig", "Skiltnummer": "552 - Parkering"}, "vegsystem": "KV4815 S1D1 m3", "mor": [1027264677]}, "geometry": {"type": "Point", "coordinates": [5.31781322, 60.391764]}}, {"type": "Feature", "properties": {"nvdb_id": 219548033, "skiltnummer": "808.545 - Varetransport tillatt/tillete (tidsrom)", "tekst": null, "kategori": "parkering", "egenskaper": {"Geometri, punkt": "POINT Z (-32228.3377504434 6734288.1132493 9.706)", "Ansiktsside, rettet mot": "Trafikk i metreringsretning", "Skiltnummer": "808.545 - Varetransport tillatt/tillete (tidsrom)", "Belysning": "Ingen"}, "vegsystem": "FV5334 S1D1 m246", "mor": [219548031]}, "geometry": {"type": "Point", "coordinates": [5.31988677, 60.39192014]}}, {"type": "Feature", "properties": {"nvdb_id": 1027264689, "skiltnummer": "372 - Parkering forbudt", "tekst": null, "kategori": "forbud", "egenskaper": {"Geometri, punkt": "POINT(-32332.737747894716 6734290.63295162)", "Ansiktsside, rettet mot": "Tosidig", "Skiltnummer": "372 - Parkering forbudt"}, "vegsystem": "KV4815 S1D1 m5", "mor": [1027264691]}, "geometry": {"type": "Point", "coordinates": [5.31801291, 60.3918054]}}, {"type": "Feature", "properties": {"nvdb_id": 566415610, "skiltnummer": "807.2 - Symbol, varebil, lastebil og trekkbil", "tekst": null, "kategori": "parkering", "egenskaper": {"Geometri, punkt": "POINT Z (-31854.4640422221 6734294.41558049 4.937)", "Ansiktsside, rettet mot": "Parallelt mot veg", "Skiltform": "Plan", "Skiltnummer": "807.2 - Symbol, varebil, lastebil og trekkbil", "Belysning": "Ingen"}, "vegsystem": "FV577 S1D1 m600", "mor": [566415608]}, "geometry": {"type": "Point", "coordinates": [5.32655688, 60.39246652]}}, {"type": "Feature", "properties": {"nvdb_id": 1027264716, "skiltnummer": "807.8 - Symbol, forflytningshemmede med parkeringstillatelse", "tekst": null, "kategori": "parkering", "egenskaper": {"Geometri, punkt": "POINT(-32280.095924415393 6734290.326920422)", "Ansiktsside, rettet mot": "Tosidig", "Skiltnummer": "807.8 - Symbol, forflytningshemmede med parkeringstillatelse"}, "vegsystem": "KV5063 S1D1 m45", "mor": [1027264720]}, "geometry": {"type": "Point", "coordinates": [5.31895521, 60.3918718]}}, {"type": "Feature", "properties": {"nvdb_id": 1027264718, "skiltnummer": "552 - Parkering", "tekst": null, "kategori": "parkering", "egenskaper": {"Geometri, punkt": "POINT(-32280.095924415393 6734290.326920422)", "Ansiktsside, rettet mot": "Tosidig", "Skiltnummer": "552 - Parkering"}, "vegsystem": "KV5063 S1D1 m45", "mor": [1027264720]}, "geometry": {"type": "Point", "coordinates": [5.31895521, 60.3918718]}}, {"type": "Feature", "properties": {"nvdb_id": 1027265079, "skiltnummer": "372 - Parkering forbudt", "tekst": null, "kategori": "forbud", "egenskaper": {"Geometri, punkt": "POINT(-32089.918548192014 6734294.596390154)", "Ansiktsside, rettet mot": "Tosidig", "Skiltnummer": "372 - Parkering forbudt"}, "vegsystem": "KV4879 S1D1 m121", "mor": [1027265082]}, "geometry": {"type": "Point", "coordinates": [5.3223452, 60.39215919]}}, {"type": "Feature", "properties": {"nvdb_id": 82565214, "skiltnummer": "372 - Parkering forbudt", "tekst": null, "kategori": "forbud", "egenskaper": {"Geometri, punkt": "POINT Z (-31637.356949663 6734297.88196114 7.311)", "Ansiktsside, rettet mot": "Tosidig", "Skiltnummer": "372 - Parkering forbudt", "Belysning": "Ingen"}, "vegsystem": "FV585 S1D1 m7985", "mor": [82565217]}, "geometry": {"type": "Point", "coordinates": [5.33043082, 60.39278193]}}, {"type": "Feature", "properties": {"nvdb_id": 1027222858, "skiltnummer": "372 - Parkering forbudt", "tekst": null, "kategori": "forbud", "egenskaper": {"Geometri, punkt": "POINT(-31146.255890122266 6734292.562743068)", "Ansiktsside, rettet mot": "Tosidig", "Skiltnummer": "372 - Parkering forbudt"}, "vegsystem": "KV4881 S1D1 m1440", "mor": [1027222861]}, "geometry": {"type": "Point", "coordinates": [5.3392289, 60.3933785]}}, {"type": "Feature", "properties": {"nvdb_id": 1027196605, "skiltnummer": "372 - Parkering forbudt", "tekst": null, "kategori": "forbud", "egenskaper": {"Geometri, punkt": "POINT(-31475.348372464767 6734292.297700425)", "Ansiktsside, rettet mot": "Tosidig", "Skiltnummer": "372 - Parkering forbudt"}, "vegsystem": "KV4957 S1D1 m70", "mor": [1027196607]}, "geometry": {"type": "Point", "coordinates": [5.33334331, 60.3929449]}}, {"type": "Feature", "properties": {"nvdb_id": 1027264804, "skiltnummer": "807.8 - Symbol, forflytningshemmede med parkeringstillatelse", "tekst": null, "kategori": "parkering", "egenskaper": {"Geometri, punkt": "POINT(-32172.113883003476 6734292.683863081)", "Ansiktsside, rettet mot": "Tosidig", "Skiltnummer": "807.8 - Symbol, forflytningshemmede med parkeringstillatelse"}, "vegsystem": "KV5066 S1D1 m29", "mor": [1027264809]}, "geometry": {"type": "Point", "coordinates": [5.32088021, 60.3920344]}}, {"type": "Feature", "properties": {"nvdb_id": 1027264807, "skiltnummer": "552 - Parkering", "tekst": null, "kategori": "parkering", "egenskaper": {"Geometri, punkt": "POINT(-32172.113883003476 6734292.683863081)", "Ansiktsside, rettet mot": "Tosidig", "Skiltnummer": "552 - Parkering"}, "vegsystem": "KV5066 S1D1 m29", "mor": [1027264809]}, "geometry": {"type": "Point", "coordinates": [5.32088021, 60.3920344]}}, {"type": "Feature", "properties": {"nvdb_id": 566415455, "skiltnummer": "808.301 - Gjelder gjennomkjøring/Gjeld gjennomkøyring", "tekst": null, "kategori": "parkering", "egenskaper": {"Geometri, punkt": "POINT Z (-31639.1113690384 6734303.25487048 7.18)", "Ansiktsside, rettet mot": "Parallelt mot veg", "Skiltform": "Plan", "Skiltnummer": "808.301 - Gjelder gjennomkjøring/Gjeld gjennomkøyring", "Belysning": "Ingen", "Størrelse": "Liten størrelse"}, "vegsystem": "FV585 S1D1 m7983", "mor": [566415453]}, "geometry": {"type": "Point", "coordinates": [5.33038521, 60.39282719]}}, {"type": "Feature", "properties": {"nvdb_id": 1027196943, "skiltnummer": "808.301 - Gjelder gjennomkjøring/Gjeld gjennomkøyring", "tekst": null, "kategori": "parkering", "egenskaper": {"Geometri, punkt": "POINT(-31485.093304587062 6734295.695440822)", "Ansiktsside, rettet mot": "Trafikk i metreringsretning", "Skiltnummer": "808.301 - Gjelder gjennomkjøring/Gjeld gjennomkøyring"}, "vegsystem": "KV4777 S1D1 m5", "mor": [1027196947]}, "geometry": {"type": "Point", "coordinates": [5.33316001, 60.39296219]}}, {"type": "Feature", "properties": {"nvdb_id": 1027196928, "skiltnummer": "372 - Parkering forbudt", "tekst": null, "kategori": "forbud", "egenskaper": {"Geometri, punkt": "POINT(-31502.935898769996 6734297.682676155)", "Ansiktsside, rettet mot": "Parallelt mot veg", "Skiltnummer": "372 - Parkering forbudt"}, "vegsystem": "KV4293 S1D1 m87", "mor": [1027196932]}, "geometry": {"type": "Point", "coordinates": [5.3328356, 60.3929564]}}, {"type": "Feature", "properties": {"nvdb_id": 566415452, "skiltnummer": "808.301 - Gjelder gjennomkjøring/Gjeld gjennomkøyring", "tekst": null, "kategori": "parkering", "egenskaper": {"Geometri, punkt": "POINT Z (-31633.5191572792 6734306.98301165 7.18)", "Ansiktsside, rettet mot": "Parallelt mot veg", "Skiltform": "Plan", "Skiltnummer": "808.301 - Gjelder gjennomkjøring/Gjeld gjennomkøyring", "Belysning": "Ingen", "Størrelse": "Liten størrelse"}, "vegsystem": "FV585 S1D1 m7976", "mor": [566415449]}, "geometry": {"type": "Point", "coordinates": [5.33047535, 60.39286752]}}, {"type": "Feature", "properties": {"nvdb_id": 1027218855, "skiltnummer": "372 - Parkering forbudt", "tekst": null, "kategori": "forbud", "egenskaper": {"Geometri, punkt": "POINT(-31750.971427552635 6734297.88851794)", "Ansiktsside, rettet mot": "Tosidig", "Skiltnummer": "372 - Parkering forbudt"}, "vegsystem": "KV5744 S1D1 m32", "mor": [1027218857]}, "geometry": {"type": "Point", "coordinates": [5.32839872, 60.392633]}}, {"type": "Feature", "properties": {"nvdb_id": 1027188724, "skiltnummer": "372 - Parkering forbudt", "tekst": null, "kategori": "forbud", "egenskaper": {"Geometri, punkt": "POINT(-31083.72611466353 6734300.819998616)", "Ansiktsside, rettet mot": "Tosidig", "Skiltnummer": "372 - Parkering forbudt"}, "vegsystem": "KV4837 S1D1 m236", "mor": [1027188726]}, "geometry": {"type": "Point", "coordinates": [5.34032551, 60.3935335]}}, {"type": "Feature", "properties": {"nvdb_id": 1027219238, "skiltnummer": "372 - Parkering forbudt", "tekst": null, "kategori": "forbud", "egenskaper": {"Geometri, punkt": "POINT(-31909.520745345973 6734300.9238093225)", "Ansiktsside, rettet mot": "Tosidig", "Skiltnummer": "372 - Parkering forbudt"}, "vegsystem": "KV4928 S2D1 m57", "mor": [1027219237]}, "geometry": {"type": "Point", "coordinates": [5.32555491, 60.3924519]}}, {"type": "Feature", "properties": {"nvdb_id": 82512326, "skiltnummer": "372 - Parkering forbudt", "tekst": null, "kategori": "forbud", "egenskaper": {"Geometri, punkt": "POINT Z (-31997.5709420755 6734300.99024264 3.648)", "Ansiktsside, rettet mot": "Trafikk i metreringsretning", "Skiltnummer": "372 - Parkering forbudt", "Belysning": "Ingen"}, "vegsystem": "PV99947 S1D1 m57", "mor": [82512329]}, "geometry": {"type": "Point", "coordinates": [5.32397992, 60.39233696]}}, {"type": "Feature", "properties": {"nvdb_id": 82565238, "skiltnummer": "808.121 - Opphøyd gangfelt/Heva gangfelt", "tekst": null, "kategori": "parkering", "egenskaper": {"Geometri, punkt": "POINT Z (-31623.956041469704 6734306.976660909 7.007)", "Ansiktsside, rettet mot": "Trafikk i metreringsretning", "Skiltform": "Plan", "Skiltnummer": "808.121 - Opphøyd gangfelt/Heva gangfelt", "Belysning": "Ingen"}, "vegsystem": "FV585 S1D1 m7969", "mor": [83246942]}, "geometry": {"type": "Point", "coordinates": [5.33064641, 60.39288]}}, {"type": "Feature", "properties": {"nvdb_id": 1027265096, "skiltnummer": "552 - Parkering", "tekst": null, "kategori": "parkering", "egenskaper": {"Geometri, punkt": "POINT(-32105.679962328053 6734306.514271804)", "Ansiktsside, rettet mot": "Tosidig", "Skiltnummer": "552 - Parkering"}, "vegsystem": "KV4879 S1D1 m141", "mor": [1027265099]}, "geometry": {"type": "Point", "coordinates": [5.32203171, 60.392244]}}, {"type": "Feature", "properties": {"nvdb_id": 1027265098, "skiltnummer": "807.8 - Symbol, forflytningshemmede med parkeringstillatelse", "tekst": null, "kategori": "parkering", "egenskaper": {"Geometri, punkt": "POINT(-32105.679962328053 6734306.514271804)", "Ansiktsside, rettet mot": "Tosidig", "Skiltnummer": "807.8 - Symbol, forflytningshemmede med parkeringstillatelse"}, "vegsystem": "KV4879 S1D1 m141", "mor": [1027265099]}, "geometry": {"type": "Point", "coordinates": [5.32203171, 60.392244]}}, {"type": "Feature", "properties": {"nvdb_id": 566415680, "skiltnummer": "808.313 - Gjelder ikke buss/Gjeld ikkje buss", "tekst": null, "kategori": "parkering", "egenskaper": {"Geometri, punkt": "POINT Z (-31925.2374159653 6734305.78692233 4.182)", "Ansiktsside, rettet mot": "Trafikk mot metreringsretning", "Skiltform": "Plan", "Skiltnummer": "808.313 - Gjelder ikke buss/Gjeld ikkje buss", "Belysning": "Ingen", "Størrelse": "Liten størrelse"}, "vegsystem": "FV585 S2D1 m106", "mor": [82507189]}, "geometry": {"type": "Point", "coordinates": [5.32526093, 60.39247432]}}, {"type": "Feature", "properties": {"nvdb_id": 1027218896, "skiltnummer": "807.8 - Symbol, forflytningshemmede med parkeringstillatelse", "tekst": null, "kategori": "parkering", "egenskaper": {"Geometri, punkt": "POINT(-31778.43648132158 6734305.686573297)", "Ansiktsside, rettet mot": "Tosidig", "Skiltnummer": "807.8 - Symbol, forflytningshemmede med parkeringstillatelse"}, "vegsystem": "KV5744 S1D1 m58", "mor": [1027218900]}, "geometry": {"type": "Point", "coordinates": [5.32788682, 60.392666]}}, {"type": "Feature", "properties": {"nvdb_id": 1027218898, "skiltnummer": "552 - Parkering", "tekst": null, "kategori": "parkering", "egenskaper": {"Geometri, punkt": "POINT(-31778.43648132158 6734305.686573297)", "Ansiktsside, rettet mot": "Tosidig", "Skiltnummer": "552 - Parkering"}, "vegsystem": "KV5744 S1D1 m58", "mor": [1027218900]}, "geometry": {"type": "Point", "coordinates": [5.32788682, 60.392666]}}, {"type": "Feature", "properties": {"nvdb_id": 82356401, "skiltnummer": "372 - Parkering forbudt", "tekst": null, "kategori": "forbud", "egenskaper": {"Geometri, punkt": "POINT Z (-31995.6756035311 6734309.7534928 -999999)", "Ansiktsside, rettet mot": "Tosidig", "Skiltnummer": "372 - Parkering forbudt", "Belysning": "Ingen"}, "vegsystem": "PV99947 S1D1 m54", "mor": [82356402]}, "geometry": {"type": "Point", "coordinates": [5.32399058, 60.39241701]}}, {"type": "Feature", "properties": {"nvdb_id": 1027265010, "skiltnummer": "806 - Tid", "tekst": null, "kategori": "parkering", "egenskaper": {"Geometri, punkt": "POINT(-32147.641359598143 6734305.765147252)", "Ansiktsside, rettet mot": "Trafikk i metreringsretning", "Skiltnummer": "806 - Tid"}, "vegsystem": "KV4879 S1D1 m15", "mor": [1027265016]}, "geometry": {"type": "Point", "coordinates": [5.32128322, 60.3921823]}}, {"type": "Feature", "properties": {"nvdb_id": 1027265012, "skiltnummer": "808.317 - Gjelder ikke buss og taxi/Gjeld ikkje buss og taxi", "tekst": null, "kategori": "parkering", "egenskaper": {"Geometri, punkt": "POINT(-32147.641359598143 6734305.765147252)", "Ansiktsside, rettet mot": "Trafikk i metreringsretning", "Skiltnummer": "808.317 - Gjelder ikke buss og taxi/Gjeld ikkje buss og taxi"}, "vegsystem": "KV4879 S1D1 m15", "mor": [1027265016]}, "geometry": {"type": "Point", "coordinates": [5.32128322, 60.3921823]}}, {"type": "Feature", "properties": {"nvdb_id": 1027218870, "skiltnummer": "372 - Parkering forbudt", "tekst": null, "kategori": "forbud", "egenskaper": {"Geometri, punkt": "POINT(-31766.938390951487 6734310.422707319)", "Ansiktsside, rettet mot": "Tosidig", "Skiltnummer": "372 - Parkering forbudt"}, "vegsystem": "KV5744 S1D1 m50", "mor": [1027218871]}, "geometry": {"type": "Point", "coordinates": [5.32807992, 60.392723]}}, {"type": "Feature", "properties": {"nvdb_id": 1027188714, "skiltnummer": "372 - Parkering forbudt", "tekst": null, "kategori": "forbud", "egenskaper": {"Geometri, punkt": "POINT(-31110.362245485885 6734308.625738701)", "Ansiktsside, rettet mot": "Tosidig", "Skiltnummer": "372 - Parkering forbudt"}, "vegsystem": "KV4953 S1D1 m1206", "mor": [1027188716]}, "geometry": {"type": "Point", "coordinates": [5.33982841, 60.3935677]}}, {"type": "Feature", "properties": {"nvdb_id": 1027264814, "skiltnummer": "372 - Parkering forbudt", "tekst": null, "kategori": "forbud", "egenskaper": {"Geometri, punkt": "POINT(-32170.439090007567 6734311.066460913)", "Ansiktsside, rettet mot": "Tosidig", "Skiltnummer": "372 - Parkering forbudt"}, "vegsystem": "KV5066 S1D1 m13", "mor": [1027264816]}, "geometry": {"type": "Point", "coordinates": [5.32086142, 60.39219929]}}, {"type": "Feature", "properties": {"nvdb_id": 1027196546, "skiltnummer": "376.1 - Parkeringssone", "tekst": null, "kategori": "forbud", "egenskaper": {"Geometri, punkt": "POINT(-31584.657788319862 6734307.312712783)", "Ansiktsside, rettet mot": "Trafikk i metreringsretning", "Skiltnummer": "376.1 - Parkeringssone"}, "vegsystem": "KV4555 S1D1 m16", "mor": [1027196552]}, "geometry": {"type": "Point", "coordinates": [5.3313484, 60.3929345]}}, {"type": "Feature", "properties": {"nvdb_id": 1027217526, "skiltnummer": "372 - Parkering forbudt", "tekst": null, "kategori": "forbud", "egenskaper": {"Geometri, punkt": "POINT(-31636.84705645754 6734310.422865169)", "Ansiktsside, rettet mot": "Tosidig", "Skiltnummer": "372 - Parkering forbudt"}, "vegsystem": "KV4532 S1D1 m17", "mor": [1027217528]}, "geometry": {"type": "Point", "coordinates": [5.33040671, 60.3928936]}}, {"type": "Feature", "properties": {"nvdb_id": 557338437, "skiltnummer": "372 - Parkering forbudt", "tekst": null, "kategori": "forbud", "egenskaper": {"Geometri, punkt": "POINT Z (-32335.2612310813 6734310.12850853 7.654)", "Ansiktsside, rettet mot": "Trafikk mot metreringsretning", "Skiltform": "Plan", "Skiltnummer": "372 - Parkering forbudt", "Belysning": "Ingen", "Størrelse": "Liten størrelse"}, "vegsystem": "FV5347 S1D1 m336", "mor": [557338436]}, "geometry": {"type": "Point", "coordinates": [5.31791606, 60.39197464]}}, {"type": "Feature", "properties": {"nvdb_id": 1027265091, "skiltnummer": "372 - Parkering forbudt", "tekst": null, "kategori": "forbud", "egenskaper": {"Geometri, punkt": "POINT(-32115.801860603387 6734314.647180454)", "Ansiktsside, rettet mot": "Tosidig", "Skiltnummer": "372 - Parkering forbudt"}, "vegsystem": "KV4879 S1D1 m154", "mor": [1027265092]}, "geometry": {"type": "Point", "coordinates": [5.32182911, 60.3923027]}}, {"type": "Feature", "properties": {"nvdb_id": 1027222854, "skiltnummer": "372 - Parkering forbudt", "tekst": null, "kategori": "forbud", "egenskaper": {"Geometri, punkt": "POINT(-31155.467392635648 6734311.765210359)", "Ansiktsside, rettet mot": "Tosidig", "Skiltnummer": "372 - Parkering forbudt"}, "vegsystem": "KV4881 S1D1 m1460", "mor": [1027222852]}, "geometry": {"type": "Point", "coordinates": [5.33901331, 60.3935364]}}, {"type": "Feature", "properties": {"nvdb_id": 1027196528, "skiltnummer": "372 - Parkering forbudt", "tekst": null, "kategori": "forbud", "egenskaper": {"Geometri, punkt": "POINT(-31572.68900774105 6734311.945783184)", "Ansiktsside, rettet mot": "Trafikk i metreringsretning", "Skiltnummer": "372 - Parkering forbudt"}, "vegsystem": "KV4555 S1D1 m28", "mor": [1027196530]}, "geometry": {"type": "Point", "coordinates": [5.33155021, 60.3929912]}}, {"type": "Feature", "properties": {"nvdb_id": 494019543, "skiltnummer": "808.307 - Gjelder ikke/Gjeld ikkje varetransport/ (tidsrom)", "tekst": null, "kategori": "parkering", "egenskaper": {"Geometri, punkt": "POINT Z (-32002.4657337422 6734320.9662843 4.479)", "Ansiktsside, rettet mot": "Trafikk mot metreringsretning", "Skiltnummer": "808.307 - Gjelder ikke/Gjeld ikkje varetransport/ (tidsrom)", "Belysning": "Ingen"}, "vegsystem": "PV99947 S1D1 m42", "mor": [494019541]}, "geometry": {"type": "Point", "coordinates": [5.32383941, 60.39250735]}}, {"type": "Feature", "properties": {"nvdb_id": 1027264643, "skiltnummer": "372 - Parkering forbudt", "tekst": null, "kategori": "forbud", "egenskaper": {"Geometri, punkt": "POINT(-32314.625487970072 6734312.735070208)", "Ansiktsside, rettet mot": "Tosidig", "Skiltnummer": "372 - Parkering forbudt"}, "vegsystem": "KV5066 S2D1 m47", "mor": [1027264645]}, "geometry": {"type": "Point", "coordinates": [5.31827822, 60.3920248]}}, {"type": "Feature", "properties": {"nvdb_id": 1027196559, "skiltnummer": "376.1 - Parkeringssone", "tekst": "08 - 23 (08 - 17) Med P-kort eller ved parkometer", "kategori": "boligsone", "egenskaper": {"Geometri, punkt": "POINT(-31587.52362539398 6734316.764312475)", "Ansiktsside, rettet mot": "Trafikk i metreringsretning", "Skiltnummer": "376.1 - Parkeringssone", "Tekst": "08 - 23 (08 - 17) Med P-kort eller ved parkometer"}, "vegsystem": "KV4555 S1D1 m17", "mor": [1027196562]}, "geometry": {"type": "Point", "coordinates": [5.3312721, 60.39301439]}}, {"type": "Feature", "properties": {"nvdb_id": 1019048297, "skiltnummer": "372 - Parkering forbudt", "tekst": null, "kategori": "forbud", "egenskaper": {"Oppsettingsdato": "2021-11-29", "Geometri, punkt": "POINT Z (-32372.189791973797 6734318.076593035 6.515)", "Ansiktsside, rettet mot": "Tosidig", "Skiltform": "Plan", "Skiltnummer": "372 - Parkering forbudt", "Belysning": "Ingen", "Folieklasse": "Klasse 2", "Prosjektreferanse": "Objektoppdatering DK4604", "Størrelse": "Middels størrelse"}, "vegsystem": "FV5347 S1D1 m288", "mor": [557338513]}, "geometry": {"type": "Point", "coordinates": [5.31723451, 60.3919965]}}, {"type": "Feature", "properties": {"nvdb_id": 1027218862, "skiltnummer": "552 - Parkering", "tekst": null, "kategori": "parkering", "egenskaper": {"Geometri, punkt": "POINT(-31754.62206938141 6734319.624652835)", "Ansiktsside, rettet mot": "Tosidig", "Skiltnummer": "552 - Parkering"}, "vegsystem": "KV5744 S1D1 m15", "mor": [1027218866]}, "geometry": {"type": "Point", "coordinates": [5.32827581, 60.3928206]}}, {"type": "Feature", "properties": {"nvdb_id": 1027218865, "skiltnummer": "808 - Underskilt med annen tekst", "tekst": null, "kategori": "parkering", "egenskaper": {"Geometri, punkt": "POINT(-31754.62206938141 6734319.624652835)", "Ansiktsside, rettet mot": "Tosidig", "Skiltnummer": "808 - Underskilt med annen tekst"}, "vegsystem": "KV5744 S1D1 m15", "mor": [1027218866]}, "geometry": {"type": "Point", "coordinates": [5.32827581, 60.3928206]}}, {"type": "Feature", "properties": {"nvdb_id": 1027218882, "skiltnummer": "808 - Underskilt med annen tekst", "tekst": null, "kategori": "parkering", "egenskaper": {"Geometri, punkt": "POINT(-31796.842600415344 6734315.757828472)", "Ansiktsside, rettet mot": "Tosidig", "Skiltnummer": "808 - Underskilt med annen tekst"}, "vegsystem": "KV5744 S1D1 m78", "mor": [1027218886]}, "geometry": {"type": "Point", "coordinates": [5.3275309, 60.392731]}}, {"type": "Feature", "properties": {"nvdb_id": 1027218884, "skiltnummer": "552 - Parkering", "tekst": null, "kategori": "parkering", "egenskaper": {"Geometri, punkt": "POINT(-31796.842600415344 6734315.757828472)", "Ansiktsside, rettet mot": "Tosidig", "Skiltnummer": "552 - Parkering"}, "vegsystem": "KV5744 S1D1 m78", "mor": [1027218886]}, "geometry": {"type": "Point", "coordinates": [5.3275309, 60.392731]}}, {"type": "Feature", "properties": {"nvdb_id": 1027219355, "skiltnummer": "372 - Parkering forbudt", "tekst": null, "kategori": "forbud", "egenskaper": {"Geometri, punkt": "POINT(-31933.649598315358 6734318.103221824)", "Ansiktsside, rettet mot": "Tosidig", "Skiltnummer": "372 - Parkering forbudt"}, "vegsystem": "KV4928 S2D1 m87", "mor": [1027219356]}, "geometry": {"type": "Point", "coordinates": [5.3250778, 60.3925723]}}, {"type": "Feature", "properties": {"nvdb_id": 1027196532, "skiltnummer": "807.8 - Symbol, forflytningshemmede med parkeringstillatelse", "tekst": null, "kategori": "parkering", "egenskaper": {"Geometri, punkt": "POINT(-31573.537553127506 6734323.8439656235)", "Ansiktsside, rettet mot": "Tosidig", "Skiltnummer": "807.8 - Symbol, forflytningshemmede med parkeringstillatelse"}, "vegsystem": "KV4555 S1D1 m32", "mor": [1027196535]}, "geometry": {"type": "Point", "coordinates": [5.3315035, 60.3930954]}}, {"type": "Feature", "properties": {"nvdb_id": 1027196534, "skiltnummer": "552 - Parkering", "tekst": null, "kategori": "parkering", "egenskaper": {"Geometri, punkt": "POINT(-31573.537553127506 6734323.8439656235)", "Ansiktsside, rettet mot": "Tosidig", "Skiltnummer": "552 - Parkering"}, "vegsystem": "KV4555 S1D1 m32", "mor": [1027196535]}, "geometry": {"type": "Point", "coordinates": [5.3315035, 60.3930954]}}, {"type": "Feature", "properties": {"nvdb_id": 1027215518, "skiltnummer": "807.6 - Symbol, sykkel og liten elektrisk motorvogn", "tekst": "Unntatt", "kategori": "parkering", "egenskaper": {"Geometri, punkt": "POINT(-31611.32468517206 6734320.233519489)", "Ansiktsside, rettet mot": "Trafikk mot metreringsretning", "Skiltnummer": "807.6 - Symbol, sykkel og liten elektrisk motorvogn", "Tekst": "Unntatt"}, "vegsystem": "KV12690 S10D1 m389", "mor": [1027215522]}, "geometry": {"type": "Point", "coordinates": [5.3308372, 60.3930139]}}, {"type": "Feature", "properties": {"nvdb_id": 1027215527, "skiltnummer": "807.6 - Symbol, sykkel og liten elektrisk motorvogn", "tekst": "Unntatt", "kategori": "parkering", "egenskaper": {"Geometri, punkt": "POINT(-31604.85129741358 6734321.9635111615)", "Ansiktsside, rettet mot": "Trafikk mot metreringsretning", "Skiltnummer": "807.6 - Symbol, sykkel og liten elektrisk motorvogn", "Tekst": "Unntatt"}, "vegsystem": "KV12690 S10D1 m390", "mor": [1027215524]}, "geometry": {"type": "Point", "coordinates": [5.33094841, 60.3930377]}}, {"type": "Feature", "properties": {"nvdb_id": 1027196489, "skiltnummer": "372 - Parkering forbudt", "tekst": null, "kategori": "forbud", "egenskaper": {"Geometri, punkt": "POINT(-31551.146528257523 6734321.047072006)", "Ansiktsside, rettet mot": "Tosidig", "Skiltnummer": "372 - Parkering forbudt"}, "vegsystem": "KV4555 S1D1 m53", "mor": [1027196490]}, "geometry": {"type": "Point", "coordinates": [5.3319114, 60.3931]}}, {"type": "Feature", "properties": {"nvdb_id": 1027219363, "skiltnummer": "808 - Underskilt med annen tekst", "tekst": null, "kategori": "parkering", "egenskaper": {"Geometri, punkt": "POINT(-31928.35083193856 6734325.938337315)", "Ansiktsside, rettet mot": "Trafikk i metreringsretning", "Skiltnummer": "808 - Underskilt med annen tekst"}, "vegsystem": "KV4928 S2D1 m87", "mor": [1027219366]}, "geometry": {"type": "Point", "coordinates": [5.32515181, 60.39264859]}}, {"type": "Feature", "properties": {"nvdb_id": 82506744, "skiltnummer": "372 - Parkering forbudt", "tekst": null, "kategori": "forbud", "egenskaper": {"Geometri, punkt": "POINT Z (-32506.7526693502 6734324.61772157 2.106)", "Ansiktsside, rettet mot": "Tosidig", "Skiltnummer": "372 - Parkering forbudt", "Belysning": "Ingen"}, "vegsystem": "FV5347 S1D1 m116", "mor": [82506747]}, "geometry": {"type": "Point", "coordinates": [5.31481053, 60.39187769]}}, {"type": "Feature", "properties": {"nvdb_id": 1027188719, "skiltnummer": "372 - Parkering forbudt", "tekst": null, "kategori": "forbud", "egenskaper": {"Geometri, punkt": "POINT(-31133.887683936162 6734326.116647941)", "Ansiktsside, rettet mot": "Trafikk mot metreringsretning", "Skiltnummer": "372 - Parkering forbudt"}, "vegsystem": "KV4953 S1D1 m1179", "mor": [1027188720]}, "geometry": {"type": "Point", "coordinates": [5.3393613, 60.3936917]}}, {"type": "Feature", "properties": {"nvdb_id": 1027218920, "skiltnummer": "372 - Parkering forbudt", "tekst": null, "kategori": "forbud", "egenskaper": {"Geometri, punkt": "POINT(-31797.840606822283 6734322.492518859)", "Ansiktsside, rettet mot": "Trafikk i metreringsretning", "Skiltnummer": "372 - Parkering forbudt"}, "vegsystem": "KV5744 S1D1 m83", "mor": [1027218921]}, "geometry": {"type": "Point", "coordinates": [5.3274952, 60.3927893]}}, {"type": "Feature", "properties": {"nvdb_id": 1027196497, "skiltnummer": "552 - Parkering", "tekst": null, "kategori": "parkering", "egenskaper": {"Geometri, punkt": "POINT(-31566.12093475042 6734328.507353082)", "Ansiktsside, rettet mot": "Tosidig", "Skiltnummer": "552 - Parkering"}, "vegsystem": "KV4555 S1D1 m41", "mor": [1027196495]}, "geometry": {"type": "Point", "coordinates": [5.33162381, 60.39314639]}}, {"type": "Feature", "properties": {"nvdb_id": 1027196498, "skiltnummer": "806 - Tid", "tekst": "08 - 23 (08 - 23) Maks 2 timer mot avgift", "kategori": "parkering", "egenskaper": {"Geometri, punkt": "POINT(-31566.12093475042 6734328.507353082)", "Ansiktsside, rettet mot": "Tosidig", "Skiltnummer": "806 - Tid", "Tekst": "08 - 23 (08 - 23) Maks 2 timer mot avgift"}, "vegsystem": "KV4555 S1D1 m41", "mor": [1027196495]}, "geometry": {"type": "Point", "coordinates": [5.33162381, 60.39314639]}}, {"type": "Feature", "properties": {"nvdb_id": 557338137, "skiltnummer": "372 - Parkering forbudt", "tekst": null, "kategori": "forbud", "egenskaper": {"Geometri, punkt": "POINT Z (-32264.6722130603 6734323.56865234 9.9)", "Ansiktsside, rettet mot": "Parallelt mot veg", "Skiltnummer": "372 - Parkering forbudt", "Belysning": "Ingen"}, "vegsystem": "FV5334 S1D1 m298", "mor": [557338136]}, "geometry": {"type": "Point", "coordinates": [5.31914289, 60.39218626]}}, {"type": "Feature", "properties": {"nvdb_id": 1019048254, "skiltnummer": "372 - Parkering forbudt", "tekst": null, "kategori": "forbud", "egenskaper": {"Oppsettingsdato": "2021-11-29", "Plasseringskode": 10, "Geometri, punkt": "POINT Z (-32387.124263173435 6734329.421257868 5.679)", "Ansiktsside, rettet mot": "Tosidig", "Skiltform": "Plan", "Skiltnummer": "372 - Parkering forbudt", "Belysning": "Ingen", "Folieklasse": "Klasse 2", "Prosjektreferanse": "Objektoppdatering DK4604", "Størrelse": "Middels størrelse"}, "vegsystem": "FV5347 S1D1 m268", "mor": [221153510]}, "geometry": {"type": "Point", "coordinates": [5.31693732, 60.3920773]}}, {"type": "Feature", "properties": {"nvdb_id": 82356427, "skiltnummer": "808.121 - Opphøyd gangfelt/Heva gangfelt", "tekst": null, "kategori": "parkering", "egenskaper": {"Geometri, punkt": "POINT Z (-31728.2578035536 6734334.06686076 5.578)", "Ansiktsside, rettet mot": "Trafikk i metreringsretning", "Skiltnummer": "808.121 - Opphøyd gangfelt/Heva gangfelt", "Belysning": "Ingen"}, "vegsystem": "FV585 S1D1 m8120", "mor": [82356433]}, "geometry": {"type": "Point", "coordinates": [5.32870908, 60.392983]}}, {"type": "Feature", "properties": {"nvdb_id": 1027264783, "skiltnummer": "807.6 - Symbol, sykkel og liten elektrisk motorvogn", "tekst": null, "kategori": "parkering", "egenskaper": {"Geometri, punkt": "POINT(-32247.497371892794 6734327.883602352)", "Ansiktsside, rettet mot": "Trafikk mot metreringsretning", "Skiltnummer": "807.6 - Symbol, sykkel og liten elektrisk motorvogn"}, "vegsystem": "KV5066 S3D1 m105", "mor": [1027264784]}, "geometry": {"type": "Point", "coordinates": [5.31943862, 60.392247]}}, {"type": "Feature", "properties": {"nvdb_id": 1027264778, "skiltnummer": "372 - Parkering forbudt", "tekst": null, "kategori": "forbud", "egenskaper": {"Geometri, punkt": "POINT(-32225.864291240112 6734331.996562584)", "Ansiktsside, rettet mot": "Tosidig", "Skiltnummer": "372 - Parkering forbudt"}, "vegsystem": "KV5066 S3D1 m82", "mor": [1027264777]}, "geometry": {"type": "Point", "coordinates": [5.31981462, 60.3923118]}}, {"type": "Feature", "properties": {"nvdb_id": 1027217550, "skiltnummer": "808 - Underskilt med annen tekst", "tekst": null, "kategori": "parkering", "egenskaper": {"Geometri, punkt": "POINT(-31667.694427033886 6734330.4484989)", "Ansiktsside, rettet mot": "Tosidig", "Skiltnummer": "808 - Underskilt med annen tekst"}, "vegsystem": "KV4532 S1D1 m53", "mor": [1027217553]}, "geometry": {"type": "Point", "coordinates": [5.32980192, 60.39303039]}}, {"type": "Feature", "properties": {"nvdb_id": 1027217551, "skiltnummer": "552 - Parkering", "tekst": null, "kategori": "parkering", "egenskaper": {"Geometri, punkt": "POINT(-31667.694427033886 6734330.4484989)", "Ansiktsside, rettet mot": "Tosidig", "Skiltnummer": "552 - Parkering"}, "vegsystem": "KV4532 S1D1 m53", "mor": [1027217553]}, "geometry": {"type": "Point", "coordinates": [5.32980192, 60.39303039]}}, {"type": "Feature", "properties": {"nvdb_id": 1027215530, "skiltnummer": "372 - Parkering forbudt", "tekst": null, "kategori": "forbud", "egenskaper": {"Geometri, punkt": "POINT(-31720.320251350175 6734332.234918334)", "Ansiktsside, rettet mot": "Tosidig", "Skiltnummer": "372 - Parkering forbudt"}, "vegsystem": "KV4389 S1D1 m16", "mor": [1027215529]}, "geometry": {"type": "Point", "coordinates": [5.32885591, 60.3929772]}}, {"type": "Feature", "properties": {"nvdb_id": 1027196484, "skiltnummer": "806 - Tid", "tekst": "08 - 23 (08 - 23) Maks 2 timer mot avgift", "kategori": "parkering", "egenskaper": {"Geometri, punkt": "POINT(-31538.21492573386 6734338.485084655)", "Ansiktsside, rettet mot": "Tosidig", "Skiltnummer": "806 - Tid", "Tekst": "08 - 23 (08 - 23) Maks 2 timer mot avgift"}, "vegsystem": "KV4555 S1D1 m71", "mor": [1027196487]}, "geometry": {"type": "Point", "coordinates": [5.33209651, 60.3932713]}}, {"type": "Feature", "properties": {"nvdb_id": 1027196486, "skiltnummer": "552 - Parkering", "tekst": null, "kategori": "parkering", "egenskaper": {"Geometri, punkt": "POINT(-31538.21492573386 6734338.485084655)", "Ansiktsside, rettet mot": "Tosidig", "Skiltnummer": "552 - Parkering"}, "vegsystem": "KV4555 S1D1 m71", "mor": [1027196487]}, "geometry": {"type": "Point", "coordinates": [5.33209651, 60.3932713]}}, {"type": "Feature", "properties": {"nvdb_id": 1027215539, "skiltnummer": "806 - Tid", "tekst": "08 - 230(08 - 23) Maks 1 timer mot avgift", "kategori": "parkering", "egenskaper": {"Geometri, punkt": "POINT(-31714.163613721146 6734334.203724123)", "Ansiktsside, rettet mot": "Tosidig", "Skiltnummer": "806 - Tid", "Tekst": "08 - 230(08 - 23) Maks 1 timer mot avgift"}, "vegsystem": "KV4389 S1D1 m22", "mor": [1027215544]}, "geometry": {"type": "Point", "coordinates": [5.3289608, 60.3930027]}}, {"type": "Feature", "properties": {"nvdb_id": 1027215540, "skiltnummer": "552 - Parkering", "tekst": null, "kategori": "parkering", "egenskaper": {"Geometri, punkt": "POINT(-31714.163613721146 6734334.203724123)", "Ansiktsside, rettet mot": "Tosidig", "Skiltnummer": "552 - Parkering"}, "vegsystem": "KV4389 S1D1 m22", "mor": [1027215544]}, "geometry": {"type": "Point", "coordinates": [5.3289608, 60.3930027]}}, {"type": "Feature", "properties": {"nvdb_id": 82512341, "skiltnummer": "372 - Parkering forbudt", "tekst": null, "kategori": "forbud", "egenskaper": {"Geometri, punkt": "POINT Z (-32039.1434108584 6734339.37499098 -999999)", "Ansiktsside, rettet mot": "Parallelt mot veg", "Skiltnummer": "372 - Parkering forbudt"}, "vegsystem": "PV99947 S1D1 m1", "mor": [82512344]}, "geometry": {"type": "Point", "coordinates": [5.32313461, 60.39262216]}}, {"type": "Feature", "properties": {"nvdb_id": 1027264637, "skiltnummer": "372 - Parkering forbudt", "tekst": null, "kategori": "forbud", "egenskaper": {"Geometri, punkt": "POINT(-32286.775698872167 6734337.12139642)", "Ansiktsside, rettet mot": "Tosidig", "Skiltnummer": "372 - Parkering forbudt"}, "vegsystem": "KV5066 S2D1 m10", "mor": [1027264639]}, "geometry": {"type": "Point", "coordinates": [5.31871161, 60.39227719]}}, {"type": "Feature", "properties": {"nvdb_id": 1027265102, "skiltnummer": "372 - Parkering forbudt", "tekst": null, "kategori": "forbud", "egenskaper": {"Geometri, punkt": "POINT(-32149.09509672213 6734341.434849093)", "Ansiktsside, rettet mot": "Tosidig", "Skiltnummer": "372 - Parkering forbudt"}, "vegsystem": "KV5145 S1D1 m76", "mor": [1027265100]}, "geometry": {"type": "Point", "coordinates": [5.32116261, 60.3924961]}}, {"type": "Feature", "properties": {"nvdb_id": 1027196473, "skiltnummer": "372 - Parkering forbudt", "tekst": null, "kategori": "forbud", "egenskaper": {"Geometri, punkt": "POINT(-31514.909134725458 6734341.5634124335)", "Ansiktsside, rettet mot": "Tosidig", "Skiltnummer": "372 - Parkering forbudt"}, "vegsystem": "KV4555 S1D1 m92", "mor": [1027196476]}, "geometry": {"type": "Point", "coordinates": [5.33250521, 60.39332909]}}, {"type": "Feature", "properties": {"nvdb_id": 1027219369, "skiltnummer": "808 - Underskilt med annen tekst", "tekst": null, "kategori": "parkering", "egenskaper": {"Geometri, punkt": "POINT(-31955.49306446768 6734344.852599371)", "Ansiktsside, rettet mot": "Trafikk i metreringsretning", "Skiltnummer": "808 - Underskilt med annen tekst"}, "vegsystem": "PV4928 S12D10 m0", "mor": [1027219373]}, "geometry": {"type": "Point", "coordinates": [5.32461621, 60.3927804]}}, {"type": "Feature", "properties": {"nvdb_id": 1027219371, "skiltnummer": "372 - Parkering forbudt", "tekst": null, "kategori": "forbud", "egenskaper": {"Geometri, punkt": "POINT(-31955.49306446768 6734344.852599371)", "Ansiktsside, rettet mot": "Trafikk i metreringsretning", "Skiltnummer": "372 - Parkering forbudt"}, "vegsystem": "PV4928 S12D10 m0", "mor": [1027219373]}, "geometry": {"type": "Point", "coordinates": [5.32461621, 60.3927804]}}, {"type": "Feature", "properties": {"nvdb_id": 1027217545, "skiltnummer": "372 - Parkering forbudt", "tekst": null, "kategori": "forbud", "egenskaper": {"Geometri, punkt": "POINT(-31674.25784509559 6734346.187423309)", "Ansiktsside, rettet mot": "Tosidig", "Skiltnummer": "372 - Parkering forbudt"}, "vegsystem": "KV4532 S1D1 m69", "mor": [1027217547]}, "geometry": {"type": "Point", "coordinates": [5.32964281, 60.39316109]}}, {"type": "Feature", "properties": {"nvdb_id": 1027215546, "skiltnummer": "807.6 - Symbol, sykkel og liten elektrisk motorvogn", "tekst": null, "kategori": "parkering", "egenskaper": {"Geometri, punkt": "POINT(-31716.552748500486 6734349.889184926)", "Ansiktsside, rettet mot": "Tosidig", "Skiltnummer": "807.6 - Symbol, sykkel og liten elektrisk motorvogn"}, "vegsystem": "KV4389 S1D1 m32", "mor": [1027215545]}, "geometry": {"type": "Point", "coordinates": [5.3288765, 60.3931384]}}, {"type": "Feature", "properties": {"nvdb_id": 1027215547, "skiltnummer": "552 - Parkering", "tekst": null, "kategori": "parkering", "egenskaper": {"Geometri, punkt": "POINT(-31716.552748500486 6734349.889184926)", "Ansiktsside, rettet mot": "Tosidig", "Skiltnummer": "552 - Parkering"}, "vegsystem": "KV4389 S1D1 m32", "mor": [1027215545]}, "geometry": {"type": "Point", "coordinates": [5.3288765, 60.3931384]}}, {"type": "Feature", "properties": {"nvdb_id": 1027217558, "skiltnummer": "552 - Parkering", "tekst": null, "kategori": "parkering", "egenskaper": {"Geometri, punkt": "POINT(-31685.26049750438 6734346.755513262)", "Ansiktsside, rettet mot": "Parallelt mot veg", "Skiltnummer": "552 - Parkering"}, "vegsystem": "KV4532 S1D1 m77", "mor": [1027217561]}, "geometry": {"type": "Point", "coordinates": [5.32944452, 60.3931517]}}, {"type": "Feature", "properties": {"nvdb_id": 1027217559, "skiltnummer": "808 - Underskilt med annen tekst", "tekst": null, "kategori": "parkering", "egenskaper": {"Geometri, punkt": "POINT(-31685.26049750438 6734346.755513262)", "Ansiktsside, rettet mot": "Parallelt mot veg", "Skiltnummer": "808 - Underskilt med annen tekst"}, "vegsystem": "KV4532 S1D1 m77", "mor": [1027217561]}, "geometry": {"type": "Point", "coordinates": [5.32944452, 60.3931517]}}, {"type": "Feature", "properties": {"nvdb_id": 1027215551, "skiltnummer": "806 - Tid", "tekst": "08 - 23 (08 - 23) Maks 1 timer mot avgift", "kategori": "parkering", "egenskaper": {"Geometri, punkt": "POINT(-31698.842378422734 6734348.6322174305)", "Ansiktsside, rettet mot": "Trafikk i metreringsretning", "Skiltnummer": "806 - Tid", "Tekst": "08 - 23 (08 - 23) Maks 1 timer mot avgift"}, "vegsystem": "KV4389 S1D1 m42", "mor": [1027215553]}, "geometry": {"type": "Point", "coordinates": [5.32919662, 60.3931505]}}, {"type": "Feature", "properties": {"nvdb_id": 1027215557, "skiltnummer": "552 - Parkering", "tekst": null, "kategori": "parkering", "egenskaper": {"Geometri, punkt": "POINT(-31698.842378422734 6734348.6322174305)", "Ansiktsside, rettet mot": "Trafikk i metreringsretning", "Skiltnummer": "552 - Parkering"}, "vegsystem": "KV4389 S1D1 m42", "mor": [1027215553]}, "geometry": {"type": "Point", "coordinates": [5.32919662, 60.3931505]}}, {"type": "Feature", "properties": {"nvdb_id": 557338553, "skiltnummer": "372 - Parkering forbudt", "tekst": null, "kategori": "forbud", "egenskaper": {"Geometri, punkt": "POINT Z (-32440.8694702674 6734349.95741352 2.735)", "Ansiktsside, rettet mot": "Trafikk i metreringsretning", "Skiltform": "Plan", "Skiltnummer": "372 - Parkering forbudt", "Belysning": "Ingen", "Størrelse": "Liten størrelse"}, "vegsystem": "FV5347 S1D1 m212", "mor": [557338552]}, "geometry": {"type": "Point", "coordinates": [5.31592161, 60.39218848]}}, {"type": "Feature", "properties": {"nvdb_id": 557338554, "skiltnummer": "372 - Parkering forbudt", "tekst": null, "kategori": "forbud", "egenskaper": {"Geometri, punkt": "POINT Z (-32440.8694702674 6734349.95741352 2.735)", "Ansiktsside, rettet mot": "Trafikk mot metreringsretning", "Skiltform": "Plan", "Skiltnummer": "372 - Parkering forbudt", "Belysning": "Ingen", "Størrelse": "Liten størrelse"}, "vegsystem": "FV5347 S1D1 m212", "mor": [557338552]}, "geometry": {"type": "Point", "coordinates": [5.31592161, 60.39218848]}}, {"type": "Feature", "properties": {"nvdb_id": 1027217570, "skiltnummer": "808.301 - Gjelder gjennomkjøring/Gjeld gjennomkøyring", "tekst": null, "kategori": "parkering", "egenskaper": {"Geometri, punkt": "POINT(-31689.41225603898 6734350.884322476)", "Ansiktsside, rettet mot": "Trafikk mot metreringsretning", "Skiltnummer": "808.301 - Gjelder gjennomkjøring/Gjeld gjennomkøyring"}, "vegsystem": "KV4532 S1D1 m83", "mor": [1027217573]}, "geometry": {"type": "Point", "coordinates": [5.32935931, 60.3931828]}}, {"type": "Feature", "properties": {"nvdb_id": 1027264564, "skiltnummer": "372 - Parkering forbudt", "tekst": null, "kategori": "forbud", "egenskaper": {"Geometri, punkt": "POINT(-32066.92537545564 6734350.989104021)", "Ansiktsside, rettet mot": "Tosidig", "Skiltnummer": "372 - Parkering forbudt"}, "vegsystem": "KV13310 S1D1 m83", "mor": [1027264563]}, "geometry": {"type": "Point", "coordinates": [5.32260692, 60.3926885]}}, {"type": "Feature", "properties": {"nvdb_id": 82506711, "skiltnummer": "372 - Parkering forbudt", "tekst": null, "kategori": "forbud", "egenskaper": {"Geometri, punkt": "POINT Z (-32437.1351998741 6734357.69268791 2.136)", "Ansiktsside, rettet mot": "Tosidig", "Skiltnummer": "372 - Parkering forbudt", "Belysning": "Ingen", "Størrelse": "Liten størrelse"}, "vegsystem": "FV5347 S1D1 m212", "mor": [82506714]}, "geometry": {"type": "Point", "coordinates": [5.31596786, 60.39226186]}}, {"type": "Feature", "properties": {"nvdb_id": 1027264556, "skiltnummer": "808 - Underskilt med annen tekst", "tekst": null, "kategori": "parkering", "egenskaper": {"Geometri, punkt": "POINT(-32061.573020638083 6734360.465680562)", "Ansiktsside, rettet mot": "Tosidig", "Skiltnummer": "808 - Underskilt med annen tekst"}, "vegsystem": "KV13310 S1D1 m81", "mor": [1027264557]}, "geometry": {"type": "Point", "coordinates": [5.32267751, 60.3927794]}}, {"type": "Feature", "properties": {"nvdb_id": 1027264559, "skiltnummer": "552 - Parkering", "tekst": null, "kategori": "parkering", "egenskaper": {"Geometri, punkt": "POINT(-32061.573020638083 6734360.465680562)", "Ansiktsside, rettet mot": "Tosidig", "Skiltnummer": "552 - Parkering"}, "vegsystem": "KV13310 S1D1 m81", "mor": [1027264557]}, "geometry": {"type": "Point", "coordinates": [5.32267751, 60.3927794]}}, {"type": "Feature", "properties": {"nvdb_id": 1027215506, "skiltnummer": "806 - Tid", "tekst": "08 - 23 (08 - 23) Maks 2 timer mot avgift", "kategori": "parkering", "egenskaper": {"Geometri, punkt": "POINT(-31626.092464096844 6734360.224325619)", "Ansiktsside, rettet mot": "Trafikk i metreringsretning", "Skiltnummer": "806 - Tid", "Tekst": "08 - 23 (08 - 23) Maks 2 timer mot avgift"}, "vegsystem": "KV12690 S10D1 m346", "mor": [1027215502]}, "geometry": {"type": "Point", "coordinates": [5.33046712, 60.3933485]}}, {"type": "Feature", "properties": {"nvdb_id": 1027215507, "skiltnummer": "552 - Parkering", "tekst": null, "kategori": "parkering", "egenskaper": {"Geometri, punkt": "POINT(-31626.092464096844 6734360.224325619)", "Ansiktsside, rettet mot": "Trafikk i metreringsretning", "Skiltnummer": "552 - Parkering"}, "vegsystem": "KV12690 S10D1 m346", "mor": [1027215502]}, "geometry": {"type": "Point", "coordinates": [5.33046712, 60.3933485]}}, {"type": "Feature", "properties": {"nvdb_id": 1027264836, "skiltnummer": "372 - Parkering forbudt", "tekst": null, "kategori": "forbud", "egenskaper": {"Geometri, punkt": "POINT(-32119.369174521067 6734362.459538045)", "Ansiktsside, rettet mot": "Tosidig", "Skiltnummer": "372 - Parkering forbudt"}, "vegsystem": "KV5145 S1D1 m28", "mor": [1027264837]}, "geometry": {"type": "Point", "coordinates": [5.32163851, 60.3927212]}}, {"type": "Feature", "properties": {"nvdb_id": 1027215565, "skiltnummer": "552 - Parkering", "tekst": null, "kategori": "parkering", "egenskaper": {"Geometri, punkt": "POINT(-31704.275186071405 6734365.548185706)", "Ansiktsside, rettet mot": "Tosidig", "Skiltnummer": "552 - Parkering"}, "vegsystem": "KV4389 S1D1 m53", "mor": [1027215568]}, "geometry": {"type": "Point", "coordinates": [5.32905461, 60.3932931]}}, {"type": "Feature", "properties": {"nvdb_id": 1027215566, "skiltnummer": "806 - Tid", "tekst": "08 - 23 (08 - 23) Maks 1 timer mot avgift", "kategori": "parkering", "egenskaper": {"Geometri, punkt": "POINT(-31704.275186071405 6734365.548185706)", "Ansiktsside, rettet mot": "Tosidig", "Skiltnummer": "806 - Tid", "Tekst": "08 - 23 (08 - 23) Maks 1 timer mot avgift"}, "vegsystem": "KV4389 S1D1 m53", "mor": [1027215568]}, "geometry": {"type": "Point", "coordinates": [5.32905461, 60.3932931]}}, {"type": "Feature", "properties": {"nvdb_id": 1010205267, "skiltnummer": "552 - Parkering", "tekst": null, "kategori": "parkering", "egenskaper": {"Geometri, punkt": "POINT Z (-32081.3211233306 6734362.8541193 -999999)", "Ansiktsside, rettet mot": "Tosidig", "Skiltnummer": "552 - Parkering", "Belysning": "Ingen"}, "vegsystem": "KV13310 S1D1 m64", "mor": [1010205266]}, "geometry": {"type": "Point", "coordinates": [5.32231798, 60.39277462]}}, {"type": "Feature", "properties": {"nvdb_id": 1010205268, "skiltnummer": "807.8 - Symbol, forflytningshemmede med parkeringstillatelse", "tekst": null, "kategori": "parkering", "egenskaper": {"Geometri, punkt": "POINT Z (-32081.3211233306 6734362.8541193 -999999)", "Skiltnummer": "807.8 - Symbol, forflytningshemmede med parkeringstillatelse", "Belysning": "Ingen", "Ansiktsside, rettet mot": "Tosidig"}, "vegsystem": "KV13310 S1D1 m64", "mor": [1010205266]}, "geometry": {"type": "Point", "coordinates": [5.32231798, 60.39277462]}}, {"type": "Feature", "properties": {"nvdb_id": 1027264839, "skiltnummer": "372 - Parkering forbudt", "tekst": null, "kategori": "forbud", "egenskaper": {"Geometri, punkt": "POINT(-32127.4669840188 6734365.953836548)", "Ansiktsside, rettet mot": "Tosidig", "Skiltnummer": "372 - Parkering forbudt"}, "vegsystem": "KV5145 S1D1 m30", "mor": [1027264842]}, "geometry": {"type": "Point", "coordinates": [5.32148441, 60.3927415]}}, {"type": "Feature", "properties": {"nvdb_id": 1027215577, "skiltnummer": "376.1 - Parkeringssone", "tekst": null, "kategori": "forbud", "egenskaper": {"Geometri, punkt": "POINT(-31693.413184642675 6734366.898939726)", "Ansiktsside, rettet mot": "Trafikk i metreringsretning", "Skiltnummer": "376.1 - Parkeringssone"}, "vegsystem": "KV4389 S1D1 m60", "mor": [1027215580]}, "geometry": {"type": "Point", "coordinates": [5.32924531, 60.3933193]}}, {"type": "Feature", "properties": {"nvdb_id": 1027196469, "skiltnummer": "372 - Parkering forbudt", "tekst": null, "kategori": "forbud", "egenskaper": {"Geometri, punkt": "POINT(-31507.009105685866 6734368.931949534)", "Ansiktsside, rettet mot": "Tosidig", "Skiltnummer": "372 - Parkering forbudt"}, "vegsystem": "KV4555 S1D1 m119", "mor": [1027196472]}, "geometry": {"type": "Point", "coordinates": [5.33257401, 60.3935817]}}, {"type": "Feature", "properties": {"nvdb_id": 1027215573, "skiltnummer": "376.1 - Parkeringssone", "tekst": null, "kategori": "forbud", "egenskaper": {"Geometri, punkt": "POINT(-31701.28869476763 6734370.912900054)", "Ansiktsside, rettet mot": "Trafikk i metreringsretning", "Skiltnummer": "376.1 - Parkeringssone"}, "vegsystem": "KV4389 S1D1 m60", "mor": [1027215572]}, "geometry": {"type": "Point", "coordinates": [5.3290938, 60.3933445]}}, {"type": "Feature", "properties": {"nvdb_id": 557338589, "skiltnummer": "552 - Parkering", "tekst": null, "kategori": "parkering", "egenskaper": {"Vedtaksnummer": "T F V 3 - 1 1 9 - 2 0 2 5", "Prosjektreferanse": "419-029 FV 5347 Nøstegaten - Skiltbestilling", "Belysning": "Ingen", "Skiltnummer": "552 - Parkering", "Skiltform": "Plan", "Ansiktsside, rettet mot": "Tosidig", "Geometri, punkt": "POINT Z (-32482.456955055124 6734374.941264005 2.006)"}, "vegsystem": "FV5347 S1D1 m173", "mor": [557338588]}, "geometry": {"type": "Point", "coordinates": [5.31511152, 60.392355]}}, {"type": "Feature", "properties": {"nvdb_id": 557338590, "skiltnummer": "807.3 - Symbol, buss", "tekst": null, "kategori": "parkering", "egenskaper": {"Vedtaksnummer": "T F V 3 - 1 1 9 - 2 0 2 5", "Plasseringskode": 20, "Prosjektreferanse": "419-029 FV 5347 Nøstegaten - Skiltbestilling", "Belysning": "Ingen", "Skiltnummer": "807.3 - Symbol, buss", "Skiltform": "Plan", "Ansiktsside, rettet mot": "Tosidig", "Geometri, punkt": "POINT Z (-32482.456955055124 6734374.941264005 2.006)"}, "vegsystem": "FV5347 S1D1 m173", "mor": [557338588]}, "geometry": {"type": "Point", "coordinates": [5.31511152, 60.392355]}}, {"type": "Feature", "properties": {"nvdb_id": 1027264452, "skiltnummer": "372 - Parkering forbudt", "tekst": null, "kategori": "forbud", "egenskaper": {"Geometri, punkt": "POINT(-32414.404789825203 6734369.6688028155)", "Ansiktsside, rettet mot": "Tosidig", "Skiltnummer": "372 - Parkering forbudt"}, "vegsystem": "KV4305 S1D1 m65", "mor": [1027264455]}, "geometry": {"type": "Point", "coordinates": [5.31634261, 60.3923977]}}, {"type": "Feature", "properties": {"nvdb_id": 82356100, "skiltnummer": "808.121 - Opphøyd gangfelt/Heva gangfelt", "tekst": null, "kategori": "parkering", "egenskaper": {"Geometri, punkt": "POINT Z (-31830.1223755554 6734378.68537216 4.563)", "Ansiktsside, rettet mot": "Trafikk i metreringsretning", "Skiltform": "Plan", "Skiltnummer": "808.121 - Opphøyd gangfelt/Heva gangfelt", "Belysning": "Ingen"}, "vegsystem": "FV577 S1D1 m715", "mor": [82356105]}, "geometry": {"type": "Point", "coordinates": [5.32676889, 60.39324432]}}, {"type": "Feature", "properties": {"nvdb_id": 1027264457, "skiltnummer": "808 - Underskilt med annen tekst", "tekst": null, "kategori": "parkering", "egenskaper": {"Geometri, punkt": "POINT(-32423.020167863928 6734375.251723038)", "Ansiktsside, rettet mot": "Tosidig", "Skiltnummer": "808 - Underskilt med annen tekst"}, "vegsystem": "KV4305 S1D1 m64", "mor": [1027264461]}, "geometry": {"type": "Point", "coordinates": [5.31617372, 60.3924358]}}, {"type": "Feature", "properties": {"nvdb_id": 1027264459, "skiltnummer": "552 - Parkering", "tekst": null, "kategori": "parkering", "egenskaper": {"Geometri, punkt": "POINT(-32423.020167863928 6734375.251723038)", "Ansiktsside, rettet mot": "Tosidig", "Skiltnummer": "552 - Parkering"}, "vegsystem": "KV4305 S1D1 m64", "mor": [1027264461]}, "geometry": {"type": "Point", "coordinates": [5.31617372, 60.3924358]}}, {"type": "Feature", "properties": {"nvdb_id": 550069005, "skiltnummer": "808.317 - Gjelder ikke buss og taxi/Gjeld ikkje buss og taxi", "tekst": null, "kategori": "parkering", "egenskaper": {"Geometri, punkt": "POINT Z (-31838.4567505554 6734374.71662216 4.532)", "Ansiktsside, rettet mot": "Trafikk i metreringsretning", "Skiltnummer": "808.317 - Gjelder ikke buss og taxi/Gjeld ikkje buss og taxi", "Belysning": "Ingen"}, "vegsystem": "FV577 S1D1 m720", "mor": [82565146]}, "geometry": {"type": "Point", "coordinates": [5.32663032, 60.39319826]}}, {"type": "Feature", "properties": {"nvdb_id": 1027264548, "skiltnummer": "372 - Parkering forbudt", "tekst": null, "kategori": "forbud", "egenskaper": {"Geometri, punkt": "POINT(-32099.641648938996 6734376.651345796)", "Ansiktsside, rettet mot": "Tosidig", "Skiltnummer": "372 - Parkering forbudt"}, "vegsystem": "KV13310 S1D1 m41", "mor": [1027264551]}, "geometry": {"type": "Point", "coordinates": [5.32195371, 60.39287269]}}, {"type": "Feature", "properties": {"nvdb_id": 1027264789, "skiltnummer": "372 - Parkering forbudt", "tekst": null, "kategori": "forbud", "egenskaper": {"Geometri, punkt": "POINT(-32180.37782560871 6734377.96899756)", "Ansiktsside, rettet mot": "Trafikk i metreringsretning", "Skiltnummer": "372 - Parkering forbudt"}, "vegsystem": "KV5066 S3D1 m10", "mor": [1027264793]}, "geometry": {"type": "Point", "coordinates": [5.32050621, 60.3927784]}}, {"type": "Feature", "properties": {"nvdb_id": 1027264792, "skiltnummer": "808.301 - Gjelder gjennomkjøring/Gjeld gjennomkøyring", "tekst": null, "kategori": "parkering", "egenskaper": {"Geometri, punkt": "POINT(-32180.37782560871 6734377.96899756)", "Ansiktsside, rettet mot": "Trafikk i metreringsretning", "Skiltnummer": "808.301 - Gjelder gjennomkjøring/Gjeld gjennomkøyring"}, "vegsystem": "KV5066 S3D1 m10", "mor": [1027264793]}, "geometry": {"type": "Point", "coordinates": [5.32050621, 60.3927784]}}, {"type": "Feature", "properties": {"nvdb_id": 1027215595, "skiltnummer": "807.6 - Symbol, sykkel og liten elektrisk motorvogn", "tekst": "unntatt", "kategori": "parkering", "egenskaper": {"Geometri, punkt": "POINT(-31686.216586607974 6734378.000694788)", "Ansiktsside, rettet mot": "Trafikk i metreringsretning", "Skiltnummer": "807.6 - Symbol, sykkel og liten elektrisk motorvogn", "Tekst": "unntatt"}, "vegsystem": "KV4389 S1D1 m72", "mor": [1027215596]}, "geometry": {"type": "Point", "coordinates": [5.3293446, 60.393427]}}, {"type": "Feature", "properties": {"nvdb_id": 1027264577, "skiltnummer": "372 - Parkering forbudt", "tekst": null, "kategori": "forbud", "egenskaper": {"Geometri, punkt": "POINT(-32006.916093751905 6734385.195231273)", "Ansiktsside, rettet mot": "Trafikk i metreringsretning", "Skiltnummer": "372 - Parkering forbudt"}, "vegsystem": "PV5303 S1D1 m1", "mor": [1027264578]}, "geometry": {"type": "Point", "coordinates": [5.32358951, 60.39307]}}, {"type": "Feature", "properties": {"nvdb_id": 1027217518, "skiltnummer": "372 - Parkering forbudt", "tekst": null, "kategori": "forbud", "egenskaper": {"Geometri, punkt": "POINT(-31727.854462974006 6734382.927190026)", "Ansiktsside, rettet mot": "Trafikk i metreringsretning", "Skiltnummer": "372 - Parkering forbudt"}, "vegsystem": "KV5156 S1D1 m64", "mor": [1027217520]}, "geometry": {"type": "Point", "coordinates": [5.32858682, 60.393416]}}, {"type": "Feature", "properties": {"nvdb_id": 1027264580, "skiltnummer": "372 - Parkering forbudt", "tekst": null, "kategori": "forbud", "egenskaper": {"Geometri, punkt": "POINT(-32021.53004628909 6734383.542950202)", "Ansiktsside, rettet mot": "Tosidig", "Skiltnummer": "372 - Parkering forbudt"}, "vegsystem": "KV5303 S1D1 m67", "mor": [1027264582]}, "geometry": {"type": "Point", "coordinates": [5.32333251, 60.3930362]}}, {"type": "Feature", "properties": {"nvdb_id": 82512386, "skiltnummer": "808.556 - Maks (tidsangivelse)", "tekst": "Gjelder beboere med p-kort til sone 1", "kategori": "boligsone", "egenskaper": {"Geometri, punkt": "POINT Z (-32098.5094837422 6734388.30274264 7.39)", "Ansiktsside, rettet mot": "Tosidig", "Skiltnummer": "808.556 - Maks (tidsangivelse)", "Belysning": "Ingen", "Tekst": "Gjelder beboere med p-kort til sone 1"}, "vegsystem": "KV13310 S1D1 m35", "mor": [82512392]}, "geometry": {"type": "Point", "coordinates": [5.32194307, 60.39297731]}}, {"type": "Feature", "properties": {"nvdb_id": 82512389, "skiltnummer": "552 - Parkering", "tekst": null, "kategori": "parkering", "egenskaper": {"Geometri, punkt": "POINT Z (-32098.5094837422 6734388.30274264 7.39)", "Ansiktsside, rettet mot": "Tosidig", "Skiltnummer": "552 - Parkering", "Belysning": "Ingen"}, "vegsystem": "KV13310 S1D1 m35", "mor": [82512392]}, "geometry": {"type": "Point", "coordinates": [5.32194307, 60.39297731]}}, {"type": "Feature", "properties": {"nvdb_id": 1027264377, "skiltnummer": "376.1 - Parkeringssone", "tekst": null, "kategori": "forbud", "egenskaper": {"Geometri, punkt": "POINT(-32476.81103642378 6734387.819937105)", "Ansiktsside, rettet mot": "Trafikk i metreringsretning", "Skiltnummer": "376.1 - Parkeringssone"}, "vegsystem": "KV14160 S1D10 m3", "mor": [1027264379]}, "geometry": {"type": "Point", "coordinates": [5.31517832, 60.3924764]}}, {"type": "Feature", "properties": {"nvdb_id": 1027215489, "skiltnummer": "806 - Tid", "tekst": "08 - 23 (08 - 23) Maks 2 timer mot avgift", "kategori": "parkering", "egenskaper": {"Geometri, punkt": "POINT(-31635.31948159053 6734386.514675146)", "Ansiktsside, rettet mot": "Tosidig", "Skiltnummer": "806 - Tid", "Tekst": "08 - 23 (08 - 23) Maks 2 timer mot avgift"}, "vegsystem": "KV12690 S10D1 m319", "mor": [1027215493]}, "geometry": {"type": "Point", "coordinates": [5.33023242, 60.3935691]}}, {"type": "Feature", "properties": {"nvdb_id": 1027215491, "skiltnummer": "552 - Parkering", "tekst": null, "kategori": "parkering", "egenskaper": {"Geometri, punkt": "POINT(-31635.31948159053 6734386.514675146)", "Ansiktsside, rettet mot": "Tosidig", "Skiltnummer": "552 - Parkering"}, "vegsystem": "KV12690 S10D1 m319", "mor": [1027215493]}, "geometry": {"type": "Point", "coordinates": [5.33023242, 60.3935691]}}, {"type": "Feature", "properties": {"nvdb_id": 1027264444, "skiltnummer": "372 - Parkering forbudt", "tekst": null, "kategori": "forbud", "egenskaper": {"Geometri, punkt": "POINT(-32405.256668838672 6734387.3495345535)", "Ansiktsside, rettet mot": "Tosidig", "Skiltnummer": "372 - Parkering forbudt"}, "vegsystem": "KV4305 S1D1 m45", "mor": [1027264447]}, "geometry": {"type": "Point", "coordinates": [5.31645931, 60.3925662]}}, {"type": "Feature", "properties": {"nvdb_id": 1027217340, "skiltnummer": "808 - Underskilt med annen tekst", "tekst": "Gjelder ikke varetransport 06 - 11(06 -10)", "kategori": "parkering", "egenskaper": {"Geometri, punkt": "POINT(-31692.051192689803 6734390.242291988)", "Ansiktsside, rettet mot": "Trafikk i metreringsretning", "Skiltnummer": "808 - Underskilt med annen tekst", "Tekst": "Gjelder ikke varetransport 06 - 11(06 -10)"}, "vegsystem": "KV5200 S1D1 m6", "mor": [1027217344]}, "geometry": {"type": "Point", "coordinates": [5.32920781, 60.3935277]}}, {"type": "Feature", "properties": {"nvdb_id": 1027264584, "skiltnummer": "552 - Parkering", "tekst": null, "kategori": "parkering", "egenskaper": {"Geometri, punkt": "POINT(-32022.579166895826 6734396.454213673)", "Ansiktsside, rettet mot": "Tosidig", "Skiltnummer": "552 - Parkering"}, "vegsystem": "KV5303 S1D1 m58", "mor": [1027264585]}, "geometry": {"type": "Point", "coordinates": [5.32327952, 60.3931491]}}, {"type": "Feature", "properties": {"nvdb_id": 1027264587, "skiltnummer": "807.8 - Symbol, forflytningshemmede med parkeringstillatelse", "tekst": null, "kategori": "parkering", "egenskaper": {"Geometri, punkt": "POINT(-32022.579166895826 6734396.454213673)", "Ansiktsside, rettet mot": "Tosidig", "Skiltnummer": "807.8 - Symbol, forflytningshemmede med parkeringstillatelse"}, "vegsystem": "KV5303 S1D1 m58", "mor": [1027264585]}, "geometry": {"type": "Point", "coordinates": [5.32327952, 60.3931491]}}, {"type": "Feature", "properties": {"nvdb_id": 1027217331, "skiltnummer": "807.6 - Symbol, sykkel og liten elektrisk motorvogn", "tekst": "Unntatt", "kategori": "parkering", "egenskaper": {"Geometri, punkt": "POINT(-31697.58030520752 6734394.168464406)", "Ansiktsside, rettet mot": "Parallelt mot veg", "Skiltnummer": "807.6 - Symbol, sykkel og liten elektrisk motorvogn", "Tekst": "Unntatt"}, "vegsystem": "KV5200 S1D1 m13", "mor": [1027217335]}, "geometry": {"type": "Point", "coordinates": [5.32909852, 60.39355519]}}, {"type": "Feature", "properties": {"nvdb_id": 1027264437, "skiltnummer": "372 - Parkering forbudt", "tekst": null, "kategori": "forbud", "egenskaper": {"Geometri, punkt": "POINT(-32412.846666347003 6734397.356200342)", "Ansiktsside, rettet mot": "Tosidig", "Skiltnummer": "372 - Parkering forbudt"}, "vegsystem": "KV4305 S1D1 m40", "mor": [1027264439]}, "geometry": {"type": "Point", "coordinates": [5.31629701, 60.3926448]}}, {"type": "Feature", "properties": {"nvdb_id": 1027264590, "skiltnummer": "807.8 - Symbol, forflytningshemmede med parkeringstillatelse", "tekst": null, "kategori": "parkering", "egenskaper": {"Geometri, punkt": "POINT(-32035.630087126978 6734394.558972287)", "Ansiktsside, rettet mot": "Tosidig", "Skiltnummer": "807.8 - Symbol, forflytningshemmede med parkeringstillatelse"}, "vegsystem": "KV5303 S1D1 m49", "mor": [1027264594]}, "geometry": {"type": "Point", "coordinates": [5.32305111, 60.3931152]}}, {"type": "Feature", "properties": {"nvdb_id": 1027264592, "skiltnummer": "552 - Parkering", "tekst": null, "kategori": "parkering", "egenskaper": {"Geometri, punkt": "POINT(-32035.630087126978 6734394.558972287)", "Ansiktsside, rettet mot": "Tosidig", "Skiltnummer": "552 - Parkering"}, "vegsystem": "KV5303 S1D1 m49", "mor": [1027264594]}, "geometry": {"type": "Point", "coordinates": [5.32305111, 60.3931152]}}, {"type": "Feature", "properties": {"nvdb_id": 1027264383, "skiltnummer": "376.1 - Parkeringssone", "tekst": null, "kategori": "forbud", "egenskaper": {"Geometri, punkt": "POINT(-32472.04348325671 6734397.416788693)", "Ansiktsside, rettet mot": "Trafikk i metreringsretning", "Skiltnummer": "376.1 - Parkeringssone"}, "vegsystem": "KV14160 S1D1 m44", "mor": [1027264384]}, "geometry": {"type": "Point", "coordinates": [5.31523812, 60.3925676]}}, {"type": "Feature", "properties": {"nvdb_id": 221153513, "skiltnummer": "808.121 - Opphøyd gangfelt/Heva gangfelt", "tekst": null, "kategori": "parkering", "egenskaper": {"Plasseringskode": 2, "Geometri, punkt": "POINT Z (-32267.2633144146 6734403.79100853 10.886)", "Ansiktsside, rettet mot": "Trafikk mot metreringsretning", "Skiltform": "Plan", "Skiltnummer": "808.121 - Opphøyd gangfelt/Heva gangfelt", "Belysning": "Ingen"}, "vegsystem": "FV5347 S1D1 m451", "mor": [82506555]}, "geometry": {"type": "Point", "coordinates": [5.31888374, 60.39289289]}}, {"type": "Feature", "properties": {"nvdb_id": 1027217509, "skiltnummer": "372 - Parkering forbudt", "tekst": null, "kategori": "forbud", "egenskaper": {"Geometri, punkt": "POINT(-31767.29750378325 6734404.137147205)", "Ansiktsside, rettet mot": "Tosidig", "Skiltnummer": "372 - Parkering forbudt"}, "vegsystem": "KV5156 S1D1 m19", "mor": [1027217510]}, "geometry": {"type": "Point", "coordinates": [5.3278251, 60.393552]}}, {"type": "Feature", "properties": {"nvdb_id": 1027219071, "skiltnummer": "552 - Parkering", "tekst": null, "kategori": "parkering", "egenskaper": {"Geometri, punkt": "POINT(-31861.518250341294 6734404.836302428)", "Ansiktsside, rettet mot": "Tosidig", "Skiltnummer": "552 - Parkering"}, "vegsystem": "KV4291 S2D1 m61", "mor": [1027219074]}, "geometry": {"type": "Point", "coordinates": [5.32613802, 60.3934346]}}, {"type": "Feature", "properties": {"nvdb_id": 1027219073, "skiltnummer": "807.8 - Symbol, forflytningshemmede med parkeringstillatelse", "tekst": "08 - 17", "kategori": "parkering", "egenskaper": {"Geometri, punkt": "POINT(-31861.518250341294 6734404.836302428)", "Ansiktsside, rettet mot": "Tosidig", "Skiltnummer": "807.8 - Symbol, forflytningshemmede med parkeringstillatelse", "Tekst": "08 - 17"}, "vegsystem": "KV4291 S2D1 m61", "mor": [1027219074]}, "geometry": {"type": "Point", "coordinates": [5.32613802, 60.3934346]}}, {"type": "Feature", "properties": {"nvdb_id": 1027264058, "skiltnummer": "807.6 - Symbol, sykkel og liten elektrisk motorvogn", "tekst": null, "kategori": "parkering", "egenskaper": {"Geometri, punkt": "POINT(-32111.439665264683 6734407.301773039)", "Ansiktsside, rettet mot": "Trafikk mot metreringsretning", "Skiltnummer": "807.6 - Symbol, sykkel og liten elektrisk motorvogn"}, "vegsystem": "KV4373 S1D1 m134", "mor": [1027264054]}, "geometry": {"type": "Point", "coordinates": [5.32166141, 60.3931285]}}, {"type": "Feature", "properties": {"nvdb_id": 1027264045, "skiltnummer": "807.6 - Symbol, sykkel og liten elektrisk motorvogn", "tekst": null, "kategori": "parkering", "egenskaper": {"Geometri, punkt": "POINT(-32119.67747732345 6734417.505435411)", "Ansiktsside, rettet mot": "Trafikk mot metreringsretning", "Skiltnummer": "807.6 - Symbol, sykkel og liten elektrisk motorvogn"}, "vegsystem": "KV4373 S1D1 m138", "mor": [1027264049]}, "geometry": {"type": "Point", "coordinates": [5.32148702, 60.39320799]}}, {"type": "Feature", "properties": {"nvdb_id": 1027264064, "skiltnummer": "807.8 - Symbol, forflytningshemmede med parkeringstillatelse", "tekst": null, "kategori": "parkering", "egenskaper": {"Geometri, punkt": "POINT(-32095.243827262428 6734413.3627374815)", "Ansiktsside, rettet mot": "Tosidig", "Skiltnummer": "807.8 - Symbol, forflytningshemmede med parkeringstillatelse"}, "vegsystem": "KV4373 S1D1 m117", "mor": [1027264067]}, "geometry": {"type": "Point", "coordinates": [5.32193501, 60.3932034]}}, {"type": "Feature", "properties": {"nvdb_id": 1027264066, "skiltnummer": "552 - Parkering", "tekst": null, "kategori": "parkering", "egenskaper": {"Geometri, punkt": "POINT(-32095.243827262428 6734413.3627374815)", "Ansiktsside, rettet mot": "Tosidig", "Skiltnummer": "552 - Parkering"}, "vegsystem": "KV4373 S1D1 m117", "mor": [1027264067]}, "geometry": {"type": "Point", "coordinates": [5.32193501, 60.3932034]}}, {"type": "Feature", "properties": {"nvdb_id": 1027264008, "skiltnummer": "808 - Underskilt med annen tekst", "tekst": "For beboere med p-kort sone 1", "kategori": "boligsone", "egenskaper": {"Geometri, punkt": "POINT(-32331.212648004992 6734413.390191218)", "Ansiktsside, rettet mot": "Trafikk i metreringsretning", "Skiltnummer": "808 - Underskilt med annen tekst", "Tekst": "For beboere med p-kort sone 1"}, "vegsystem": "KV4804 S1D1 m32", "mor": [1027264007]}, "geometry": {"type": "Point", "coordinates": [5.31771451, 60.3928939]}}, {"type": "Feature", "properties": {"nvdb_id": 1027264010, "skiltnummer": "552 - Parkering", "tekst": null, "kategori": "parkering", "egenskaper": {"Geometri, punkt": "POINT(-32331.212648004992 6734413.390191218)", "Ansiktsside, rettet mot": "Trafikk i metreringsretning", "Skiltnummer": "552 - Parkering"}, "vegsystem": "KV4804 S1D1 m32", "mor": [1027264007]}, "geometry": {"type": "Point", "coordinates": [5.31771451, 60.3928939]}}, {"type": "Feature", "properties": {"nvdb_id": 1010197947, "skiltnummer": "808 - Underskilt med annen tekst", "tekst": "Gjelder beboere med p korttid sone 1 og 5", "kategori": "boligsone", "egenskaper": {"Oppsettingsdato": "2019-12-16", "Plasseringskode": 20, "Geometri, punkt": "POINT(-32453.663401800906 6734417.17367491)", "Ansiktsside, rettet mot": "Tosidig", "Skiltnummer": "808 - Underskilt med annen tekst", "Tekst": "Gjelder beboere med p korttid sone 1 og 5"}, "vegsystem": "KV14160 S1D1 m19", "mor": [1010197987]}, "geometry": {"type": "Point", "coordinates": [5.31551442, 60.3927666]}}, {"type": "Feature", "properties": {"nvdb_id": 1010197948, "skiltnummer": "552 - Parkering", "tekst": null, "kategori": "parkering", "egenskaper": {"Oppsettingsdato": "2019-12-16", "Plasseringskode": 10, "Geometri, punkt": "POINT(-32453.663401800906 6734417.17367491)", "Ansiktsside, rettet mot": "Tosidig", "Skiltnummer": "552 - Parkering"}, "vegsystem": "KV14160 S1D1 m19", "mor": [1010197987]}, "geometry": {"type": "Point", "coordinates": [5.31551442, 60.3927666]}}, {"type": "Feature", "properties": {"nvdb_id": 1027219057, "skiltnummer": "372 - Parkering forbudt", "tekst": null, "kategori": "forbud", "egenskaper": {"Geometri, punkt": "POINT(-31851.06930029043 6734417.658936908)", "Ansiktsside, rettet mot": "Tosidig", "Skiltnummer": "372 - Parkering forbudt"}, "vegsystem": "KV4291 S2D1 m44", "mor": [1027219059]}, "geometry": {"type": "Point", "coordinates": [5.32629092, 60.3935618]}}, {"type": "Feature", "properties": {"nvdb_id": 1027217503, "skiltnummer": "372 - Parkering forbudt", "tekst": null, "kategori": "forbud", "egenskaper": {"Geometri, punkt": "POINT(-31778.78557180357 6734418.3691081535)", "Ansiktsside, rettet mot": "Tosidig", "Skiltnummer": "372 - Parkering forbudt"}, "vegsystem": "KV4969 S1D10 m25", "mor": [1027217505]}, "geometry": {"type": "Point", "coordinates": [5.3275819, 60.3936629]}}, {"type": "Feature", "properties": {"nvdb_id": 1027264070, "skiltnummer": "372 - Parkering forbudt", "tekst": null, "kategori": "forbud", "egenskaper": {"Geometri, punkt": "POINT(-32079.897700364818 6734419.764417236)", "Ansiktsside, rettet mot": "Trafikk i metreringsretning", "Skiltnummer": "372 - Parkering forbudt"}, "vegsystem": "KV4373 S1D1 m100", "mor": [1027264072]}, "geometry": {"type": "Point", "coordinates": [5.32219251, 60.39328019]}}, {"type": "Feature", "properties": {"nvdb_id": 1027264043, "skiltnummer": "372 - Parkering forbudt", "tekst": null, "kategori": "forbud", "egenskaper": {"Geometri, punkt": "POINT(-32066.905349727604 6734421.679472584)", "Ansiktsside, rettet mot": "Tosidig", "Skiltnummer": "372 - Parkering forbudt"}, "vegsystem": "KV5303 S1D1 m8", "mor": [1027264042]}, "geometry": {"type": "Point", "coordinates": [5.32241982, 60.39331419]}}, {"type": "Feature", "properties": {"nvdb_id": 1027263853, "skiltnummer": "806 - Tid", "tekst": null, "kategori": "parkering", "egenskaper": {"Geometri, punkt": "POINT(-32386.26259815984 6734423.19501651)", "Ansiktsside, rettet mot": "Trafikk mot metreringsretning", "Skiltnummer": "806 - Tid"}, "vegsystem": "KV12410 S1D100 m108", "mor": [1027263860]}, "geometry": {"type": "Point", "coordinates": [5.31670391, 60.3929084]}}, {"type": "Feature", "properties": {"nvdb_id": 1027263901, "skiltnummer": "372 - Parkering forbudt", "tekst": null, "kategori": "forbud", "egenskaper": {"Geometri, punkt": "POINT(-32271.52738923265 6734425.450332586)", "Ansiktsside, rettet mot": "Tosidig", "Skiltnummer": "372 - Parkering forbudt"}, "vegsystem": "KV4632 S1D1 m21", "mor": [1027263898]}, "geometry": {"type": "Point", "coordinates": [5.31875002, 60.393079]}}, {"type": "Feature", "properties": {"nvdb_id": 1027264021, "skiltnummer": "552 - Parkering", "tekst": null, "kategori": "parkering", "egenskaper": {"Geometri, punkt": "POINT(-32314.848597689648 6734426.15917596)", "Ansiktsside, rettet mot": "Parallelt mot veg", "Skiltnummer": "552 - Parkering"}, "vegsystem": "KV4804 S1D1 m11", "mor": [1027264023]}, "geometry": {"type": "Point", "coordinates": [5.31797331, 60.3930284]}}, {"type": "Feature", "properties": {"nvdb_id": 1027264022, "skiltnummer": "808 - Underskilt med annen tekst", "tekst": "For beboere med p-kort sone 1", "kategori": "boligsone", "egenskaper": {"Geometri, punkt": "POINT(-32314.848597689648 6734426.15917596)", "Ansiktsside, rettet mot": "Parallelt mot veg", "Skiltnummer": "808 - Underskilt med annen tekst", "Tekst": "For beboere med p-kort sone 1"}, "vegsystem": "KV4804 S1D1 m11", "mor": [1027264023]}, "geometry": {"type": "Point", "coordinates": [5.31797331, 60.3930284]}}, {"type": "Feature", "properties": {"nvdb_id": 1027264016, "skiltnummer": "808 - Underskilt med annen tekst", "tekst": "For beboere med p-kort sone 1", "kategori": "boligsone", "egenskaper": {"Geometri, punkt": "POINT(-32324.666162187117 6734429.931670236)", "Ansiktsside, rettet mot": "Tosidig", "Skiltnummer": "808 - Underskilt med annen tekst", "Tekst": "For beboere med p-kort sone 1"}, "vegsystem": "KV4804 S1D1 m16", "mor": [1027264013]}, "geometry": {"type": "Point", "coordinates": [5.31778772, 60.3930489]}}, {"type": "Feature", "properties": {"nvdb_id": 1027264017, "skiltnummer": "552 - Parkering", "tekst": null, "kategori": "parkering", "egenskaper": {"Geometri, punkt": "POINT(-32324.666162187117 6734429.931670236)", "Ansiktsside, rettet mot": "Tosidig", "Skiltnummer": "552 - Parkering"}, "vegsystem": "KV4804 S1D1 m16", "mor": [1027264013]}, "geometry": {"type": "Point", "coordinates": [5.31778772, 60.3930489]}}, {"type": "Feature", "properties": {"nvdb_id": 1027263906, "skiltnummer": "372 - Parkering forbudt", "tekst": null, "kategori": "forbud", "egenskaper": {"Geometri, punkt": "POINT(-32258.228716765414 6734433.273555136)", "Ansiktsside, rettet mot": "Tosidig", "Skiltnummer": "372 - Parkering forbudt"}, "vegsystem": "KV4632 S1D1 m35", "mor": [1027263904]}, "geometry": {"type": "Point", "coordinates": [5.31896711, 60.3931657]}}, {"type": "Feature", "properties": {"nvdb_id": 1027263866, "skiltnummer": "808 - Underskilt med annen tekst", "tekst": "For beboere med p-kort sone 1", "kategori": "boligsone", "egenskaper": {"Geometri, punkt": "POINT(-32302.746607144596 6734428.02472304)", "Ansiktsside, rettet mot": "Parallelt mot veg", "Skiltnummer": "808 - Underskilt med annen tekst", "Tekst": "For beboere med p-kort sone 1"}, "vegsystem": "KV4500 S1D1 m9", "mor": [1027263868]}, "geometry": {"type": "Point", "coordinates": [5.31818481, 60.3930608]}}, {"type": "Feature", "properties": {"nvdb_id": 1027263870, "skiltnummer": "552 - Parkering", "tekst": null, "kategori": "parkering", "egenskaper": {"Geometri, punkt": "POINT(-32302.746607144596 6734428.02472304)", "Ansiktsside, rettet mot": "Parallelt mot veg", "Skiltnummer": "552 - Parkering"}, "vegsystem": "KV4500 S1D1 m9", "mor": [1027263868]}, "geometry": {"type": "Point", "coordinates": [5.31818481, 60.3930608]}}, {"type": "Feature", "properties": {"nvdb_id": 1027263834, "skiltnummer": "808 - Underskilt med annen tekst", "tekst": null, "kategori": "parkering", "egenskaper": {"Geometri, punkt": "POINT(-32309.04566289857 6734429.094667557)", "Ansiktsside, rettet mot": "Trafikk i metreringsretning", "Skiltnummer": "808 - Underskilt med annen tekst"}, "vegsystem": "KV4500 S1D1 m18", "mor": [1027263838]}, "geometry": {"type": "Point", "coordinates": [5.31806931, 60.393062]}}, {"type": "Feature", "properties": {"nvdb_id": 1027263836, "skiltnummer": "552 - Parkering", "tekst": null, "kategori": "parkering", "egenskaper": {"Geometri, punkt": "POINT(-32309.04566289857 6734429.094667557)", "Ansiktsside, rettet mot": "Trafikk i metreringsretning", "Skiltnummer": "552 - Parkering"}, "vegsystem": "KV4500 S1D1 m18", "mor": [1027263838]}, "geometry": {"type": "Point", "coordinates": [5.31806931, 60.393062]}}, {"type": "Feature", "properties": {"nvdb_id": 1027263893, "skiltnummer": "376.1 - Parkeringssone", "tekst": null, "kategori": "forbud", "egenskaper": {"Geometri, punkt": "POINT(-32280.216983844643 6734429.665509105)", "Ansiktsside, rettet mot": "Trafikk mot metreringsretning", "Skiltnummer": "376.1 - Parkeringssone"}, "vegsystem": "KV4632 S1D1 m13", "mor": [1027263894]}, "geometry": {"type": "Point", "coordinates": [5.31858341, 60.3931049]}}, {"type": "Feature", "properties": {"nvdb_id": 1027215608, "skiltnummer": "552 - Parkering", "tekst": null, "kategori": "parkering", "egenskaper": {"Geometri, punkt": "POINT(-31643.478276291513 6734434.203464536)", "Ansiktsside, rettet mot": "Tosidig", "Skiltnummer": "552 - Parkering"}, "vegsystem": "KV4391 S2D1 m10", "mor": [1027215612]}, "geometry": {"type": "Point", "coordinates": [5.32996011, 60.39398049]}}, {"type": "Feature", "properties": {"nvdb_id": 1027215611, "skiltnummer": "808 - Underskilt med annen tekst", "tekst": null, "kategori": "parkering", "egenskaper": {"Geometri, punkt": "POINT(-31643.478276291513 6734434.203464536)", "Ansiktsside, rettet mot": "Tosidig", "Skiltnummer": "808 - Underskilt med annen tekst"}, "vegsystem": "KV4391 S2D1 m10", "mor": [1027215612]}, "geometry": {"type": "Point", "coordinates": [5.32996011, 60.39398049]}}, {"type": "Feature", "properties": {"nvdb_id": 1027264091, "skiltnummer": "807.6 - Symbol, sykkel og liten elektrisk motorvogn", "tekst": null, "kategori": "parkering", "egenskaper": {"Geometri, punkt": "POINT(-32056.91452240327 6734431.180100974)", "Ansiktsside, rettet mot": "Trafikk mot metreringsretning", "Skiltnummer": "807.6 - Symbol, sykkel og liten elektrisk motorvogn"}, "vegsystem": "KV4373 S1D1 m75", "mor": [1027264093]}, "geometry": {"type": "Point", "coordinates": [5.3225733, 60.3934114]}}, {"type": "Feature", "properties": {"nvdb_id": 1027263886, "skiltnummer": "376.1 - Parkeringssone", "tekst": null, "kategori": "forbud", "egenskaper": {"Geometri, punkt": "POINT(-32279.058645647834 6734436.645591491)", "Ansiktsside, rettet mot": "Trafikk mot metreringsretning", "Skiltnummer": "376.1 - Parkeringssone"}, "vegsystem": "KV4632 S1D1 m12", "mor": [1027263885]}, "geometry": {"type": "Point", "coordinates": [5.31858561, 60.3931682]}}, {"type": "Feature", "properties": {"nvdb_id": 1027219031, "skiltnummer": "808 - Underskilt med annen tekst", "tekst": "Gjelder plassen", "kategori": "parkering", "egenskaper": {"Geometri, punkt": "POINT(-31842.679930853774 6734432.165203048)", "Ansiktsside, rettet mot": "Tosidig", "Skiltnummer": "808 - Underskilt med annen tekst", "Tekst": "Gjelder plassen"}, "vegsystem": "KV4291 S2D1 m28", "mor": [1027219029]}, "geometry": {"type": "Point", "coordinates": [5.32640251, 60.3937012]}}, {"type": "Feature", "properties": {"nvdb_id": 1027196414, "skiltnummer": "376.1 - Parkeringssone", "tekst": "08 - 23 (08 - 17) Med p-kort eller mot avgift", "kategori": "boligsone", "egenskaper": {"Geometri, punkt": "POINT(-31529.091076684766 6734432.431980139)", "Ansiktsside, rettet mot": "Trafikk i metreringsretning", "Skiltnummer": "376.1 - Parkeringssone", "Tekst": "08 - 23 (08 - 17) Med p-kort eller mot avgift"}, "vegsystem": "KV4326 S2D1 m306", "mor": [1027196419]}, "geometry": {"type": "Point", "coordinates": [5.33201081, 60.3941148]}}, {"type": "Feature", "properties": {"nvdb_id": 1027215469, "skiltnummer": "807.6 - Symbol, sykkel og liten elektrisk motorvogn", "tekst": "Unntatt", "kategori": "parkering", "egenskaper": {"Geometri, punkt": "POINT(-31650.88879222586 6734434.939806459)", "Ansiktsside, rettet mot": "Trafikk mot metreringsretning", "Skiltnummer": "807.6 - Symbol, sykkel og liten elektrisk motorvogn", "Tekst": "Unntatt"}, "vegsystem": "KV12690 S10D1 m268", "mor": [1027215468]}, "geometry": {"type": "Point", "coordinates": [5.3298256, 60.3939773]}}, {"type": "Feature", "properties": {"nvdb_id": 1027264033, "skiltnummer": "552 - Parkering", "tekst": null, "kategori": "parkering", "egenskaper": {"Geometri, punkt": "POINT(-32315.74264059635 6734436.528176105)", "Ansiktsside, rettet mot": "Tosidig", "Skiltnummer": "552 - Parkering"}, "vegsystem": "KV4804 S1D1 m4", "mor": [1027264036]}, "geometry": {"type": "Point", "coordinates": [5.31792981, 60.393119]}}, {"type": "Feature", "properties": {"nvdb_id": 1027264035, "skiltnummer": "807.8 - Symbol, forflytningshemmede med parkeringstillatelse", "tekst": null, "kategori": "parkering", "egenskaper": {"Geometri, punkt": "POINT(-32315.74264059635 6734436.528176105)", "Ansiktsside, rettet mot": "Tosidig", "Skiltnummer": "807.8 - Symbol, forflytningshemmede med parkeringstillatelse"}, "vegsystem": "KV4804 S1D1 m4", "mor": [1027264036]}, "geometry": {"type": "Point", "coordinates": [5.31792981, 60.393119]}}, {"type": "Feature", "properties": {"nvdb_id": 1027264085, "skiltnummer": "807.6 - Symbol, sykkel og liten elektrisk motorvogn", "tekst": null, "kategori": "parkering", "egenskaper": {"Geometri, punkt": "POINT(-32061.426243121387 6734440.684290394)", "Ansiktsside, rettet mot": "Trafikk mot metreringsretning", "Skiltnummer": "807.6 - Symbol, sykkel og liten elektrisk motorvogn"}, "vegsystem": "KV4373 S1D1 m75", "mor": [1027264088]}, "geometry": {"type": "Point", "coordinates": [5.32246742, 60.3934896]}}, {"type": "Feature", "properties": {"nvdb_id": 1010197935, "skiltnummer": "372 - Parkering forbudt", "tekst": null, "kategori": "forbud", "egenskaper": {"Oppsettingsdato": "2019-12-16", "Geometri, punkt": "POINT Z (-32428.549440536066 6734435.781360293 -0.0938735678792)", "Ansiktsside, rettet mot": "Tosidig", "Skiltnummer": "372 - Parkering forbudt"}, "vegsystem": "KV16110 S1D1 m45", "mor": [1010197992]}, "geometry": {"type": "Point", "coordinates": [5.31591421, 60.39296427]}}, {"type": "Feature", "properties": {"nvdb_id": 1027217490, "skiltnummer": "372 - Parkering forbudt", "tekst": null, "kategori": "forbud", "egenskaper": {"Geometri, punkt": "POINT(-31775.19177865109 6734440.545756443)", "Ansiktsside, rettet mot": "Tosidig", "Skiltnummer": "372 - Parkering forbudt"}, "vegsystem": "KV4969 S1D10 m4", "mor": [1027217492]}, "geometry": {"type": "Point", "coordinates": [5.3275874, 60.3938639]}}, {"type": "Feature", "properties": {"nvdb_id": 1027262138, "skiltnummer": "376.1 - Parkeringssone", "tekst": null, "kategori": "forbud", "egenskaper": {"Geometri, punkt": "POINT(-32464.901513530756 6734439.709511477)", "Ansiktsside, rettet mot": "Trafikk mot metreringsretning", "Skiltnummer": "376.1 - Parkeringssone"}, "vegsystem": "KV5298 S3D1 m217", "mor": [1027262141]}, "geometry": {"type": "Point", "coordinates": [5.31525361, 60.3929513]}}, {"type": "Feature", "properties": {"nvdb_id": 1027264104, "skiltnummer": "372 - Parkering forbudt", "tekst": null, "kategori": "forbud", "egenskaper": {"Geometri, punkt": "POINT(-32030.105117017752 6734441.2151541)", "Skiltnummer": "372 - Parkering forbudt"}, "vegsystem": "KV4373 S1D1 m46", "mor": [1027264106]}, "geometry": {"type": "Point", "coordinates": [5.32302621, 60.3935354]}}, {"type": "Feature", "properties": {"nvdb_id": 1027262182, "skiltnummer": "376.1 - Parkeringssone", "tekst": null, "kategori": "forbud", "egenskaper": {"Geometri, punkt": "POINT(-32458.384125240264 6734444.708095455)", "Ansiktsside, rettet mot": "Trafikk mot metreringsretning", "Skiltnummer": "376.1 - Parkeringssone"}, "vegsystem": "KV5298 S3D1 m218", "mor": [1027262184]}, "geometry": {"type": "Point", "coordinates": [5.31535692, 60.3930041]}}, {"type": "Feature", "properties": {"nvdb_id": 1027263366, "skiltnummer": "372 - Parkering forbudt", "tekst": null, "kategori": "forbud", "egenskaper": {"Geometri, punkt": "POINT(-32385.405660786317 6734442.840217559)", "Ansiktsside, rettet mot": "Tosidig", "Skiltnummer": "372 - Parkering forbudt"}, "vegsystem": "KV5301 S1D1 m112", "mor": [1027263368]}, "geometry": {"type": "Point", "coordinates": [5.31666711, 60.3930834]}}, {"type": "Feature", "properties": {"nvdb_id": 1027215620, "skiltnummer": "808 - Underskilt med annen tekst", "tekst": "For Beboere med P-kort sone 1", "kategori": "boligsone", "egenskaper": {"Geometri, punkt": "POINT(-31629.079670251114 6734445.842624384)", "Ansiktsside, rettet mot": "Trafikk i metreringsretning", "Skiltnummer": "808 - Underskilt med annen tekst", "Tekst": "For Beboere med P-kort sone 1"}, "vegsystem": "KV4391 S2D1 m30", "mor": [1027215618]}, "geometry": {"type": "Point", "coordinates": [5.3301868, 60.3941024]}}, {"type": "Feature", "properties": {"nvdb_id": 1027215623, "skiltnummer": "552 - Parkering", "tekst": null, "kategori": "parkering", "egenskaper": {"Geometri, punkt": "POINT(-31629.079670251114 6734445.842624384)", "Ansiktsside, rettet mot": "Trafikk i metreringsretning", "Skiltnummer": "552 - Parkering"}, "vegsystem": "KV4391 S2D1 m30", "mor": [1027215618]}, "geometry": {"type": "Point", "coordinates": [5.3301868, 60.3941024]}}, {"type": "Feature", "properties": {"nvdb_id": 1027196400, "skiltnummer": "376.1 - Parkeringssone", "tekst": null, "kategori": "forbud", "egenskaper": {"Geometri, punkt": "POINT(-31531.611027418403 6734443.312339758)", "Ansiktsside, rettet mot": "Trafikk mot metreringsretning", "Skiltnummer": "376.1 - Parkeringssone"}, "vegsystem": "KV4326 S2D1 m295", "mor": [1027196405]}, "geometry": {"type": "Point", "coordinates": [5.33193691, 60.39420779]}}, {"type": "Feature", "properties": {"nvdb_id": 1027264101, "skiltnummer": "372 - Parkering forbudt", "tekst": null, "kategori": "forbud", "egenskaper": {"Geometri, punkt": "POINT(-32045.725615175208 6734448.988119941)", "Ansiktsside, rettet mot": "Tosidig", "Skiltnummer": "372 - Parkering forbudt"}, "vegsystem": "KV4373 S1D1 m57", "mor": [1027264099]}, "geometry": {"type": "Point", "coordinates": [5.32272621, 60.3935837]}}, {"type": "Feature", "properties": {"nvdb_id": 1027215624, "skiltnummer": "807.6 - Symbol, sykkel og liten elektrisk motorvogn", "tekst": "Unntatt", "kategori": "parkering", "egenskaper": {"Geometri, punkt": "POINT(-31618.197418234427 6734444.3886396345)", "Ansiktsside, rettet mot": "Trafikk mot metreringsretning", "Skiltnummer": "807.6 - Symbol, sykkel og liten elektrisk motorvogn", "Tekst": "Unntatt"}, "vegsystem": "PV10920 S1D1 m7", "mor": [1027215629]}, "geometry": {"type": "Point", "coordinates": [5.33038531, 60.3941038]}}, {"type": "Feature", "properties": {"nvdb_id": 1027264108, "skiltnummer": "807.8 - Symbol, forflytningshemmede med parkeringstillatelse", "tekst": null, "kategori": "parkering", "egenskaper": {"Geometri, punkt": "POINT(-32031.01520661323 6734454.309192128)", "Ansiktsside, rettet mot": "Tosidig", "Skiltnummer": "807.8 - Symbol, forflytningshemmede med parkeringstillatelse"}, "vegsystem": "KV4373 S1D1 m41", "mor": [1027264112]}, "geometry": {"type": "Point", "coordinates": [5.32297522, 60.3936501]}}, {"type": "Feature", "properties": {"nvdb_id": 1027264110, "skiltnummer": "552 - Parkering", "tekst": null, "kategori": "parkering", "egenskaper": {"Geometri, punkt": "POINT(-32031.01520661323 6734454.309192128)", "Ansiktsside, rettet mot": "Tosidig", "Skiltnummer": "552 - Parkering"}, "vegsystem": "KV4373 S1D1 m41", "mor": [1027264112]}, "geometry": {"type": "Point", "coordinates": [5.32297522, 60.3936501]}}, {"type": "Feature", "properties": {"nvdb_id": 566415765, "skiltnummer": "806 - Tid", "tekst": "Alle dager", "kategori": "parkering", "egenskaper": {"Geometri, punkt": "POINT Z (-31932.7623078348 6734457.35589498 4.037)", "Ansiktsside, rettet mot": "Tosidig", "Skiltform": "Plan", "Skiltnummer": "806 - Tid", "Belysning": "Ingen", "Tekst": "Alle dager"}, "vegsystem": "FV577 S1D1 m843", "mor": [566415763]}, "geometry": {"type": "Point", "coordinates": [5.3247245, 60.39380598]}}, {"type": "Feature", "properties": {"nvdb_id": 566415768, "skiltnummer": "806 - Tid", "tekst": "Alle dager", "kategori": "parkering", "egenskaper": {"Geometri, punkt": "POINT Z (-31932.7623078348 6734457.35589498 4.037)", "Ansiktsside, rettet mot": "Trafikk i metreringsretning", "Skiltform": "Plan", "Skiltnummer": "806 - Tid", "Belysning": "Ingen", "Tekst": "Alle dager"}, "vegsystem": "FV577 S1D1 m843", "mor": [566415763]}, "geometry": {"type": "Point", "coordinates": [5.3247245, 60.39380598]}}, {"type": "Feature", "properties": {"nvdb_id": 566415769, "skiltnummer": "806 - Tid", "tekst": "Alle dager", "kategori": "parkering", "egenskaper": {"Geometri, punkt": "POINT Z (-31932.7623078348 6734457.35589498 4.037)", "Ansiktsside, rettet mot": "Trafikk mot metreringsretning", "Skiltform": "Plan", "Skiltnummer": "806 - Tid", "Belysning": "Ingen", "Tekst": "Alle dager"}, "vegsystem": "FV577 S1D1 m843", "mor": [566415763]}, "geometry": {"type": "Point", "coordinates": [5.3247245, 60.39380598]}}, {"type": "Feature", "properties": {"nvdb_id": 1027217306, "skiltnummer": "807.6 - Symbol, sykkel og liten elektrisk motorvogn", "tekst": "Unntatt", "kategori": "parkering", "egenskaper": {"Geometri, punkt": "POINT(-31772.275281955604 6734454.529957842)", "Ansiktsside, rettet mot": "Trafikk i metreringsretning", "Skiltnummer": "807.6 - Symbol, sykkel og liten elektrisk motorvogn", "Tekst": "Unntatt"}, "vegsystem": "KV4306 S1D1 m9", "mor": [1027217309]}, "geometry": {"type": "Point", "coordinates": [5.32760251, 60.3939915]}}, {"type": "Feature", "properties": {"nvdb_id": 1027264118, "skiltnummer": "372 - Parkering forbudt", "tekst": null, "kategori": "forbud", "egenskaper": {"Geometri, punkt": "POINT(-32003.74698925065 6734452.921627148)", "Ansiktsside, rettet mot": "Tosidig", "Skiltnummer": "372 - Parkering forbudt"}, "vegsystem": "KV4373 S1D1 m19", "mor": [1027264120]}, "geometry": {"type": "Point", "coordinates": [5.32346661, 60.3936736]}}, {"type": "Feature", "properties": {"nvdb_id": 1027263911, "skiltnummer": "372 - Parkering forbudt", "tekst": null, "kategori": "forbud", "egenskaper": {"Geometri, punkt": "POINT(-32140.01766050118 6734456.303378494)", "Ansiktsside, rettet mot": "Tosidig", "Skiltnummer": "372 - Parkering forbudt"}, "vegsystem": "KV4464 S1D1 m167", "mor": [1027263913]}, "geometry": {"type": "Point", "coordinates": [5.32102031, 60.39352469]}}, {"type": "Feature", "properties": {"nvdb_id": 1027264114, "skiltnummer": "372 - Parkering forbudt", "tekst": null, "kategori": "forbud", "egenskaper": {"Geometri, punkt": "POINT(-32011.539695806452 6734463.601343834)", "Ansiktsside, rettet mot": "Tosidig", "Skiltnummer": "372 - Parkering forbudt"}, "vegsystem": "KV4373 S1D1 m20", "mor": [1027264116]}, "geometry": {"type": "Point", "coordinates": [5.32329891, 60.39375789]}}, {"type": "Feature", "properties": {"nvdb_id": 1018941226, "skiltnummer": "552 - Parkering", "tekst": null, "kategori": "parkering", "egenskaper": {"Oppsettingsdato": "2022-01-31", "Geometri, punkt": "POINT Z (-32191.049656515126 6734458.88987311 18.545)", "Ansiktsside, rettet mot": "Tosidig", "Skiltnummer": "552 - Parkering"}, "vegsystem": "FV5348 S1D1 m2215", "mor": [1018941235]}, "geometry": {"type": "Point", "coordinates": [5.3201007, 60.39348061]}}, {"type": "Feature", "properties": {"nvdb_id": 1027264127, "skiltnummer": "807.6 - Symbol, sykkel og liten elektrisk motorvogn", "tekst": null, "kategori": "parkering", "egenskaper": {"Geometri, punkt": "POINT(-32002.08910123643 6734459.579073087)", "Ansiktsside, rettet mot": "Parallelt mot veg", "Skiltnummer": "807.6 - Symbol, sykkel og liten elektrisk motorvogn"}, "vegsystem": "KV4373 S1D1 m14", "mor": [1027264126]}, "geometry": {"type": "Point", "coordinates": [5.32347861, 60.3937347]}}, {"type": "Feature", "properties": {"nvdb_id": 82506399, "skiltnummer": "808.317 - Gjelder ikke buss og taxi/Gjeld ikkje buss og taxi", "tekst": null, "kategori": "parkering", "egenskaper": {"Geometri, punkt": "POINT Z (-31987.1581417809 6734460.35202559 5.29)", "Ansiktsside, rettet mot": "Trafikk i metreringsretning", "Skiltform": "Plan", "Skiltnummer": "808.317 - Gjelder ikke buss og taxi/Gjeld ikkje buss og taxi", "Belysning": "Ingen"}, "vegsystem": "FV5347 S1D1 m861", "mor": [82506408]}, "geometry": {"type": "Point", "coordinates": [5.32374362, 60.39376113]}}, {"type": "Feature", "properties": {"nvdb_id": 82506402, "skiltnummer": "808.319 - Gjelder ikke (motorvogntype)/ Gjeld ikkje (motorvogntype)", "tekst": "Gjelder ikke utrykningskjøretøy", "kategori": "parkering", "egenskaper": {"Geometri, punkt": "POINT Z (-31987.1581417809 6734460.35202559 5.29)", "Ansiktsside, rettet mot": "Trafikk i metreringsretning", "Skiltform": "Plan", "Skiltnummer": "808.319 - Gjelder ikke (motorvogntype)/ Gjeld ikkje (motorvogntype)", "Belysning": "Ingen", "Tekst": "Gjelder ikke utrykningskjøretøy"}, "vegsystem": "FV5347 S1D1 m861", "mor": [82506408]}, "geometry": {"type": "Point", "coordinates": [5.32374362, 60.39376113]}}, {"type": "Feature", "properties": {"nvdb_id": 1027262206, "skiltnummer": "372 - Parkering forbudt", "tekst": null, "kategori": "forbud", "egenskaper": {"Geometri, punkt": "POINT(-32484.915384815075 6734460.677768857)", "Ansiktsside, rettet mot": "Tosidig", "Skiltnummer": "372 - Parkering forbudt"}, "vegsystem": "KV5298 S3D1 m188", "mor": [1027262204]}, "geometry": {"type": "Point", "coordinates": [5.31484002, 60.3931106]}}, {"type": "Feature", "properties": {"nvdb_id": 221153519, "skiltnummer": "808.121 - Opphøyd gangfelt/Heva gangfelt", "tekst": null, "kategori": "parkering", "egenskaper": {"Geometri, punkt": "POINT Z (-32210.2456060813 6734464.2483002 9.58)", "Ansiktsside, rettet mot": "Trafikk i metreringsretning", "Skiltnummer": "808.121 - Opphøyd gangfelt/Heva gangfelt", "Belysning": "Ingen", "Størrelse": "Liten størrelse"}, "vegsystem": "FV5347 S1D1 m534", "mor": [221153517]}, "geometry": {"type": "Point", "coordinates": [5.31974315, 60.39350283]}}, {"type": "Feature", "properties": {"nvdb_id": 1019048273, "skiltnummer": "372 - Parkering forbudt", "tekst": null, "kategori": "forbud", "egenskaper": {"Oppsettingsdato": "2021-11-01", "Geometri, punkt": "POINT Z (-32207.443771159393 6734466.04313899 -0.0937607884407043)", "Ansiktsside, rettet mot": "Tosidig", "Skiltform": "Plan", "Skiltnummer": "372 - Parkering forbudt", "Belysning": "Ingen", "Folieklasse": "Klasse 2", "Prosjektreferanse": "Objektoppdatering DK4604", "Størrelse": "Middels størrelse"}, "vegsystem": "FV5348", "mor": [1019048307]}, "geometry": {"type": "Point", "coordinates": [5.3197885, 60.3935224]}}, {"type": "Feature", "properties": {"nvdb_id": 82506384, "skiltnummer": "808.319 - Gjelder ikke (motorvogntype)/ Gjeld ikkje (motorvogntype)", "tekst": "Gjelder ikke utrykningskjøretøy", "kategori": "parkering", "egenskaper": {"Geometri, punkt": "POINT Z (-31981.8949527724 6734469.35484889 5.29)", "Ansiktsside, rettet mot": "Trafikk i metreringsretning", "Skiltform": "Plan", "Skiltnummer": "808.319 - Gjelder ikke (motorvogntype)/ Gjeld ikkje (motorvogntype)", "Belysning": "Ingen", "Tekst": "Gjelder ikke utrykningskjøretøy"}, "vegsystem": "FV5347 S1D1 m860", "mor": [82506396]}, "geometry": {"type": "Point", "coordinates": [5.32381388, 60.39384772]}}, {"type": "Feature", "properties": {"nvdb_id": 82506387, "skiltnummer": "808.317 - Gjelder ikke buss og taxi/Gjeld ikkje buss og taxi", "tekst": null, "kategori": "parkering", "egenskaper": {"Geometri, punkt": "POINT Z (-31981.8949527724 6734469.35484889 5.29)", "Ansiktsside, rettet mot": "Trafikk i metreringsretning", "Skiltform": "Plan", "Skiltnummer": "808.317 - Gjelder ikke buss og taxi/Gjeld ikkje buss og taxi", "Belysning": "Ingen"}, "vegsystem": "FV5347 S1D1 m860", "mor": [82506396]}, "geometry": {"type": "Point", "coordinates": [5.32381388, 60.39384772]}}, {"type": "Feature", "properties": {"nvdb_id": 1027262196, "skiltnummer": "372 - Parkering forbudt", "tekst": null, "kategori": "forbud", "egenskaper": {"Geometri, punkt": "POINT(-32496.23765385337 6734471.227203753)", "Ansiktsside, rettet mot": "Tosidig", "Skiltnummer": "372 - Parkering forbudt"}, "vegsystem": "KV5298 S3D1 m172", "mor": [1027262198]}, "geometry": {"type": "Point", "coordinates": [5.31460951, 60.3931891]}}, {"type": "Feature", "properties": {"nvdb_id": 1019048262, "skiltnummer": "372 - Parkering forbudt", "tekst": null, "kategori": "forbud", "egenskaper": {"Oppsettingsdato": "2021-11-01", "Geometri, punkt": "POINT Z (-32197.592264605802 6734471.603534213 -0.093755230307579)", "Ansiktsside, rettet mot": "Tosidig", "Skiltform": "Plan", "Skiltnummer": "372 - Parkering forbudt", "Belysning": "Ingen", "Folieklasse": "Klasse 2", "Prosjektreferanse": "Objektoppdatering DK4604", "Størrelse": "Middels størrelse"}, "vegsystem": "FV5348", "mor": [1019048324]}, "geometry": {"type": "Point", "coordinates": [5.31994996, 60.39358455]}}, {"type": "Feature", "properties": {"nvdb_id": 82512455, "skiltnummer": "808 - Underskilt med annen tekst", "tekst": null, "kategori": "parkering", "egenskaper": {"Geometri, punkt": "POINT Z (-32220.4824004088 6734473.49857597 16.599)", "Ansiktsside, rettet mot": "Tosidig", "Skiltnummer": "808 - Underskilt med annen tekst", "Belysning": "Ingen"}, "vegsystem": "FV5348 S1D1 m2183", "mor": [82512461]}, "geometry": {"type": "Point", "coordinates": [5.31953553, 60.39357128]}}, {"type": "Feature", "properties": {"nvdb_id": 82512458, "skiltnummer": "552 - Parkering", "tekst": null, "kategori": "parkering", "egenskaper": {"Geometri, punkt": "POINT Z (-32220.4824004088 6734473.49857597 16.599)", "Ansiktsside, rettet mot": "Tosidig", "Skiltnummer": "552 - Parkering", "Belysning": "Ingen"}, "vegsystem": "FV5348 S1D1 m2183", "mor": [82512461]}, "geometry": {"type": "Point", "coordinates": [5.31953553, 60.39357128]}}, {"type": "Feature", "properties": {"nvdb_id": 494019535, "skiltnummer": "552 - Parkering", "tekst": null, "kategori": "parkering", "egenskaper": {"Geometri, punkt": "POINT Z (-32226.1709420755 6734476.80586764 17.114)", "Ansiktsside, rettet mot": "Tosidig", "Skiltnummer": "552 - Parkering", "Belysning": "Ingen"}, "vegsystem": "FV5348 S1D1 m2176", "mor": [494019534]}, "geometry": {"type": "Point", "coordinates": [5.31942501, 60.39359308]}}, {"type": "Feature", "properties": {"nvdb_id": 494019536, "skiltnummer": "807.8 - Symbol, forflytningshemmede med parkeringstillatelse", "tekst": null, "kategori": "parkering", "egenskaper": {"Geometri, punkt": "POINT Z (-32226.1709420755 6734476.80586764 17.114)", "Ansiktsside, rettet mot": "Tosidig", "Skiltnummer": "807.8 - Symbol, forflytningshemmede med parkeringstillatelse", "Belysning": "Ingen"}, "vegsystem": "FV5348 S1D1 m2176", "mor": [494019534]}, "geometry": {"type": "Point", "coordinates": [5.31942501, 60.39359308]}}, {"type": "Feature", "properties": {"nvdb_id": 1027263915, "skiltnummer": "372 - Parkering forbudt", "tekst": null, "kategori": "forbud", "egenskaper": {"Geometri, punkt": "POINT(-32128.692559401505 6734480.0791318035)", "Ansiktsside, rettet mot": "Tosidig", "Skiltnummer": "372 - Parkering forbudt"}, "vegsystem": "KV4464 S1D1 m142", "mor": [1027263917]}, "geometry": {"type": "Point", "coordinates": [5.32115981, 60.39375]}}, {"type": "Feature", "properties": {"nvdb_id": 494019538, "skiltnummer": "552 - Parkering", "tekst": null, "kategori": "parkering", "egenskaper": {"Geometri, punkt": "POINT Z (-32215.3230254088 6734483.42045097 16.728)", "Ansiktsside, rettet mot": "Tosidig", "Skiltnummer": "552 - Parkering", "Belysning": "Ingen"}, "vegsystem": "FV5348 S1D1 m2181", "mor": [494019537]}, "geometry": {"type": "Point", "coordinates": [5.31960149, 60.39366586]}}, {"type": "Feature", "properties": {"nvdb_id": 1010205271, "skiltnummer": "808 - Underskilt med annen tekst", "tekst": null, "kategori": "parkering", "egenskaper": {"Geometri, punkt": "POINT Z (-32215.3230254088 6734483.42045097 16.728)", "Skiltnummer": "808 - Underskilt med annen tekst"}, "vegsystem": "FV5348 S1D1 m2181", "mor": [494019537]}, "geometry": {"type": "Point", "coordinates": [5.31960149, 60.39366586]}}, {"type": "Feature", "properties": {"nvdb_id": 1027263444, "skiltnummer": "808 - Underskilt med annen tekst", "tekst": null, "kategori": "parkering", "egenskaper": {"Geometri, punkt": "POINT(-32347.566296098405 6734479.652399536)", "Ansiktsside, rettet mot": "Tosidig", "Skiltnummer": "808 - Underskilt med annen tekst"}, "vegsystem": "KV5301 S1D1 m59", "mor": [1027263448]}, "geometry": {"type": "Point", "coordinates": [5.31724622, 60.39345889]}}, {"type": "Feature", "properties": {"nvdb_id": 1027263446, "skiltnummer": "552 - Parkering", "tekst": null, "kategori": "parkering", "egenskaper": {"Geometri, punkt": "POINT(-32347.566296098405 6734479.652399536)", "Ansiktsside, rettet mot": "Tosidig", "Skiltnummer": "552 - Parkering"}, "vegsystem": "KV5301 S1D1 m59", "mor": [1027263448]}, "geometry": {"type": "Point", "coordinates": [5.31724622, 60.39345889]}}, {"type": "Feature", "properties": {"nvdb_id": 1027263388, "skiltnummer": "372 - Parkering forbudt", "tekst": null, "kategori": "forbud", "egenskaper": {"Geometri, punkt": "POINT(-32370.336863354663 6734482.228255193)", "Ansiktsside, rettet mot": "Tosidig", "Skiltnummer": "372 - Parkering forbudt"}, "vegsystem": "KV5301 S2D1 m28", "mor": [1027263391]}, "geometry": {"type": "Point", "coordinates": [5.31683211, 60.3934518]}}, {"type": "Feature", "properties": {"nvdb_id": 221153524, "skiltnummer": "808.121 - Opphøyd gangfelt/Heva gangfelt", "tekst": null, "kategori": "parkering", "egenskaper": {"Geometri, punkt": "POINT Z (-32211.7791619065 6734484.91662544 8.987)", "Ansiktsside, rettet mot": "Trafikk mot metreringsretning", "Skiltnummer": "808.121 - Opphøyd gangfelt/Heva gangfelt", "Belysning": "Ingen"}, "vegsystem": "FV5347 S1D1 m550", "mor": [221153522]}, "geometry": {"type": "Point", "coordinates": [5.3196609, 60.39368376]}}, {"type": "Feature", "properties": {"nvdb_id": 1027217286, "skiltnummer": "807.6 - Symbol, sykkel og liten elektrisk motorvogn", "tekst": null, "kategori": "parkering", "egenskaper": {"Geometri, punkt": "POINT(-31813.31680205709 6734484.451098296)", "Ansiktsside, rettet mot": "Trafikk i metreringsretning", "Skiltnummer": "807.6 - Symbol, sykkel og liten elektrisk motorvogn"}, "vegsystem": "KV4306 S1D1 m59", "mor": [1027217288]}, "geometry": {"type": "Point", "coordinates": [5.32678911, 60.3942025]}}, {"type": "Feature", "properties": {"nvdb_id": 1027263762, "skiltnummer": "372 - Parkering forbudt", "tekst": null, "kategori": "forbud", "egenskaper": {"Geometri, punkt": "POINT(-32304.415956698125 6734489.89397996)", "Ansiktsside, rettet mot": "Tosidig", "Skiltnummer": "372 - Parkering forbudt"}, "vegsystem": "KV4649 S1D1 m1", "mor": [1027263764]}, "geometry": {"type": "Point", "coordinates": [5.31799081, 60.3936062]}}, {"type": "Feature", "properties": {"nvdb_id": 1027262597, "skiltnummer": "376.1 - Parkeringssone", "tekst": "08 - 23 (08 - 17 ) Med p-kort", "kategori": "boligsone", "egenskaper": {"Geometri, punkt": "POINT(-32371.059235807974 6734490.323442841)", "Ansiktsside, rettet mot": "Trafikk i metreringsretning", "Skiltnummer": "376.1 - Parkeringssone", "Tekst": "08 - 23 (08 - 17 ) Med p-kort"}, "vegsystem": "KV4970 S1D1 m10", "mor": [1027262600]}, "geometry": {"type": "Point", "coordinates": [5.31679772, 60.39352249]}}, {"type": "Feature", "properties": {"nvdb_id": 1027262240, "skiltnummer": "372 - Parkering forbudt", "tekst": null, "kategori": "forbud", "egenskaper": {"Geometri, punkt": "POINT(-32515.352871179348 6734492.107542623)", "Ansiktsside, rettet mot": "Tosidig", "Skiltnummer": "372 - Parkering forbudt"}, "vegsystem": "KV5298 S3D1 m144", "mor": [1027262243]}, "geometry": {"type": "Point", "coordinates": [5.31421221, 60.3933488]}}, {"type": "Feature", "properties": {"nvdb_id": 1027262591, "skiltnummer": "376.1 - Parkeringssone", "tekst": "08 - 23 (08 - 17) Med p-kort", "kategori": "boligsone", "egenskaper": {"Geometri, punkt": "POINT(-32364.618713829434 6734495.898478472)", "Ansiktsside, rettet mot": "Trafikk i metreringsretning", "Skiltnummer": "376.1 - Parkeringssone", "Tekst": "08 - 23 (08 - 17) Med p-kort"}, "vegsystem": "KV4970 S1D1 m10", "mor": [1027262592]}, "geometry": {"type": "Point", "coordinates": [5.31689811, 60.39358029]}}, {"type": "Feature", "properties": {"nvdb_id": 1027262774, "skiltnummer": "372 - Parkering forbudt", "tekst": null, "kategori": "forbud", "egenskaper": {"Geometri, punkt": "POINT(-32365.160455736914 6734497.447649143)", "Ansiktsside, rettet mot": "Tosidig", "Skiltnummer": "372 - Parkering forbudt"}, "vegsystem": "KV4970 S1D1 m11", "mor": [1027262778]}, "geometry": {"type": "Point", "coordinates": [5.31688432, 60.3935933]}}, {"type": "Feature", "properties": {"nvdb_id": 82512464, "skiltnummer": "372 - Parkering forbudt", "tekst": null, "kategori": "forbud", "egenskaper": {"Geometri, punkt": "POINT Z (-32254.7459420755 6734495.45899263 18.737)", "Ansiktsside, rettet mot": "Tosidig", "Skiltnummer": "372 - Parkering forbudt", "Belysning": "Ingen"}, "vegsystem": "FV5348 S1D1 m2141", "mor": [82512467]}, "geometry": {"type": "Point", "coordinates": [5.31886444, 60.39372066]}}, {"type": "Feature", "properties": {"nvdb_id": 1027263782, "skiltnummer": "372 - Parkering forbudt", "tekst": null, "kategori": "forbud", "egenskaper": {"Geometri, punkt": "POINT(-32274.230702419067 6734496.522867797)", "Ansiktsside, rettet mot": "Tosidig", "Skiltnummer": "372 - Parkering forbudt"}, "vegsystem": "KV4535 S1D1 m15", "mor": [1027263780]}, "geometry": {"type": "Point", "coordinates": [5.31851311, 60.3937045]}}, {"type": "Feature", "properties": {"nvdb_id": 1027263772, "skiltnummer": "372 - Parkering forbudt", "tekst": null, "kategori": "forbud", "egenskaper": {"Geometri, punkt": "POINT(-32294.317357738153 6734499.852606093)", "Ansiktsside, rettet mot": "Tosidig", "Skiltnummer": "372 - Parkering forbudt"}, "vegsystem": "KV4649 S1D1 m15", "mor": [1027263773]}, "geometry": {"type": "Point", "coordinates": [5.31814502, 60.3937076]}}, {"type": "Feature", "properties": {"nvdb_id": 1027263949, "skiltnummer": "808 - Underskilt med annen tekst", "tekst": null, "kategori": "parkering", "egenskaper": {"Geometri, punkt": "POINT(-32090.005863835802 6734501.28904676)", "Ansiktsside, rettet mot": "Tosidig", "Skiltnummer": "808 - Underskilt med annen tekst"}, "vegsystem": "KV4464 S1D1 m95", "mor": [1027263952]}, "geometry": {"type": "Point", "coordinates": [5.32179551, 60.3939885]}}, {"type": "Feature", "properties": {"nvdb_id": 1027263951, "skiltnummer": "552 - Parkering", "tekst": null, "kategori": "parkering", "egenskaper": {"Geometri, punkt": "POINT(-32090.005863835802 6734501.28904676)", "Ansiktsside, rettet mot": "Tosidig", "Skiltnummer": "552 - Parkering"}, "vegsystem": "KV4464 S1D1 m95", "mor": [1027263952]}, "geometry": {"type": "Point", "coordinates": [5.32179551, 60.3939885]}}, {"type": "Feature", "properties": {"nvdb_id": 1027263974, "skiltnummer": "807.8 - Symbol, forflytningshemmede med parkeringstillatelse", "tekst": null, "kategori": "parkering", "egenskaper": {"Geometri, punkt": "POINT(-32134.482205520733 6734501.511930406)", "Ansiktsside, rettet mot": "Tosidig", "Skiltnummer": "807.8 - Symbol, forflytningshemmede med parkeringstillatelse"}, "vegsystem": "KV5303 S2D1 m47", "mor": [1027263978]}, "geometry": {"type": "Point", "coordinates": [5.32099942, 60.3939321]}}, {"type": "Feature", "properties": {"nvdb_id": 1027263976, "skiltnummer": "552 - Parkering", "tekst": null, "kategori": "parkering", "egenskaper": {"Geometri, punkt": "POINT(-32134.482205520733 6734501.511930406)", "Ansiktsside, rettet mot": "Tosidig", "Skiltnummer": "552 - Parkering"}, "vegsystem": "KV5303 S2D1 m47", "mor": [1027263978]}, "geometry": {"type": "Point", "coordinates": [5.32099942, 60.3939321]}}, {"type": "Feature", "properties": {"nvdb_id": 1027263433, "skiltnummer": "552 - Parkering", "tekst": null, "kategori": "parkering", "egenskaper": {"Geometri, punkt": "POINT(-32335.941122288117 6734508.908201552)", "Ansiktsside, rettet mot": "Tosidig", "Skiltnummer": "552 - Parkering"}, "vegsystem": "KV5301 S1D1 m30", "mor": [1027263436]}, "geometry": {"type": "Point", "coordinates": [5.31737652, 60.3937331]}}, {"type": "Feature", "properties": {"nvdb_id": 1027263435, "skiltnummer": "808 - Underskilt med annen tekst", "tekst": null, "kategori": "parkering", "egenskaper": {"Geometri, punkt": "POINT(-32335.941122288117 6734508.908201552)", "Ansiktsside, rettet mot": "Tosidig", "Skiltnummer": "808 - Underskilt med annen tekst"}, "vegsystem": "KV5301 S1D1 m30", "mor": [1027263436]}, "geometry": {"type": "Point", "coordinates": [5.31737652, 60.3937331]}}, {"type": "Feature", "properties": {"nvdb_id": 1027188732, "skiltnummer": "372 - Parkering forbudt", "tekst": null, "kategori": "forbud", "egenskaper": {"Geometri, punkt": "POINT(-31206.611443315167 6734505.963153596)", "Ansiktsside, rettet mot": "Trafikk i metreringsretning", "Skiltnummer": "372 - Parkering forbudt"}, "vegsystem": "PV13960 S1D1 m5", "mor": [1027188733]}, "geometry": {"type": "Point", "coordinates": [5.33758431, 60.3951883]}}, {"type": "Feature", "properties": {"nvdb_id": 82503957, "skiltnummer": "372 - Parkering forbudt", "tekst": null, "kategori": "forbud", "egenskaper": {"Geometri, punkt": "POINT Z (-31928.6161020712 6734511.7057866 2.706)", "Ansiktsside, rettet mot": "Tosidig", "Skiltnummer": "372 - Parkering forbudt", "Belysning": "Ingen"}, "vegsystem": "FV5347 S1D50 m386", "mor": [82503960]}, "geometry": {"type": "Point", "coordinates": [5.32465456, 60.39429247]}}, {"type": "Feature", "properties": {"nvdb_id": 1027262225, "skiltnummer": "372 - Parkering forbudt", "tekst": null, "kategori": "forbud", "egenskaper": {"Geometri, punkt": "POINT(-32528.851337648928 6734505.849892551)", "Ansiktsside, rettet mot": "Tosidig", "Skiltnummer": "372 - Parkering forbudt"}, "vegsystem": "KV5298 S3D1 m125", "mor": [1027262229]}, "geometry": {"type": "Point", "coordinates": [5.31393432, 60.3934527]}}, {"type": "Feature", "properties": {"nvdb_id": 82565018, "skiltnummer": "808.317 - Gjelder ikke buss og taxi/Gjeld ikkje buss og taxi", "tekst": null, "kategori": "parkering", "egenskaper": {"Geometri, punkt": "POINT Z (-31896.7789745015 6734508.28818665 2.42)", "Ansiktsside, rettet mot": "Trafikk mot metreringsretning", "Skiltnummer": "808.317 - Gjelder ikke buss og taxi/Gjeld ikkje buss og taxi", "Belysning": "Ingen"}, "vegsystem": "FV577 S1D1 m924", "mor": [82565027]}, "geometry": {"type": "Point", "coordinates": [5.32523307, 60.39430399]}}, {"type": "Feature", "properties": {"nvdb_id": 1027262092, "skiltnummer": "372 - Parkering forbudt", "tekst": null, "kategori": "forbud", "egenskaper": {"Geometri, punkt": "POINT(-32252.59315534227 6734510.396649116)", "Ansiktsside, rettet mot": "Tosidig", "Skiltnummer": "372 - Parkering forbudt"}, "vegsystem": "KV5305 S4D1 m9", "mor": [1027262090]}, "geometry": {"type": "Point", "coordinates": [5.31886332, 60.3938557]}}, {"type": "Feature", "properties": {"nvdb_id": 1027263423, "skiltnummer": "372 - Parkering forbudt", "tekst": null, "kategori": "forbud", "egenskaper": {"Geometri, punkt": "POINT(-32311.753249041038 6734510.573870884)", "Ansiktsside, rettet mot": "Tosidig", "Skiltnummer": "372 - Parkering forbudt"}, "vegsystem": "KV5301 S1D1 m10", "mor": [1027263425]}, "geometry": {"type": "Point", "coordinates": [5.31780472, 60.3937796]}}, {"type": "Feature", "properties": {"nvdb_id": 1027217433, "skiltnummer": "807.6 - Symbol, sykkel og liten elektrisk motorvogn", "tekst": "Unntatt", "kategori": "parkering", "egenskaper": {"Geometri, punkt": "POINT(-31688.954022456077 6734512.875778173)", "Ansiktsside, rettet mot": "Trafikk i metreringsretning", "Skiltnummer": "807.6 - Symbol, sykkel og liten elektrisk motorvogn", "Tekst": "Unntatt"}, "vegsystem": "KV4969 S1D1 m10", "mor": [1027217436]}, "geometry": {"type": "Point", "coordinates": [5.32893821, 60.3946172]}}, {"type": "Feature", "properties": {"nvdb_id": 1027263416, "skiltnummer": "372 - Parkering forbudt", "tekst": null, "kategori": "forbud", "egenskaper": {"Geometri, punkt": "POINT(-32298.5170454951 6734518.202806675)", "Ansiktsside, rettet mot": "Tosidig", "Skiltnummer": "372 - Parkering forbudt"}, "vegsystem": "KV4535 S1D10 m18", "mor": [1027263418]}, "geometry": {"type": "Point", "coordinates": [5.31802121, 60.3938645]}}, {"type": "Feature", "properties": {"nvdb_id": 557338063, "skiltnummer": "372 - Parkering forbudt", "tekst": null, "kategori": "forbud", "egenskaper": {"Geometri, punkt": "POINT Z (-32264.8001087422 6734519.13920097 20.033)", "Ansiktsside, rettet mot": "Tosidig", "Skiltnummer": "372 - Parkering forbudt", "Belysning": "Ingen"}, "vegsystem": "FV5348 S1D1 m2116", "mor": [557338062]}, "geometry": {"type": "Point", "coordinates": [5.31862179, 60.39391705]}}, {"type": "Feature", "properties": {"nvdb_id": 1027263427, "skiltnummer": "808 - Underskilt med annen tekst", "tekst": null, "kategori": "parkering", "egenskaper": {"Geometri, punkt": "POINT(-32317.88272257615 6734522.962341373)", "Ansiktsside, rettet mot": "Tosidig", "Skiltnummer": "808 - Underskilt med annen tekst"}, "vegsystem": "KV5301 S1D1 m8", "mor": [1027263430]}, "geometry": {"type": "Point", "coordinates": [5.31766221, 60.39388119]}}, {"type": "Feature", "properties": {"nvdb_id": 1027263429, "skiltnummer": "552 - Parkering", "tekst": null, "kategori": "parkering", "egenskaper": {"Geometri, punkt": "POINT(-32317.88272257615 6734522.962341373)", "Ansiktsside, rettet mot": "Tosidig", "Skiltnummer": "552 - Parkering"}, "vegsystem": "KV5301 S1D1 m8", "mor": [1027263430]}, "geometry": {"type": "Point", "coordinates": [5.31766221, 60.39388119]}}, {"type": "Feature", "properties": {"nvdb_id": 82506432, "skiltnummer": "372 - Parkering forbudt", "tekst": null, "kategori": "forbud", "egenskaper": {"Geometri, punkt": "POINT Z (-32055.718103865 6734517.69308479 5.535)", "Ansiktsside, rettet mot": "Tosidig", "Skiltform": "Plan", "Skiltnummer": "372 - Parkering forbudt", "Belysning": "Ingen", "Størrelse": "Liten størrelse"}, "vegsystem": "FV5347 S1D1 m772", "mor": [82506435]}, "geometry": {"type": "Point", "coordinates": [5.32236529, 60.39417869]}}, {"type": "Feature", "properties": {"nvdb_id": 494019528, "skiltnummer": "808.123 - Opphøyde gangfelt/Heva gangfelt", "tekst": null, "kategori": "parkering", "egenskaper": {"Geometri, punkt": "POINT Z (-32267.0490670755 6734521.3881593 21.095)", "Ansiktsside, rettet mot": "Trafikk mot metreringsretning", "Skiltnummer": "808.123 - Opphøyde gangfelt/Heva gangfelt", "Belysning": "Ingen"}, "vegsystem": "FV5348 S1D1 m2113", "mor": [494019526]}, "geometry": {"type": "Point", "coordinates": [5.3185756, 60.393934]}}, {"type": "Feature", "properties": {"nvdb_id": 1027262101, "skiltnummer": "372 - Parkering forbudt", "tekst": null, "kategori": "forbud", "egenskaper": {"Geometri, punkt": "POINT(-32246.79775511648 6734523.761746929)", "Ansiktsside, rettet mot": "Tosidig", "Skiltnummer": "372 - Parkering forbudt"}, "vegsystem": "KV5305 S4D1 m22", "mor": [1027262103]}, "geometry": {"type": "Point", "coordinates": [5.31893151, 60.3939816]}}, {"type": "Feature", "properties": {"nvdb_id": 82506426, "skiltnummer": "372 - Parkering forbudt", "tekst": null, "kategori": "forbud", "egenskaper": {"Geometri, punkt": "POINT Z (-32050.7319248044 6734524.06431359 5.535)", "Ansiktsside, rettet mot": "Tosidig", "Skiltform": "Plan", "Skiltnummer": "372 - Parkering forbudt", "Belysning": "Ingen", "Størrelse": "Liten størrelse"}, "vegsystem": "FV5347 S1D1 m771", "mor": [82506429]}, "geometry": {"type": "Point", "coordinates": [5.32243757, 60.39424162]}}, {"type": "Feature", "properties": {"nvdb_id": 1027262119, "skiltnummer": "376.1 - Parkeringssone", "tekst": null, "kategori": "forbud", "egenskaper": {"Geometri, punkt": "POINT(-32238.819508458837 6734523.346692171)", "Ansiktsside, rettet mot": "Trafikk i metreringsretning", "Skiltnummer": "376.1 - Parkeringssone"}, "vegsystem": "KV5305 S4D1 m27", "mor": [1027262120]}, "geometry": {"type": "Point", "coordinates": [5.3190753, 60.3939884]}}, {"type": "Feature", "properties": {"nvdb_id": 1027262121, "skiltnummer": "376.1 - Parkeringssone", "tekst": null, "kategori": "forbud", "egenskaper": {"Geometri, punkt": "POINT(-32243.899955708068 6734527.467153389)", "Ansiktsside, rettet mot": "Trafikk i metreringsretning", "Skiltnummer": "376.1 - Parkeringssone"}, "vegsystem": "KV5305 S4D1 m27", "mor": [1027262125]}, "geometry": {"type": "Point", "coordinates": [5.31897351, 60.3940182]}}, {"type": "Feature", "properties": {"nvdb_id": 1027263983, "skiltnummer": "806 - Tid", "tekst": "08 - 23 (08 - 23) Maks 1 timer mot avgift", "kategori": "parkering", "egenskaper": {"Geometri, punkt": "POINT(-32146.21093186934 6734525.723606414)", "Ansiktsside, rettet mot": "Tosidig", "Skiltnummer": "806 - Tid", "Tekst": "08 - 23 (08 - 23) Maks 1 timer mot avgift"}, "vegsystem": "KV5303 S2D1 m20", "mor": [1027263988]}, "geometry": {"type": "Point", "coordinates": [5.32072541, 60.394131]}}, {"type": "Feature", "properties": {"nvdb_id": 1027263986, "skiltnummer": "552 - Parkering", "tekst": null, "kategori": "parkering", "egenskaper": {"Geometri, punkt": "POINT(-32146.21093186934 6734525.723606414)", "Ansiktsside, rettet mot": "Tosidig", "Skiltnummer": "552 - Parkering"}, "vegsystem": "KV5303 S2D1 m20", "mor": [1027263988]}, "geometry": {"type": "Point", "coordinates": [5.32072541, 60.394131]}}, {"type": "Feature", "properties": {"nvdb_id": 1027263980, "skiltnummer": "372 - Parkering forbudt", "tekst": null, "kategori": "forbud", "egenskaper": {"Geometri, punkt": "POINT(-32138.530445131357 6734529.634994897)", "Ansiktsside, rettet mot": "Tosidig", "Skiltnummer": "372 - Parkering forbudt"}, "vegsystem": "KV5303 S2D1 m20", "mor": [1027263982]}, "geometry": {"type": "Point", "coordinates": [5.32085242, 60.3941757]}}, {"type": "Feature", "properties": {"nvdb_id": 218884505, "skiltnummer": "372 - Parkering forbudt", "tekst": null, "kategori": "forbud", "egenskaper": {"Geometri, punkt": "POINT Z (-32277.8969837422 6734533.95586764 22.068)", "Ansiktsside, rettet mot": "Tosidig", "Skiltnummer": "372 - Parkering forbudt", "Belysning": "Ingen"}, "vegsystem": "FV5348 S1D1 m2096", "mor": [218884504]}, "geometry": {"type": "Point", "coordinates": [5.31834823, 60.394031]}}, {"type": "Feature", "properties": {"nvdb_id": 1027216384, "skiltnummer": "807.6 - Symbol, sykkel og liten elektrisk motorvogn", "tekst": "Unntatt", "kategori": "parkering", "egenskaper": {"Geometri, punkt": "POINT(-31781.336079903063 6734532.033291608)", "Ansiktsside, rettet mot": "Trafikk mot metreringsretning", "Skiltnummer": "807.6 - Symbol, sykkel og liten elektrisk motorvogn", "Tekst": "Unntatt"}, "vegsystem": "KV4581 S1D1 m107", "mor": [1027216382]}, "geometry": {"type": "Point", "coordinates": [5.32723501, 60.3946656]}}, {"type": "Feature", "properties": {"nvdb_id": 494021774, "skiltnummer": "808.121 - Opphøyd gangfelt/Heva gangfelt", "tekst": null, "kategori": "parkering", "egenskaper": {"Geometri, punkt": "POINT Z (-31969.0973520712 6734536.97349493 2.706)", "Ansiktsside, rettet mot": "Trafikk mot metreringsretning", "Skiltnummer": "808.121 - Opphøyd gangfelt/Heva gangfelt", "Belysning": "Ingen"}, "vegsystem": "FV5347 S1D50 m338", "mor": [221153535]}, "geometry": {"type": "Point", "coordinates": [5.3238635, 60.394463]}}, {"type": "Feature", "properties": {"nvdb_id": 1010205274, "skiltnummer": "808 - Underskilt med annen tekst", "tekst": null, "kategori": "parkering", "egenskaper": {"Geometri, punkt": "POINT Z (-32290.2732627375 6734533.13831284 -999999)", "Skiltnummer": "808 - Underskilt med annen tekst"}, "vegsystem": "FV5348 S1D1 m2089", "mor": [1010205272]}, "geometry": {"type": "Point", "coordinates": [5.31812904, 60.39400751]}}, {"type": "Feature", "properties": {"nvdb_id": 1010205275, "skiltnummer": "808 - Underskilt med annen tekst", "tekst": null, "kategori": "parkering", "egenskaper": {"Geometri, punkt": "POINT Z (-32290.2732627375 6734533.13831284 -999999)", "Skiltnummer": "808 - Underskilt med annen tekst"}, "vegsystem": "FV5348 S1D1 m2089", "mor": [1010205272]}, "geometry": {"type": "Point", "coordinates": [5.31812904, 60.39400751]}}, {"type": "Feature", "properties": {"nvdb_id": 1027262753, "skiltnummer": "372 - Parkering forbudt", "tekst": null, "kategori": "forbud", "egenskaper": {"Geometri, punkt": "POINT(-32412.191701847245 6734536.456492006)", "Ansiktsside, rettet mot": "Tosidig", "Skiltnummer": "372 - Parkering forbudt"}, "vegsystem": "KV4970 S1D1 m72", "mor": [1027262750]}, "geometry": {"type": "Point", "coordinates": [5.31593961, 60.39387679]}}, {"type": "Feature", "properties": {"nvdb_id": 1027263936, "skiltnummer": "807.8 - Symbol, forflytningshemmede med parkeringstillatelse", "tekst": null, "kategori": "parkering", "egenskaper": {"Geometri, punkt": "POINT(-32049.62125797104 6734535.7263895385)", "Ansiktsside, rettet mot": "Tosidig", "Skiltnummer": "807.8 - Symbol, forflytningshemmede med parkeringstillatelse"}, "vegsystem": "KV4464 S1D1 m43", "mor": [1027263941]}, "geometry": {"type": "Point", "coordinates": [5.32242652, 60.39434629]}}, {"type": "Feature", "properties": {"nvdb_id": 1027263939, "skiltnummer": "552 - Parkering", "tekst": null, "kategori": "parkering", "egenskaper": {"Geometri, punkt": "POINT(-32049.62125797104 6734535.7263895385)", "Ansiktsside, rettet mot": "Tosidig", "Skiltnummer": "552 - Parkering"}, "vegsystem": "KV4464 S1D1 m43", "mor": [1027263941]}, "geometry": {"type": "Point", "coordinates": [5.32242652, 60.39434629]}}, {"type": "Feature", "properties": {"nvdb_id": 1027215448, "skiltnummer": "807.6 - Symbol, sykkel og liten elektrisk motorvogn", "tekst": "Unntatt", "kategori": "parkering", "egenskaper": {"Geometri, punkt": "POINT(-31697.606926240143 6734542.391752087)", "Ansiktsside, rettet mot": "Parallelt mot veg", "Skiltnummer": "807.6 - Symbol, sykkel og liten elektrisk motorvogn", "Tekst": "Unntatt"}, "vegsystem": "KV12690 S10D1 m148", "mor": [1027215454]}, "geometry": {"type": "Point", "coordinates": [5.32870521, 60.3948671]}}, {"type": "Feature", "properties": {"nvdb_id": 494021784, "skiltnummer": "372 - Parkering forbudt", "tekst": null, "kategori": "forbud", "egenskaper": {"Geometri, punkt": "POINT Z (-31984.1786020712 6734547.55682827 2.706)", "Ansiktsside, rettet mot": "Tosidig", "Skiltnummer": "372 - Parkering forbudt", "Belysning": "Ingen"}, "vegsystem": "FV5347 S1D50 m319", "mor": [494021783]}, "geometry": {"type": "Point", "coordinates": [5.32356567, 60.39453689]}}, {"type": "Feature", "properties": {"nvdb_id": 1027219595, "skiltnummer": "808.519 - Kjøring til eiendommene tillatt/Køyring til eigedomane tillete", "tekst": null, "kategori": "parkering", "egenskaper": {"Geometri, punkt": "POINT(-31412.64815315185 6734545.38352425)", "Ansiktsside, rettet mot": "Trafikk i metreringsretning", "Skiltnummer": "808.519 - Kjøring til eiendommene tillatt/Køyring til eigedomane tillete"}, "vegsystem": "KV4452 S3D1 m56", "mor": [1027219599]}, "geometry": {"type": "Point", "coordinates": [5.33379441, 60.3952672]}}, {"type": "Feature", "properties": {"nvdb_id": 1027263164, "skiltnummer": "372 - Parkering forbudt", "tekst": null, "kategori": "forbud", "egenskaper": {"Geometri, punkt": "POINT(-32390.055096215452 6734547.961893736)", "Ansiktsside, rettet mot": "Trafikk i metreringsretning", "Skiltnummer": "372 - Parkering forbudt"}, "vegsystem": "KV4376 S1D1 m13", "mor": [1027263167]}, "geometry": {"type": "Point", "coordinates": [5.31630502, 60.3940077]}}, {"type": "Feature", "properties": {"nvdb_id": 1027216124, "skiltnummer": "808 - Underskilt med annen tekst", "tekst": "Gjelder ikke varetransport 06 - 11 (06 - 10)", "kategori": "parkering", "egenskaper": {"Geometri, punkt": "POINT(-31711.331252519856 6734551.904662258)", "Ansiktsside, rettet mot": "Trafikk mot metreringsretning", "Skiltnummer": "808 - Underskilt med annen tekst", "Tekst": "Gjelder ikke varetransport 06 - 11 (06 - 10)"}, "vegsystem": "KV4806 S1D1 m129", "mor": [1027216126]}, "geometry": {"type": "Point", "coordinates": [5.32843451, 60.3949333]}}, {"type": "Feature", "properties": {"nvdb_id": 1027216127, "skiltnummer": "808 - Underskilt med annen tekst", "tekst": "Gjelder ikke kjøring til Nedre Korskirkeallm 14", "kategori": "parkering", "egenskaper": {"Geometri, punkt": "POINT(-31711.331252519856 6734551.904662258)", "Ansiktsside, rettet mot": "Trafikk mot metreringsretning", "Skiltnummer": "808 - Underskilt med annen tekst", "Tekst": "Gjelder ikke kjøring til Nedre Korskirkeallm 14"}, "vegsystem": "KV4806 S1D1 m129", "mor": [1027216126]}, "geometry": {"type": "Point", "coordinates": [5.32843451, 60.3949333]}}, {"type": "Feature", "properties": {"nvdb_id": 1027215443, "skiltnummer": "807.6 - Symbol, sykkel og liten elektrisk motorvogn", "tekst": "Unntatt", "kategori": "parkering", "egenskaper": {"Geometri, punkt": "POINT(-31695.535587670398 6734551.4283469785)", "Ansiktsside, rettet mot": "Parallelt mot veg", "Skiltnummer": "807.6 - Symbol, sykkel og liten elektrisk motorvogn", "Tekst": "Unntatt"}, "vegsystem": "KV12690 S10D1 m142", "mor": [1027215441]}, "geometry": {"type": "Point", "coordinates": [5.3287183, 60.39494979]}}, {"type": "Feature", "properties": {"nvdb_id": 1027263170, "skiltnummer": "372 - Parkering forbudt", "tekst": null, "kategori": "forbud", "egenskaper": {"Geometri, punkt": "POINT(-32378.56934607413 6734549.557001101)", "Ansiktsside, rettet mot": "Tosidig", "Skiltnummer": "372 - Parkering forbudt"}, "vegsystem": "KV4376 S1D1 m4", "mor": [1027263172]}, "geometry": {"type": "Point", "coordinates": [5.31650622, 60.3940369]}}, {"type": "Feature", "properties": {"nvdb_id": 82512521, "skiltnummer": "807.8 - Symbol, forflytningshemmede med parkeringstillatelse", "tekst": null, "kategori": "parkering", "egenskaper": {"Geometri, punkt": "POINT Z (-32307.2657337422 6734553.79961764 22.906)", "Ansiktsside, rettet mot": "Trafikk i metreringsretning", "Skiltnummer": "807.8 - Symbol, forflytningshemmede med parkeringstillatelse", "Belysning": "Ingen"}, "vegsystem": "FV5348 S1D1 m2062", "mor": [82512527]}, "geometry": {"type": "Point", "coordinates": [5.31777028, 60.39416807]}}, {"type": "Feature", "properties": {"nvdb_id": 82512524, "skiltnummer": "552 - Parkering", "tekst": null, "kategori": "parkering", "egenskaper": {"Geometri, punkt": "POINT Z (-32307.2657337422 6734553.79961764 22.906)", "Ansiktsside, rettet mot": "Trafikk i metreringsretning", "Skiltnummer": "552 - Parkering", "Belysning": "Ingen"}, "vegsystem": "FV5348 S1D1 m2062", "mor": [82512527]}, "geometry": {"type": "Point", "coordinates": [5.31777028, 60.39416807]}}, {"type": "Feature", "properties": {"nvdb_id": 82356186, "skiltnummer": "807.8 - Symbol, forflytningshemmede med parkeringstillatelse", "tekst": null, "kategori": "parkering", "egenskaper": {"Geometri, punkt": "POINT Z (-32147.2942270712 6734559.3307866 6.204)", "Ansiktsside, rettet mot": "Trafikk i metreringsretning", "Skiltnummer": "807.8 - Symbol, forflytningshemmede med parkeringstillatelse", "Belysning": "Ingen"}, "vegsystem": "FV5347 S1D1 m648", "mor": [82356188]}, "geometry": {"type": "Point", "coordinates": [5.3206169, 60.39442703]}}, {"type": "Feature", "properties": {"nvdb_id": 82356187, "skiltnummer": "552 - Parkering", "tekst": null, "kategori": "parkering", "egenskaper": {"Geometri, punkt": "POINT Z (-32147.2942270712 6734559.3307866 6.204)", "Ansiktsside, rettet mot": "Trafikk i metreringsretning", "Skiltnummer": "552 - Parkering", "Belysning": "Ingen"}, "vegsystem": "FV5347 S1D1 m648", "mor": [82356188]}, "geometry": {"type": "Point", "coordinates": [5.3206169, 60.39442703]}}, {"type": "Feature", "properties": {"nvdb_id": 1027262817, "skiltnummer": "372 - Parkering forbudt", "tekst": null, "kategori": "forbud", "egenskaper": {"Geometri, punkt": "POINT(-32437.305318497005 6734558.056927424)", "Ansiktsside, rettet mot": "Tosidig", "Skiltnummer": "372 - Parkering forbudt"}, "vegsystem": "KV4970 S1D1 m105", "mor": [1027262819]}, "geometry": {"type": "Point", "coordinates": [5.31543312, 60.394035]}}, {"type": "Feature", "properties": {"nvdb_id": 221153548, "skiltnummer": "552 - Parkering", "tekst": "@P-hus@", "kategori": "parkering", "egenskaper": {"Geometri, punkt": "POINT Z (-32154.1733937379 6734558.9339116 6.772)", "Ansiktsside, rettet mot": "Trafikk mot metreringsretning", "Skiltnummer": "552 - Parkering", "Belysning": "Ingen", "Tekst": "@P-hus@"}, "vegsystem": "FV5347 S1D50 m14", "mor": [221153547]}, "geometry": {"type": "Point", "coordinates": [5.32049491, 60.39441449]}}, {"type": "Feature", "properties": {"nvdb_id": 1027216048, "skiltnummer": "807.8 - Symbol, forflytningshemmede med parkeringstillatelse", "tekst": null, "kategori": "parkering", "egenskaper": {"Geometri, punkt": "POINT(-31689.526528929942 6734557.7235556645)", "Ansiktsside, rettet mot": "Tosidig", "Skiltnummer": "807.8 - Symbol, forflytningshemmede med parkeringstillatelse"}, "vegsystem": "KV5217 S1D1 m14", "mor": [1027216051]}, "geometry": {"type": "Point", "coordinates": [5.3288091, 60.3950134]}}, {"type": "Feature", "properties": {"nvdb_id": 1027216050, "skiltnummer": "552 - Parkering", "tekst": null, "kategori": "parkering", "egenskaper": {"Geometri, punkt": "POINT(-31689.526528929942 6734557.7235556645)", "Ansiktsside, rettet mot": "Tosidig", "Skiltnummer": "552 - Parkering"}, "vegsystem": "KV5217 S1D1 m14", "mor": [1027216051]}, "geometry": {"type": "Point", "coordinates": [5.3288091, 60.3950134]}}, {"type": "Feature", "properties": {"nvdb_id": 1027263176, "skiltnummer": "372 - Parkering forbudt", "tekst": null, "kategori": "forbud", "egenskaper": {"Geometri, punkt": "POINT(-32378.93751592317 6734561.73489714)", "Ansiktsside, rettet mot": "Tosidig", "Skiltnummer": "372 - Parkering forbudt"}, "vegsystem": "KV10800 S1D1 m5", "mor": [1027263174]}, "geometry": {"type": "Point", "coordinates": [5.31646731, 60.3941442]}}, {"type": "Feature", "properties": {"nvdb_id": 1027262249, "skiltnummer": "372 - Parkering forbudt", "tekst": null, "kategori": "forbud", "egenskaper": {"Geometri, punkt": "POINT(-32583.474852217012 6734559.659303537)", "Ansiktsside, rettet mot": "Tosidig", "Skiltnummer": "372 - Parkering forbudt"}, "vegsystem": "KV5298 S3D1 m48", "mor": [1027262253]}, "geometry": {"type": "Point", "coordinates": [5.31281451, 60.39385719]}}, {"type": "Feature", "properties": {"nvdb_id": 1027216054, "skiltnummer": "552 - Parkering", "tekst": null, "kategori": "parkering", "egenskaper": {"Geometri, punkt": "POINT(-31680.229025464854 6734561.045953053)", "Ansiktsside, rettet mot": "Tosidig", "Skiltnummer": "552 - Parkering"}, "vegsystem": "KV5217 S1D1 m23", "mor": [1027216057]}, "geometry": {"type": "Point", "coordinates": [5.32896661, 60.395055]}}, {"type": "Feature", "properties": {"nvdb_id": 1027216056, "skiltnummer": "808 - Underskilt med annen tekst", "tekst": "For beboere med p-kort sone 1", "kategori": "boligsone", "egenskaper": {"Geometri, punkt": "POINT(-31680.229025464854 6734561.045953053)", "Ansiktsside, rettet mot": "Tosidig", "Skiltnummer": "808 - Underskilt med annen tekst", "Tekst": "For beboere med p-kort sone 1"}, "vegsystem": "KV5217 S1D1 m23", "mor": [1027216057]}, "geometry": {"type": "Point", "coordinates": [5.32896661, 60.395055]}}, {"type": "Feature", "properties": {"nvdb_id": 1027215429, "skiltnummer": "807.6 - Symbol, sykkel og liten elektrisk motorvogn", "tekst": "Unntatt", "kategori": "parkering", "egenskaper": {"Geometri, punkt": "POINT(-31713.154076114763 6734562.580297838)", "Ansiktsside, rettet mot": "Trafikk mot metreringsretning", "Skiltnummer": "807.6 - Symbol, sykkel og liten elektrisk motorvogn", "Tekst": "Unntatt"}, "vegsystem": "KV12690 S10D1 m122", "mor": [1027215428]}, "geometry": {"type": "Point", "coordinates": [5.32837361, 60.3950254]}}, {"type": "Feature", "properties": {"nvdb_id": 1027215424, "skiltnummer": "807.6 - Symbol, sykkel og liten elektrisk motorvogn", "tekst": "Unntatt", "kategori": "parkering", "egenskaper": {"Geometri, punkt": "POINT(-31707.65894965839 6734567.934805611)", "Ansiktsside, rettet mot": "Trafikk mot metreringsretning", "Skiltnummer": "807.6 - Symbol, sykkel og liten elektrisk motorvogn", "Tekst": "Unntatt"}, "vegsystem": "KV12690 S10D1 m121", "mor": [1027215425]}, "geometry": {"type": "Point", "coordinates": [5.32845771, 60.39508]}}, {"type": "Feature", "properties": {"nvdb_id": 1027219573, "skiltnummer": "807.8 - Symbol, forflytningshemmede med parkeringstillatelse", "tekst": null, "kategori": "parkering", "egenskaper": {"Geometri, punkt": "POINT(-31397.974344385555 6734567.534846373)", "Ansiktsside, rettet mot": "Tosidig", "Skiltnummer": "807.8 - Symbol, forflytningshemmede med parkeringstillatelse"}, "vegsystem": "KV4452 S3D1 m29", "mor": [1027219576]}, "geometry": {"type": "Point", "coordinates": [5.33399821, 60.3954825]}}, {"type": "Feature", "properties": {"nvdb_id": 1027219574, "skiltnummer": "552 - Parkering", "tekst": null, "kategori": "parkering", "egenskaper": {"Geometri, punkt": "POINT(-31397.974344385555 6734567.534846373)", "Ansiktsside, rettet mot": "Tosidig", "Skiltnummer": "552 - Parkering"}, "vegsystem": "KV4452 S3D1 m29", "mor": [1027219576]}, "geometry": {"type": "Point", "coordinates": [5.33399821, 60.3954825]}}, {"type": "Feature", "properties": {"nvdb_id": 1027215639, "skiltnummer": "807.6 - Symbol, sykkel og liten elektrisk motorvogn", "tekst": "Unntatt", "kategori": "parkering", "egenskaper": {"Geometri, punkt": "POINT(-31636.898029049742 6734567.675210789)", "Ansiktsside, rettet mot": "Trafikk mot metreringsretning", "Skiltnummer": "807.6 - Symbol, sykkel og liten elektrisk motorvogn", "Tekst": "Unntatt"}, "vegsystem": "KV4725 S1D1 m121", "mor": [1027215644]}, "geometry": {"type": "Point", "coordinates": [5.32972411, 60.3951705]}}, {"type": "Feature", "properties": {"nvdb_id": 82506459, "skiltnummer": "372 - Parkering forbudt", "tekst": null, "kategori": "forbud", "egenskaper": {"Geometri, punkt": "POINT Z (-32111.6741133236 6734568.93992513 5.406)", "Ansiktsside, rettet mot": "Tosidig", "Skiltnummer": "372 - Parkering forbudt", "Belysning": "Ingen"}, "vegsystem": "FV5347 S1D1 m696", "mor": [82506462]}, "geometry": {"type": "Point", "coordinates": [5.32122852, 60.39455883]}}, {"type": "Feature", "properties": {"nvdb_id": 1027216017, "skiltnummer": "808 - Underskilt med annen tekst", "tekst": "For beboere med p-kort sone 1", "kategori": "boligsone", "egenskaper": {"Geometri, punkt": "POINT(-31656.176291729673 6734569.322560093)", "Ansiktsside, rettet mot": "Trafikk i metreringsretning", "Skiltnummer": "808 - Underskilt med annen tekst", "Tekst": "For beboere med p-kort sone 1"}, "vegsystem": "KV5217 S1D1 m49", "mor": [1027216016]}, "geometry": {"type": "Point", "coordinates": [5.32937491, 60.3951598]}}, {"type": "Feature", "properties": {"nvdb_id": 1027216018, "skiltnummer": "552 - Parkering", "tekst": null, "kategori": "parkering", "egenskaper": {"Geometri, punkt": "POINT(-31656.176291729673 6734569.322560093)", "Ansiktsside, rettet mot": "Trafikk i metreringsretning", "Skiltnummer": "552 - Parkering"}, "vegsystem": "KV5217 S1D1 m49", "mor": [1027216016]}, "geometry": {"type": "Point", "coordinates": [5.32937491, 60.3951598]}}, {"type": "Feature", "properties": {"nvdb_id": 1027216039, "skiltnummer": "806 - Tid", "tekst": null, "kategori": "parkering", "egenskaper": {"Geometri, punkt": "POINT(-31674.339242651593 6734581.176384206)", "Ansiktsside, rettet mot": "Trafikk mot metreringsretning", "Skiltnummer": "806 - Tid"}, "vegsystem": "KV5217 S1D1 m36", "mor": [1027216044]}, "geometry": {"type": "Point", "coordinates": [5.32901861, 60.39524089]}}, {"type": "Feature", "properties": {"nvdb_id": 1027216042, "skiltnummer": "552 - Parkering", "tekst": null, "kategori": "parkering", "egenskaper": {"Geometri, punkt": "POINT(-31674.339242651593 6734581.176384206)", "Ansiktsside, rettet mot": "Trafikk mot metreringsretning", "Skiltnummer": "552 - Parkering"}, "vegsystem": "KV5217 S1D1 m36", "mor": [1027216044]}, "geometry": {"type": "Point", "coordinates": [5.32901861, 60.39524089]}}, {"type": "Feature", "properties": {"nvdb_id": 1027262319, "skiltnummer": "807.8 - Symbol, forflytningshemmede med parkeringstillatelse", "tekst": null, "kategori": "parkering", "egenskaper": {"Geometri, punkt": "POINT(-32585.439303340157 6734574.865029023)", "Ansiktsside, rettet mot": "Tosidig", "Skiltnummer": "807.8 - Symbol, forflytningshemmede med parkeringstillatelse"}, "vegsystem": "KV5298 S3D1 m35", "mor": [1027262323]}, "geometry": {"type": "Point", "coordinates": [5.31273902, 60.3939892]}}, {"type": "Feature", "properties": {"nvdb_id": 1027262322, "skiltnummer": "552 - Parkering", "tekst": null, "kategori": "parkering", "egenskaper": {"Geometri, punkt": "POINT(-32585.439303340157 6734574.865029023)", "Ansiktsside, rettet mot": "Tosidig", "Skiltnummer": "552 - Parkering"}, "vegsystem": "KV5298 S3D1 m35", "mor": [1027262323]}, "geometry": {"type": "Point", "coordinates": [5.31273902, 60.3939892]}}, {"type": "Feature", "properties": {"nvdb_id": 82506450, "skiltnummer": "372 - Parkering forbudt", "tekst": null, "kategori": "forbud", "egenskaper": {"Geometri, punkt": "POINT Z (-32105.8569044195 6734575.31115393 5.406)", "Ansiktsside, rettet mot": "Trafikk i metreringsretning", "Skiltnummer": "372 - Parkering forbudt", "Belysning": "Ingen"}, "vegsystem": "FV5347 S1D1 m695", "mor": [82506456]}, "geometry": {"type": "Point", "coordinates": [5.32131567, 60.39462285]}}, {"type": "Feature", "properties": {"nvdb_id": 82506453, "skiltnummer": "372 - Parkering forbudt", "tekst": null, "kategori": "forbud", "egenskaper": {"Geometri, punkt": "POINT Z (-32105.8569044195 6734575.31115393 5.406)", "Ansiktsside, rettet mot": "Tosidig", "Skiltform": "Plan", "Skiltnummer": "372 - Parkering forbudt", "Belysning": "Ingen"}, "vegsystem": "FV5347 S1D1 m695", "mor": [82506456]}, "geometry": {"type": "Point", "coordinates": [5.32131567, 60.39462285]}}, {"type": "Feature", "properties": {"nvdb_id": 1027196300, "skiltnummer": "372 - Parkering forbudt", "tekst": null, "kategori": "forbud", "egenskaper": {"Geometri, punkt": "POINT(-31531.50818903884 6734578.635515633)", "Ansiktsside, rettet mot": "Tosidig", "Skiltnummer": "372 - Parkering forbudt"}, "vegsystem": "KV4349 S1D1 m45", "mor": [1027196303]}, "geometry": {"type": "Point", "coordinates": [5.33158021, 60.3954057]}}, {"type": "Feature", "properties": {"nvdb_id": 1027262329, "skiltnummer": "372 - Parkering forbudt", "tekst": null, "kategori": "forbud", "egenskaper": {"Geometri, punkt": "POINT(-32592.510828501312 6734584.817896589)", "Ansiktsside, rettet mot": "Tosidig", "Skiltnummer": "372 - Parkering forbudt"}, "vegsystem": "KV5298 S3D1 m23", "mor": [1027262331]}, "geometry": {"type": "Point", "coordinates": [5.31258611, 60.394068]}}, {"type": "Feature", "properties": {"nvdb_id": 1027215406, "skiltnummer": "807.6 - Symbol, sykkel og liten elektrisk motorvogn", "tekst": "Unntatt", "kategori": "parkering", "egenskaper": {"Geometri, punkt": "POINT(-31726.009558004793 6734584.482833619)", "Ansiktsside, rettet mot": "Trafikk mot metreringsretning", "Skiltnummer": "807.6 - Symbol, sykkel og liten elektrisk motorvogn", "Tekst": "Unntatt"}, "vegsystem": "KV12690 S10D1 m97", "mor": [1027215403]}, "geometry": {"type": "Point", "coordinates": [5.3280856, 60.3952024]}}, {"type": "Feature", "properties": {"nvdb_id": 1027216002, "skiltnummer": "808 - Underskilt med annen tekst", "tekst": "For beboere med p-kort sone 6", "kategori": "boligsone", "egenskaper": {"Geometri, punkt": "POINT(-31627.335341188824 6734588.221838268)", "Ansiktsside, rettet mot": "Parallelt mot veg", "Skiltnummer": "808 - Underskilt med annen tekst", "Tekst": "For beboere med p-kort sone 6"}, "vegsystem": "KV5217 S1D1 m83", "mor": [1027216005]}, "geometry": {"type": "Point", "coordinates": [5.32984071, 60.3953649]}}, {"type": "Feature", "properties": {"nvdb_id": 1027216003, "skiltnummer": "552 - Parkering", "tekst": null, "kategori": "parkering", "egenskaper": {"Geometri, punkt": "POINT(-31627.335341188824 6734588.221838268)", "Ansiktsside, rettet mot": "Parallelt mot veg", "Skiltnummer": "552 - Parkering"}, "vegsystem": "KV5217 S1D1 m83", "mor": [1027216005]}, "geometry": {"type": "Point", "coordinates": [5.32984071, 60.3953649]}}, {"type": "Feature", "properties": {"nvdb_id": 1027195693, "skiltnummer": "372 - Parkering forbudt", "tekst": null, "kategori": "forbud", "egenskaper": {"Geometri, punkt": "POINT(-31616.674664829276 6734587.275118732)", "Ansiktsside, rettet mot": "Tosidig", "Skiltnummer": "372 - Parkering forbudt"}, "vegsystem": "KV3324 S3D1 m22", "mor": [1027195690]}, "geometry": {"type": "Point", "coordinates": [5.3300339, 60.3953705]}}, {"type": "Feature", "properties": {"nvdb_id": 1027215650, "skiltnummer": "806 - Tid", "tekst": "08 - 23 (08 - 23) Maks 1 timer mot avgift", "kategori": "parkering", "egenskaper": {"Geometri, punkt": "POINT(-31645.665539381676 6734588.079178361)", "Ansiktsside, rettet mot": "Tosidig", "Skiltnummer": "806 - Tid", "Tekst": "08 - 23 (08 - 23) Maks 1 timer mot avgift"}, "vegsystem": "KV4725 S1D1 m143", "mor": [1027215655]}, "geometry": {"type": "Point", "coordinates": [5.3295132, 60.3953396]}}, {"type": "Feature", "properties": {"nvdb_id": 1027215653, "skiltnummer": "552 - Parkering", "tekst": null, "kategori": "parkering", "egenskaper": {"Geometri, punkt": "POINT(-31645.665539381676 6734588.079178361)", "Ansiktsside, rettet mot": "Tosidig", "Skiltnummer": "552 - Parkering"}, "vegsystem": "KV4725 S1D1 m143", "mor": [1027215655]}, "geometry": {"type": "Point", "coordinates": [5.3295132, 60.3953396]}}, {"type": "Feature", "properties": {"nvdb_id": 1027195696, "skiltnummer": "376.1 - Parkeringssone", "tekst": null, "kategori": "forbud", "egenskaper": {"Geometri, punkt": "POINT(-31621.241526874364 6734588.335841565)", "Ansiktsside, rettet mot": "Trafikk i metreringsretning", "Skiltnummer": "376.1 - Parkeringssone"}, "vegsystem": "KV5217 S1D1 m93", "mor": [1027195702]}, "geometry": {"type": "Point", "coordinates": [5.3299494, 60.3953739]}}, {"type": "Feature", "properties": {"nvdb_id": 82512542, "skiltnummer": "372 - Parkering forbudt", "tekst": null, "kategori": "forbud", "egenskaper": {"Geometri, punkt": "POINT Z (-32341.1324004088 6734588.72461764 22.946)", "Ansiktsside, rettet mot": "Tosidig", "Skiltnummer": "372 - Parkering forbudt", "Belysning": "Ingen"}, "vegsystem": "FV5348 S1D1 m2012", "mor": [82512545]}, "geometry": {"type": "Point", "coordinates": [5.31707189, 60.39443272]}}, {"type": "Feature", "properties": {"nvdb_id": 1027262792, "skiltnummer": "372 - Parkering forbudt", "tekst": null, "kategori": "forbud", "egenskaper": {"Geometri, punkt": "POINT(-32482.696380999987 6734593.151587637)", "Ansiktsside, rettet mot": "Tosidig", "Skiltnummer": "372 - Parkering forbudt"}, "vegsystem": "KV4970 S1D1 m163", "mor": [1027262793]}, "geometry": {"type": "Point", "coordinates": [5.31452812, 60.394286]}}, {"type": "Feature", "properties": {"nvdb_id": 1027261745, "skiltnummer": "376.1 - Parkeringssone", "tekst": null, "kategori": "forbud", "egenskaper": {"Geometri, punkt": "POINT(-32190.98488204379 6734589.759372579)", "Ansiktsside, rettet mot": "Trafikk mot metreringsretning", "Skiltnummer": "376.1 - Parkeringssone"}, "vegsystem": "KV5305 S1D1 m33", "mor": [1027261749]}, "geometry": {"type": "Point", "coordinates": [5.31975471, 60.39463899]}}, {"type": "Feature", "properties": {"nvdb_id": 1027215656, "skiltnummer": "552 - Parkering", "tekst": null, "kategori": "parkering", "egenskaper": {"Geometri, punkt": "POINT(-31635.673208560795 6734592.5076110205)", "Ansiktsside, rettet mot": "Parallelt mot veg", "Skiltnummer": "552 - Parkering"}, "vegsystem": "KV4725 S1D1 m145", "mor": [1027215663]}, "geometry": {"type": "Point", "coordinates": [5.32968021, 60.3953919]}}, {"type": "Feature", "properties": {"nvdb_id": 1027215662, "skiltnummer": "808 - Underskilt med annen tekst", "tekst": "For beboere med p-kort sone 6", "kategori": "boligsone", "egenskaper": {"Geometri, punkt": "POINT(-31635.673208560795 6734592.5076110205)", "Ansiktsside, rettet mot": "Parallelt mot veg", "Skiltnummer": "808 - Underskilt med annen tekst", "Tekst": "For beboere med p-kort sone 6"}, "vegsystem": "KV4725 S1D1 m145", "mor": [1027215663]}, "geometry": {"type": "Point", "coordinates": [5.32968021, 60.3953919]}}, {"type": "Feature", "properties": {"nvdb_id": 1027195521, "skiltnummer": "808.301 - Gjelder gjennomkjøring/Gjeld gjennomkøyring", "tekst": null, "kategori": "parkering", "egenskaper": {"Geometri, punkt": "POINT(-31578.46020487207 6734594.730791601)", "Ansiktsside, rettet mot": "Trafikk mot metreringsretning", "Skiltnummer": "808.301 - Gjelder gjennomkjøring/Gjeld gjennomkøyring"}, "vegsystem": "KV5217 S1D1 m232", "mor": [1027195519]}, "geometry": {"type": "Point", "coordinates": [5.33069771, 60.3954866]}}, {"type": "Feature", "properties": {"nvdb_id": 1027262788, "skiltnummer": "372 - Parkering forbudt", "tekst": null, "kategori": "forbud", "egenskaper": {"Geometri, punkt": "POINT(-32498.929631159757 6734595.809076215)", "Ansiktsside, rettet mot": "Tosidig", "Skiltnummer": "372 - Parkering forbudt"}, "vegsystem": "KV4970 S1D1 m178", "mor": [1027262790]}, "geometry": {"type": "Point", "coordinates": [5.31423071, 60.3942882]}}, {"type": "Feature", "properties": {"nvdb_id": 1027195547, "skiltnummer": "376.1 - Parkeringssone", "tekst": null, "kategori": "forbud", "egenskaper": {"Geometri, punkt": "POINT(-31582.12411169964 6734596.414667987)", "Ansiktsside, rettet mot": "Trafikk i metreringsretning", "Skiltnummer": "376.1 - Parkeringssone"}, "vegsystem": "KV5217 S1D1 m229", "mor": [1027195550]}, "geometry": {"type": "Point", "coordinates": [5.33062771, 60.3954967]}}, {"type": "Feature", "properties": {"nvdb_id": 1027189309, "skiltnummer": "372 - Parkering forbudt", "tekst": null, "kategori": "forbud", "egenskaper": {"Geometri, punkt": "POINT(-31382.983770807972 6734596.960321822)", "Ansiktsside, rettet mot": "Tosidig", "Skiltnummer": "372 - Parkering forbudt"}, "vegsystem": "KV4953 S1D1 m453", "mor": [1027189311]}, "geometry": {"type": "Point", "coordinates": [5.3341884, 60.39576259]}}, {"type": "Feature", "properties": {"nvdb_id": 1027261753, "skiltnummer": "376.1 - Parkeringssone", "tekst": null, "kategori": "forbud", "egenskaper": {"Geometri, punkt": "POINT(-32199.89145713614 6734599.520215984)", "Ansiktsside, rettet mot": "Trafikk i metreringsretning", "Skiltnummer": "376.1 - Parkeringssone"}, "vegsystem": "KV5305 S1D1 m19", "mor": [1027261754]}, "geometry": {"type": "Point", "coordinates": [5.31956952, 60.3947137]}}, {"type": "Feature", "properties": {"nvdb_id": 1027262333, "skiltnummer": "372 - Parkering forbudt", "tekst": null, "kategori": "forbud", "egenskaper": {"Geometri, punkt": "POINT(-32610.48363513127 6734604.422143871)", "Ansiktsside, rettet mot": "Tosidig", "Skiltnummer": "372 - Parkering forbudt"}, "vegsystem": "KV5147 S1D1 m4", "mor": [1027262335]}, "geometry": {"type": "Point", "coordinates": [5.31221261, 60.3942179]}}, {"type": "Feature", "properties": {"nvdb_id": 1027215415, "skiltnummer": "806 - Tid", "tekst": "22 - 05 Alle dager", "kategori": "parkering", "egenskaper": {"Geometri, punkt": "POINT(-31753.85727114277 6734606.810722774)", "Ansiktsside, rettet mot": "Tosidig", "Skiltnummer": "806 - Tid", "Tekst": "22 - 05 Alle dager"}, "vegsystem": "KV12690 S10D1 m62", "mor": [1027215419]}, "geometry": {"type": "Point", "coordinates": [5.32752831, 60.3953635]}}, {"type": "Feature", "properties": {"nvdb_id": 1027261761, "skiltnummer": "808 - Underskilt med annen tekst", "tekst": null, "kategori": "parkering", "egenskaper": {"Geometri, punkt": "POINT(-32194.99724213418 6734604.624303527)", "Ansiktsside, rettet mot": "Trafikk mot metreringsretning", "Skiltnummer": "808 - Underskilt med annen tekst"}, "vegsystem": "KV5305 S1D1 m17", "mor": [1027261765]}, "geometry": {"type": "Point", "coordinates": [5.31964352, 60.3947653]}}, {"type": "Feature", "properties": {"nvdb_id": 1027262828, "skiltnummer": "372 - Parkering forbudt", "tekst": null, "kategori": "forbud", "egenskaper": {"Geometri, punkt": "POINT(-32508.43814724381 6734611.795272053)", "Ansiktsside, rettet mot": "Tosidig", "Skiltnummer": "372 - Parkering forbudt"}, "vegsystem": "KV4970 S1D1 m196", "mor": [1027262830]}, "geometry": {"type": "Point", "coordinates": [5.31401822, 60.3944172]}}, {"type": "Feature", "properties": {"nvdb_id": 1027196305, "skiltnummer": "808.301 - Gjelder gjennomkjøring/Gjeld gjennomkøyring", "tekst": null, "kategori": "parkering", "egenskaper": {"Geometri, punkt": "POINT(-31553.20521072962 6734612.297596831)", "Ansiktsside, rettet mot": "Parallelt mot veg", "Skiltnummer": "808.301 - Gjelder gjennomkjøring/Gjeld gjennomkøyring"}, "vegsystem": "KV4349 S1D1 m6", "mor": [1027196309]}, "geometry": {"type": "Point", "coordinates": [5.33110291, 60.3956752]}}, {"type": "Feature", "properties": {"nvdb_id": 1027189304, "skiltnummer": "372 - Parkering forbudt", "tekst": null, "kategori": "forbud", "egenskaper": {"Geometri, punkt": "POINT(-31379.118998079444 6734615.35715982)", "Ansiktsside, rettet mot": "Tosidig", "Skiltnummer": "372 - Parkering forbudt"}, "vegsystem": "KV4953 S1D1 m436", "mor": [1027189307]}, "geometry": {"type": "Point", "coordinates": [5.33420881, 60.3959305]}}, {"type": "Feature", "properties": {"nvdb_id": 1027216333, "skiltnummer": "808 - Underskilt med annen tekst", "tekst": "Gjelder ikke varetransport 06 - 11 (06 - 10)", "kategori": "parkering", "egenskaper": {"Geometri, punkt": "POINT(-31789.996115861344 6734614.23390007)", "Ansiktsside, rettet mot": "Trafikk i metreringsretning", "Skiltnummer": "808 - Underskilt med annen tekst", "Tekst": "Gjelder ikke varetransport 06 - 11 (06 - 10)"}, "vegsystem": "KV4581 S1D1 m11", "mor": [1027216337]}, "geometry": {"type": "Point", "coordinates": [5.32686221, 60.3953818]}}, {"type": "Feature", "properties": {"nvdb_id": 1027189297, "skiltnummer": "376.1 - Parkeringssone", "tekst": null, "kategori": "forbud", "egenskaper": {"Geometri, punkt": "POINT(-31386.964539554087 6734614.587050706)", "Ansiktsside, rettet mot": "Trafikk i metreringsretning", "Skiltnummer": "376.1 - Parkeringssone"}, "vegsystem": "KV4953 S1D1 m432", "mor": [1027189303]}, "geometry": {"type": "Point", "coordinates": [5.3340705, 60.3959134]}}, {"type": "Feature", "properties": {"nvdb_id": 1027196319, "skiltnummer": "372 - Parkering forbudt", "tekst": null, "kategori": "forbud", "egenskaper": {"Geometri, punkt": "POINT(-31545.40506324568 6734615.175512807)", "Ansiktsside, rettet mot": "Trafikk mot metreringsretning", "Skiltnummer": "372 - Parkering forbudt"}, "vegsystem": "KV4349 S1D1 m4", "mor": [1027196322]}, "geometry": {"type": "Point", "coordinates": [5.33123481, 60.3957109]}}, {"type": "Feature", "properties": {"nvdb_id": 1027196313, "skiltnummer": "372 - Parkering forbudt", "tekst": null, "kategori": "forbud", "egenskaper": {"Geometri, punkt": "POINT(-31554.542654217687 6734617.647605924)", "Ansiktsside, rettet mot": "Tosidig", "Skiltnummer": "372 - Parkering forbudt"}, "vegsystem": "KV4349 S1D1 m3", "mor": [1027196311]}, "geometry": {"type": "Point", "coordinates": [5.3310648, 60.3957208]}}, {"type": "Feature", "properties": {"nvdb_id": 1027189695, "skiltnummer": "376.1 - Parkeringssone", "tekst": null, "kategori": "forbud", "egenskaper": {"Geometri, punkt": "POINT(-31382.408853097237 6734620.3973972825)", "Ansiktsside, rettet mot": "Trafikk i metreringsretning", "Skiltnummer": "376.1 - Parkeringssone"}, "vegsystem": "KV4953 S1D1 m431", "mor": [1027189700]}, "geometry": {"type": "Point", "coordinates": [5.3341366, 60.39597079]}}, {"type": "Feature", "properties": {"nvdb_id": 1027195817, "skiltnummer": "372 - Parkering forbudt", "tekst": null, "kategori": "forbud", "egenskaper": {"Geometri, punkt": "POINT(-31486.381320967455 6734620.0805718545)", "Ansiktsside, rettet mot": "Tosidig", "Skiltnummer": "372 - Parkering forbudt"}, "vegsystem": "KV4449 S1D1 m189", "mor": [1027195814]}, "geometry": {"type": "Point", "coordinates": [5.33227761, 60.3958317]}}, {"type": "Feature", "properties": {"nvdb_id": 1027189685, "skiltnummer": "372 - Parkering forbudt", "tekst": null, "kategori": "forbud", "egenskaper": {"Geometri, punkt": "POINT(-31383.6832060233 6734623.003863645)", "Ansiktsside, rettet mot": "Tosidig", "Skiltnummer": "372 - Parkering forbudt"}, "vegsystem": "KV4953 S1D1 m427", "mor": [1027189688]}, "geometry": {"type": "Point", "coordinates": [5.33410691, 60.3959922]}}, {"type": "Feature", "properties": {"nvdb_id": 82356195, "skiltnummer": "552 - Parkering", "tekst": null, "kategori": "parkering", "egenskaper": {"Geometri, punkt": "POINT Z (-32086.7556974745 6734622.10994609 2.621)", "Ansiktsside, rettet mot": "Tosidig", "Skiltnummer": "552 - Parkering", "Belysning": "Ingen"}, "vegsystem": "FV5347 S1D50 m192", "mor": [82356196]}, "geometry": {"type": "Point", "coordinates": [5.3215332, 60.39506213]}}, {"type": "Feature", "properties": {"nvdb_id": 494021790, "skiltnummer": "552 - Parkering", "tekst": null, "kategori": "parkering", "egenskaper": {"Geometri, punkt": "POINT Z (-32086.7556974745 6734622.10994609 2.621)", "Ansiktsside, rettet mot": "Trafikk i metreringsretning", "Skiltnummer": "552 - Parkering", "Belysning": "Ingen"}, "vegsystem": "FV5347 S1D50 m192", "mor": [82356196]}, "geometry": {"type": "Point", "coordinates": [5.3215332, 60.39506213]}}, {"type": "Feature", "properties": {"nvdb_id": 494021791, "skiltnummer": "807.8 - Symbol, forflytningshemmede med parkeringstillatelse", "tekst": null, "kategori": "parkering", "egenskaper": {"Geometri, punkt": "POINT Z (-32086.7556974745 6734622.10994609 2.621)", "Ansiktsside, rettet mot": "Trafikk mot metreringsretning", "Skiltnummer": "807.8 - Symbol, forflytningshemmede med parkeringstillatelse", "Belysning": "Ingen"}, "vegsystem": "FV5347 S1D50 m192", "mor": [82356196]}, "geometry": {"type": "Point", "coordinates": [5.3215332, 60.39506213]}}, {"type": "Feature", "properties": {"nvdb_id": 494021792, "skiltnummer": "807.8 - Symbol, forflytningshemmede med parkeringstillatelse", "tekst": null, "kategori": "parkering", "egenskaper": {"Geometri, punkt": "POINT Z (-32086.7556974745 6734622.10994609 2.621)", "Ansiktsside, rettet mot": "Trafikk i metreringsretning", "Skiltnummer": "807.8 - Symbol, forflytningshemmede med parkeringstillatelse", "Belysning": "Ingen"}, "vegsystem": "FV5347 S1D50 m192", "mor": [82356196]}, "geometry": {"type": "Point", "coordinates": [5.3215332, 60.39506213]}}, {"type": "Feature", "properties": {"nvdb_id": 1027195834, "skiltnummer": "552 - Parkering", "tekst": null, "kategori": "parkering", "egenskaper": {"Geometri, punkt": "POINT(-31485.411220871727 6734626.139461655)", "Ansiktsside, rettet mot": "Tosidig", "Skiltnummer": "552 - Parkering"}, "vegsystem": "KV4449 S1D1 m183", "mor": [1027195839]}, "geometry": {"type": "Point", "coordinates": [5.33227891, 60.39588659]}}, {"type": "Feature", "properties": {"nvdb_id": 1027195835, "skiltnummer": "807.8 - Symbol, forflytningshemmede med parkeringstillatelse", "tekst": null, "kategori": "parkering", "egenskaper": {"Geometri, punkt": "POINT(-31485.411220871727 6734626.139461655)", "Ansiktsside, rettet mot": "Tosidig", "Skiltnummer": "807.8 - Symbol, forflytningshemmede med parkeringstillatelse"}, "vegsystem": "KV4449 S1D1 m183", "mor": [1027195839]}, "geometry": {"type": "Point", "coordinates": [5.33227891, 60.39588659]}}, {"type": "Feature", "properties": {"nvdb_id": 1027213012, "skiltnummer": "376.1 - Parkeringssone", "tekst": null, "kategori": "forbud", "egenskaper": {"Geometri, punkt": "POINT(-31792.809578168788 6734626.107172819)", "Ansiktsside, rettet mot": "Trafikk i metreringsretning", "Skiltnummer": "376.1 - Parkeringssone"}, "vegsystem": "KV12690 S10D1 m19", "mor": [1027213014]}, "geometry": {"type": "Point", "coordinates": [5.3267804, 60.3954832]}}, {"type": "Feature", "properties": {"nvdb_id": 1027213115, "skiltnummer": "376.1 - Parkeringssone", "tekst": null, "kategori": "forbud", "egenskaper": {"Geometri, punkt": "POINT(-31789.770445430186 6734628.9219298195)", "Ansiktsside, rettet mot": "Trafikk i metreringsretning", "Skiltnummer": "376.1 - Parkeringssone"}, "vegsystem": "KV12690 S10D1 m20", "mor": [1027213119]}, "geometry": {"type": "Point", "coordinates": [5.32682732, 60.3955121]}}, {"type": "Feature", "properties": {"nvdb_id": 1027262342, "skiltnummer": "372 - Parkering forbudt", "tekst": null, "kategori": "forbud", "egenskaper": {"Geometri, punkt": "POINT(-32636.143413159298 6734628.172975523)", "Ansiktsside, rettet mot": "Tosidig", "Skiltnummer": "372 - Parkering forbudt"}, "vegsystem": "KV5147 S1D1 m38", "mor": [1027262343]}, "geometry": {"type": "Point", "coordinates": [5.31169062, 60.3943944]}}, {"type": "Feature", "properties": {"nvdb_id": 1027196333, "skiltnummer": "372 - Parkering forbudt", "tekst": null, "kategori": "forbud", "egenskaper": {"Geometri, punkt": "POINT(-31521.786603769055 6734629.584211984)", "Ansiktsside, rettet mot": "Tosidig", "Skiltnummer": "372 - Parkering forbudt"}, "vegsystem": "KV4987 S1D1 m29", "mor": [1027196335]}, "geometry": {"type": "Point", "coordinates": [5.3316191, 60.3958694]}}, {"type": "Feature", "properties": {"nvdb_id": 1027262844, "skiltnummer": "372 - Parkering forbudt", "tekst": null, "kategori": "forbud", "egenskaper": {"Geometri, punkt": "POINT(-32536.808890358778 6734633.7443875205)", "Ansiktsside, rettet mot": "Tosidig", "Skiltnummer": "372 - Parkering forbudt"}, "vegsystem": "KV4970 S1D1 m232", "mor": [1027262846]}, "geometry": {"type": "Point", "coordinates": [5.31345252, 60.39457419]}}, {"type": "Feature", "properties": {"nvdb_id": 1027213337, "skiltnummer": "808 - Underskilt med annen tekst", "tekst": null, "kategori": "parkering", "egenskaper": {"Geometri, punkt": "POINT(-31799.80557985278 6734631.222633797)", "Ansiktsside, rettet mot": "Trafikk i metreringsretning", "Skiltnummer": "808 - Underskilt med annen tekst"}, "vegsystem": "KV12690 S10D1 m10", "mor": [1027213338]}, "geometry": {"type": "Point", "coordinates": [5.3266417, 60.3955193]}}, {"type": "Feature", "properties": {"nvdb_id": 1027196327, "skiltnummer": "372 - Parkering forbudt", "tekst": null, "kategori": "forbud", "egenskaper": {"Geometri, punkt": "POINT(-31526.583073555375 6734639.208811304)", "Ansiktsside, rettet mot": "Trafikk i metreringsretning", "Skiltnummer": "372 - Parkering forbudt"}, "vegsystem": "KV4987 S1D1 m30", "mor": [1027196324]}, "geometry": {"type": "Point", "coordinates": [5.33150781, 60.3959483]}}, {"type": "Feature", "properties": {"nvdb_id": 809916627, "skiltnummer": "807.6 - Symbol, sykkel og liten elektrisk motorvogn", "tekst": null, "kategori": "parkering", "egenskaper": {"Oppsettingsdato": "2017-07-07", "Plasseringskode": 20, "Geometri, punkt": "POINT Z (-31792.56 6734652.87 2.786)", "Ansiktsside, rettet mot": "Trafikk mot metreringsretning", "Farge": "Hvit", "Skiltform": "Plan", "Skiltnummer": "807.6 - Symbol, sykkel og liten elektrisk motorvogn", "Klappskilt": "Nei", "Folieklasse": "Klasse 2", "Størrelse": "Liten størrelse"}, "vegsystem": "FV5342 S1D1 m48", "mor": [809916618]}, "geometry": {"type": "Point", "coordinates": [5.32671393, 60.3957204]}}, {"type": "Feature", "properties": {"nvdb_id": 1027196340, "skiltnummer": "372 - Parkering forbudt", "tekst": null, "kategori": "forbud", "egenskaper": {"Geometri, punkt": "POINT(-31519.59260154562 6734650.962637624)", "Ansiktsside, rettet mot": "Tosidig", "Skiltnummer": "372 - Parkering forbudt"}, "vegsystem": "KV4901 S1D1 m130", "mor": [1027196343]}, "geometry": {"type": "Point", "coordinates": [5.3316017, 60.3960615]}}, {"type": "Feature", "properties": {"nvdb_id": 82564966, "skiltnummer": "808.121 - Opphøyd gangfelt/Heva gangfelt", "tekst": null, "kategori": "parkering", "egenskaper": {"Geometri, punkt": "POINT Z (-31838.8840975442 6734653.38275905 -999999)", "Ansiktsside, rettet mot": "Trafikk i metreringsretning", "Skiltnummer": "808.121 - Opphøyd gangfelt/Heva gangfelt", "Belysning": "Ingen"}, "vegsystem": "FV577 S1D1 m1063", "mor": [82564975]}, "geometry": {"type": "Point", "coordinates": [5.32588396, 60.39566418]}}, {"type": "Feature", "properties": {"nvdb_id": 557337933, "skiltnummer": "372 - Parkering forbudt", "tekst": null, "kategori": "forbud", "egenskaper": {"Geometri, punkt": "POINT Z (-32163.4087532378 6734656.61541209 1.961)", "Ansiktsside, rettet mot": "Tosidig", "Skiltnummer": "372 - Parkering forbudt", "Belysning": "Ingen"}, "vegsystem": "FV5348 S1D1 m37", "mor": [557337932]}, "geometry": {"type": "Point", "coordinates": [5.3200706, 60.39526692]}}, {"type": "Feature", "properties": {"nvdb_id": 1027261666, "skiltnummer": "808 - Underskilt med annen tekst", "tekst": "Reservert bildeling med gyldig tillatelse", "kategori": "parkering", "egenskaper": {"Geometri, punkt": "POINT(-32400.760744570172 6734655.21383717)", "Ansiktsside, rettet mot": "Parallelt mot veg", "Skiltnummer": "808 - Underskilt med annen tekst", "Tekst": "Reservert bildeling med gyldig tillatelse"}, "vegsystem": "KV3006 S1D1 m9", "mor": [1027261665]}, "geometry": {"type": "Point", "coordinates": [5.31582891, 60.3949429]}}, {"type": "Feature", "properties": {"nvdb_id": 1027261670, "skiltnummer": "552 - Parkering", "tekst": null, "kategori": "parkering", "egenskaper": {"Geometri, punkt": "POINT(-32400.760744570172 6734655.21383717)", "Ansiktsside, rettet mot": "Parallelt mot veg", "Skiltnummer": "552 - Parkering"}, "vegsystem": "KV3006 S1D1 m9", "mor": [1027261665]}, "geometry": {"type": "Point", "coordinates": [5.31582891, 60.3949429]}}, {"type": "Feature", "properties": {"nvdb_id": 1027261659, "skiltnummer": "372 - Parkering forbudt", "tekst": null, "kategori": "forbud", "egenskaper": {"Geometri, punkt": "POINT(-32387.951461248915 6734656.725461859)", "Ansiktsside, rettet mot": "Tosidig", "Skiltnummer": "372 - Parkering forbudt"}, "vegsystem": "KV3006 S1D1 m19", "mor": [1027261657]}, "geometry": {"type": "Point", "coordinates": [5.31605402, 60.39497309]}}, {"type": "Feature", "properties": {"nvdb_id": 1027262351, "skiltnummer": "372 - Parkering forbudt", "tekst": null, "kategori": "forbud", "egenskaper": {"Geometri, punkt": "POINT(-32636.602239150787 6734657.43678955)", "Ansiktsside, rettet mot": "Tosidig", "Skiltnummer": "372 - Parkering forbudt"}, "vegsystem": "KV5147 S1D1 m68", "mor": [1027262353]}, "geometry": {"type": "Point", "coordinates": [5.31160472, 60.3946528]}}, {"type": "Feature", "properties": {"nvdb_id": 1027263303, "skiltnummer": "372 - Parkering forbudt", "tekst": null, "kategori": "forbud", "egenskaper": {"Geometri, punkt": "POINT(-32502.47227721603 6734659.832737559)", "Ansiktsside, rettet mot": "Tosidig", "Skiltnummer": "372 - Parkering forbudt"}, "vegsystem": "KV5152 S1D1 m3", "mor": [1027263304]}, "geometry": {"type": "Point", "coordinates": [5.31399742, 60.3948502]}}, {"type": "Feature", "properties": {"nvdb_id": 1027263078, "skiltnummer": "372 - Parkering forbudt", "tekst": null, "kategori": "forbud", "egenskaper": {"Geometri, punkt": "POINT(-32466.49459263566 6734658.5160807725)", "Ansiktsside, rettet mot": "Trafikk i metreringsretning", "Skiltnummer": "372 - Parkering forbudt"}, "vegsystem": "KV4782 S1D1 m7", "mor": [1027263076]}, "geometry": {"type": "Point", "coordinates": [5.31464441, 60.3948858]}}, {"type": "Feature", "properties": {"nvdb_id": 1027196337, "skiltnummer": "372 - Parkering forbudt", "tekst": null, "kategori": "forbud", "egenskaper": {"Geometri, punkt": "POINT(-31518.24759790441 6734660.118132174)", "Ansiktsside, rettet mot": "Tosidig", "Skiltnummer": "372 - Parkering forbudt"}, "vegsystem": "KV4901 S1D1 m122", "mor": [1027196339]}, "geometry": {"type": "Point", "coordinates": [5.3316015, 60.3961443]}}, {"type": "Feature", "properties": {"nvdb_id": 1027260832, "skiltnummer": "372 - Parkering forbudt", "tekst": null, "kategori": "forbud", "egenskaper": {"Geometri, punkt": "POINT(-32456.724634937826 6734660.794839978)", "Ansiktsside, rettet mot": "Parallelt mot veg", "Skiltnummer": "372 - Parkering forbudt"}, "vegsystem": "KV5753 S1D1 m15", "mor": [1027260834]}, "geometry": {"type": "Point", "coordinates": [5.31481311, 60.3949188]}}, {"type": "Feature", "properties": {"nvdb_id": 1027260836, "skiltnummer": "808 - Underskilt med annen tekst", "tekst": "GJELDER PLASSEN", "kategori": "parkering", "egenskaper": {"Geometri, punkt": "POINT(-32456.724634937826 6734660.794839978)", "Ansiktsside, rettet mot": "Parallelt mot veg", "Skiltnummer": "808 - Underskilt med annen tekst", "Tekst": "GJELDER PLASSEN"}, "vegsystem": "KV5753 S1D1 m15", "mor": [1027260834]}, "geometry": {"type": "Point", "coordinates": [5.31481311, 60.3949188]}}, {"type": "Feature", "properties": {"nvdb_id": 1027198004, "skiltnummer": "372 - Parkering forbudt", "tekst": null, "kategori": "forbud", "egenskaper": {"Geometri, punkt": "POINT(-31830.49870776944 6734660.977836112)", "Ansiktsside, rettet mot": "Tosidig", "Skiltnummer": "372 - Parkering forbudt"}, "vegsystem": "KV4446 S1D1 m15", "mor": [1027198006]}, "geometry": {"type": "Point", "coordinates": [5.3260138, 60.3957424]}}, {"type": "Feature", "properties": {"nvdb_id": 1027198010, "skiltnummer": "372 - Parkering forbudt", "tekst": null, "kategori": "forbud", "egenskaper": {"Geometri, punkt": "POINT(-31829.475672681 6734670.181089529)", "Ansiktsside, rettet mot": "Parallelt mot veg", "Skiltnummer": "372 - Parkering forbudt"}, "vegsystem": "KV4446 S1D1 m21", "mor": [1027198007]}, "geometry": {"type": "Point", "coordinates": [5.3260077, 60.3958252]}}, {"type": "Feature", "properties": {"nvdb_id": 1027198014, "skiltnummer": "372 - Parkering forbudt", "tekst": null, "kategori": "forbud", "egenskaper": {"Geometri, punkt": "POINT(-31829.475672681 6734670.181089529)", "Ansiktsside, rettet mot": "Parallelt mot veg", "Skiltnummer": "372 - Parkering forbudt"}, "vegsystem": "KV4446 S1D1 m21", "mor": [1027198007]}, "geometry": {"type": "Point", "coordinates": [5.3260077, 60.3958252]}}, {"type": "Feature", "properties": {"nvdb_id": 1027261644, "skiltnummer": "372 - Parkering forbudt", "tekst": null, "kategori": "forbud", "egenskaper": {"Geometri, punkt": "POINT(-32380.62245350948 6734672.698802045)", "Ansiktsside, rettet mot": "Tosidig", "Skiltnummer": "372 - Parkering forbudt"}, "vegsystem": "KV4379 S1D1 m3", "mor": [1027261647]}, "geometry": {"type": "Point", "coordinates": [5.31614272, 60.3951241]}}, {"type": "Feature", "properties": {"nvdb_id": 1027189679, "skiltnummer": "552 - Parkering", "tekst": null, "kategori": "parkering", "egenskaper": {"Geometri, punkt": "POINT(-31414.694132772274 6734669.0484225545)", "Ansiktsside, rettet mot": "Tosidig", "Skiltnummer": "552 - Parkering"}, "vegsystem": "KV4953 S1D1 m369", "mor": [1027189681]}, "geometry": {"type": "Point", "coordinates": [5.33343021, 60.39635909]}}, {"type": "Feature", "properties": {"nvdb_id": 1027189683, "skiltnummer": "808 - Underskilt med annen tekst", "tekst": null, "kategori": "parkering", "egenskaper": {"Geometri, punkt": "POINT(-31414.694132772274 6734669.0484225545)", "Ansiktsside, rettet mot": "Tosidig", "Skiltnummer": "808 - Underskilt med annen tekst"}, "vegsystem": "KV4953 S1D1 m369", "mor": [1027189681]}, "geometry": {"type": "Point", "coordinates": [5.33343021, 60.39635909]}}, {"type": "Feature", "properties": {"nvdb_id": 1027260822, "skiltnummer": "372 - Parkering forbudt", "tekst": null, "kategori": "forbud", "egenskaper": {"Geometri, punkt": "POINT(-32477.034436249523 6734669.774274247)", "Ansiktsside, rettet mot": "Parallelt mot veg", "Skiltnummer": "372 - Parkering forbudt"}, "vegsystem": "KV5753 S1D1 m33", "mor": [1027260827]}, "geometry": {"type": "Point", "coordinates": [5.31442602, 60.3949716]}}, {"type": "Feature", "properties": {"nvdb_id": 1027197857, "skiltnummer": "807.6 - Symbol, sykkel og liten elektrisk motorvogn", "tekst": "Unntatt", "kategori": "parkering", "egenskaper": {"Geometri, punkt": "POINT(-31762.185415167594 6734678.951911133)", "Ansiktsside, rettet mot": "Trafikk i metreringsretning", "Skiltnummer": "807.6 - Symbol, sykkel og liten elektrisk motorvogn", "Tekst": "Unntatt"}, "vegsystem": "KV4921 S1D1 m12", "mor": [1027197859]}, "geometry": {"type": "Point", "coordinates": [5.32718812, 60.3959911]}}, {"type": "Feature", "properties": {"nvdb_id": 1027197864, "skiltnummer": "807.6 - Symbol, sykkel og liten elektrisk motorvogn", "tekst": null, "kategori": "parkering", "egenskaper": {"Geometri, punkt": "POINT(-31757.809871666366 6734685.80542817)", "Ansiktsside, rettet mot": "Trafikk i metreringsretning", "Skiltnummer": "807.6 - Symbol, sykkel og liten elektrisk motorvogn"}, "vegsystem": "KV4921 S1D1 m15", "mor": [1027197863]}, "geometry": {"type": "Point", "coordinates": [5.32724821, 60.39605749]}}, {"type": "Feature", "properties": {"nvdb_id": 1027262348, "skiltnummer": "372 - Parkering forbudt", "tekst": null, "kategori": "forbud", "egenskaper": {"Geometri, punkt": "POINT(-32639.696595845744 6734684.990281842)", "Ansiktsside, rettet mot": "Tosidig", "Skiltnummer": "372 - Parkering forbudt"}, "vegsystem": "KV5147 S1D1 m96", "mor": [1027262345]}, "geometry": {"type": "Point", "coordinates": [5.31147621, 60.39489259]}}, {"type": "Feature", "properties": {"nvdb_id": 1027189676, "skiltnummer": "372 - Parkering forbudt", "tekst": null, "kategori": "forbud", "egenskaper": {"Geometri, punkt": "POINT(-31421.752087071538 6734690.20401569)", "Ansiktsside, rettet mot": "Tosidig", "Skiltnummer": "372 - Parkering forbudt"}, "vegsystem": "KV4953 S1D1 m347", "mor": [1027189678]}, "geometry": {"type": "Point", "coordinates": [5.33324791, 60.3965371]}}, {"type": "Feature", "properties": {"nvdb_id": 1027197871, "skiltnummer": "807.8 - Symbol, forflytningshemmede med parkeringstillatelse", "tekst": null, "kategori": "parkering", "egenskaper": {"Geometri, punkt": "POINT(-31774.488244491513 6734692.355760657)", "Ansiktsside, rettet mot": "Tosidig", "Skiltnummer": "807.8 - Symbol, forflytningshemmede med parkeringstillatelse"}, "vegsystem": "KV4921 S1D1 m30", "mor": [1027197877]}, "geometry": {"type": "Point", "coordinates": [5.32693251, 60.3960936]}}, {"type": "Feature", "properties": {"nvdb_id": 1027197876, "skiltnummer": "552 - Parkering", "tekst": null, "kategori": "parkering", "egenskaper": {"Geometri, punkt": "POINT(-31774.488244491513 6734692.355760657)", "Ansiktsside, rettet mot": "Tosidig", "Skiltnummer": "552 - Parkering"}, "vegsystem": "KV4921 S1D1 m30", "mor": [1027197877]}, "geometry": {"type": "Point", "coordinates": [5.32693251, 60.3960936]}}, {"type": "Feature", "properties": {"nvdb_id": 1027197825, "skiltnummer": "372 - Parkering forbudt", "tekst": null, "kategori": "forbud", "egenskaper": {"Geometri, punkt": "POINT(-31764.66953037656 6734697.611722618)", "Ansiktsside, rettet mot": "Tosidig", "Skiltnummer": "372 - Parkering forbudt"}, "vegsystem": "KV4921 S1D1 m29", "mor": [1027197824]}, "geometry": {"type": "Point", "coordinates": [5.3270942, 60.396153]}}, {"type": "Feature", "properties": {"nvdb_id": 1027261139, "skiltnummer": "807.8 - Symbol, forflytningshemmede med parkeringstillatelse", "tekst": null, "kategori": "parkering", "egenskaper": {"Geometri, punkt": "POINT(-32446.157404145924 6734694.783299993)", "Ansiktsside, rettet mot": "Parallelt mot veg", "Skiltnummer": "807.8 - Symbol, forflytningshemmede med parkeringstillatelse"}, "vegsystem": "KV4580 S1D1 m15", "mor": [1027261143]}, "geometry": {"type": "Point", "coordinates": [5.31491192, 60.3952335]}}, {"type": "Feature", "properties": {"nvdb_id": 1027261141, "skiltnummer": "552 - Parkering", "tekst": null, "kategori": "parkering", "egenskaper": {"Geometri, punkt": "POINT(-32446.157404145924 6734694.783299993)", "Ansiktsside, rettet mot": "Parallelt mot veg", "Skiltnummer": "552 - Parkering"}, "vegsystem": "KV4580 S1D1 m15", "mor": [1027261143]}, "geometry": {"type": "Point", "coordinates": [5.31491192, 60.3952335]}}, {"type": "Feature", "properties": {"nvdb_id": 1027261540, "skiltnummer": "807.8 - Symbol, forflytningshemmede med parkeringstillatelse", "tekst": null, "kategori": "parkering", "egenskaper": {"Geometri, punkt": "POINT(-32440.52450855542 6734702.037206583)", "Ansiktsside, rettet mot": "Parallelt mot veg", "Skiltnummer": "807.8 - Symbol, forflytningshemmede med parkeringstillatelse"}, "vegsystem": "KV4580 S1D1 m25", "mor": [1027261543]}, "geometry": {"type": "Point", "coordinates": [5.31499341, 60.39530509]}}, {"type": "Feature", "properties": {"nvdb_id": 1027261542, "skiltnummer": "552 - Parkering", "tekst": null, "kategori": "parkering", "egenskaper": {"Geometri, punkt": "POINT(-32440.52450855542 6734702.037206583)", "Ansiktsside, rettet mot": "Parallelt mot veg", "Skiltnummer": "552 - Parkering"}, "vegsystem": "KV4580 S1D1 m25", "mor": [1027261543]}, "geometry": {"type": "Point", "coordinates": [5.31499341, 60.39530509]}}, {"type": "Feature", "properties": {"nvdb_id": 494019504, "skiltnummer": "808.123 - Opphøyde gangfelt/Heva gangfelt", "tekst": null, "kategori": "parkering", "egenskaper": {"Geometri, punkt": "POINT Z (-32485.0657337422 6734709.63920097 25.506)", "Ansiktsside, rettet mot": "Trafikk mot metreringsretning", "Skiltnummer": "808.123 - Opphøyde gangfelt/Heva gangfelt", "Belysning": "Ingen"}, "vegsystem": "FV5348 S1D1 m1824", "mor": [494019502]}, "geometry": {"type": "Point", "coordinates": [5.31417655, 60.39531388]}}, {"type": "Feature", "properties": {"nvdb_id": 1027261617, "skiltnummer": "372 - Parkering forbudt", "tekst": null, "kategori": "forbud", "egenskaper": {"Geometri, punkt": "POINT(-32406.950418807915 6734708.489537674)", "Ansiktsside, rettet mot": "Tosidig", "Skiltnummer": "372 - Parkering forbudt"}, "vegsystem": "KV4580 S2D1 m69", "mor": [1027261619]}, "geometry": {"type": "Point", "coordinates": [5.31557682, 60.3954063]}}, {"type": "Feature", "properties": {"nvdb_id": 1027197831, "skiltnummer": "807.6 - Symbol, sykkel og liten elektrisk motorvogn", "tekst": "Unntatt", "kategori": "parkering", "egenskaper": {"Geometri, punkt": "POINT(-31785.77920804161 6734708.965255778)", "Ansiktsside, rettet mot": "Trafikk i metreringsretning", "Skiltnummer": "807.6 - Symbol, sykkel og liten elektrisk motorvogn", "Tekst": "Unntatt"}, "vegsystem": "KV4921 S1D1 m51", "mor": [1027197834]}, "geometry": {"type": "Point", "coordinates": [5.32668651, 60.3962258]}}, {"type": "Feature", "properties": {"nvdb_id": 494019430, "skiltnummer": "372 - Parkering forbudt", "tekst": null, "kategori": "forbud", "egenskaper": {"Geometri, punkt": "POINT Z (-32219.3681282378 6734709.00291209 1.644)", "Ansiktsside, rettet mot": "Tosidig", "Skiltnummer": "372 - Parkering forbudt", "Belysning": "Ingen"}, "vegsystem": "FV5348 S1D1 m112", "mor": [494019429]}, "geometry": {"type": "Point", "coordinates": [5.31893069, 60.39565714]}}, {"type": "Feature", "properties": {"nvdb_id": 1027262358, "skiltnummer": "372 - Parkering forbudt", "tekst": null, "kategori": "forbud", "egenskaper": {"Geometri, punkt": "POINT(-32647.192272750544 6734710.462863661)", "Ansiktsside, rettet mot": "Tosidig", "Skiltnummer": "372 - Parkering forbudt"}, "vegsystem": "KV5147 S1D1 m123", "mor": [1027262361]}, "geometry": {"type": "Point", "coordinates": [5.31127452, 60.3951082]}}, {"type": "Feature", "properties": {"nvdb_id": 1027262354, "skiltnummer": "372 - Parkering forbudt", "tekst": null, "kategori": "forbud", "egenskaper": {"Geometri, punkt": "POINT(-32651.923036398366 6734710.419408039)", "Ansiktsside, rettet mot": "Tosidig", "Skiltnummer": "372 - Parkering forbudt"}, "vegsystem": "KV5147 S1D1 m126", "mor": [1027262357]}, "geometry": {"type": "Point", "coordinates": [5.31119002, 60.39510159]}}, {"type": "Feature", "properties": {"nvdb_id": 1027197844, "skiltnummer": "807.6 - Symbol, sykkel og liten elektrisk motorvogn", "tekst": "Unntatt", "kategori": "parkering", "egenskaper": {"Geometri, punkt": "POINT(-31778.604110762943 6734713.810806547)", "Ansiktsside, rettet mot": "Trafikk i metreringsretning", "Skiltnummer": "807.6 - Symbol, sykkel og liten elektrisk motorvogn", "Tekst": "Unntatt"}, "vegsystem": "KV4921 S1D1 m50", "mor": [1027197847]}, "geometry": {"type": "Point", "coordinates": [5.32680201, 60.3962781]}}, {"type": "Feature", "properties": {"nvdb_id": 1027261558, "skiltnummer": "807.8 - Symbol, forflytningshemmede med parkeringstillatelse", "tekst": null, "kategori": "parkering", "egenskaper": {"Geometri, punkt": "POINT(-32424.35656018264 6734711.942241377)", "Ansiktsside, rettet mot": "Tosidig", "Skiltnummer": "807.8 - Symbol, forflytningshemmede med parkeringstillatelse"}, "vegsystem": "KV4580 S1D1 m42", "mor": [1027261560]}, "geometry": {"type": "Point", "coordinates": [5.31525631, 60.39541399]}}, {"type": "Feature", "properties": {"nvdb_id": 1027261561, "skiltnummer": "552 - Parkering", "tekst": null, "kategori": "parkering", "egenskaper": {"Geometri, punkt": "POINT(-32424.35656018264 6734711.942241377)", "Ansiktsside, rettet mot": "Tosidig", "Skiltnummer": "552 - Parkering"}, "vegsystem": "KV4580 S1D1 m42", "mor": [1027261560]}, "geometry": {"type": "Point", "coordinates": [5.31525631, 60.39541399]}}, {"type": "Feature", "properties": {"nvdb_id": 1027189668, "skiltnummer": "808 - Underskilt med annen tekst", "tekst": null, "kategori": "parkering", "egenskaper": {"Geometri, punkt": "POINT(-31429.96496760391 6734712.355442913)", "Ansiktsside, rettet mot": "Tosidig", "Skiltnummer": "808 - Underskilt med annen tekst"}, "vegsystem": "KV4953 S1D1 m322", "mor": [1027189673]}, "geometry": {"type": "Point", "coordinates": [5.33304231, 60.39672239]}}, {"type": "Feature", "properties": {"nvdb_id": 1027189671, "skiltnummer": "552 - Parkering", "tekst": null, "kategori": "parkering", "egenskaper": {"Geometri, punkt": "POINT(-31429.96496760391 6734712.355442913)", "Ansiktsside, rettet mot": "Tosidig", "Skiltnummer": "552 - Parkering"}, "vegsystem": "KV4953 S1D1 m322", "mor": [1027189673]}, "geometry": {"type": "Point", "coordinates": [5.33304231, 60.39672239]}}, {"type": "Feature", "properties": {"nvdb_id": 1010853785, "skiltnummer": "372 - Parkering forbudt", "tekst": null, "kategori": "forbud", "egenskaper": {"Geometri, punkt": "POINT Z (-32227.3624117001 6734712.68041577 -999999)", "Ansiktsside, rettet mot": "Tosidig", "Skiltnummer": "372 - Parkering forbudt", "Belysning": "Ingen"}, "vegsystem": "FV5348 S1D1 m120", "mor": [1010853784]}, "geometry": {"type": "Point", "coordinates": [5.31877795, 60.39567919]}}, {"type": "Feature", "properties": {"nvdb_id": 1027195505, "skiltnummer": "376.1 - Parkeringssone", "tekst": null, "kategori": "forbud", "egenskaper": {"Geometri, punkt": "POINT(-31692.984009693726 6734715.640730281)", "Ansiktsside, rettet mot": "Trafikk mot metreringsretning", "Skiltnummer": "376.1 - Parkeringssone"}, "vegsystem": "KV5325 S1D1 m381", "mor": [1027195507]}, "geometry": {"type": "Point", "coordinates": [5.32832871, 60.3964066]}}, {"type": "Feature", "properties": {"nvdb_id": 1027195479, "skiltnummer": "376.1 - Parkeringssone", "tekst": null, "kategori": "forbud", "egenskaper": {"Geometri, punkt": "POINT(-31694.711416396894 6734717.602708734)", "Ansiktsside, rettet mot": "Trafikk mot metreringsretning", "Skiltnummer": "376.1 - Parkeringssone"}, "vegsystem": "KV5325 S1D1 m382", "mor": [1027195481]}, "geometry": {"type": "Point", "coordinates": [5.32829262, 60.3964217]}}, {"type": "Feature", "properties": {"nvdb_id": 82515950, "skiltnummer": "372 - Parkering forbudt", "tekst": null, "kategori": "forbud", "egenskaper": {"Geometri, punkt": "POINT Z (-32219.0506282378 6734724.16353709 1.606)", "Ansiktsside, rettet mot": "Tosidig", "Skiltnummer": "372 - Parkering forbudt", "Belysning": "Ingen"}, "vegsystem": "FV5348 S1D1 m123", "mor": [82515953]}, "geometry": {"type": "Point", "coordinates": [5.31889614, 60.39579174]}}, {"type": "Feature", "properties": {"nvdb_id": 1027262382, "skiltnummer": "808 - Underskilt med annen tekst", "tekst": "Gjelder plassen", "kategori": "parkering", "egenskaper": {"Geometri, punkt": "POINT(-32660.966636826517 6734720.529667441)", "Ansiktsside, rettet mot": "Parallelt mot veg", "Skiltnummer": "808 - Underskilt med annen tekst", "Tekst": "Gjelder plassen"}, "vegsystem": "KV5147 S1D1 m137", "mor": [1027262386]}, "geometry": {"type": "Point", "coordinates": [5.31100141, 60.3951792]}}, {"type": "Feature", "properties": {"nvdb_id": 1027262384, "skiltnummer": "372 - Parkering forbudt", "tekst": null, "kategori": "forbud", "egenskaper": {"Geometri, punkt": "POINT(-32660.966636826517 6734720.529667441)", "Ansiktsside, rettet mot": "Parallelt mot veg", "Skiltnummer": "372 - Parkering forbudt"}, "vegsystem": "KV5147 S1D1 m137", "mor": [1027262386]}, "geometry": {"type": "Point", "coordinates": [5.31100141, 60.3951792]}}, {"type": "Feature", "properties": {"nvdb_id": 1027261546, "skiltnummer": "372 - Parkering forbudt", "tekst": null, "kategori": "forbud", "egenskaper": {"Geometri, punkt": "POINT(-32436.48280221806 6734725.24349053)", "Ansiktsside, rettet mot": "Tosidig", "Skiltnummer": "372 - Parkering forbudt"}, "vegsystem": "KV4580 S1D1 m44", "mor": [1027261547]}, "geometry": {"type": "Point", "coordinates": [5.31500411, 60.39551579]}}, {"type": "Feature", "properties": {"nvdb_id": 1027196384, "skiltnummer": "376.1 - Parkeringssone", "tekst": null, "kategori": "forbud", "egenskaper": {"Geometri, punkt": "POINT(-31592.202665219083 6734721.892257433)", "Ansiktsside, rettet mot": "Trafikk i metreringsretning", "Skiltnummer": "376.1 - Parkeringssone"}, "vegsystem": "KV4326 S1D1 m8", "mor": [1027196386]}, "geometry": {"type": "Point", "coordinates": [5.3301149, 60.3965941]}}, {"type": "Feature", "properties": {"nvdb_id": 1027261552, "skiltnummer": "552 - Parkering", "tekst": null, "kategori": "parkering", "egenskaper": {"Geometri, punkt": "POINT(-32425.0355438306 6734722.5506227175)", "Ansiktsside, rettet mot": "Tosidig", "Skiltnummer": "552 - Parkering"}, "vegsystem": "KV4580 S1D1 m51", "mor": [1027261555]}, "geometry": {"type": "Point", "coordinates": [5.31521601, 60.395507]}}, {"type": "Feature", "properties": {"nvdb_id": 1027261554, "skiltnummer": "808 - Underskilt med annen tekst", "tekst": null, "kategori": "parkering", "egenskaper": {"Geometri, punkt": "POINT(-32425.0355438306 6734722.5506227175)", "Ansiktsside, rettet mot": "Tosidig", "Skiltnummer": "808 - Underskilt med annen tekst"}, "vegsystem": "KV4580 S1D1 m51", "mor": [1027261555]}, "geometry": {"type": "Point", "coordinates": [5.31521601, 60.395507]}}, {"type": "Feature", "properties": {"nvdb_id": 1027195380, "skiltnummer": "376.1 - Parkeringssone", "tekst": "08 - 23 (08 - 17) Med P-kort eller mot avgift", "kategori": "boligsone", "egenskaper": {"Geometri, punkt": "POINT(-31585.907557311468 6734723.140150263)", "Ansiktsside, rettet mot": "Trafikk mot metreringsretning", "Skiltnummer": "376.1 - Parkeringssone", "Tekst": "08 - 23 (08 - 17) Med P-kort eller mot avgift"}, "vegsystem": "KV5079 S2D1 m25", "mor": [1027195384]}, "geometry": {"type": "Point", "coordinates": [5.3302242, 60.3966134]}}, {"type": "Feature", "properties": {"nvdb_id": 1027261622, "skiltnummer": "552 - Parkering", "tekst": null, "kategori": "parkering", "egenskaper": {"Geometri, punkt": "POINT(-32400.70564483886 6734733.809411799)", "Ansiktsside, rettet mot": "Tosidig", "Skiltnummer": "552 - Parkering"}, "vegsystem": "KV4580 S2D1 m46", "mor": [1027261625]}, "geometry": {"type": "Point", "coordinates": [5.31562131, 60.39563859]}}, {"type": "Feature", "properties": {"nvdb_id": 1027261624, "skiltnummer": "808 - Underskilt med annen tekst", "tekst": "@831", "kategori": "parkering", "egenskaper": {"Geometri, punkt": "POINT(-32400.70564483886 6734733.809411799)", "Ansiktsside, rettet mot": "Tosidig", "Skiltnummer": "808 - Underskilt med annen tekst", "Tekst": "@831"}, "vegsystem": "KV4580 S2D1 m46", "mor": [1027261625]}, "geometry": {"type": "Point", "coordinates": [5.31562131, 60.39563859]}}, {"type": "Feature", "properties": {"nvdb_id": 1027197795, "skiltnummer": "808 - Underskilt med annen tekst", "tekst": null, "kategori": "parkering", "egenskaper": {"Geometri, punkt": "POINT(-31799.846448644414 6734729.398320723)", "Ansiktsside, rettet mot": "Tosidig", "Skiltnummer": "808 - Underskilt med annen tekst"}, "vegsystem": "KV4921 S1D1 m75", "mor": [1027197800]}, "geometry": {"type": "Point", "coordinates": [5.32638072, 60.3963882]}}, {"type": "Feature", "properties": {"nvdb_id": 1027197798, "skiltnummer": "552 - Parkering", "tekst": null, "kategori": "parkering", "egenskaper": {"Geometri, punkt": "POINT(-31799.846448644414 6734729.398320723)", "Ansiktsside, rettet mot": "Tosidig", "Skiltnummer": "552 - Parkering"}, "vegsystem": "KV4921 S1D1 m75", "mor": [1027197800]}, "geometry": {"type": "Point", "coordinates": [5.32638072, 60.3963882]}}, {"type": "Feature", "properties": {"nvdb_id": 1027262030, "skiltnummer": "372 - Parkering forbudt", "tekst": null, "kategori": "forbud", "egenskaper": {"Geometri, punkt": "POINT(-32268.740825010464 6734729.90231015)", "Ansiktsside, rettet mot": "Trafikk i metreringsretning", "Skiltnummer": "372 - Parkering forbudt"}, "vegsystem": "KV4279 S1D1 m25", "mor": [1027262029]}, "geometry": {"type": "Point", "coordinates": [5.31799211, 60.39577729]}}, {"type": "Feature", "properties": {"nvdb_id": 1027198821, "skiltnummer": "807.6 - Symbol, sykkel og liten elektrisk motorvogn", "tekst": "Unntatt", "kategori": "parkering", "egenskaper": {"Geometri, punkt": "POINT(-31874.607825662242 6734731.734685403)", "Ansiktsside, rettet mot": "Parallelt mot veg", "Skiltnummer": "807.6 - Symbol, sykkel og liten elektrisk motorvogn", "Tekst": "Unntatt"}, "vegsystem": "KV4731 S1D1 m14", "mor": [1027198822]}, "geometry": {"type": "Point", "coordinates": [5.32503721, 60.3963108]}}, {"type": "Feature", "properties": {"nvdb_id": 218884555, "skiltnummer": "372 - Parkering forbudt", "tekst": null, "kategori": "forbud", "egenskaper": {"Geometri, punkt": "POINT Z (-31719.2156713216 6734732.75979843 11.624)", "Ansiktsside, rettet mot": "Tosidig", "Skiltnummer": "372 - Parkering forbudt", "Belysning": "Ingen"}, "vegsystem": "FV5342 S1D1 m192", "mor": [218884554]}, "geometry": {"type": "Point", "coordinates": [5.3278141, 60.39652372]}}, {"type": "Feature", "properties": {"nvdb_id": 1027195373, "skiltnummer": "376.1 - Parkeringssone", "tekst": null, "kategori": "forbud", "egenskaper": {"Geometri, punkt": "POINT(-31598.43008486193 6734734.722995598)", "Ansiktsside, rettet mot": "Trafikk i metreringsretning", "Skiltnummer": "376.1 - Parkeringssone"}, "vegsystem": "KV5325 S1D1 m6", "mor": [1027195376]}, "geometry": {"type": "Point", "coordinates": [5.32996951, 60.3966995]}}, {"type": "Feature", "properties": {"nvdb_id": 1027199685, "skiltnummer": "372 - Parkering forbudt", "tekst": null, "kategori": "forbud", "egenskaper": {"Geometri, punkt": "POINT(-31859.75988285488 6734734.787454455)", "Ansiktsside, rettet mot": "Tosidig", "Skiltnummer": "372 - Parkering forbudt"}, "vegsystem": "KV4731 S1D1 m28", "mor": [1027199688]}, "geometry": {"type": "Point", "coordinates": [5.32529471, 60.39635729]}}, {"type": "Feature", "properties": {"nvdb_id": 1027194595, "skiltnummer": "376.1 - Parkeringssone", "tekst": "08 - 23 (08 - 17) med P-kort eller mot avgift", "kategori": "boligsone", "egenskaper": {"Geometri, punkt": "POINT(-31586.591235996224 6734736.33585181)", "Ansiktsside, rettet mot": "Trafikk mot metreringsretning", "Skiltnummer": "376.1 - Parkeringssone", "Tekst": "08 - 23 (08 - 17) med P-kort eller mot avgift"}, "vegsystem": "KV5205 S3D1 m129", "mor": [1027194599]}, "geometry": {"type": "Point", "coordinates": [5.33017701, 60.3967293]}}, {"type": "Feature", "properties": {"nvdb_id": 1027199047, "skiltnummer": "372 - Parkering forbudt", "tekst": null, "kategori": "forbud", "egenskaper": {"Geometri, punkt": "POINT(-31865.296303152805 6734740.658398166)", "Ansiktsside, rettet mot": "Tosidig", "Skiltnummer": "372 - Parkering forbudt"}, "vegsystem": "KV4731 S1D1 m26", "mor": [1027199049]}, "geometry": {"type": "Point", "coordinates": [5.32518012, 60.39640199]}}, {"type": "Feature", "properties": {"nvdb_id": 1027195352, "skiltnummer": "376.1 - Parkeringssone", "tekst": null, "kategori": "forbud", "egenskaper": {"Geometri, punkt": "POINT(-31594.60057866038 6734738.799131648)", "Ansiktsside, rettet mot": "Trafikk i metreringsretning", "Skiltnummer": "376.1 - Parkeringssone"}, "vegsystem": "KV5325 S1D1 m8", "mor": [1027195356]}, "geometry": {"type": "Point", "coordinates": [5.3300272, 60.3967406]}}, {"type": "Feature", "properties": {"nvdb_id": 1027189664, "skiltnummer": "372 - Parkering forbudt", "tekst": null, "kategori": "forbud", "egenskaper": {"Geometri, punkt": "POINT(-31444.667492057895 6734740.247128356)", "Ansiktsside, rettet mot": "Tosidig", "Skiltnummer": "372 - Parkering forbudt"}, "vegsystem": "KV4953 S1D1 m292", "mor": [1027189666]}, "geometry": {"type": "Point", "coordinates": [5.33270542, 60.39695]}}, {"type": "Feature", "properties": {"nvdb_id": 1027199590, "skiltnummer": "372 - Parkering forbudt", "tekst": null, "kategori": "forbud", "egenskaper": {"Geometri, punkt": "POINT(-31860.091470251675 6734745.637677003)", "Ansiktsside, rettet mot": "Tosidig", "Skiltnummer": "372 - Parkering forbudt"}, "vegsystem": "KV4731 S1D1 m33", "mor": [1027199593]}, "geometry": {"type": "Point", "coordinates": [5.32526002, 60.3964529]}}, {"type": "Feature", "properties": {"nvdb_id": 82515941, "skiltnummer": "372 - Parkering forbudt", "tekst": null, "kategori": "forbud", "egenskaper": {"Geometri, punkt": "POINT Z (-32251.9118782378 6734742.26103709 1.664)", "Ansiktsside, rettet mot": "Tosidig", "Skiltnummer": "372 - Parkering forbudt", "Belysning": "Ingen"}, "vegsystem": "FV5348 S1D1 m159", "mor": [82515944]}, "geometry": {"type": "Point", "coordinates": [5.31826034, 60.39590878]}}, {"type": "Feature", "properties": {"nvdb_id": 1027262014, "skiltnummer": "552 - Parkering", "tekst": null, "kategori": "parkering", "egenskaper": {"Geometri, punkt": "POINT(-32262.95627346658 6734747.641457384)", "Ansiktsside, rettet mot": "Tosidig", "Skiltnummer": "552 - Parkering"}, "vegsystem": "KV4279 S1D1 m9", "mor": [1027262017]}, "geometry": {"type": "Point", "coordinates": [5.31804852, 60.39594189]}}, {"type": "Feature", "properties": {"nvdb_id": 1027262015, "skiltnummer": "808 - Underskilt med annen tekst", "tekst": "Gjelder beboere med p-kort sone 1", "kategori": "boligsone", "egenskaper": {"Geometri, punkt": "POINT(-32262.95627346658 6734747.641457384)", "Ansiktsside, rettet mot": "Tosidig", "Skiltnummer": "808 - Underskilt med annen tekst", "Tekst": "Gjelder beboere med p-kort sone 1"}, "vegsystem": "KV4279 S1D1 m9", "mor": [1027262017]}, "geometry": {"type": "Point", "coordinates": [5.31804852, 60.39594189]}}, {"type": "Feature", "properties": {"nvdb_id": 1027262373, "skiltnummer": "372 - Parkering forbudt", "tekst": null, "kategori": "forbud", "egenskaper": {"Geometri, punkt": "POINT(-32650.410557132913 6734746.63308479)", "Ansiktsside, rettet mot": "Tosidig", "Skiltnummer": "372 - Parkering forbudt"}, "vegsystem": "KV5147 S1D1 m162", "mor": [1027262374]}, "geometry": {"type": "Point", "coordinates": [5.31112091, 60.3954241]}}, {"type": "Feature", "properties": {"nvdb_id": 1027196357, "skiltnummer": "376.1 - Parkeringssone", "tekst": "08 - 23 (08 - 17) Med P-kort eller ved parkometer", "kategori": "boligsone", "egenskaper": {"Geometri, punkt": "POINT(-31557.1727343722 6734750.540224996)", "Ansiktsside, rettet mot": "Trafikk i metreringsretning", "Skiltnummer": "376.1 - Parkeringssone", "Tekst": "08 - 23 (08 - 17) Med P-kort eller ved parkometer"}, "vegsystem": "KV4901 S1D1 m24", "mor": [1027196359]}, "geometry": {"type": "Point", "coordinates": [5.3306656, 60.3968936]}}, {"type": "Feature", "properties": {"nvdb_id": 1027261630, "skiltnummer": "372 - Parkering forbudt", "tekst": null, "kategori": "forbud", "egenskaper": {"Geometri, punkt": "POINT(-32384.79181551363 6734752.214861911)", "Ansiktsside, rettet mot": "Tosidig", "Skiltnummer": "372 - Parkering forbudt"}, "vegsystem": "KV4580 S2D1 m19", "mor": [1027261629]}, "geometry": {"type": "Point", "coordinates": [5.31585711, 60.3958224]}}, {"type": "Feature", "properties": {"nvdb_id": 1027196364, "skiltnummer": "376.1 - Parkeringssone", "tekst": "08 - 23 (08 - 17) Med P-kort ellerr ved parkomter", "kategori": "boligsone", "egenskaper": {"Geometri, punkt": "POINT(-31567.33771481295 6734750.905017738)", "Ansiktsside, rettet mot": "Trafikk i metreringsretning", "Skiltnummer": "376.1 - Parkeringssone", "Tekst": "08 - 23 (08 - 17) Med P-kort ellerr ved parkomter"}, "vegsystem": "KV4901 S1D1 m18", "mor": [1027196369]}, "geometry": {"type": "Point", "coordinates": [5.3304828, 60.3968835]}}, {"type": "Feature", "properties": {"nvdb_id": 1027189658, "skiltnummer": "808 - Underskilt med annen tekst", "tekst": null, "kategori": "parkering", "egenskaper": {"Geometri, punkt": "POINT(-31451.601349165314 6734752.651156709)", "Ansiktsside, rettet mot": "Tosidig", "Skiltnummer": "808 - Underskilt med annen tekst"}, "vegsystem": "KV4953 S1D1 m278", "mor": [1027189657]}, "geometry": {"type": "Point", "coordinates": [5.33254851, 60.3970507]}}, {"type": "Feature", "properties": {"nvdb_id": 1027189660, "skiltnummer": "552 - Parkering", "tekst": null, "kategori": "parkering", "egenskaper": {"Geometri, punkt": "POINT(-31451.601349165314 6734752.651156709)", "Ansiktsside, rettet mot": "Tosidig", "Skiltnummer": "552 - Parkering"}, "vegsystem": "KV4953 S1D1 m278", "mor": [1027189657]}, "geometry": {"type": "Point", "coordinates": [5.33254851, 60.3970507]}}, {"type": "Feature", "properties": {"nvdb_id": 1027197802, "skiltnummer": "372 - Parkering forbudt", "tekst": null, "kategori": "forbud", "egenskaper": {"Geometri, punkt": "POINT(-31818.431870240485 6734752.726877287)", "Ansiktsside, rettet mot": "Tosidig", "Skiltnummer": "372 - Parkering forbudt"}, "vegsystem": "KV4921 S1D1 m105", "mor": [1027197804]}, "geometry": {"type": "Point", "coordinates": [5.32598641, 60.3965703]}}, {"type": "Feature", "properties": {"nvdb_id": 1027261577, "skiltnummer": "372 - Parkering forbudt", "tekst": null, "kategori": "forbud", "egenskaper": {"Geometri, punkt": "POINT(-32410.07759945863 6734755.763317278)", "Ansiktsside, rettet mot": "Tosidig", "Skiltnummer": "372 - Parkering forbudt"}, "vegsystem": "KV4580 S1D1 m86", "mor": [1027261580]}, "geometry": {"type": "Point", "coordinates": [5.31539541, 60.39582059]}}, {"type": "Feature", "properties": {"nvdb_id": 82515935, "skiltnummer": "372 - Parkering forbudt", "tekst": null, "kategori": "forbud", "egenskaper": {"Geometri, punkt": "POINT Z (-32253.2612532378 6734759.88228709 1.7)", "Ansiktsside, rettet mot": "Tosidig", "Skiltnummer": "372 - Parkering forbudt", "Belysning": "Ingen"}, "vegsystem": "FV5348 S1D1 m172", "mor": [82515938]}, "geometry": {"type": "Point", "coordinates": [5.31818946, 60.39606296]}}, {"type": "Feature", "properties": {"nvdb_id": 1027197806, "skiltnummer": "372 - Parkering forbudt", "tekst": null, "kategori": "forbud", "egenskaper": {"Geometri, punkt": "POINT(-31809.651584956562 6734758.746717269)", "Ansiktsside, rettet mot": "Tosidig", "Skiltnummer": "372 - Parkering forbudt"}, "vegsystem": "KV4921 S1D1 m105", "mor": [1027197808]}, "geometry": {"type": "Point", "coordinates": [5.3261275, 60.3966351]}}, {"type": "Feature", "properties": {"nvdb_id": 1027195755, "skiltnummer": "376.1 - Parkeringssone", "tekst": "08 - 23 (08 - 17) Med P-kort eller mot avgift", "kategori": "boligsone", "egenskaper": {"Geometri, punkt": "POINT(-31558.593319745967 6734756.309298767)", "Ansiktsside, rettet mot": "Trafikk i metreringsretning", "Skiltnummer": "376.1 - Parkeringssone", "Tekst": "08 - 23 (08 - 17) Med P-kort eller mot avgift"}, "vegsystem": "KV4449 S1D1 m18", "mor": [1027195762]}, "geometry": {"type": "Point", "coordinates": [5.33062491, 60.3969428]}}, {"type": "Feature", "properties": {"nvdb_id": 1027197810, "skiltnummer": "807.6 - Symbol, sykkel og liten elektrisk motorvogn", "tekst": "Unntatt", "kategori": "parkering", "egenskaper": {"Geometri, punkt": "POINT(-31819.128090684768 6734757.157267637)", "Ansiktsside, rettet mot": "Parallelt mot veg", "Skiltnummer": "807.6 - Symbol, sykkel og liten elektrisk motorvogn", "Tekst": "Unntatt"}, "vegsystem": "KV4921 S1D1 m109", "mor": [1027197813]}, "geometry": {"type": "Point", "coordinates": [5.32596221, 60.3966086]}}, {"type": "Feature", "properties": {"nvdb_id": 1027200264, "skiltnummer": "807.6 - Symbol, sykkel og liten elektrisk motorvogn", "tekst": null, "kategori": "parkering", "egenskaper": {"Geometri, punkt": "POINT(-31830.91372565797 6734764.089979349)", "Ansiktsside, rettet mot": "Trafikk mot metreringsretning", "Skiltnummer": "807.6 - Symbol, sykkel og liten elektrisk motorvogn"}, "vegsystem": "KV4731 S1D1 m68", "mor": [1027200268]}, "geometry": {"type": "Point", "coordinates": [5.32573301, 60.3966545]}}, {"type": "Feature", "properties": {"nvdb_id": 1027198133, "skiltnummer": "807.6 - Symbol, sykkel og liten elektrisk motorvogn", "tekst": "Unntatt", "kategori": "parkering", "egenskaper": {"Geometri, punkt": "POINT(-31808.855245327577 6734766.57129817)", "Ansiktsside, rettet mot": "Trafikk i metreringsretning", "Skiltnummer": "807.6 - Symbol, sykkel og liten elektrisk motorvogn", "Tekst": "Unntatt"}, "vegsystem": "KV4731 S1D1 m88", "mor": [1027198137]}, "geometry": {"type": "Point", "coordinates": [5.32612102, 60.3967054]}}, {"type": "Feature", "properties": {"nvdb_id": 1027261586, "skiltnummer": "372 - Parkering forbudt", "tekst": null, "kategori": "forbud", "egenskaper": {"Geometri, punkt": "POINT(-32362.121818059124 6734769.584050801)", "Ansiktsside, rettet mot": "Tosidig", "Skiltnummer": "372 - Parkering forbudt"}, "vegsystem": "KV12120 S1D1 m8", "mor": [1027261589]}, "geometry": {"type": "Point", "coordinates": [5.31621651, 60.3960059]}}, {"type": "Feature", "properties": {"nvdb_id": 1027261870, "skiltnummer": "806 - Tid", "tekst": "Varetransport tillatt 06 - 11 (06 - 10)", "kategori": "parkering", "egenskaper": {"Geometri, punkt": "POINT(-32352.778685165686 6734768.875750334)", "Ansiktsside, rettet mot": "Trafikk mot metreringsretning", "Skiltnummer": "806 - Tid", "Tekst": "Varetransport tillatt 06 - 11 (06 - 10)"}, "vegsystem": "KV5043 S1D1 m213", "mor": [1027261877]}, "geometry": {"type": "Point", "coordinates": [5.31638551, 60.3960119]}}, {"type": "Feature", "properties": {"nvdb_id": 1027198383, "skiltnummer": "807.6 - Symbol, sykkel og liten elektrisk motorvogn", "tekst": "Unntatt", "kategori": "parkering", "egenskaper": {"Geometri, punkt": "POINT(-31814.451631803182 6734773.998898227)", "Ansiktsside, rettet mot": "Trafikk i metreringsretning", "Skiltnummer": "807.6 - Symbol, sykkel og liten elektrisk motorvogn", "Tekst": "Unntatt"}, "vegsystem": "KV4731 S1D1 m87", "mor": [1027198386]}, "geometry": {"type": "Point", "coordinates": [5.3260012, 60.3967638]}}, {"type": "Feature", "properties": {"nvdb_id": 1027197780, "skiltnummer": "372 - Parkering forbudt", "tekst": null, "kategori": "forbud", "egenskaper": {"Geometri, punkt": "POINT(-31821.84224363137 6734776.789041631)", "Ansiktsside, rettet mot": "Parallelt mot veg", "Skiltnummer": "372 - Parkering forbudt"}, "vegsystem": "KV4921 S1D1 m127", "mor": [1027197779]}, "geometry": {"type": "Point", "coordinates": [5.32586161, 60.3967788]}}, {"type": "Feature", "properties": {"nvdb_id": 82515926, "skiltnummer": "372 - Parkering forbudt", "tekst": null, "kategori": "forbud", "egenskaper": {"Geometri, punkt": "POINT Z (-32282.7093782378 6734774.72541209 1.706)", "Ansiktsside, rettet mot": "Tosidig", "Skiltnummer": "372 - Parkering forbudt", "Belysning": "Ingen"}, "vegsystem": "FV5348 S1D1 m203", "mor": [82515929]}, "geometry": {"type": "Point", "coordinates": [5.31762333, 60.39615567]}}, {"type": "Feature", "properties": {"nvdb_id": 1027262406, "skiltnummer": "372 - Parkering forbudt", "tekst": null, "kategori": "forbud", "egenskaper": {"Geometri, punkt": "POINT(-32679.502474768786 6734777.684500058)", "Ansiktsside, rettet mot": "Tosidig", "Skiltnummer": "372 - Parkering forbudt"}, "vegsystem": "KV5147 S1D1 m205", "mor": [1027262410]}, "geometry": {"type": "Point", "coordinates": [5.31051812, 60.3956607]}}, {"type": "Feature", "properties": {"nvdb_id": 1027261999, "skiltnummer": "372 - Parkering forbudt", "tekst": null, "kategori": "forbud", "egenskaper": {"Geometri, punkt": "POINT(-32300.66393905226 6734777.007149811)", "Ansiktsside, rettet mot": "Tosidig", "Skiltnummer": "372 - Parkering forbudt"}, "vegsystem": "KV4017 S1D1 m16", "mor": [1027262001]}, "geometry": {"type": "Point", "coordinates": [5.31729611, 60.3961523]}}, {"type": "Feature", "properties": {"nvdb_id": 1027189593, "skiltnummer": "376.1 - Parkeringssone", "tekst": null, "kategori": "forbud", "egenskaper": {"Geometri, punkt": "POINT(-31549.838183993008 6734777.371046436)", "Ansiktsside, rettet mot": "Trafikk i metreringsretning", "Skiltnummer": "376.1 - Parkeringssone"}, "vegsystem": "KV4953 S1D1 m23", "mor": [1027189597]}, "geometry": {"type": "Point", "coordinates": [5.33072571, 60.3971407]}}, {"type": "Feature", "properties": {"nvdb_id": 1027190019, "skiltnummer": "372 - Parkering forbudt", "tekst": null, "kategori": "forbud", "egenskaper": {"Geometri, punkt": "POINT(-31576.270300384727 6734782.077744529)", "Ansiktsside, rettet mot": "Tosidig", "Skiltnummer": "372 - Parkering forbudt"}, "vegsystem": "KV4951 S1D1 m13", "mor": [1027190021]}, "geometry": {"type": "Point", "coordinates": [5.33024041, 60.3971477]}}, {"type": "Feature", "properties": {"nvdb_id": 1027189600, "skiltnummer": "372 - Parkering forbudt", "tekst": null, "kategori": "forbud", "egenskaper": {"Geometri, punkt": "POINT(-31546.340219454607 6734779.4739868175)", "Ansiktsside, rettet mot": "Tosidig", "Skiltnummer": "372 - Parkering forbudt"}, "vegsystem": "KV4953 S1D1 m27", "mor": [1027189601]}, "geometry": {"type": "Point", "coordinates": [5.33078271, 60.3971639]}}, {"type": "Feature", "properties": {"nvdb_id": 1027189579, "skiltnummer": "376.1 - Parkeringssone", "tekst": null, "kategori": "forbud", "egenskaper": {"Geometri, punkt": "POINT(-31552.623712192988 6734781.963969141)", "Ansiktsside, rettet mot": "Trafikk i metreringsretning", "Skiltnummer": "376.1 - Parkeringssone"}, "vegsystem": "KV4953 S1D1 m24", "mor": [1027189585]}, "geometry": {"type": "Point", "coordinates": [5.3306637, 60.3971777]}}, {"type": "Feature", "properties": {"nvdb_id": 1027197761, "skiltnummer": "807.8 - Symbol, forflytningshemmede med parkeringstillatelse", "tekst": null, "kategori": "parkering", "egenskaper": {"Geometri, punkt": "POINT(-31839.852345577558 6734784.723473543)", "Ansiktsside, rettet mot": "Tosidig", "Skiltnummer": "807.8 - Symbol, forflytningshemmede med parkeringstillatelse"}, "vegsystem": "KV4921 S1D1 m144", "mor": [1027197765]}, "geometry": {"type": "Point", "coordinates": [5.32551842, 60.39682539]}}, {"type": "Feature", "properties": {"nvdb_id": 1027197763, "skiltnummer": "552 - Parkering", "tekst": null, "kategori": "parkering", "egenskaper": {"Geometri, punkt": "POINT(-31839.852345577558 6734784.723473543)", "Ansiktsside, rettet mot": "Tosidig", "Skiltnummer": "552 - Parkering"}, "vegsystem": "KV4921 S1D1 m144", "mor": [1027197765]}, "geometry": {"type": "Point", "coordinates": [5.32551842, 60.39682539]}}, {"type": "Feature", "properties": {"nvdb_id": 1027198143, "skiltnummer": "807.8 - Symbol, forflytningshemmede med parkeringstillatelse", "tekst": "Over 2 timer", "kategori": "parkering", "egenskaper": {"Geometri, punkt": "POINT(-31780.714594806894 6734785.347101832)", "Ansiktsside, rettet mot": "Tosidig", "Skiltnummer": "807.8 - Symbol, forflytningshemmede med parkeringstillatelse", "Tekst": "Over 2 timer"}, "vegsystem": "KV4731 S1D1 m121", "mor": [1027198147]}, "geometry": {"type": "Point", "coordinates": [5.3265746, 60.3969085]}}, {"type": "Feature", "properties": {"nvdb_id": 1027198145, "skiltnummer": "552 - Parkering", "tekst": null, "kategori": "parkering", "egenskaper": {"Geometri, punkt": "POINT(-31780.714594806894 6734785.347101832)", "Ansiktsside, rettet mot": "Tosidig", "Skiltnummer": "552 - Parkering"}, "vegsystem": "KV4731 S1D1 m121", "mor": [1027198147]}, "geometry": {"type": "Point", "coordinates": [5.3265746, 60.3969085]}}, {"type": "Feature", "properties": {"nvdb_id": 1027189650, "skiltnummer": "376.1 - Parkeringssone", "tekst": null, "kategori": "forbud", "egenskaper": {"Geometri, punkt": "POINT(-31475.51153925492 6734787.6688176)", "Ansiktsside, rettet mot": "Trafikk mot metreringsretning", "Skiltnummer": "376.1 - Parkeringssone"}, "vegsystem": "KV4953 S1D1 m236", "mor": [1027189653]}, "geometry": {"type": "Point", "coordinates": [5.332028, 60.3973293]}}, {"type": "Feature", "properties": {"nvdb_id": 1027189639, "skiltnummer": "376.1 - Parkeringssone", "tekst": null, "kategori": "forbud", "egenskaper": {"Geometri, punkt": "POINT(-31467.62068979442 6734791.312941792)", "Ansiktsside, rettet mot": "Trafikk mot metreringsretning", "Skiltnummer": "376.1 - Parkeringssone"}, "vegsystem": "KV4953 S1D1 m236", "mor": [1027189643]}, "geometry": {"type": "Point", "coordinates": [5.3321595, 60.3973719]}}, {"type": "Feature", "properties": {"nvdb_id": 1027207874, "skiltnummer": "372 - Parkering forbudt", "tekst": null, "kategori": "forbud", "egenskaper": {"Geometri, punkt": "POINT(-31915.67890827637 6734790.20151151)", "Ansiktsside, rettet mot": "Tosidig", "Skiltnummer": "372 - Parkering forbudt"}, "vegsystem": "KV4817 S3D1 m14", "mor": [1027207875]}, "geometry": {"type": "Point", "coordinates": [5.32414751, 60.3967744]}}, {"type": "Feature", "properties": {"nvdb_id": 1027260293, "skiltnummer": "372 - Parkering forbudt", "tekst": null, "kategori": "forbud", "egenskaper": {"Geometri, punkt": "POINT(-32587.543309060507 6734790.540361085)", "Ansiktsside, rettet mot": "Tosidig", "Skiltnummer": "372 - Parkering forbudt"}, "vegsystem": "KV11880 S1D1 m7", "mor": [1027260294]}, "geometry": {"type": "Point", "coordinates": [5.31212882, 60.39589529]}}, {"type": "Feature", "properties": {"nvdb_id": 1017121791, "skiltnummer": "372 - Parkering forbudt", "tekst": null, "kategori": "forbud", "egenskaper": {"Oppsettingsdato": "2021-07-14", "Geometri, punkt": "POINT Z (-32596.692631117883 6734795.418493907 32.03)", "Ansiktsside, rettet mot": "Tosidig", "Tosidig plate med ulike motiv": "Nei", "Skiltnummer": "372 - Parkering forbudt", "Belysning": "Ingen", "Folieklasse": "Klasse 1", "Prosjektreferanse": "Nordnes del 2"}, "vegsystem": "FV5348 S1D1 m1682", "mor": [1017121828]}, "geometry": {"type": "Point", "coordinates": [5.31195221, 60.39592645]}}, {"type": "Feature", "properties": {"nvdb_id": 1027198116, "skiltnummer": "552 - Parkering", "tekst": null, "kategori": "parkering", "egenskaper": {"Geometri, punkt": "POINT(-31781.72821221687 6734797.518560742)", "Ansiktsside, rettet mot": "Tosidig", "Skiltnummer": "552 - Parkering"}, "vegsystem": "KV4731 S1D1 m128", "mor": [1027198119]}, "geometry": {"type": "Point", "coordinates": [5.32652421, 60.3970149]}}, {"type": "Feature", "properties": {"nvdb_id": 1027198118, "skiltnummer": "808 - Underskilt med annen tekst", "tekst": null, "kategori": "parkering", "egenskaper": {"Geometri, punkt": "POINT(-31781.72821221687 6734797.518560742)", "Ansiktsside, rettet mot": "Tosidig", "Skiltnummer": "808 - Underskilt med annen tekst"}, "vegsystem": "KV4731 S1D1 m128", "mor": [1027198119]}, "geometry": {"type": "Point", "coordinates": [5.32652421, 60.3970149]}}, {"type": "Feature", "properties": {"nvdb_id": 1027198122, "skiltnummer": "807.6 - Symbol, sykkel og liten elektrisk motorvogn", "tekst": "Unntatt", "kategori": "parkering", "egenskaper": {"Geometri, punkt": "POINT(-31779.04352217971 6734797.414419637)", "Ansiktsside, rettet mot": "Parallelt mot veg", "Skiltnummer": "807.6 - Symbol, sykkel og liten elektrisk motorvogn", "Tekst": "Unntatt"}, "vegsystem": "KV4731 S1D1 m130", "mor": [1027198123]}, "geometry": {"type": "Point", "coordinates": [5.3265725, 60.39701749]}}, {"type": "Feature", "properties": {"nvdb_id": 1027260299, "skiltnummer": "372 - Parkering forbudt", "tekst": null, "kategori": "forbud", "egenskaper": {"Geometri, punkt": "POINT(-32589.323408067576 6734797.832336222)", "Ansiktsside, rettet mot": "Tosidig", "Skiltnummer": "372 - Parkering forbudt"}, "vegsystem": "KV11880 S1D1 m11", "mor": [1027260301]}, "geometry": {"type": "Point", "coordinates": [5.31207763, 60.39595749]}}, {"type": "Feature", "properties": {"nvdb_id": 1027197767, "skiltnummer": "372 - Parkering forbudt", "tekst": null, "kategori": "forbud", "egenskaper": {"Geometri, punkt": "POINT(-31850.860609862255 6734799.766134577)", "Ansiktsside, rettet mot": "Tosidig", "Skiltnummer": "372 - Parkering forbudt"}, "vegsystem": "KV4921 S1D1 m162", "mor": [1027197768]}, "geometry": {"type": "Point", "coordinates": [5.3252816, 60.3969441]}}, {"type": "Feature", "properties": {"nvdb_id": 1027260313, "skiltnummer": "372 - Parkering forbudt", "tekst": null, "kategori": "forbud", "egenskaper": {"Geometri, punkt": "POINT(-32581.30416050763 6734803.760165457)", "Ansiktsside, rettet mot": "Tosidig", "Skiltnummer": "372 - Parkering forbudt"}, "vegsystem": "KV11880 S1D1 m21", "mor": [1027260310]}, "geometry": {"type": "Point", "coordinates": [5.31220532, 60.3960205]}}, {"type": "Feature", "properties": {"nvdb_id": 550069031, "skiltnummer": "372 - Parkering forbudt", "tekst": null, "kategori": "forbud", "egenskaper": {"Geometri, punkt": "POINT Z (-31956.0811994701 6734809.95991757 -999999)", "Ansiktsside, rettet mot": "Tosidig", "Skiltnummer": "372 - Parkering forbudt", "Belysning": "Ingen"}, "vegsystem": "FV577 S1D1 m1260", "mor": [550069030]}, "geometry": {"type": "Point", "coordinates": [5.32337241, 60.39689626]}}, {"type": "Feature", "properties": {"nvdb_id": 550069032, "skiltnummer": "806 - Tid", "tekst": null, "kategori": "parkering", "egenskaper": {"Geometri, punkt": "POINT Z (-31956.0811994701 6734809.95991757 -999999)", "Ansiktsside, rettet mot": "Trafikk i metreringsretning", "Skiltnummer": "806 - Tid", "Belysning": "Ingen"}, "vegsystem": "FV577 S1D1 m1260", "mor": [550069030]}, "geometry": {"type": "Point", "coordinates": [5.32337241, 60.39689626]}}, {"type": "Feature", "properties": {"nvdb_id": 550069034, "skiltnummer": "806 - Tid", "tekst": null, "kategori": "parkering", "egenskaper": {"Geometri, punkt": "POINT Z (-31956.0811994701 6734809.95991757 -999999)", "Ansiktsside, rettet mot": "Trafikk i metreringsretning", "Skiltnummer": "806 - Tid", "Belysning": "Ingen"}, "vegsystem": "FV577 S1D1 m1260", "mor": [550069030]}, "geometry": {"type": "Point", "coordinates": [5.32337241, 60.39689626]}}, {"type": "Feature", "properties": {"nvdb_id": 1027194585, "skiltnummer": "376.1 - Parkeringssone", "tekst": "08 - 23 (08 - 23) Med P-kort eller mot avgift", "kategori": "boligsone", "egenskaper": {"Geometri, punkt": "POINT(-31617.526897502365 6734808.5605726605)", "Ansiktsside, rettet mot": "Trafikk i metreringsretning", "Skiltnummer": "376.1 - Parkeringssone", "Tekst": "08 - 23 (08 - 23) Med P-kort eller mot avgift"}, "vegsystem": "KV5205 S3D1 m52", "mor": [1027194589]}, "geometry": {"type": "Point", "coordinates": [5.32943221, 60.397328]}}, {"type": "Feature", "properties": {"nvdb_id": 218884497, "skiltnummer": "808.161 - Skole/Skule", "tekst": null, "kategori": "parkering", "egenskaper": {"Geometri, punkt": "POINT Z (-32622.9136504088 6734808.85795097 32.206)", "Ansiktsside, rettet mot": "Trafikk mot metreringsretning", "Skiltnummer": "808.161 - Skole/Skule", "Belysning": "Ingen"}, "vegsystem": "FV5348 S1D1 m1654", "mor": [218884495]}, "geometry": {"type": "Point", "coordinates": [5.31144752, 60.39601095]}}, {"type": "Feature", "properties": {"nvdb_id": 82515854, "skiltnummer": "807.8 - Symbol, forflytningshemmede med parkeringstillatelse", "tekst": null, "kategori": "parkering", "egenskaper": {"Geometri, punkt": "POINT Z (-32369.0958365711 6734808.98895376 2.006)", "Ansiktsside, rettet mot": "Tosidig", "Skiltnummer": "807.8 - Symbol, forflytningshemmede med parkeringstillatelse", "Belysning": "Ingen"}, "vegsystem": "FV5348 S1D1 m302", "mor": [82515860]}, "geometry": {"type": "Point", "coordinates": [5.31598719, 60.3963455]}}, {"type": "Feature", "properties": {"nvdb_id": 82515857, "skiltnummer": "552 - Parkering", "tekst": null, "kategori": "parkering", "egenskaper": {"Geometri, punkt": "POINT Z (-32369.0958365711 6734808.98895376 2.006)", "Ansiktsside, rettet mot": "Tosidig", "Skiltnummer": "552 - Parkering", "Belysning": "Ingen"}, "vegsystem": "FV5348 S1D1 m302", "mor": [82515860]}, "geometry": {"type": "Point", "coordinates": [5.31598719, 60.3963455]}}, {"type": "Feature", "properties": {"nvdb_id": 1027205931, "skiltnummer": "372 - Parkering forbudt", "tekst": null, "kategori": "forbud", "egenskaper": {"Geometri, punkt": "POINT(-31890.31984118896 6734809.479304776)", "Ansiktsside, rettet mot": "Tosidig", "Skiltnummer": "372 - Parkering forbudt"}, "vegsystem": "KV4817 S3D1 m46", "mor": [1027205930]}, "geometry": {"type": "Point", "coordinates": [5.32455001, 60.39697829]}}, {"type": "Feature", "properties": {"nvdb_id": 218884500, "skiltnummer": "808.161 - Skole/Skule", "tekst": null, "kategori": "parkering", "egenskaper": {"Geometri, punkt": "POINT Z (-32616.5636504088 6734814.81107597 32.206)", "Ansiktsside, rettet mot": "Trafikk mot metreringsretning", "Skiltnummer": "808.161 - Skole/Skule", "Belysning": "Ingen"}, "vegsystem": "FV5348 S1D1 m1654", "mor": [218884498]}, "geometry": {"type": "Point", "coordinates": [5.31154529, 60.39607198]}}, {"type": "Feature", "properties": {"nvdb_id": 1027197752, "skiltnummer": "372 - Parkering forbudt", "tekst": null, "kategori": "forbud", "egenskaper": {"Geometri, punkt": "POINT(-31851.199392961455 6734819.204053919)", "Ansiktsside, rettet mot": "Tosidig", "Skiltnummer": "372 - Parkering forbudt"}, "vegsystem": "KV4921 S1D1 m178", "mor": [1027197755]}, "geometry": {"type": "Point", "coordinates": [5.32522402, 60.3971157]}}, {"type": "Feature", "properties": {"nvdb_id": 82515031, "skiltnummer": "372 - Parkering forbudt", "tekst": null, "kategori": "forbud", "egenskaper": {"Geometri, punkt": "POINT Z (-32620.4001087422 6734821.69024263 32.206)", "Ansiktsside, rettet mot": "Tosidig", "Skiltnummer": "372 - Parkering forbudt", "Belysning": "Ingen"}, "vegsystem": "FV5348 S1D1 m1647", "mor": [82515034]}, "geometry": {"type": "Point", "coordinates": [5.31145841, 60.39612783]}}, {"type": "Feature", "properties": {"nvdb_id": 1027262395, "skiltnummer": "372 - Parkering forbudt", "tekst": null, "kategori": "forbud", "egenskaper": {"Geometri, punkt": "POINT(-32737.933112474973 6734820.944797994)", "Ansiktsside, rettet mot": "Tosidig", "Skiltnummer": "372 - Parkering forbudt"}, "vegsystem": "KV5147 S1D1 m278", "mor": [1027262398]}, "geometry": {"type": "Point", "coordinates": [5.30935812, 60.3959668]}}, {"type": "Feature", "properties": {"nvdb_id": 219131120, "skiltnummer": "807.3 - Symbol, buss", "tekst": null, "kategori": "parkering", "egenskaper": {"Oppsettingsdato": "2009-04-17", "Geometri, punkt": "POINT Z (-32362.0843782378 6734826.71603709 2.006)", "Ansiktsside, rettet mot": "Tosidig", "Farge": "Hvit", "Skiltform": "Plan", "Skiltnummer": "807.3 - Symbol, buss", "Klappskilt": "Nei", "Belysning": "Ingen", "Folieklasse": "Klasse 2", "Størrelse": "Middels størrelse"}, "vegsystem": "FV5348 S1D1 m309", "mor": [219131119]}, "geometry": {"type": "Point", "coordinates": [5.31606557, 60.39651161]}}, {"type": "Feature", "properties": {"nvdb_id": 219131122, "skiltnummer": "552 - Parkering", "tekst": null, "kategori": "parkering", "egenskaper": {"Oppsettingsdato": "2009-04-17", "Plasseringskode": 10, "Geometri, punkt": "POINT Z (-32362.0843782378 6734826.71603709 2.006)", "Ansiktsside, rettet mot": "Tosidig", "Farge": "Blå", "Skiltform": "Plan", "Skiltnummer": "552 - Parkering", "Klappskilt": "Nei", "Belysning": "Ingen", "Folieklasse": "Klasse 2", "Refleksleverandør": "3M", "Størrelse": "Middels størrelse"}, "vegsystem": "FV5348 S1D1 m309", "mor": [219131119]}, "geometry": {"type": "Point", "coordinates": [5.31606557, 60.39651161]}}, {"type": "Feature", "properties": {"nvdb_id": 1027189607, "skiltnummer": "372 - Parkering forbudt", "tekst": null, "kategori": "forbud", "egenskaper": {"Geometri, punkt": "POINT(-31522.163329262054 6734822.903414493)", "Ansiktsside, rettet mot": "Tosidig", "Skiltnummer": "372 - Parkering forbudt"}, "vegsystem": "KV4953 S1D1 m78", "mor": [1027189609]}, "geometry": {"type": "Point", "coordinates": [5.33110011, 60.39757999]}}, {"type": "Feature", "properties": {"nvdb_id": 1027194484, "skiltnummer": "807.8 - Symbol, forflytningshemmede med parkeringstillatelse", "tekst": null, "kategori": "parkering", "egenskaper": {"Geometri, punkt": "POINT(-31658.25812787912 6734825.5322370995)", "Ansiktsside, rettet mot": "Tosidig", "Skiltnummer": "807.8 - Symbol, forflytningshemmede med parkeringstillatelse"}, "vegsystem": "KV4450 S1D1 m61", "mor": [1027194488]}, "geometry": {"type": "Point", "coordinates": [5.32865861, 60.3974248]}}, {"type": "Feature", "properties": {"nvdb_id": 1027194486, "skiltnummer": "552 - Parkering", "tekst": null, "kategori": "parkering", "egenskaper": {"Geometri, punkt": "POINT(-31658.25812787912 6734825.5322370995)", "Ansiktsside, rettet mot": "Tosidig", "Skiltnummer": "552 - Parkering"}, "vegsystem": "KV4450 S1D1 m61", "mor": [1027194488]}, "geometry": {"type": "Point", "coordinates": [5.32865861, 60.3974248]}}, {"type": "Feature", "properties": {"nvdb_id": 1027190006, "skiltnummer": "372 - Parkering forbudt", "tekst": null, "kategori": "forbud", "egenskaper": {"Geometri, punkt": "POINT(-31612.618160738843 6734826.712325892)", "Ansiktsside, rettet mot": "Tosidig", "Skiltnummer": "372 - Parkering forbudt"}, "vegsystem": "KV4951 S1D1 m70", "mor": [1027190009]}, "geometry": {"type": "Point", "coordinates": [5.32947191, 60.3974951]}}, {"type": "Feature", "properties": {"nvdb_id": 1027194575, "skiltnummer": "372 - Parkering forbudt", "tekst": null, "kategori": "forbud", "egenskaper": {"Geometri, punkt": "POINT(-31619.773512428743 6734829.467201937)", "Ansiktsside, rettet mot": "Tosidig", "Skiltnummer": "372 - Parkering forbudt"}, "vegsystem": "KV5205 S3D1 m31", "mor": [1027194579]}, "geometry": {"type": "Point", "coordinates": [5.3293366, 60.3975101]}}, {"type": "Feature", "properties": {"nvdb_id": 1027189991, "skiltnummer": "376.1 - Parkeringssone", "tekst": null, "kategori": "forbud", "egenskaper": {"Geometri, punkt": "POINT(-31607.326249774196 6734833.56574557)", "Ansiktsside, rettet mot": "Trafikk i metreringsretning", "Skiltnummer": "376.1 - Parkeringssone"}, "vegsystem": "KV4951 S1D1 m74", "mor": [1027189995]}, "geometry": {"type": "Point", "coordinates": [5.32954841, 60.3975627]}}, {"type": "Feature", "properties": {"nvdb_id": 1027190001, "skiltnummer": "376.1 - Parkeringssone", "tekst": null, "kategori": "forbud", "egenskaper": {"Geometri, punkt": "POINT(-31614.471573681105 6734831.596540466)", "Ansiktsside, rettet mot": "Trafikk i metreringsretning", "Skiltnummer": "376.1 - Parkeringssone"}, "vegsystem": "KV4951 S1D1 m75", "mor": [1027190005]}, "geometry": {"type": "Point", "coordinates": [5.3294258, 60.3975359]}}, {"type": "Feature", "properties": {"nvdb_id": 1027189614, "skiltnummer": "372 - Parkering forbudt", "tekst": null, "kategori": "forbud", "egenskaper": {"Geometri, punkt": "POINT(-31513.937646730337 6734831.864381619)", "Ansiktsside, rettet mot": "Tosidig", "Skiltnummer": "372 - Parkering forbudt"}, "vegsystem": "KV4953 S1D1 m89", "mor": [1027189613]}, "geometry": {"type": "Point", "coordinates": [5.3312235, 60.39767009]}}, {"type": "Feature", "properties": {"nvdb_id": 1027206123, "skiltnummer": "372 - Parkering forbudt", "tekst": null, "kategori": "forbud", "egenskaper": {"Geometri, punkt": "POINT(-31855.201564927935 6734836.970556889)", "Ansiktsside, rettet mot": "Tosidig", "Skiltnummer": "372 - Parkering forbudt"}, "vegsystem": "KV4817 S3D1 m91", "mor": [1027206124]}, "geometry": {"type": "Point", "coordinates": [5.3251053, 60.3972677]}}, {"type": "Feature", "properties": {"nvdb_id": 1017121769, "skiltnummer": "372 - Parkering forbudt", "tekst": null, "kategori": "forbud", "egenskaper": {"Oppsettingsdato": "1900-01-01", "Geometri, punkt": "POINT Z (-32643.037464499474 6734840.103033864 32.07)", "Ansiktsside, rettet mot": "Tosidig", "Tosidig plate med ulike motiv": "Nei", "Skiltnummer": "372 - Parkering forbudt", "Belysning": "Ingen", "Folieklasse": "Klasse 1", "Prosjektreferanse": "Nordnes del 2"}, "vegsystem": "FV5348 S1D1 m1618", "mor": [1017121813]}, "geometry": {"type": "Point", "coordinates": [5.31100462, 60.39626105]}}, {"type": "Feature", "properties": {"nvdb_id": 1027194563, "skiltnummer": "376.1 - Parkeringssone", "tekst": null, "kategori": "forbud", "egenskaper": {"Geometri, punkt": "POINT(-31623.35643388715 6734840.335794376)", "Ansiktsside, rettet mot": "Trafikk mot metreringsretning", "Skiltnummer": "376.1 - Parkeringssone"}, "vegsystem": "KV5205 S3D1 m20", "mor": [1027194567]}, "geometry": {"type": "Point", "coordinates": [5.32924372, 60.3976016]}}, {"type": "Feature", "properties": {"nvdb_id": 1027194571, "skiltnummer": "372 - Parkering forbudt", "tekst": null, "kategori": "forbud", "egenskaper": {"Geometri, punkt": "POINT(-31629.42243392463 6734839.991793197)", "Ansiktsside, rettet mot": "Tosidig", "Skiltnummer": "372 - Parkering forbudt"}, "vegsystem": "KV5205 S3D1 m18", "mor": [1027194573]}, "geometry": {"type": "Point", "coordinates": [5.32913612, 60.3975906]}}, {"type": "Feature", "properties": {"nvdb_id": 1027190533, "skiltnummer": "372 - Parkering forbudt", "tekst": null, "kategori": "forbud", "egenskaper": {"Geometri, punkt": "POINT(-31615.711280919146 6734844.77298584)", "Ansiktsside, rettet mot": "Tosidig", "Skiltnummer": "372 - Parkering forbudt"}, "vegsystem": "KV5205 S1D1 m289", "mor": [1027190536]}, "geometry": {"type": "Point", "coordinates": [5.32936871, 60.3976509]}}, {"type": "Feature", "properties": {"nvdb_id": 1019246502, "skiltnummer": "552 - Parkering", "tekst": null, "kategori": "parkering", "egenskaper": {"Oppsettingsdato": "2024-03-03", "Skiftet dato": "2024-03-03", "Geometri, punkt": "POINT Z (-32408.626750990166 6734844.721909779 2.568)", "Ansiktsside, rettet mot": "Tosidig", "Skiltnummer": "552 - Parkering", "Folieklasse": "Klasse 2", "Prosjektreferanse": "Objektoppdatering DK4604", "Størrelse": "Liten størrelse"}, "vegsystem": "FV5348 S1D1 m356", "mor": [1019246544]}, "geometry": {"type": "Point", "coordinates": [5.31518525, 60.39660985]}}, {"type": "Feature", "properties": {"nvdb_id": 1026135890, "skiltnummer": "806 - Tid", "tekst": "07-10 14-17 parkering forbudt øvrig tid", "kategori": "parkering", "egenskaper": {"Oppsettingsdato": "2025-08-26", "Plasseringskode": 20, "Geometri, punkt": "POINT Z (-31805.93487888761 6734845.540216039 11.868)", "Ansiktsside, rettet mot": "Tosidig", "Skiltnummer": "806 - Tid", "Prosjektreferanse": "DK4604 Objektoppdatering", "Tekst": "07-10 14-17 parkering forbudt øvrig tid"}, "vegsystem": "FV5342 S1D1 m334", "mor": [1026135888]}, "geometry": {"type": "Point", "coordinates": [5.32596388, 60.39740818]}}, {"type": "Feature", "properties": {"nvdb_id": 1027260681, "skiltnummer": "372 - Parkering forbudt", "tekst": null, "kategori": "forbud", "egenskaper": {"Geometri, punkt": "POINT(-32466.300124724745 6734857.12717594)", "Ansiktsside, rettet mot": "Tosidig", "Skiltnummer": "372 - Parkering forbudt"}, "vegsystem": "KV3004 S1D1 m131", "mor": [1027260683]}, "geometry": {"type": "Point", "coordinates": [5.31412072, 60.3966439]}}, {"type": "Feature", "properties": {"nvdb_id": 82515839, "skiltnummer": "372 - Parkering forbudt", "tekst": null, "kategori": "forbud", "egenskaper": {"Geometri, punkt": "POINT Z (-32398.8614615712 6734864.41916209 2.006)", "Ansiktsside, rettet mot": "Tosidig", "Skiltform": "Plan", "Skiltnummer": "372 - Parkering forbudt", "Belysning": "Ingen", "Folieklasse": "Klasse 2"}, "vegsystem": "FV5348 S1D1 m361", "mor": [82515842]}, "geometry": {"type": "Point", "coordinates": [5.31530766, 60.39679701]}}, {"type": "Feature", "properties": {"nvdb_id": 1027189975, "skiltnummer": "372 - Parkering forbudt", "tekst": null, "kategori": "forbud", "egenskaper": {"Geometri, punkt": "POINT(-31589.648781720665 6734863.948239453)", "Ansiktsside, rettet mot": "Tosidig", "Skiltnummer": "372 - Parkering forbudt"}, "vegsystem": "KV4565 S1D1 m7", "mor": [1027189977]}, "geometry": {"type": "Point", "coordinates": [5.32978411, 60.3978548]}}, {"type": "Feature", "properties": {"nvdb_id": 1027193488, "skiltnummer": "376.1 - Parkeringssone", "tekst": null, "kategori": "forbud", "egenskaper": {"Geometri, punkt": "POINT(-31805.362546631135 6734861.308483862)", "Ansiktsside, rettet mot": "Trafikk i metreringsretning", "Skiltnummer": "376.1 - Parkeringssone"}, "vegsystem": "KV4817 S1D1 m7", "mor": [1027193492]}, "geometry": {"type": "Point", "coordinates": [5.3259323, 60.39754849]}}, {"type": "Feature", "properties": {"nvdb_id": 1027193500, "skiltnummer": "376.1 - Parkeringssone", "tekst": null, "kategori": "forbud", "egenskaper": {"Geometri, punkt": "POINT(-31809.849471609807 6734863.736047797)", "Ansiktsside, rettet mot": "Trafikk i metreringsretning", "Skiltnummer": "376.1 - Parkeringssone"}, "vegsystem": "KV4817 S1D1 m5", "mor": [1027193502]}, "geometry": {"type": "Point", "coordinates": [5.32584562, 60.3975641]}}, {"type": "Feature", "properties": {"nvdb_id": 1027189970, "skiltnummer": "372 - Parkering forbudt", "tekst": null, "kategori": "forbud", "egenskaper": {"Geometri, punkt": "POINT(-31593.298226666753 6734865.878598705)", "Ansiktsside, rettet mot": "Tosidig", "Skiltnummer": "372 - Parkering forbudt"}, "vegsystem": "KV4565 S1D1 m10", "mor": [1027189969]}, "geometry": {"type": "Point", "coordinates": [5.32971371, 60.3978671]}}, {"type": "Feature", "properties": {"nvdb_id": 1027190948, "skiltnummer": "372 - Parkering forbudt", "tekst": null, "kategori": "forbud", "egenskaper": {"Geometri, punkt": "POINT(-31628.189460517722 6734864.800426557)", "Ansiktsside, rettet mot": "Tosidig", "Skiltnummer": "372 - Parkering forbudt"}, "vegsystem": "KV5205 S1D1 m264", "mor": [1027190950]}, "geometry": {"type": "Point", "coordinates": [5.32909242, 60.39781179]}}, {"type": "Feature", "properties": {"nvdb_id": 1017121785, "skiltnummer": "372 - Parkering forbudt", "tekst": null, "kategori": "forbud", "egenskaper": {"Oppsettingsdato": "2021-07-14", "Geometri, punkt": "POINT Z (-32673.23120413476 6734869.025965435 31.52)", "Ansiktsside, rettet mot": "Tosidig", "Tosidig plate med ulike motiv": "Nei", "Skiltnummer": "372 - Parkering forbudt", "Belysning": "Ingen", "Folieklasse": "Klasse 1", "Prosjektreferanse": "Nordnes del 2"}, "vegsystem": "FV5348 S1D1 m1575", "mor": [1017121809]}, "geometry": {"type": "Point", "coordinates": [5.31038774, 60.39647736]}}, {"type": "Feature", "properties": {"nvdb_id": 1027260710, "skiltnummer": "807.6 - Symbol, sykkel og liten elektrisk motorvogn", "tekst": null, "kategori": "parkering", "egenskaper": {"Geometri, punkt": "POINT(-32473.830614466686 6734867.035012005)", "Ansiktsside, rettet mot": "Trafikk mot metreringsretning", "Skiltnummer": "807.6 - Symbol, sykkel og liten elektrisk motorvogn"}, "vegsystem": "KV3004 S1D1 m144", "mor": [1027260714]}, "geometry": {"type": "Point", "coordinates": [5.31395971, 60.3967217]}}, {"type": "Feature", "properties": {"nvdb_id": 1027189625, "skiltnummer": "372 - Parkering forbudt", "tekst": null, "kategori": "forbud", "egenskaper": {"Geometri, punkt": "POINT(-31527.20885850361 6734874.390191771)", "Ansiktsside, rettet mot": "Tosidig", "Skiltnummer": "372 - Parkering forbudt"}, "vegsystem": "KV4953 S1D1 m131", "mor": [1027189623]}, "geometry": {"type": "Point", "coordinates": [5.33087341, 60.3980291]}}, {"type": "Feature", "properties": {"nvdb_id": 1021424081, "skiltnummer": "552 - Parkering", "tekst": null, "kategori": "parkering", "egenskaper": {"Oppsettingsdato": "2024-09-05", "Geometri, punkt": "POINT Z (-32428.6 6734873.13 2.93)", "Ansiktsside, rettet mot": "Tosidig", "Tosidig plate med ulike motiv": "Nei", "Skiltnummer": "552 - Parkering", "Folieklasse": "Klasse 2", "Prosjektreferanse": "DK4604 Objektoppdatering"}, "vegsystem": "FV5348 S1D1 m389", "mor": [1021424085]}, "geometry": {"type": "Point", "coordinates": [5.31475259, 60.39683505]}}, {"type": "Feature", "properties": {"nvdb_id": 1027260653, "skiltnummer": "807.6 - Symbol, sykkel og liten elektrisk motorvogn", "tekst": null, "kategori": "parkering", "egenskaper": {"Geometri, punkt": "POINT(-32487.954032119247 6734873.8425262235)", "Ansiktsside, rettet mot": "Trafikk i metreringsretning", "Skiltnummer": "807.6 - Symbol, sykkel og liten elektrisk motorvogn"}, "vegsystem": "KV3004 S1D1 m160", "mor": [1027260656]}, "geometry": {"type": "Point", "coordinates": [5.31368902, 60.3967634]}}, {"type": "Feature", "properties": {"nvdb_id": 1027260659, "skiltnummer": "807.8 - Symbol, forflytningshemmede med parkeringstillatelse", "tekst": null, "kategori": "parkering", "egenskaper": {"Geometri, punkt": "POINT(-32499.121739608585 6734874.008514376)", "Ansiktsside, rettet mot": "Tosidig", "Skiltnummer": "807.8 - Symbol, forflytningshemmede med parkeringstillatelse"}, "vegsystem": "KV3004 S1D1 m170", "mor": [1027260657]}, "geometry": {"type": "Point", "coordinates": [5.31348881, 60.3967502]}}, {"type": "Feature", "properties": {"nvdb_id": 1027260661, "skiltnummer": "552 - Parkering", "tekst": null, "kategori": "parkering", "egenskaper": {"Geometri, punkt": "POINT(-32499.121739608585 6734874.008514376)", "Ansiktsside, rettet mot": "Tosidig", "Skiltnummer": "552 - Parkering"}, "vegsystem": "KV3004 S1D1 m170", "mor": [1027260657]}, "geometry": {"type": "Point", "coordinates": [5.31348881, 60.3967502]}}, {"type": "Feature", "properties": {"nvdb_id": 218884488, "skiltnummer": "808.121 - Opphøyd gangfelt/Heva gangfelt", "tekst": null, "kategori": "parkering", "egenskaper": {"Geometri, punkt": "POINT Z (-32691.8376087422 6734875.4006593 31.406)", "Ansiktsside, rettet mot": "Trafikk i metreringsretning", "Skiltnummer": "808.121 - Opphøyd gangfelt/Heva gangfelt", "Belysning": "Ingen"}, "vegsystem": "FV5348 S1D1 m1559", "mor": [218884484]}, "geometry": {"type": "Point", "coordinates": [5.31003799, 60.39650934]}}, {"type": "Feature", "properties": {"nvdb_id": 1027260719, "skiltnummer": "807.6 - Symbol, sykkel og liten elektrisk motorvogn", "tekst": null, "kategori": "parkering", "egenskaper": {"Geometri, punkt": "POINT(-32485.35328072426 6734882.212954432)", "Ansiktsside, rettet mot": "Trafikk i metreringsretning", "Skiltnummer": "807.6 - Symbol, sykkel og liten elektrisk motorvogn"}, "vegsystem": "KV3004 S1D1 m161", "mor": [1027260717]}, "geometry": {"type": "Point", "coordinates": [5.31371332, 60.3968409]}}, {"type": "Feature", "properties": {"nvdb_id": 1027260798, "skiltnummer": "808 - Underskilt med annen tekst", "tekst": "Gjelder beboere med p-kort sone 1 og 5", "kategori": "boligsone", "egenskaper": {"Geometri, punkt": "POINT(-32468.842874704394 6734878.531166482)", "Ansiktsside, rettet mot": "Tosidig", "Skiltnummer": "808 - Underskilt med annen tekst", "Tekst": "Gjelder beboere med p-kort sone 1 og 5"}, "vegsystem": "KV3005 S1D1 m30", "mor": [1027260802]}, "geometry": {"type": "Point", "coordinates": [5.31401841, 60.39683]}}, {"type": "Feature", "properties": {"nvdb_id": 1027260800, "skiltnummer": "552 - Parkering", "tekst": null, "kategori": "parkering", "egenskaper": {"Geometri, punkt": "POINT(-32468.842874704394 6734878.531166482)", "Ansiktsside, rettet mot": "Tosidig", "Skiltnummer": "552 - Parkering"}, "vegsystem": "KV3005 S1D1 m30", "mor": [1027260802]}, "geometry": {"type": "Point", "coordinates": [5.31401841, 60.39683]}}, {"type": "Feature", "properties": {"nvdb_id": 218884493, "skiltnummer": "808.121 - Opphøyd gangfelt/Heva gangfelt", "tekst": null, "kategori": "parkering", "egenskaper": {"Geometri, punkt": "POINT Z (-32682.9740670755 6734882.67670097 31.406)", "Ansiktsside, rettet mot": "Trafikk mot metreringsretning", "Skiltnummer": "808.121 - Opphøyd gangfelt/Heva gangfelt", "Belysning": "Ingen"}, "vegsystem": "FV5348 S1D1 m1557", "mor": [218884489]}, "geometry": {"type": "Point", "coordinates": [5.31017722, 60.39658538]}}, {"type": "Feature", "properties": {"nvdb_id": 1027260667, "skiltnummer": "552 - Parkering", "tekst": null, "kategori": "parkering", "egenskaper": {"Geometri, punkt": "POINT(-32514.968287175638 6734885.704306449)", "Ansiktsside, rettet mot": "Tosidig", "Skiltnummer": "552 - Parkering"}, "vegsystem": "KV3004 S1D1 m188", "mor": [1027260670]}, "geometry": {"type": "Point", "coordinates": [5.31317432, 60.3968329]}}, {"type": "Feature", "properties": {"nvdb_id": 1027260668, "skiltnummer": "806 - Tid", "tekst": "08 - 23 (08 - 23) Maks 2 timer mot avgift", "kategori": "parkering", "egenskaper": {"Geometri, punkt": "POINT(-32514.968287175638 6734885.704306449)", "Ansiktsside, rettet mot": "Tosidig", "Skiltnummer": "806 - Tid", "Tekst": "08 - 23 (08 - 23) Maks 2 timer mot avgift"}, "vegsystem": "KV3004 S1D1 m188", "mor": [1027260670]}, "geometry": {"type": "Point", "coordinates": [5.31317432, 60.3968329]}}, {"type": "Feature", "properties": {"nvdb_id": 1027260281, "skiltnummer": "376.1 - Parkeringssone", "tekst": "8 - 23 (8 - 17) Med p-kort eller ved parkometer", "kategori": "boligsone", "egenskaper": {"Geometri, punkt": "POINT(-32530.339271416655 6734891.036276945)", "Ansiktsside, rettet mot": "Trafikk mot metreringsretning", "Skiltnummer": "376.1 - Parkeringssone", "Tekst": "8 - 23 (8 - 17) Med p-kort eller ved parkometer"}, "vegsystem": "KV4862 S1D1 m179", "mor": [1027260288]}, "geometry": {"type": "Point", "coordinates": [5.31288522, 60.3968599]}}, {"type": "Feature", "properties": {"nvdb_id": 1021424062, "skiltnummer": "552 - Parkering", "tekst": null, "kategori": "parkering", "egenskaper": {"Oppsettingsdato": "2024-09-05", "Geometri, punkt": "POINT Z (-32450.97 6734891.63 2.73)", "Ansiktsside, rettet mot": "Tosidig", "Tosidig plate med ulike motiv": "Nei", "Skiltnummer": "552 - Parkering", "Folieklasse": "Klasse 2", "Prosjektreferanse": "DK4604 Objektoppdatering"}, "vegsystem": "FV5348 S1D1 m418", "mor": [82515836]}, "geometry": {"type": "Point", "coordinates": [5.31430334, 60.39696941]}}, {"type": "Feature", "properties": {"nvdb_id": 1021424065, "skiltnummer": "834 - Kombinert regulering", "tekst": "Gjelder beboere med P-kort sone 1 og 5", "kategori": "boligsone", "egenskaper": {"Oppsettingsdato": "2024-09-05", "Geometri, punkt": "POINT Z (-32450.97 6734891.63 2.73)", "Ansiktsside, rettet mot": "Tosidig", "Farge": "Hvit", "Tosidig plate med ulike motiv": "Nei", "Skiltnummer": "834 - Kombinert regulering", "Folieklasse": "Klasse 2", "Prosjektreferanse": "DK4604 Objektoppdatering", "Tekst": "Gjelder beboere med P-kort sone 1 og 5"}, "vegsystem": "FV5348 S1D1 m418", "mor": [82515836]}, "geometry": {"type": "Point", "coordinates": [5.31430334, 60.39696941]}}, {"type": "Feature", "properties": {"nvdb_id": 1027260277, "skiltnummer": "376.1 - Parkeringssone", "tekst": "8 - 23 (8 - 17) med p-kort eller ved parkometer", "kategori": "boligsone", "egenskaper": {"Geometri, punkt": "POINT(-32536.87937701121 6734897.068753701)", "Ansiktsside, rettet mot": "Trafikk mot metreringsretning", "Skiltnummer": "376.1 - Parkeringssone", "Tekst": "8 - 23 (8 - 17) med p-kort eller ved parkometer"}, "vegsystem": "KV4862 S1D1 m179", "mor": [1027260276]}, "geometry": {"type": "Point", "coordinates": [5.31275222, 60.3969047]}}, {"type": "Feature", "properties": {"nvdb_id": 1027186039, "skiltnummer": "807.8 - Symbol, forflytningshemmede med parkeringstillatelse", "tekst": null, "kategori": "parkering", "egenskaper": {"Geometri, punkt": "POINT(-31548.552432707278 6734895.403013206)", "Ansiktsside, rettet mot": "Tosidig", "Skiltnummer": "807.8 - Symbol, forflytningshemmede med parkeringstillatelse"}, "vegsystem": "KV4951 S2D1 m39", "mor": [1027186042]}, "geometry": {"type": "Point", "coordinates": [5.33043592, 60.3981871]}}, {"type": "Feature", "properties": {"nvdb_id": 1027186040, "skiltnummer": "552 - Parkering", "tekst": null, "kategori": "parkering", "egenskaper": {"Geometri, punkt": "POINT(-31548.552432707278 6734895.403013206)", "Ansiktsside, rettet mot": "Tosidig", "Skiltnummer": "552 - Parkering"}, "vegsystem": "KV4951 S2D1 m39", "mor": [1027186042]}, "geometry": {"type": "Point", "coordinates": [5.33043592, 60.3981871]}}, {"type": "Feature", "properties": {"nvdb_id": 1027186032, "skiltnummer": "807.8 - Symbol, forflytningshemmede med parkeringstillatelse", "tekst": null, "kategori": "parkering", "egenskaper": {"Geometri, punkt": "POINT(-31551.303061707877 6734900.872032654)", "Ansiktsside, rettet mot": "Trafikk i metreringsretning", "Skiltnummer": "807.8 - Symbol, forflytningshemmede med parkeringstillatelse"}, "vegsystem": "KV4951 S2D1 m45", "mor": [1027186036]}, "geometry": {"type": "Point", "coordinates": [5.33037221, 60.3982319]}}, {"type": "Feature", "properties": {"nvdb_id": 1027186033, "skiltnummer": "552 - Parkering", "tekst": null, "kategori": "parkering", "egenskaper": {"Geometri, punkt": "POINT(-31551.303061707877 6734900.872032654)", "Ansiktsside, rettet mot": "Trafikk i metreringsretning", "Skiltnummer": "552 - Parkering"}, "vegsystem": "KV4951 S2D1 m45", "mor": [1027186036]}, "geometry": {"type": "Point", "coordinates": [5.33037221, 60.3982319]}}, {"type": "Feature", "properties": {"nvdb_id": 1027260630, "skiltnummer": "807.6 - Symbol, sykkel og liten elektrisk motorvogn", "tekst": null, "kategori": "parkering", "egenskaper": {"Geometri, punkt": "POINT(-32520.3271570917 6734904.441841557)", "Ansiktsside, rettet mot": "Parallelt mot veg", "Skiltnummer": "807.6 - Symbol, sykkel og liten elektrisk motorvogn"}, "vegsystem": "KV3004 S1D1 m204", "mor": [1027260633]}, "geometry": {"type": "Point", "coordinates": [5.31302872, 60.3969917]}}, {"type": "Feature", "properties": {"nvdb_id": 82515073, "skiltnummer": "372 - Parkering forbudt", "tekst": null, "kategori": "forbud", "egenskaper": {"Geometri, punkt": "POINT Z (-32698.0553170755 6734907.9444093 31.31)", "Ansiktsside, rettet mot": "Tosidig", "Skiltnummer": "372 - Parkering forbudt", "Belysning": "Ingen"}, "vegsystem": "FV5348 S1D1 m1528", "mor": [82515076]}, "geometry": {"type": "Point", "coordinates": [5.30984037, 60.39678919]}}, {"type": "Feature", "properties": {"nvdb_id": 1027193556, "skiltnummer": "806 - Tid", "tekst": "Varetransport tillatt 06 - 11 (06 - 10)", "kategori": "parkering", "egenskaper": {"Geometri, punkt": "POINT(-31755.95607021742 6734911.210980263)", "Ansiktsside, rettet mot": "Trafikk i metreringsretning", "Skiltnummer": "806 - Tid", "Tekst": "Varetransport tillatt 06 - 11 (06 - 10)"}, "vegsystem": "KV4817 S1D1 m77", "mor": [1027193553]}, "geometry": {"type": "Point", "coordinates": [5.32668381, 60.398055]}}, {"type": "Feature", "properties": {"nvdb_id": 1027188552, "skiltnummer": "376.1 - Parkeringssone", "tekst": null, "kategori": "forbud", "egenskaper": {"Geometri, punkt": "POINT(-31648.99211774976 6734915.718890129)", "Ansiktsside, rettet mot": "Trafikk i metreringsretning", "Skiltnummer": "376.1 - Parkeringssone"}, "vegsystem": "KV4460 S1D1 m141", "mor": [1027188554]}, "geometry": {"type": "Point", "coordinates": [5.32858531, 60.3982352]}}, {"type": "Feature", "properties": {"nvdb_id": 82515824, "skiltnummer": "552 - Parkering", "tekst": null, "kategori": "parkering", "egenskaper": {"Geometri, punkt": "POINT Z (-32476.7812532378 6734917.99728709 2.202)", "Ansiktsside, rettet mot": "Tosidig", "Skiltnummer": "552 - Parkering", "Belysning": "Ingen"}, "vegsystem": "FV5348 S1D1 m455", "mor": [82515827]}, "geometry": {"type": "Point", "coordinates": [5.31377166, 60.39716887]}}, {"type": "Feature", "properties": {"nvdb_id": 1027188558, "skiltnummer": "372 - Parkering forbudt", "tekst": null, "kategori": "forbud", "egenskaper": {"Geometri, punkt": "POINT(-31640.078483938938 6734919.663000613)", "Ansiktsside, rettet mot": "Tosidig", "Skiltnummer": "372 - Parkering forbudt"}, "vegsystem": "KV4460 S1D1 m131", "mor": [1027188560]}, "geometry": {"type": "Point", "coordinates": [5.32873432, 60.3982818]}}, {"type": "Feature", "properties": {"nvdb_id": 218884437, "skiltnummer": "552 - Parkering", "tekst": null, "kategori": "parkering", "egenskaper": {"Geometri, punkt": "POINT Z (-32464.3458365711 6734923.95041209 2.198)", "Ansiktsside, rettet mot": "Tosidig", "Skiltnummer": "552 - Parkering", "Belysning": "Ingen"}, "vegsystem": "FV5348 S1D1 m450", "mor": [218884436]}, "geometry": {"type": "Point", "coordinates": [5.31397829, 60.39723789]}}, {"type": "Feature", "properties": {"nvdb_id": 218884438, "skiltnummer": "807.3 - Symbol, buss", "tekst": null, "kategori": "parkering", "egenskaper": {"Geometri, punkt": "POINT Z (-32464.3458365711 6734923.95041209 2.198)", "Ansiktsside, rettet mot": "Tosidig", "Skiltnummer": "807.3 - Symbol, buss", "Belysning": "Ingen"}, "vegsystem": "FV5348 S1D1 m450", "mor": [218884436]}, "geometry": {"type": "Point", "coordinates": [5.31397829, 60.39723789]}}, {"type": "Feature", "properties": {"nvdb_id": 1027188589, "skiltnummer": "376.1 - Parkeringssone", "tekst": null, "kategori": "forbud", "egenskaper": {"Geometri, punkt": "POINT(-31652.173642305774 6734923.522782507)", "Ansiktsside, rettet mot": "Trafikk i metreringsretning", "Skiltnummer": "376.1 - Parkeringssone"}, "vegsystem": "KV4460 S1D1 m141", "mor": [1027188591]}, "geometry": {"type": "Point", "coordinates": [5.3285077, 60.3983001]}}, {"type": "Feature", "properties": {"nvdb_id": 1027188575, "skiltnummer": "376.1 - Parkeringssone", "tekst": null, "kategori": "forbud", "egenskaper": {"Geometri, punkt": "POINT(-31632.447074422147 6734921.819957802)", "Ansiktsside, rettet mot": "Trafikk mot metreringsretning", "Skiltnummer": "376.1 - Parkeringssone"}, "vegsystem": "KV4460 S1D1 m124", "mor": [1027188579]}, "geometry": {"type": "Point", "coordinates": [5.32886511, 60.3983109]}}, {"type": "Feature", "properties": {"nvdb_id": 1027188561, "skiltnummer": "808 - Underskilt med annen tekst", "tekst": "Gjelder beboere med p-kort til sone 7", "kategori": "boligsone", "egenskaper": {"Geometri, punkt": "POINT(-31643.833525635186 6734926.3881623)", "Ansiktsside, rettet mot": "Tosidig", "Skiltnummer": "808 - Underskilt med annen tekst", "Tekst": "Gjelder beboere med p-kort til sone 7"}, "vegsystem": "KV4460 S1D1 m132", "mor": [1027188568]}, "geometry": {"type": "Point", "coordinates": [5.3286493, 60.3983364]}}, {"type": "Feature", "properties": {"nvdb_id": 1027188563, "skiltnummer": "552 - Parkering", "tekst": null, "kategori": "parkering", "egenskaper": {"Geometri, punkt": "POINT(-31643.833525635186 6734926.3881623)", "Ansiktsside, rettet mot": "Tosidig", "Skiltnummer": "552 - Parkering"}, "vegsystem": "KV4460 S1D1 m132", "mor": [1027188568]}, "geometry": {"type": "Point", "coordinates": [5.3286493, 60.3983364]}}, {"type": "Feature", "properties": {"nvdb_id": 1027193771, "skiltnummer": "372 - Parkering forbudt", "tekst": null, "kategori": "forbud", "egenskaper": {"Geometri, punkt": "POINT(-32008.200700295507 6734925.477008193)", "Ansiktsside, rettet mot": "Tosidig", "Skiltnummer": "372 - Parkering forbudt"}, "vegsystem": "KV4396 S1D1 m234", "mor": [1027193773]}, "geometry": {"type": "Point", "coordinates": [5.32213371, 60.3978503]}}, {"type": "Feature", "properties": {"nvdb_id": 1027188997, "skiltnummer": "376.1 - Parkeringssone", "tekst": null, "kategori": "forbud", "egenskaper": {"Geometri, punkt": "POINT(-31637.650195420603 6734929.448862342)", "Ansiktsside, rettet mot": "Trafikk mot metreringsretning", "Skiltnummer": "376.1 - Parkeringssone"}, "vegsystem": "KV4460 S1D1 m125", "mor": [1027189001]}, "geometry": {"type": "Point", "coordinates": [5.32875181, 60.3983716]}}, {"type": "Feature", "properties": {"nvdb_id": 1027260772, "skiltnummer": "808 - Underskilt med annen tekst", "tekst": null, "kategori": "parkering", "egenskaper": {"Geometri, punkt": "POINT(-32536.082289820537 6734926.055682592)", "Ansiktsside, rettet mot": "Tosidig", "Skiltnummer": "808 - Underskilt med annen tekst"}, "vegsystem": "KV15300 S1D1 m8", "mor": [1027260778]}, "geometry": {"type": "Point", "coordinates": [5.31268952, 60.3971623]}}, {"type": "Feature", "properties": {"nvdb_id": 1027260773, "skiltnummer": "552 - Parkering", "tekst": null, "kategori": "parkering", "egenskaper": {"Geometri, punkt": "POINT(-32536.082289820537 6734926.055682592)", "Ansiktsside, rettet mot": "Tosidig", "Skiltnummer": "552 - Parkering"}, "vegsystem": "KV15300 S1D1 m8", "mor": [1027260778]}, "geometry": {"type": "Point", "coordinates": [5.31268952, 60.3971623]}}, {"type": "Feature", "properties": {"nvdb_id": 1027179763, "skiltnummer": "372 - Parkering forbudt", "tekst": null, "kategori": "forbud", "egenskaper": {"Geometri, punkt": "POINT(-31519.44218317943 6734937.118554254)", "Ansiktsside, rettet mot": "Trafikk mot metreringsretning", "Skiltnummer": "372 - Parkering forbudt"}, "vegsystem": "KV4952 S1D1 m63", "mor": [1027179758]}, "geometry": {"type": "Point", "coordinates": [5.33084611, 60.3985945]}}, {"type": "Feature", "properties": {"nvdb_id": 1027194291, "skiltnummer": "376.1 - Parkeringssone", "tekst": null, "kategori": "forbud", "egenskaper": {"Geometri, punkt": "POINT(-31851.299298328 6734938.38099988)", "Ansiktsside, rettet mot": "Trafikk i metreringsretning", "Skiltnummer": "376.1 - Parkeringssone"}, "vegsystem": "KV4678 S1D1 m11", "mor": [1027194293]}, "geometry": {"type": "Point", "coordinates": [5.32490622, 60.3981704]}}, {"type": "Feature", "properties": {"nvdb_id": 1027194277, "skiltnummer": "376.1 - Parkeringssone", "tekst": null, "kategori": "forbud", "egenskaper": {"Geometri, punkt": "POINT(-31857.279827510705 6734943.289695385)", "Ansiktsside, rettet mot": "Trafikk i metreringsretning", "Skiltnummer": "376.1 - Parkeringssone"}, "vegsystem": "KV4678 S1D1 m8", "mor": [1027194281]}, "geometry": {"type": "Point", "coordinates": [5.32478621, 60.398206]}}, {"type": "Feature", "properties": {"nvdb_id": 1027260577, "skiltnummer": "807.8 - Symbol, forflytningshemmede med parkeringstillatelse", "tekst": null, "kategori": "parkering", "egenskaper": {"Geometri, punkt": "POINT(-32560.2029867291 6734944.414488455)", "Ansiktsside, rettet mot": "Tosidig", "Skiltnummer": "807.8 - Symbol, forflytningshemmede med parkeringstillatelse"}, "vegsystem": "KV3004 S1D1 m261", "mor": [1027260578]}, "geometry": {"type": "Point", "coordinates": [5.31220932, 60.39729309]}}, {"type": "Feature", "properties": {"nvdb_id": 1027260579, "skiltnummer": "552 - Parkering", "tekst": null, "kategori": "parkering", "egenskaper": {"Geometri, punkt": "POINT(-32560.2029867291 6734944.414488455)", "Ansiktsside, rettet mot": "Tosidig", "Skiltnummer": "552 - Parkering"}, "vegsystem": "KV3004 S1D1 m261", "mor": [1027260578]}, "geometry": {"type": "Point", "coordinates": [5.31220932, 60.39729309]}}, {"type": "Feature", "properties": {"nvdb_id": 1027185858, "skiltnummer": "808 - Underskilt med annen tekst", "tekst": null, "kategori": "parkering", "egenskaper": {"Geometri, punkt": "POINT(-31572.50817021879 6734947.115661153)", "Ansiktsside, rettet mot": "Parallelt mot veg", "Skiltnummer": "808 - Underskilt med annen tekst"}, "vegsystem": "KV4460 S1D1 m48", "mor": [1027185864]}, "geometry": {"type": "Point", "coordinates": [5.32987031, 60.3986134]}}, {"type": "Feature", "properties": {"nvdb_id": 1027185861, "skiltnummer": "807.8 - Symbol, forflytningshemmede med parkeringstillatelse", "tekst": null, "kategori": "parkering", "egenskaper": {"Geometri, punkt": "POINT(-31572.50817021879 6734947.115661153)", "Ansiktsside, rettet mot": "Parallelt mot veg", "Skiltnummer": "807.8 - Symbol, forflytningshemmede med parkeringstillatelse"}, "vegsystem": "KV4460 S1D1 m48", "mor": [1027185864]}, "geometry": {"type": "Point", "coordinates": [5.32987031, 60.3986134]}}, {"type": "Feature", "properties": {"nvdb_id": 1027185863, "skiltnummer": "552 - Parkering", "tekst": null, "kategori": "parkering", "egenskaper": {"Geometri, punkt": "POINT(-31572.50817021879 6734947.115661153)", "Ansiktsside, rettet mot": "Parallelt mot veg", "Skiltnummer": "552 - Parkering"}, "vegsystem": "KV4460 S1D1 m48", "mor": [1027185864]}, "geometry": {"type": "Point", "coordinates": [5.32987031, 60.3986134]}}, {"type": "Feature", "properties": {"nvdb_id": 1027185871, "skiltnummer": "807.8 - Symbol, forflytningshemmede med parkeringstillatelse", "tekst": null, "kategori": "parkering", "egenskaper": {"Geometri, punkt": "POINT(-31579.1209879549 6734953.077852034)", "Ansiktsside, rettet mot": "Trafikk mot metreringsretning", "Skiltnummer": "807.8 - Symbol, forflytningshemmede med parkeringstillatelse"}, "vegsystem": "KV4460 S1D1 m60", "mor": [1027185873]}, "geometry": {"type": "Point", "coordinates": [5.32973621, 60.3986575]}}, {"type": "Feature", "properties": {"nvdb_id": 1027185872, "skiltnummer": "552 - Parkering", "tekst": null, "kategori": "parkering", "egenskaper": {"Geometri, punkt": "POINT(-31579.1209879549 6734953.077852034)", "Ansiktsside, rettet mot": "Trafikk mot metreringsretning", "Skiltnummer": "552 - Parkering"}, "vegsystem": "KV4460 S1D1 m60", "mor": [1027185873]}, "geometry": {"type": "Point", "coordinates": [5.32973621, 60.3986575]}}, {"type": "Feature", "properties": {"nvdb_id": 1027260583, "skiltnummer": "372 - Parkering forbudt", "tekst": null, "kategori": "forbud", "egenskaper": {"Geometri, punkt": "POINT(-32589.003033495042 6734954.372692572)", "Ansiktsside, rettet mot": "Tosidig", "Skiltnummer": "372 - Parkering forbudt"}, "vegsystem": "KV3004 S1D1 m286", "mor": [1027260585]}, "geometry": {"type": "Point", "coordinates": [5.31166772, 60.3973434]}}, {"type": "Feature", "properties": {"nvdb_id": 82515812, "skiltnummer": "372 - Parkering forbudt", "tekst": null, "kategori": "forbud", "egenskaper": {"Geometri, punkt": "POINT Z (-32502.7104199045 6734964.69624542 1.95)", "Ansiktsside, rettet mot": "Tosidig", "Skiltnummer": "372 - Parkering forbudt", "Belysning": "Ingen"}, "vegsystem": "FV5348 S1D1 m506", "mor": [82515815]}, "geometry": {"type": "Point", "coordinates": [5.31318388, 60.39754813]}}, {"type": "Feature", "properties": {"nvdb_id": 1027179765, "skiltnummer": "372 - Parkering forbudt", "tekst": null, "kategori": "forbud", "egenskaper": {"Geometri, punkt": "POINT(-31517.27759407705 6734959.5407777615)", "Ansiktsside, rettet mot": "Tosidig", "Skiltnummer": "372 - Parkering forbudt"}, "vegsystem": "KV4952 S1D1 m86", "mor": [1027179767]}, "geometry": {"type": "Point", "coordinates": [5.3308254, 60.3987958]}}, {"type": "Feature", "properties": {"nvdb_id": 1027260080, "skiltnummer": "372 - Parkering forbudt", "tekst": null, "kategori": "forbud", "egenskaper": {"Geometri, punkt": "POINT(-32692.413184296573 6734960.346597554)", "Ansiktsside, rettet mot": "Tosidig", "Skiltnummer": "372 - Parkering forbudt"}, "vegsystem": "KV4475 S1D1 m203", "mor": [1027260083]}, "geometry": {"type": "Point", "coordinates": [5.30980212, 60.3972604]}}, {"type": "Feature", "properties": {"nvdb_id": 1018941231, "skiltnummer": "552 - Parkering", "tekst": null, "kategori": "parkering", "egenskaper": {"Oppsettingsdato": "2022-01-31", "Høyde, egen": 2500, "Geometri, punkt": "POINT Z (-32524.56035988673 6734963.0627541365 1.824)", "Ansiktsside, rettet mot": "Tosidig", "Skiltnummer": "552 - Parkering", "Folieklasse": "Klasse 1"}, "vegsystem": "FV5348 S1D1 m521", "mor": [1018941234]}, "geometry": {"type": "Point", "coordinates": [5.31279737, 60.39750497]}}, {"type": "Feature", "properties": {"nvdb_id": 1027194304, "skiltnummer": "808 - Underskilt med annen tekst", "tekst": "Gjelder beboere med P-kort i sone 7", "kategori": "boligsone", "egenskaper": {"Geometri, punkt": "POINT(-31817.05978934525 6734966.816084146)", "Ansiktsside, rettet mot": "Tosidig", "Skiltnummer": "808 - Underskilt med annen tekst", "Tekst": "Gjelder beboere med P-kort i sone 7"}, "vegsystem": "KV4678 S1D1 m55", "mor": [1027194306]}, "geometry": {"type": "Point", "coordinates": [5.32544331, 60.398467]}}, {"type": "Feature", "properties": {"nvdb_id": 1027194307, "skiltnummer": "552 - Parkering", "tekst": null, "kategori": "parkering", "egenskaper": {"Geometri, punkt": "POINT(-31817.05978934525 6734966.816084146)", "Ansiktsside, rettet mot": "Tosidig", "Skiltnummer": "552 - Parkering"}, "vegsystem": "KV4678 S1D1 m55", "mor": [1027194306]}, "geometry": {"type": "Point", "coordinates": [5.32544331, 60.398467]}}, {"type": "Feature", "properties": {"nvdb_id": 1027260588, "skiltnummer": "372 - Parkering forbudt", "tekst": null, "kategori": "forbud", "egenskaper": {"Geometri, punkt": "POINT(-32587.743786128005 6734972.534780599)", "Ansiktsside, rettet mot": "Tosidig", "Skiltnummer": "372 - Parkering forbudt"}, "vegsystem": "KV3004 S1D1 m298", "mor": [1027260590]}, "geometry": {"type": "Point", "coordinates": [5.31164201, 60.3975058]}}, {"type": "Feature", "properties": {"nvdb_id": 1027194335, "skiltnummer": "376.1 - Parkeringssone", "tekst": null, "kategori": "forbud", "egenskaper": {"Geometri, punkt": "POINT(-31812.198880244978 6734969.778776026)", "Ansiktsside, rettet mot": "Trafikk mot metreringsretning", "Skiltnummer": "376.1 - Parkeringssone"}, "vegsystem": "KV4678 S1D1 m63", "mor": [1027194337]}, "geometry": {"type": "Point", "coordinates": [5.32552241, 60.3984996]}}, {"type": "Feature", "properties": {"nvdb_id": 1027188611, "skiltnummer": "372 - Parkering forbudt", "tekst": null, "kategori": "forbud", "egenskaper": {"Geometri, punkt": "POINT(-31676.56460078864 6734969.798749719)", "Ansiktsside, rettet mot": "Tosidig", "Skiltnummer": "372 - Parkering forbudt"}, "vegsystem": "KV4880 S1D1 m6", "mor": [1027188613]}, "geometry": {"type": "Point", "coordinates": [5.3279487, 60.3986777]}}, {"type": "Feature", "properties": {"nvdb_id": 1027188659, "skiltnummer": "376.1 - Parkeringssone", "tekst": null, "kategori": "forbud", "egenskaper": {"Geometri, punkt": "POINT(-31678.32701656886 6734970.127709011)", "Ansiktsside, rettet mot": "Trafikk mot metreringsretning", "Skiltnummer": "376.1 - Parkeringssone"}, "vegsystem": "KV4880 S1D1 m5", "mor": [1027188656]}, "geometry": {"type": "Point", "coordinates": [5.32791631, 60.3986783]}}, {"type": "Feature", "properties": {"nvdb_id": 1027193922, "skiltnummer": "372 - Parkering forbudt", "tekst": null, "kategori": "forbud", "egenskaper": {"Geometri, punkt": "POINT(-32019.093577276682 6734974.466017427)", "Ansiktsside, rettet mot": "Tosidig", "Skiltnummer": "372 - Parkering forbudt"}, "vegsystem": "KV4396 S1D1 m174", "mor": [1027193926]}, "geometry": {"type": "Point", "coordinates": [5.3218089, 60.3982696]}}, {"type": "Feature", "properties": {"nvdb_id": 494019493, "skiltnummer": "372 - Parkering forbudt", "tekst": null, "kategori": "forbud", "egenskaper": {"Geometri, punkt": "POINT Z (-32750.3105254088 6734970.6506593 28.79)", "Ansiktsside, rettet mot": "Tosidig", "Skiltnummer": "372 - Parkering forbudt", "Belysning": "Ingen"}, "vegsystem": "FV5348 S1D1 m1447", "mor": [494019492]}, "geometry": {"type": "Point", "coordinates": [5.30873912, 60.39727551]}}, {"type": "Feature", "properties": {"nvdb_id": 1027260593, "skiltnummer": "552 - Parkering", "tekst": null, "kategori": "parkering", "egenskaper": {"Geometri, punkt": "POINT(-32605.73229635507 6734972.583781657)", "Ansiktsside, rettet mot": "Tosidig", "Skiltnummer": "552 - Parkering"}, "vegsystem": "KV3004 S1D1 m311", "mor": [1027260595]}, "geometry": {"type": "Point", "coordinates": [5.31132012, 60.3974826]}}, {"type": "Feature", "properties": {"nvdb_id": 1027260594, "skiltnummer": "806 - Tid", "tekst": "08 - 23 (08 - 23) Maks 2 timer mot avgift", "kategori": "parkering", "egenskaper": {"Geometri, punkt": "POINT(-32605.73229635507 6734972.583781657)", "Ansiktsside, rettet mot": "Tosidig", "Skiltnummer": "806 - Tid", "Tekst": "08 - 23 (08 - 23) Maks 2 timer mot avgift"}, "vegsystem": "KV3004 S1D1 m311", "mor": [1027260595]}, "geometry": {"type": "Point", "coordinates": [5.31132012, 60.3974826]}}, {"type": "Feature", "properties": {"nvdb_id": 1027188666, "skiltnummer": "376.1 - Parkeringssone", "tekst": null, "kategori": "forbud", "egenskaper": {"Geometri, punkt": "POINT(-31683.793171913363 6734978.2815113785)", "Ansiktsside, rettet mot": "Trafikk mot metreringsretning", "Skiltnummer": "376.1 - Parkeringssone"}, "vegsystem": "KV4880 S1D1 m2", "mor": [1027188668]}, "geometry": {"type": "Point", "coordinates": [5.32779691, 60.3987433]}}, {"type": "Feature", "properties": {"nvdb_id": 1027188606, "skiltnummer": "552 - Parkering", "tekst": null, "kategori": "parkering", "egenskaper": {"Geometri, punkt": "POINT(-31671.421951675904 6734974.211202325)", "Ansiktsside, rettet mot": "Tosidig", "Skiltnummer": "552 - Parkering"}, "vegsystem": "KV4880 S1D1 m13", "mor": [1027188609]}, "geometry": {"type": "Point", "coordinates": [5.32802901, 60.3987235]}}, {"type": "Feature", "properties": {"nvdb_id": 1027188608, "skiltnummer": "807.8 - Symbol, forflytningshemmede med parkeringstillatelse", "tekst": null, "kategori": "parkering", "egenskaper": {"Geometri, punkt": "POINT(-31671.421951675904 6734974.211202325)", "Ansiktsside, rettet mot": "Tosidig", "Skiltnummer": "807.8 - Symbol, forflytningshemmede med parkeringstillatelse"}, "vegsystem": "KV4880 S1D1 m13", "mor": [1027188609]}, "geometry": {"type": "Point", "coordinates": [5.32802901, 60.3987235]}}, {"type": "Feature", "properties": {"nvdb_id": 1027189946, "skiltnummer": "372 - Parkering forbudt", "tekst": null, "kategori": "forbud", "egenskaper": {"Geometri, punkt": "POINT(-31654.654713110533 6734974.607560127)", "Ansiktsside, rettet mot": "Tosidig", "Skiltnummer": "372 - Parkering forbudt"}, "vegsystem": "KV4565 S1D1 m134", "mor": [1027189948]}, "geometry": {"type": "Point", "coordinates": [5.3283279, 60.398749]}}, {"type": "Feature", "properties": {"nvdb_id": 1019246512, "skiltnummer": "372 - Parkering forbudt", "tekst": null, "kategori": "forbud", "egenskaper": {"Oppsettingsdato": "2024-03-03", "Skiftet dato": "2024-03-03", "Geometri, punkt": "POINT Z (-32526.25022935774 6734980.378640059 1.802)", "Ansiktsside, rettet mot": "Tosidig", "Tosidig plate med ulike motiv": "Nei", "Skiltnummer": "372 - Parkering forbudt", "Folieklasse": "Klasse 2", "Prosjektreferanse": "Objektoppdatering DK4604", "Størrelse": "Liten størrelse"}, "vegsystem": "FV5348 S1D1 m534", "mor": [1019246545]}, "geometry": {"type": "Point", "coordinates": [5.31272117, 60.39765601]}}, {"type": "Feature", "properties": {"nvdb_id": 82564757, "skiltnummer": "808.317 - Gjelder ikke buss og taxi/Gjeld ikkje buss og taxi", "tekst": null, "kategori": "parkering", "egenskaper": {"Geometri, punkt": "POINT Z (-32080.1352245015 6734981.76006165 1.906)", "Ansiktsside, rettet mot": "Trafikk i metreringsretning", "Skiltnummer": "808.317 - Gjelder ikke buss og taxi/Gjeld ikkje buss og taxi", "Belysning": "Ingen"}, "vegsystem": "FV577 S1D1 m1474", "mor": [82564763]}, "geometry": {"type": "Point", "coordinates": [5.32069763, 60.39825404]}}, {"type": "Feature", "properties": {"nvdb_id": 1027188616, "skiltnummer": "552 - Parkering", "tekst": null, "kategori": "parkering", "egenskaper": {"Geometri, punkt": "POINT(-31673.51180197508 6734982.89278927)", "Ansiktsside, rettet mot": "Tosidig", "Skiltnummer": "552 - Parkering"}, "vegsystem": "KV4880 S1D1 m14", "mor": [1027188621]}, "geometry": {"type": "Point", "coordinates": [5.32796861, 60.3987976]}}, {"type": "Feature", "properties": {"nvdb_id": 1027188620, "skiltnummer": "808 - Underskilt med annen tekst", "tekst": "Gjelder beboere med p-kort til sone 7", "kategori": "boligsone", "egenskaper": {"Geometri, punkt": "POINT(-31673.51180197508 6734982.89278927)", "Ansiktsside, rettet mot": "Tosidig", "Skiltnummer": "808 - Underskilt med annen tekst", "Tekst": "Gjelder beboere med p-kort til sone 7"}, "vegsystem": "KV4880 S1D1 m14", "mor": [1027188621]}, "geometry": {"type": "Point", "coordinates": [5.32796861, 60.3987976]}}, {"type": "Feature", "properties": {"nvdb_id": 1027189011, "skiltnummer": "376.1 - Parkeringssone", "tekst": null, "kategori": "forbud", "egenskaper": {"Geometri, punkt": "POINT(-31660.37755974999 6734978.765935712)", "Ansiktsside, rettet mot": "Trafikk i metreringsretning", "Skiltnummer": "376.1 - Parkeringssone"}, "vegsystem": "KV4880 S1D1 m25", "mor": [1027189019]}, "geometry": {"type": "Point", "coordinates": [5.3282145, 60.3987783]}}, {"type": "Feature", "properties": {"nvdb_id": 1017121768, "skiltnummer": "372 - Parkering forbudt", "tekst": null, "kategori": "forbud", "egenskaper": {"Oppsettingsdato": "1900-01-01", "Geometri, punkt": "POINT Z (-32744.41734755144 6734981.261734835 28.48)", "Ansiktsside, rettet mot": "Tosidig", "Tosidig plate med ulike motiv": "Nei", "Skiltnummer": "372 - Parkering forbudt", "Belysning": "Ingen", "Folieklasse": "Klasse 1", "Prosjektreferanse": "Nordnes del 2"}, "vegsystem": "FV5348 S1D1 m1441", "mor": [1017121805]}, "geometry": {"type": "Point", "coordinates": [5.30881636, 60.39737717]}}, {"type": "Feature", "properties": {"nvdb_id": 1027189027, "skiltnummer": "376.1 - Parkeringssone", "tekst": null, "kategori": "forbud", "egenskaper": {"Geometri, punkt": "POINT(-31663.032963352627 6734987.327953426)", "Ansiktsside, rettet mot": "Trafikk i metreringsretning", "Skiltnummer": "376.1 - Parkeringssone"}, "vegsystem": "KV4880 S1D1 m26", "mor": [1027189031]}, "geometry": {"type": "Point", "coordinates": [5.32814431, 60.3988506]}}, {"type": "Feature", "properties": {"nvdb_id": 1027190568, "skiltnummer": "372 - Parkering forbudt", "tekst": "Nedre Blekeveien 2A-16", "kategori": "forbud", "egenskaper": {"Geometri, punkt": "POINT(-31703.26501251501 6734989.019317827)", "Ansiktsside, rettet mot": "Parallelt mot veg", "Skiltnummer": "372 - Parkering forbudt", "Tekst": "Nedre Blekeveien 2A-16"}, "vegsystem": "KV5205 S1D1 m119", "mor": [1027190566]}, "geometry": {"type": "Point", "coordinates": [5.32742011, 60.39881279]}}, {"type": "Feature", "properties": {"nvdb_id": 1027193934, "skiltnummer": "806 - Tid", "tekst": "08 - 23 (08 - 23) Maks 2 timer mot avgift", "kategori": "parkering", "egenskaper": {"Geometri, punkt": "POINT(-32008.64019080624 6734992.371647654)", "Ansiktsside, rettet mot": "Trafikk i metreringsretning", "Skiltnummer": "806 - Tid", "Tekst": "08 - 23 (08 - 23) Maks 2 timer mot avgift"}, "vegsystem": "KV4396 S1D1 m150", "mor": [1027193939]}, "geometry": {"type": "Point", "coordinates": [5.32194841, 60.3984418]}}, {"type": "Feature", "properties": {"nvdb_id": 1027193937, "skiltnummer": "552 - Parkering", "tekst": null, "kategori": "parkering", "egenskaper": {"Geometri, punkt": "POINT(-32008.64019080624 6734992.371647654)", "Ansiktsside, rettet mot": "Trafikk i metreringsretning", "Skiltnummer": "552 - Parkering"}, "vegsystem": "KV4396 S1D1 m150", "mor": [1027193939]}, "geometry": {"type": "Point", "coordinates": [5.32194841, 60.3984418]}}, {"type": "Feature", "properties": {"nvdb_id": 1027260554, "skiltnummer": "372 - Parkering forbudt", "tekst": null, "kategori": "forbud", "egenskaper": {"Geometri, punkt": "POINT(-32605.09264402499 6734994.781093733)", "Ansiktsside, rettet mot": "Tosidig", "Skiltnummer": "372 - Parkering forbudt"}, "vegsystem": "KV3004 S1D1 m328", "mor": [1027260556]}, "geometry": {"type": "Point", "coordinates": [5.31127261, 60.3976799]}}, {"type": "Feature", "properties": {"nvdb_id": 1027189930, "skiltnummer": "372 - Parkering forbudt", "tekst": null, "kategori": "forbud", "egenskaper": {"Geometri, punkt": "POINT(-31655.07604945521 6734995.605366054)", "Ansiktsside, rettet mot": "Tosidig", "Skiltnummer": "372 - Parkering forbudt"}, "vegsystem": "KV4565 S1D1 m154", "mor": [1027189932]}, "geometry": {"type": "Point", "coordinates": [5.32826471, 60.39893429]}}, {"type": "Feature", "properties": {"nvdb_id": 1019047752, "skiltnummer": "372 - Parkering forbudt", "tekst": null, "kategori": "forbud", "egenskaper": {"Oppsettingsdato": "2023-05-11", "Plasseringskode": 10, "Geometri, punkt": "POINT Z (-31895.172705917503 6734994.5796516035 8.69)", "Ansiktsside, rettet mot": "Tosidig", "Skiltnummer": "372 - Parkering forbudt", "Prosjektreferanse": "Objektoppdatering DK4604"}, "vegsystem": "FV5342 S1D1 m507", "mor": [1019047644]}, "geometry": {"type": "Point", "coordinates": [5.32397233, 60.39861025]}}, {"type": "Feature", "properties": {"nvdb_id": 82515788, "skiltnummer": "372 - Parkering forbudt", "tekst": null, "kategori": "forbud", "egenskaper": {"Geometri, punkt": "POINT Z (-32560.2074004088 6734996.0506593 2.006)", "Ansiktsside, rettet mot": "Tosidig", "Skiltnummer": "372 - Parkering forbudt", "Belysning": "Ingen"}, "vegsystem": "FV5348 S1D1 m569", "mor": [82515791]}, "geometry": {"type": "Point", "coordinates": [5.31207214, 60.39775011]}}, {"type": "Feature", "properties": {"nvdb_id": 1017121782, "skiltnummer": "372 - Parkering forbudt", "tekst": null, "kategori": "forbud", "egenskaper": {"Oppsettingsdato": "2021-07-14", "Geometri, punkt": "POINT Z (-32766.433758283383 6735000.50179289 28.11)", "Ansiktsside, rettet mot": "Tosidig", "Tosidig plate med ulike motiv": "Nei", "Skiltnummer": "372 - Parkering forbudt", "Belysning": "Ingen", "Folieklasse": "Klasse 1", "Prosjektreferanse": "Nordnes del 2"}, "vegsystem": "FV5348 S1D1 m1414", "mor": [1017121802]}, "geometry": {"type": "Point", "coordinates": [5.30837143, 60.39751852]}}, {"type": "Feature", "properties": {"nvdb_id": 1027260557, "skiltnummer": "807.8 - Symbol, forflytningshemmede med parkeringstillatelse", "tekst": null, "kategori": "parkering", "egenskaper": {"Geometri, punkt": "POINT(-32611.602827989263 6735004.741263716)", "Ansiktsside, rettet mot": "Tosidig", "Skiltnummer": "807.8 - Symbol, forflytningshemmede med parkeringstillatelse"}, "vegsystem": "KV3004 S1D1 m342", "mor": [1027260558]}, "geometry": {"type": "Point", "coordinates": [5.31112972, 60.39775949]}}, {"type": "Feature", "properties": {"nvdb_id": 1027260562, "skiltnummer": "552 - Parkering", "tekst": null, "kategori": "parkering", "egenskaper": {"Geometri, punkt": "POINT(-32611.602827989263 6735004.741263716)", "Ansiktsside, rettet mot": "Tosidig", "Skiltnummer": "552 - Parkering"}, "vegsystem": "KV3004 S1D1 m342", "mor": [1027260558]}, "geometry": {"type": "Point", "coordinates": [5.31112972, 60.39775949]}}, {"type": "Feature", "properties": {"nvdb_id": 1027260565, "skiltnummer": "806 - Tid", "tekst": "08 - 23 (08 - 23) Maks 2 timer mot avgift", "kategori": "parkering", "egenskaper": {"Geometri, punkt": "POINT(-32627.76316432364 6735004.451218028)", "Ansiktsside, rettet mot": "Tosidig", "Skiltnummer": "806 - Tid", "Tekst": "08 - 23 (08 - 23) Maks 2 timer mot avgift"}, "vegsystem": "KV3004 S1D1 m350", "mor": [1027260568]}, "geometry": {"type": "Point", "coordinates": [5.31084142, 60.3977357]}}, {"type": "Feature", "properties": {"nvdb_id": 1027260566, "skiltnummer": "552 - Parkering", "tekst": null, "kategori": "parkering", "egenskaper": {"Geometri, punkt": "POINT(-32627.76316432364 6735004.451218028)", "Ansiktsside, rettet mot": "Tosidig", "Skiltnummer": "552 - Parkering"}, "vegsystem": "KV3004 S1D1 m350", "mor": [1027260568]}, "geometry": {"type": "Point", "coordinates": [5.31084142, 60.3977357]}}, {"type": "Feature", "properties": {"nvdb_id": 218884601, "skiltnummer": "552 - Parkering", "tekst": null, "kategori": "parkering", "egenskaper": {"Geometri, punkt": "POINT Z (-31895.4768998071 6735006.67927513 8.802)", "Ansiktsside, rettet mot": "Tosidig", "Skiltnummer": "552 - Parkering", "Belysning": "Ingen"}, "vegsystem": "FV5342 S1D1 m519", "mor": [218884600]}, "geometry": {"type": "Point", "coordinates": [5.32393481, 60.39871693]}}, {"type": "Feature", "properties": {"nvdb_id": 218884602, "skiltnummer": "807.3 - Symbol, buss", "tekst": null, "kategori": "parkering", "egenskaper": {"Geometri, punkt": "POINT Z (-31895.4768998071 6735006.67927513 8.802)", "Ansiktsside, rettet mot": "Tosidig", "Skiltnummer": "807.3 - Symbol, buss", "Belysning": "Ingen"}, "vegsystem": "FV5342 S1D1 m519", "mor": [218884600]}, "geometry": {"type": "Point", "coordinates": [5.32393481, 60.39871693]}}, {"type": "Feature", "properties": {"nvdb_id": 1027260093, "skiltnummer": "372 - Parkering forbudt", "tekst": null, "kategori": "forbud", "egenskaper": {"Geometri, punkt": "POINT(-32700.065671024844 6735008.813118871)", "Ansiktsside, rettet mot": "Trafikk mot metreringsretning", "Skiltnummer": "372 - Parkering forbudt"}, "vegsystem": "KV4832 S1D1 m306", "mor": [1027260097]}, "geometry": {"type": "Point", "coordinates": [5.30953651, 60.3976793]}}, {"type": "Feature", "properties": {"nvdb_id": 82515782, "skiltnummer": "372 - Parkering forbudt", "tekst": null, "kategori": "forbud", "egenskaper": {"Geometri, punkt": "POINT Z (-32559.1490670755 6735017.74649264 2.155)", "Ansiktsside, rettet mot": "Tosidig", "Skiltnummer": "372 - Parkering forbudt", "Belysning": "Ingen"}, "vegsystem": "FV5348 S1D1 m585", "mor": [82515785]}, "geometry": {"type": "Point", "coordinates": [5.31203347, 60.39794351]}}, {"type": "Feature", "properties": {"nvdb_id": 1027188484, "skiltnummer": "372 - Parkering forbudt", "tekst": null, "kategori": "forbud", "egenskaper": {"Geometri, punkt": "POINT(-31573.398138536955 6735015.510313013)", "Ansiktsside, rettet mot": "Tosidig", "Skiltnummer": "372 - Parkering forbudt"}, "vegsystem": "KV4375 S2D1 m57", "mor": [1027188485]}, "geometry": {"type": "Point", "coordinates": [5.32967311, 60.3992176]}}, {"type": "Feature", "properties": {"nvdb_id": 1027193944, "skiltnummer": "807.8 - Symbol, forflytningshemmede med parkeringstillatelse", "tekst": null, "kategori": "parkering", "egenskaper": {"Geometri, punkt": "POINT(-31975.631644960027 6735015.70035311)", "Ansiktsside, rettet mot": "Tosidig", "Skiltnummer": "807.8 - Symbol, forflytningshemmede med parkeringstillatelse"}, "vegsystem": "KV4396 S1D1 m112", "mor": [1027193948]}, "geometry": {"type": "Point", "coordinates": [5.32247701, 60.39869159]}}, {"type": "Feature", "properties": {"nvdb_id": 1027193946, "skiltnummer": "552 - Parkering", "tekst": null, "kategori": "parkering", "egenskaper": {"Geometri, punkt": "POINT(-31975.631644960027 6735015.70035311)", "Ansiktsside, rettet mot": "Tosidig", "Skiltnummer": "552 - Parkering"}, "vegsystem": "KV4396 S1D1 m112", "mor": [1027193948]}, "geometry": {"type": "Point", "coordinates": [5.32247701, 60.39869159]}}, {"type": "Feature", "properties": {"nvdb_id": 1027185881, "skiltnummer": "372 - Parkering forbudt", "tekst": null, "kategori": "forbud", "egenskaper": {"Geometri, punkt": "POINT(-31600.683661427 6735017.0110488795)", "Ansiktsside, rettet mot": "Tosidig", "Skiltnummer": "372 - Parkering forbudt"}, "vegsystem": "KV4897 S1D1 m66", "mor": [1027185883]}, "geometry": {"type": "Point", "coordinates": [5.329181, 60.3991951]}}, {"type": "Feature", "properties": {"nvdb_id": 1027193296, "skiltnummer": "372 - Parkering forbudt", "tekst": null, "kategori": "forbud", "egenskaper": {"Geometri, punkt": "POINT(-32057.4759559253 6735021.170690187)", "Ansiktsside, rettet mot": "Tosidig", "Skiltnummer": "372 - Parkering forbudt"}, "vegsystem": "KV4930 S1D1 m48", "mor": [1027193298]}, "geometry": {"type": "Point", "coordinates": [5.32099841, 60.3986326]}}, {"type": "Feature", "properties": {"nvdb_id": 1027194375, "skiltnummer": "806 - Tid", "tekst": "8 - 23 (8 - 23) maks 2 timer mot avgift", "kategori": "parkering", "egenskaper": {"Geometri, punkt": "POINT(-31985.546493598842 6735025.779786284)", "Ansiktsside, rettet mot": "Tosidig", "Skiltnummer": "806 - Tid", "Tekst": "8 - 23 (8 - 23) maks 2 timer mot avgift"}, "vegsystem": "KV4396 S1D1 m110", "mor": [1027194379]}, "geometry": {"type": "Point", "coordinates": [5.32227292, 60.3987678]}}, {"type": "Feature", "properties": {"nvdb_id": 1027194377, "skiltnummer": "552 - Parkering", "tekst": null, "kategori": "parkering", "egenskaper": {"Geometri, punkt": "POINT(-31985.546493598842 6735025.779786284)", "Ansiktsside, rettet mot": "Tosidig", "Skiltnummer": "552 - Parkering"}, "vegsystem": "KV4396 S1D1 m110", "mor": [1027194379]}, "geometry": {"type": "Point", "coordinates": [5.32227292, 60.3987678]}}, {"type": "Feature", "properties": {"nvdb_id": 1027179772, "skiltnummer": "806 - Tid", "tekst": "25 - 200 m", "kategori": "parkering", "egenskaper": {"Geometri, punkt": "POINT(-31523.651438041707 6735022.883980918)", "Ansiktsside, rettet mot": "Trafikk i metreringsretning", "Skiltnummer": "806 - Tid", "Tekst": "25 - 200 m"}, "vegsystem": "KV4952 S1D1 m149", "mor": [1027179775]}, "geometry": {"type": "Point", "coordinates": [5.33054352, 60.3993481]}}, {"type": "Feature", "properties": {"nvdb_id": 1027179773, "skiltnummer": "808 - Underskilt med annen tekst", "tekst": "Lave balkonger høyre side", "kategori": "parkering", "egenskaper": {"Geometri, punkt": "POINT(-31523.651438041707 6735022.883980918)", "Ansiktsside, rettet mot": "Trafikk i metreringsretning", "Skiltnummer": "808 - Underskilt med annen tekst", "Tekst": "Lave balkonger høyre side"}, "vegsystem": "KV4952 S1D1 m149", "mor": [1027179775]}, "geometry": {"type": "Point", "coordinates": [5.33054352, 60.3993481]}}, {"type": "Feature", "properties": {"nvdb_id": 1027185998, "skiltnummer": "808.351 - Gjelder/Gjeld (snuplassen, torget o.l.)", "tekst": null, "kategori": "parkering", "egenskaper": {"Geometri, punkt": "POINT(-31571.00931836618 6735025.03087464)", "Ansiktsside, rettet mot": "Parallelt mot veg", "Skiltnummer": "808.351 - Gjelder/Gjeld (snuplassen, torget o.l.)"}, "vegsystem": "KV4375 S2D1 m65", "mor": [1027186000]}, "geometry": {"type": "Point", "coordinates": [5.32969061, 60.399305]}}, {"type": "Feature", "properties": {"nvdb_id": 1027186001, "skiltnummer": "372 - Parkering forbudt", "tekst": null, "kategori": "forbud", "egenskaper": {"Geometri, punkt": "POINT(-31571.00931836618 6735025.03087464)", "Ansiktsside, rettet mot": "Parallelt mot veg", "Skiltnummer": "372 - Parkering forbudt"}, "vegsystem": "KV4375 S2D1 m65", "mor": [1027186000]}, "geometry": {"type": "Point", "coordinates": [5.32969061, 60.399305]}}, {"type": "Feature", "properties": {"nvdb_id": 1027260546, "skiltnummer": "808 - Underskilt med annen tekst", "tekst": null, "kategori": "parkering", "egenskaper": {"Geometri, punkt": "POINT(-32640.35446607985 6735025.64123593)", "Ansiktsside, rettet mot": "Tosidig", "Skiltnummer": "808 - Underskilt med annen tekst"}, "vegsystem": "KV3004 S1D1 m375", "mor": [1027260550]}, "geometry": {"type": "Point", "coordinates": [5.31055993, 60.3979067]}}, {"type": "Feature", "properties": {"nvdb_id": 1027260548, "skiltnummer": "552 - Parkering", "tekst": null, "kategori": "parkering", "egenskaper": {"Geometri, punkt": "POINT(-32640.35446607985 6735025.64123593)", "Ansiktsside, rettet mot": "Tosidig", "Skiltnummer": "552 - Parkering"}, "vegsystem": "KV3004 S1D1 m375", "mor": [1027260550]}, "geometry": {"type": "Point", "coordinates": [5.31055993, 60.3979067]}}, {"type": "Feature", "properties": {"nvdb_id": 1027190926, "skiltnummer": "807.8 - Symbol, forflytningshemmede med parkeringstillatelse", "tekst": null, "kategori": "parkering", "egenskaper": {"Geometri, punkt": "POINT(-32087.277422999265 6735026.70882957)", "Ansiktsside, rettet mot": "Parallelt mot veg", "Skiltnummer": "807.8 - Symbol, forflytningshemmede med parkeringstillatelse"}, "vegsystem": "KV5755 S1D1 m114", "mor": [1027190930]}, "geometry": {"type": "Point", "coordinates": [5.32045062, 60.3986425]}}, {"type": "Feature", "properties": {"nvdb_id": 1027190931, "skiltnummer": "552 - Parkering", "tekst": null, "kategori": "parkering", "egenskaper": {"Geometri, punkt": "POINT(-32087.277422999265 6735026.70882957)", "Ansiktsside, rettet mot": "Parallelt mot veg", "Skiltnummer": "552 - Parkering"}, "vegsystem": "KV5755 S1D1 m114", "mor": [1027190930]}, "geometry": {"type": "Point", "coordinates": [5.32045062, 60.3986425]}}, {"type": "Feature", "properties": {"nvdb_id": 1027193953, "skiltnummer": "807.8 - Symbol, forflytningshemmede med parkeringstillatelse", "tekst": null, "kategori": "parkering", "egenskaper": {"Geometri, punkt": "POINT(-31966.88691267383 6735027.814811309)", "Ansiktsside, rettet mot": "Tosidig", "Skiltnummer": "807.8 - Symbol, forflytningshemmede med parkeringstillatelse"}, "vegsystem": "KV4396 S1D1 m97", "mor": [1027193957]}, "geometry": {"type": "Point", "coordinates": [5.32260131, 60.3988103]}}, {"type": "Feature", "properties": {"nvdb_id": 1027193955, "skiltnummer": "552 - Parkering", "tekst": null, "kategori": "parkering", "egenskaper": {"Geometri, punkt": "POINT(-31966.88691267383 6735027.814811309)", "Ansiktsside, rettet mot": "Tosidig", "Skiltnummer": "552 - Parkering"}, "vegsystem": "KV4396 S1D1 m97", "mor": [1027193957]}, "geometry": {"type": "Point", "coordinates": [5.32260131, 60.3988103]}}, {"type": "Feature", "properties": {"nvdb_id": 1027186008, "skiltnummer": "372 - Parkering forbudt", "tekst": null, "kategori": "forbud", "egenskaper": {"Geometri, punkt": "POINT(-31575.51947956509 6735028.998145452)", "Ansiktsside, rettet mot": "Tosidig", "Skiltnummer": "372 - Parkering forbudt"}, "vegsystem": "KV4375 S2D1 m71", "mor": [1027186010]}, "geometry": {"type": "Point", "coordinates": [5.32959942, 60.3993342]}}, {"type": "Feature", "properties": {"nvdb_id": 1027190933, "skiltnummer": "372 - Parkering forbudt", "tekst": null, "kategori": "forbud", "egenskaper": {"Geometri, punkt": "POINT(-32074.89226072654 6735034.984084972)", "Ansiktsside, rettet mot": "Tosidig", "Skiltnummer": "372 - Parkering forbudt"}, "vegsystem": "KV5755 S1D1 m121", "mor": [1027190937]}, "geometry": {"type": "Point", "coordinates": [5.32065022, 60.398732]}}, {"type": "Feature", "properties": {"nvdb_id": 1017121792, "skiltnummer": "372 - Parkering forbudt", "tekst": null, "kategori": "forbud", "egenskaper": {"Oppsettingsdato": "2021-06-09", "Geometri, punkt": "POINT Z (-32782.465591819026 6735033.173070322 29.26)", "Ansiktsside, rettet mot": "Tosidig", "Tosidig plate med ulike motiv": "Nei", "Skiltnummer": "372 - Parkering forbudt", "Belysning": "Ingen", "Folieklasse": "Klasse 1", "Prosjektreferanse": "Nordnes del 2"}, "vegsystem": "FV5348 S1D1 m1378", "mor": [1017121833]}, "geometry": {"type": "Point", "coordinates": [5.30799788, 60.39778661]}}, {"type": "Feature", "properties": {"nvdb_id": 1027260530, "skiltnummer": "372 - Parkering forbudt", "tekst": null, "kategori": "forbud", "egenskaper": {"Geometri, punkt": "POINT(-32633.360906484886 6735039.460758327)", "Ansiktsside, rettet mot": "Tosidig", "Skiltnummer": "372 - Parkering forbudt"}, "vegsystem": "KV3004 S1D1 m383", "mor": [1027260532]}, "geometry": {"type": "Point", "coordinates": [5.31064832, 60.3980382]}}, {"type": "Feature", "properties": {"nvdb_id": 1027190920, "skiltnummer": "806 - Tid", "tekst": "08 - 23 (08 - 23) Maks 2 timer mot avgift", "kategori": "parkering", "egenskaper": {"Geometri, punkt": "POINT(-32106.133063728455 6735038.995912915)", "Ansiktsside, rettet mot": "Parallelt mot veg", "Skiltnummer": "806 - Tid", "Tekst": "08 - 23 (08 - 23) Maks 2 timer mot avgift"}, "vegsystem": "KV5755 S1D1 m92", "mor": [1027190924]}, "geometry": {"type": "Point", "coordinates": [5.32008071, 60.3987265]}}, {"type": "Feature", "properties": {"nvdb_id": 1027190922, "skiltnummer": "552 - Parkering", "tekst": null, "kategori": "parkering", "egenskaper": {"Geometri, punkt": "POINT(-32106.133063728455 6735038.995912915)", "Ansiktsside, rettet mot": "Parallelt mot veg", "Skiltnummer": "552 - Parkering"}, "vegsystem": "KV5755 S1D1 m92", "mor": [1027190924]}, "geometry": {"type": "Point", "coordinates": [5.32008071, 60.3987265]}}, {"type": "Feature", "properties": {"nvdb_id": 1027188748, "skiltnummer": "807.8 - Symbol, forflytningshemmede med parkeringstillatelse", "tekst": null, "kategori": "parkering", "egenskaper": {"Geometri, punkt": "POINT(-31586.93905970303 6735042.50790491)", "Ansiktsside, rettet mot": "Tosidig", "Skiltnummer": "807.8 - Symbol, forflytningshemmede med parkeringstillatelse"}, "vegsystem": "KV4375 S1D1 m103", "mor": [1027188749]}, "geometry": {"type": "Point", "coordinates": [5.32935931, 60.3994388]}}, {"type": "Feature", "properties": {"nvdb_id": 1027188753, "skiltnummer": "552 - Parkering", "tekst": null, "kategori": "parkering", "egenskaper": {"Geometri, punkt": "POINT(-31586.93905970303 6735042.50790491)", "Ansiktsside, rettet mot": "Tosidig", "Skiltnummer": "552 - Parkering"}, "vegsystem": "KV4375 S1D1 m103", "mor": [1027188749]}, "geometry": {"type": "Point", "coordinates": [5.32935931, 60.3994388]}}, {"type": "Feature", "properties": {"nvdb_id": 82515121, "skiltnummer": "372 - Parkering forbudt", "tekst": null, "kategori": "forbud", "egenskaper": {"Geometri, punkt": "POINT Z (-32774.5199004088 6735047.11524264 30.098)", "Ansiktsside, rettet mot": "Tosidig", "Skiltnummer": "372 - Parkering forbudt", "Belysning": "Ingen"}, "vegsystem": "FV5348 S1D1 m1370", "mor": [82515124]}, "geometry": {"type": "Point", "coordinates": [5.30810298, 60.39792044]}}, {"type": "Feature", "properties": {"nvdb_id": 1027185969, "skiltnummer": "552 - Parkering", "tekst": null, "kategori": "parkering", "egenskaper": {"Geometri, punkt": "POINT(-31654.739015530213 6735045.447828273)", "Ansiktsside, rettet mot": "Tosidig", "Skiltnummer": "552 - Parkering"}, "vegsystem": "KV5108 S1D1 m191", "mor": [1027185972]}, "geometry": {"type": "Point", "coordinates": [5.32813861, 60.3993759]}}, {"type": "Feature", "properties": {"nvdb_id": 1027185974, "skiltnummer": "808 - Underskilt med annen tekst", "tekst": "Reservert bildeling med gyldig tillatelse", "kategori": "parkering", "egenskaper": {"Geometri, punkt": "POINT(-31654.739015530213 6735045.447828273)", "Ansiktsside, rettet mot": "Tosidig", "Skiltnummer": "808 - Underskilt med annen tekst", "Tekst": "Reservert bildeling med gyldig tillatelse"}, "vegsystem": "KV5108 S1D1 m191", "mor": [1027185972]}, "geometry": {"type": "Point", "coordinates": [5.32813861, 60.3993759]}}, {"type": "Feature", "properties": {"nvdb_id": 1026094892, "skiltnummer": "372 - Parkering forbudt", "tekst": null, "kategori": "forbud", "egenskaper": {"Oppsettingsdato": "2025-01-01", "Plasseringskode": 10, "Geometri, punkt": "POINT Z (-32142.499656328582 6735049.688861 2.549838)", "Ansiktsside, rettet mot": "Trafikk i metreringsretning", "Tosidig plate med ulike motiv": "Nei", "Klappskilt": "Nei", "Skiltnummer": "372 - Parkering forbudt", "Prosjektreferanse": "22/46854"}, "vegsystem": "FV577 S1D1 m1564", "mor": [1026094958]}, "geometry": {"type": "Point", "coordinates": [5.31940179, 60.3987734]}}, {"type": "Feature", "properties": {"nvdb_id": 1027260534, "skiltnummer": "806 - Tid", "tekst": "08 - 23 (08 - 23) Maks 2 timer mot avgift", "kategori": "parkering", "egenskaper": {"Geometri, punkt": "POINT(-32653.54510120058 6735046.445763019)", "Ansiktsside, rettet mot": "Tosidig", "Skiltnummer": "806 - Tid", "Tekst": "08 - 23 (08 - 23) Maks 2 timer mot avgift"}, "vegsystem": "KV3004 S1D1 m399", "mor": [1027260537]}, "geometry": {"type": "Point", "coordinates": [5.31026872, 60.3980735]}}, {"type": "Feature", "properties": {"nvdb_id": 1027260538, "skiltnummer": "552 - Parkering", "tekst": null, "kategori": "parkering", "egenskaper": {"Geometri, punkt": "POINT(-32653.54510120058 6735046.445763019)", "Ansiktsside, rettet mot": "Tosidig", "Skiltnummer": "552 - Parkering"}, "vegsystem": "KV3004 S1D1 m399", "mor": [1027260537]}, "geometry": {"type": "Point", "coordinates": [5.31026872, 60.3980735]}}, {"type": "Feature", "properties": {"nvdb_id": 1027188738, "skiltnummer": "807.8 - Symbol, forflytningshemmede med parkeringstillatelse", "tekst": null, "kategori": "parkering", "egenskaper": {"Geometri, punkt": "POINT(-31589.556217934005 6735048.8384655155)", "Ansiktsside, rettet mot": "Trafikk mot metreringsretning", "Skiltnummer": "807.8 - Symbol, forflytningshemmede med parkeringstillatelse"}, "vegsystem": "KV4375 S1D1 m97", "mor": [1027188740]}, "geometry": {"type": "Point", "coordinates": [5.32929571, 60.39949139]}}, {"type": "Feature", "properties": {"nvdb_id": 1027188739, "skiltnummer": "552 - Parkering", "tekst": null, "kategori": "parkering", "egenskaper": {"Geometri, punkt": "POINT(-31589.556217934005 6735048.8384655155)", "Ansiktsside, rettet mot": "Trafikk mot metreringsretning", "Skiltnummer": "552 - Parkering"}, "vegsystem": "KV4375 S1D1 m97", "mor": [1027188740]}, "geometry": {"type": "Point", "coordinates": [5.32929571, 60.39949139]}}, {"type": "Feature", "properties": {"nvdb_id": 1027179755, "skiltnummer": "372 - Parkering forbudt", "tekst": null, "kategori": "forbud", "egenskaper": {"Geometri, punkt": "POINT(-31528.877827732824 6735047.82474628)", "Ansiktsside, rettet mot": "Tosidig", "Skiltnummer": "372 - Parkering forbudt"}, "vegsystem": "KV4952 S1D1 m175", "mor": [1027179757]}, "geometry": {"type": "Point", "coordinates": [5.3303839, 60.399562]}}, {"type": "Feature", "properties": {"nvdb_id": 1017121763, "skiltnummer": "372 - Parkering forbudt", "tekst": null, "kategori": "forbud", "egenskaper": {"Oppsettingsdato": "2021-06-09", "Plasseringskode": 20, "Geometri, punkt": "POINT Z (-32789.51971871406 6735055.443487269 29.97)", "Ansiktsside, rettet mot": "Tosidig", "Tosidig plate med ulike motiv": "Nei", "Skiltnummer": "372 - Parkering forbudt", "Belysning": "Ingen", "Folieklasse": "Klasse 1", "Prosjektreferanse": "Nordnes del 2"}, "vegsystem": "FV5348 S1D1 m1355", "mor": [1017121823]}, "geometry": {"type": "Point", "coordinates": [5.30781255, 60.39797444]}}, {"type": "Feature", "properties": {"nvdb_id": 1027189914, "skiltnummer": "372 - Parkering forbudt", "tekst": null, "kategori": "forbud", "egenskaper": {"Geometri, punkt": "POINT(-31681.80258650065 6735055.197841454)", "Ansiktsside, rettet mot": "Tosidig", "Skiltnummer": "372 - Parkering forbudt"}, "vegsystem": "KV4565 S1D1 m220", "mor": [1027189916]}, "geometry": {"type": "Point", "coordinates": [5.3276286, 60.3994267]}}, {"type": "Feature", "properties": {"nvdb_id": 1027190799, "skiltnummer": "372 - Parkering forbudt", "tekst": null, "kategori": "forbud", "egenskaper": {"Geometri, punkt": "POINT(-31939.353547226638 6735058.180910261)", "Ansiktsside, rettet mot": "Tosidig", "Skiltnummer": "372 - Parkering forbudt"}, "vegsystem": "KV4396 S1D1 m49", "mor": [1027190800]}, "geometry": {"type": "Point", "coordinates": [5.3230133, 60.3991152]}}, {"type": "Feature", "properties": {"nvdb_id": 1027190792, "skiltnummer": "806 - Tid", "tekst": null, "kategori": "parkering", "egenskaper": {"Geometri, punkt": "POINT(-31916.219486860442 6735063.552325467)", "Ansiktsside, rettet mot": "Tosidig", "Skiltnummer": "806 - Tid"}, "vegsystem": "KV4396 S1D1 m27", "mor": [1027190796]}, "geometry": {"type": "Point", "coordinates": [5.32341292, 60.3991931]}}, {"type": "Feature", "properties": {"nvdb_id": 1027190794, "skiltnummer": "552 - Parkering", "tekst": null, "kategori": "parkering", "egenskaper": {"Geometri, punkt": "POINT(-31916.219486860442 6735063.552325467)", "Ansiktsside, rettet mot": "Tosidig", "Skiltnummer": "552 - Parkering"}, "vegsystem": "KV4396 S1D1 m27", "mor": [1027190796]}, "geometry": {"type": "Point", "coordinates": [5.32341292, 60.3991931]}}, {"type": "Feature", "properties": {"nvdb_id": 1027260050, "skiltnummer": "372 - Parkering forbudt", "tekst": null, "kategori": "forbud", "egenskaper": {"Geometri, punkt": "POINT(-32738.21823858237 6735058.565747718)", "Ansiktsside, rettet mot": "Tosidig", "Skiltnummer": "372 - Parkering forbudt"}, "vegsystem": "KV4832 S1D1 m245", "mor": [1027260051]}, "geometry": {"type": "Point", "coordinates": [5.30872192, 60.3980695]}}, {"type": "Feature", "properties": {"nvdb_id": 745006500, "skiltnummer": "808.121 - Opphøyd gangfelt/Heva gangfelt", "tekst": null, "kategori": "parkering", "egenskaper": {"Oppsettingsdato": "2016-05-20", "Plasseringskode": 20, "Geometri, punkt": "POINT Z (-32811.05 6735059.33 34.455)", "Ansiktsside, rettet mot": "Trafikk mot metreringsretning", "Skiltform": "Plan", "Skiltnummer": "808.121 - Opphøyd gangfelt/Heva gangfelt", "Klappskilt": "Nei", "Størrelse": "Middels størrelse"}, "vegsystem": "FV5348 S1D1 m1335", "mor": [745006496]}, "geometry": {"type": "Point", "coordinates": [5.3074171, 60.39798054]}}, {"type": "Feature", "properties": {"nvdb_id": 218884473, "skiltnummer": "808.121 - Opphøyd gangfelt/Heva gangfelt", "tekst": null, "kategori": "parkering", "egenskaper": {"Geometri, punkt": "POINT Z (-32809.1803170755 6735059.41836764 30.505)", "Ansiktsside, rettet mot": "Trafikk i metreringsretning", "Skiltnummer": "808.121 - Opphøyd gangfelt/Heva gangfelt", "Belysning": "Ingen"}, "vegsystem": "FV5348 S1D1 m1337", "mor": [218884469]}, "geometry": {"type": "Point", "coordinates": [5.30745032, 60.39798378]}}, {"type": "Feature", "properties": {"nvdb_id": 218884478, "skiltnummer": "808.121 - Opphøyd gangfelt/Heva gangfelt", "tekst": null, "kategori": "parkering", "egenskaper": {"Geometri, punkt": "POINT Z (-32804.0209420755 6735066.82670097 30.505)", "Ansiktsside, rettet mot": "Trafikk i metreringsretning", "Skiltnummer": "808.121 - Opphøyd gangfelt/Heva gangfelt", "Belysning": "Ingen"}, "vegsystem": "FV5348 S1D1 m1337", "mor": [218884474]}, "geometry": {"type": "Point", "coordinates": [5.30752292, 60.39805613]}}, {"type": "Feature", "properties": {"nvdb_id": 1027185887, "skiltnummer": "372 - Parkering forbudt", "tekst": null, "kategori": "forbud", "egenskaper": {"Geometri, punkt": "POINT(-31625.813706224784 6735063.464018057)", "Ansiktsside, rettet mot": "Tosidig", "Skiltnummer": "372 - Parkering forbudt"}, "vegsystem": "KV4897 S1D1 m118", "mor": [1027185890]}, "geometry": {"type": "Point", "coordinates": [5.3286083, 60.3995733]}}, {"type": "Feature", "properties": {"nvdb_id": 1027190906, "skiltnummer": "807.8 - Symbol, forflytningshemmede med parkeringstillatelse", "tekst": null, "kategori": "parkering", "egenskaper": {"Geometri, punkt": "POINT(-32106.14046024403 6735064.915477342)", "Ansiktsside, rettet mot": "Tosidig", "Skiltnummer": "807.8 - Symbol, forflytningshemmede med parkeringstillatelse"}, "vegsystem": "KV5755 S1D1 m63", "mor": [1027190904]}, "geometry": {"type": "Point", "coordinates": [5.32001182, 60.39895589]}}, {"type": "Feature", "properties": {"nvdb_id": 1027190908, "skiltnummer": "552 - Parkering", "tekst": null, "kategori": "parkering", "egenskaper": {"Geometri, punkt": "POINT(-32106.14046024403 6735064.915477342)", "Ansiktsside, rettet mot": "Tosidig", "Skiltnummer": "552 - Parkering"}, "vegsystem": "KV5755 S1D1 m63", "mor": [1027190904]}, "geometry": {"type": "Point", "coordinates": [5.32001182, 60.39895589]}}, {"type": "Feature", "properties": {"nvdb_id": 1006527188, "skiltnummer": "807.6 - Symbol, sykkel og liten elektrisk motorvogn", "tekst": null, "kategori": "parkering", "egenskaper": {"Oppsettingsdato": "2019-06-04", "Plasseringskode": 20, "Geometri, punkt": "POINT Z (-32663.6 6735068.94 8.645)", "Ansiktsside, rettet mot": "Trafikk i metreringsretning", "Farge": "Hvit", "Tosidig plate med ulike motiv": "Nei", "Skiltnummer": "807.6 - Symbol, sykkel og liten elektrisk motorvogn", "Belysning": "Ingen", "Folieklasse": "Klasse 1", "Eier": "Fylkeskommune", "Størrelse": "Liten størrelse", "Vedlikeholdsansvarlig": "Fylkeskommune"}, "vegsystem": "FV5348 S1D1 m736", "mor": [1006527190]}, "geometry": {"type": "Point", "coordinates": [5.31002912, 60.39825937]}}, {"type": "Feature", "properties": {"nvdb_id": 1027179742, "skiltnummer": "372 - Parkering forbudt", "tekst": null, "kategori": "forbud", "egenskaper": {"Geometri, punkt": "POINT(-31536.210491737118 6735068.999003902)", "Ansiktsside, rettet mot": "Tosidig", "Skiltnummer": "372 - Parkering forbudt"}, "vegsystem": "KV4952 S1D1 m199", "mor": [1027179744]}, "geometry": {"type": "Point", "coordinates": [5.33019662, 60.3997398]}}, {"type": "Feature", "properties": {"nvdb_id": 1027190897, "skiltnummer": "372 - Parkering forbudt", "tekst": null, "kategori": "forbud", "egenskaper": {"Geometri, punkt": "POINT(-32101.80970785988 6735070.86012348)", "Ansiktsside, rettet mot": "Tosidig", "Skiltnummer": "372 - Parkering forbudt"}, "vegsystem": "KV5755 S1D1 m58", "mor": [1027190899]}, "geometry": {"type": "Point", "coordinates": [5.32007351, 60.3990142]}}, {"type": "Feature", "properties": {"nvdb_id": 557337990, "skiltnummer": "372 - Parkering forbudt", "tekst": null, "kategori": "forbud", "egenskaper": {"Geometri, punkt": "POINT Z (-32651.8855254088 6735071.98607597 6.696)", "Ansiktsside, rettet mot": "Parallelt mot veg", "Skiltform": "Plan", "Skiltnummer": "372 - Parkering forbudt", "Belysning": "Ingen", "Folieklasse": "Klasse 1"}, "vegsystem": "FV5348 S1D1 m729", "mor": [557337989]}, "geometry": {"type": "Point", "coordinates": [5.31023057, 60.39830172]}}, {"type": "Feature", "properties": {"nvdb_id": 557337992, "skiltnummer": "806 - Tid", "tekst": null, "kategori": "parkering", "egenskaper": {"Geometri, punkt": "POINT Z (-32651.8855254088 6735071.98607597 6.696)", "Ansiktsside, rettet mot": "Parallelt mot veg", "Skiltform": "Plan", "Skiltnummer": "806 - Tid", "Belysning": "Ingen", "Folieklasse": "Klasse 1"}, "vegsystem": "FV5348 S1D1 m729", "mor": [557337989]}, "geometry": {"type": "Point", "coordinates": [5.31023057, 60.39830172]}}, {"type": "Feature", "properties": {"nvdb_id": 1017121767, "skiltnummer": "372 - Parkering forbudt", "tekst": null, "kategori": "forbud", "egenskaper": {"Oppsettingsdato": "1900-01-01", "Geometri, punkt": "POINT Z (-32816.84876595321 6735075.180441055 30.13)", "Ansiktsside, rettet mot": "Tosidig", "Tosidig plate med ulike motiv": "Nei", "Skiltnummer": "372 - Parkering forbudt", "Belysning": "Ingen", "Folieklasse": "Klasse 1", "Prosjektreferanse": "Nordnes del 2"}, "vegsystem": "FV5348 S1D1 m1321", "mor": [1017121829]}, "geometry": {"type": "Point", "coordinates": [5.30727127, 60.3981132]}}, {"type": "Feature", "properties": {"nvdb_id": 1027260029, "skiltnummer": "372 - Parkering forbudt", "tekst": null, "kategori": "forbud", "egenskaper": {"Geometri, punkt": "POINT(-32740.9790402269 6735076.115907145)", "Ansiktsside, rettet mot": "Tosidig", "Skiltnummer": "372 - Parkering forbudt"}, "vegsystem": "KV4832 S1D1 m228", "mor": [1027260025]}, "geometry": {"type": "Point", "coordinates": [5.30862592, 60.3982212]}}, {"type": "Feature", "properties": {"nvdb_id": 1027190830, "skiltnummer": "372 - Parkering forbudt", "tekst": null, "kategori": "forbud", "egenskaper": {"Geometri, punkt": "POINT(-32009.294783775462 6735075.002888074)", "Ansiktsside, rettet mot": "Tosidig", "Skiltnummer": "372 - Parkering forbudt"}, "vegsystem": "KV5206 S1D1 m106", "mor": [1027190827]}, "geometry": {"type": "Point", "coordinates": [5.32171751, 60.3991723]}}, {"type": "Feature", "properties": {"nvdb_id": 1027186015, "skiltnummer": "372 - Parkering forbudt", "tekst": null, "kategori": "forbud", "egenskaper": {"Geometri, punkt": "POINT(-31600.161866001552 6735075.762779729)", "Ansiktsside, rettet mot": "Tosidig", "Skiltnummer": "372 - Parkering forbudt"}, "vegsystem": "KV4375 S2D1 m123", "mor": [1027186017]}, "geometry": {"type": "Point", "coordinates": [5.32903461, 60.3997158]}}, {"type": "Feature", "properties": {"nvdb_id": 1027193283, "skiltnummer": "372 - Parkering forbudt", "tekst": null, "kategori": "forbud", "egenskaper": {"Geometri, punkt": "POINT(-32031.772287570057 6735079.036573719)", "Ansiktsside, rettet mot": "Tosidig", "Skiltnummer": "372 - Parkering forbudt"}, "vegsystem": "KV4930 S1D1 m110", "mor": [1027193285]}, "geometry": {"type": "Point", "coordinates": [5.32130472, 60.3991785]}}, {"type": "Feature", "properties": {"nvdb_id": 1009219890, "skiltnummer": "372 - Parkering forbudt", "tekst": null, "kategori": "forbud", "egenskaper": {"Oppsettingsdato": "2019-06-04", "Geometri, punkt": "POINT Z (-32649.885846000514 6735076.429297606 8.716152427196503)", "Ansiktsside, rettet mot": "Tosidig", "Farge": "Blå", "Tosidig plate med ulike motiv": "Nei", "Skiltnummer": "372 - Parkering forbudt", "Belysning": "Ingen", "Folieklasse": "Klasse 2", "Eier": "Fylkeskommune", "Størrelse": "Middels størrelse", "Vedlikeholdsansvarlig": "Fylkeskommune"}, "vegsystem": "FV5348 S1D1 m725", "mor": [1009219864]}, "geometry": {"type": "Point", "coordinates": [5.31025454, 60.39834367]}}, {"type": "Feature", "properties": {"nvdb_id": 1006527182, "skiltnummer": "372 - Parkering forbudt", "tekst": null, "kategori": "forbud", "egenskaper": {"Oppsettingsdato": "2019-06-04", "Geometri, punkt": "POINT Z (-32649.89 6735076.43 8.715)", "Ansiktsside, rettet mot": "Tosidig", "Farge": "Blå", "Tosidig plate med ulike motiv": "Nei", "Skiltnummer": "372 - Parkering forbudt", "Belysning": "Ingen", "Folieklasse": "Klasse 2", "Eier": "Fylkeskommune", "Størrelse": "Middels størrelse", "Vedlikeholdsansvarlig": "Fylkeskommune"}, "vegsystem": "FV5348 S1D1 m725", "mor": [1006527183]}, "geometry": {"type": "Point", "coordinates": [5.31025447, 60.39834368]}}, {"type": "Feature", "properties": {"nvdb_id": 1006531172, "skiltnummer": "372 - Parkering forbudt", "tekst": null, "kategori": "forbud", "egenskaper": {"Oppsettingsdato": "2019-06-04", "Geometri, punkt": "POINT Z (-32649.89 6735076.43 8.715)", "Ansiktsside, rettet mot": "Tosidig", "Farge": "Blå", "Tosidig plate med ulike motiv": "Nei", "Skiltnummer": "372 - Parkering forbudt", "Belysning": "Ingen", "Folieklasse": "Klasse 2", "Eier": "Fylkeskommune", "Størrelse": "Middels størrelse", "Vedlikeholdsansvarlig": "Fylkeskommune"}, "vegsystem": "FV5348 S1D1 m725", "mor": [1006531174]}, "geometry": {"type": "Point", "coordinates": [5.31025447, 60.39834368]}}, {"type": "Feature", "properties": {"nvdb_id": 1027185824, "skiltnummer": "372 - Parkering forbudt", "tekst": null, "kategori": "forbud", "egenskaper": {"Geometri, punkt": "POINT(-31628.70686427562 6735078.342982197)", "Ansiktsside, rettet mot": "Tosidig", "Skiltnummer": "372 - Parkering forbudt"}, "vegsystem": "KV4897 S1D1 m133", "mor": [1027185826]}, "geometry": {"type": "Point", "coordinates": [5.32851711, 60.3997012]}}, {"type": "Feature", "properties": {"nvdb_id": 1027189908, "skiltnummer": "807.8 - Symbol, forflytningshemmede med parkeringstillatelse", "tekst": null, "kategori": "parkering", "egenskaper": {"Geometri, punkt": "POINT(-31692.638579989085 6735080.450675987)", "Ansiktsside, rettet mot": "Tosidig", "Skiltnummer": "807.8 - Symbol, forflytningshemmede med parkeringstillatelse"}, "vegsystem": "KV4565 S1D1 m248", "mor": [1027189912]}, "geometry": {"type": "Point", "coordinates": [5.3273678, 60.399636]}}, {"type": "Feature", "properties": {"nvdb_id": 1027189910, "skiltnummer": "552 - Parkering", "tekst": null, "kategori": "parkering", "egenskaper": {"Geometri, punkt": "POINT(-31692.638579989085 6735080.450675987)", "Ansiktsside, rettet mot": "Tosidig", "Skiltnummer": "552 - Parkering"}, "vegsystem": "KV4565 S1D1 m248", "mor": [1027189912]}, "geometry": {"type": "Point", "coordinates": [5.3273678, 60.399636]}}, {"type": "Feature", "properties": {"nvdb_id": 1027260032, "skiltnummer": "807.8 - Symbol, forflytningshemmede med parkeringstillatelse", "tekst": null, "kategori": "parkering", "egenskaper": {"Geometri, punkt": "POINT(-32757.36102808558 6735079.904356503)", "Ansiktsside, rettet mot": "Trafikk i metreringsretning", "Skiltnummer": "807.8 - Symbol, forflytningshemmede med parkeringstillatelse"}, "vegsystem": "KV4832 S1D1 m213", "mor": [1027260034]}, "geometry": {"type": "Point", "coordinates": [5.30832282, 60.39823319]}}, {"type": "Feature", "properties": {"nvdb_id": 1027260033, "skiltnummer": "552 - Parkering", "tekst": null, "kategori": "parkering", "egenskaper": {"Geometri, punkt": "POINT(-32757.36102808558 6735079.904356503)", "Ansiktsside, rettet mot": "Trafikk i metreringsretning", "Skiltnummer": "552 - Parkering"}, "vegsystem": "KV4832 S1D1 m213", "mor": [1027260034]}, "geometry": {"type": "Point", "coordinates": [5.30832282, 60.39823319]}}, {"type": "Feature", "properties": {"nvdb_id": 1006527176, "skiltnummer": "808 - Underskilt med annen tekst", "tekst": null, "kategori": "parkering", "egenskaper": {"Oppsettingsdato": "2019-06-04", "Plasseringskode": 20, "Geometri, punkt": "POINT Z (-32655.06 6735086.76 8.425)", "Ansiktsside, rettet mot": "Parallelt mot veg", "Farge": "Hvit", "Tosidig plate med ulike motiv": "Nei", "Skiltnummer": "808 - Underskilt med annen tekst", "Belysning": "Ingen", "Folieklasse": "Klasse 1", "Eier": "Fylkeskommune", "Størrelse": "Liten størrelse", "Vedlikeholdsansvarlig": "Fylkeskommune"}, "vegsystem": "FV5348 S1D1 m724", "mor": [1006527179]}, "geometry": {"type": "Point", "coordinates": [5.31013456, 60.39842831]}}, {"type": "Feature", "properties": {"nvdb_id": 1006527177, "skiltnummer": "808 - Underskilt med annen tekst", "tekst": "Lørdag (15 - 20)", "kategori": "parkering", "egenskaper": {"Oppsettingsdato": "2019-06-04", "Geometri, punkt": "POINT Z (-32655.06 6735086.76 8.425)", "Ansiktsside, rettet mot": "Trafikk i metreringsretning", "Farge": "Hvit", "Tosidig plate med ulike motiv": "Nei", "Skiltnummer": "808 - Underskilt med annen tekst", "Belysning": "Ingen", "Folieklasse": "Klasse 1", "Eier": "Fylkeskommune", "Størrelse": "Liten størrelse", "Tekst": "Lørdag (15 - 20)", "Vedlikeholdsansvarlig": "Fylkeskommune"}, "vegsystem": "FV5348 S1D1 m724", "mor": [1006527179]}, "geometry": {"type": "Point", "coordinates": [5.31013456, 60.39842831]}}, {"type": "Feature", "properties": {"nvdb_id": 1006527178, "skiltnummer": "552 - Parkering", "tekst": null, "kategori": "parkering", "egenskaper": {"Oppsettingsdato": "2019-06-04", "Plasseringskode": 10, "Geometri, punkt": "POINT Z (-32655.06 6735086.76 8.925)", "Ansiktsside, rettet mot": "Parallelt mot veg", "Farge": "Blå", "Tosidig plate med ulike motiv": "Nei", "Skiltnummer": "552 - Parkering", "Belysning": "Ingen", "Folieklasse": "Klasse 1", "Eier": "Fylkeskommune", "Størrelse": "Middels størrelse", "Vedlikeholdsansvarlig": "Fylkeskommune"}, "vegsystem": "FV5348 S1D1 m724", "mor": [1006527179]}, "geometry": {"type": "Point", "coordinates": [5.31013456, 60.39842831]}}, {"type": "Feature", "properties": {"nvdb_id": 1027190890, "skiltnummer": "372 - Parkering forbudt", "tekst": null, "kategori": "forbud", "egenskaper": {"Geometri, punkt": "POINT(-32101.84361656278 6735085.067207464)", "Ansiktsside, rettet mot": "Tosidig", "Skiltnummer": "372 - Parkering forbudt"}, "vegsystem": "KV5755 S1D1 m44", "mor": [1027190893]}, "geometry": {"type": "Point", "coordinates": [5.32003521, 60.3991399]}}, {"type": "Feature", "properties": {"nvdb_id": 1027260038, "skiltnummer": "807.8 - Symbol, forflytningshemmede med parkeringstillatelse", "tekst": null, "kategori": "parkering", "egenskaper": {"Geometri, punkt": "POINT(-32762.874858634663 6735085.27653936)", "Ansiktsside, rettet mot": "Tosidig", "Skiltnummer": "807.8 - Symbol, forflytningshemmede med parkeringstillatelse"}, "vegsystem": "KV4832 S1D1 m206", "mor": [1027260043]}, "geometry": {"type": "Point", "coordinates": [5.30820992, 60.3982735]}}, {"type": "Feature", "properties": {"nvdb_id": 1027260041, "skiltnummer": "552 - Parkering", "tekst": null, "kategori": "parkering", "egenskaper": {"Geometri, punkt": "POINT(-32762.874858634663 6735085.27653936)", "Ansiktsside, rettet mot": "Tosidig", "Skiltnummer": "552 - Parkering"}, "vegsystem": "KV4832 S1D1 m206", "mor": [1027260043]}, "geometry": {"type": "Point", "coordinates": [5.30820992, 60.3982735]}}, {"type": "Feature", "properties": {"nvdb_id": 82515767, "skiltnummer": "372 - Parkering forbudt", "tekst": null, "kategori": "forbud", "egenskaper": {"Geometri, punkt": "POINT Z (-32617.7557135037 6735086.11139832 -999999)", "Ansiktsside, rettet mot": "Tosidig", "Skiltnummer": "372 - Parkering forbudt", "Belysning": "Ingen"}, "vegsystem": "FV5348 S1D1 m675", "mor": [82515770]}, "geometry": {"type": "Point", "coordinates": [5.31080357, 60.39847158]}}, {"type": "Feature", "properties": {"nvdb_id": 218884621, "skiltnummer": "372 - Parkering forbudt", "tekst": null, "kategori": "forbud", "egenskaper": {"Geometri, punkt": "POINT Z (-31880.8451762069 6735088.17457286 11.108)", "Ansiktsside, rettet mot": "Tosidig", "Skiltnummer": "372 - Parkering forbudt", "Belysning": "Ingen"}, "vegsystem": "FV5342 S1D1 m602", "mor": [218884620]}, "geometry": {"type": "Point", "coordinates": [5.32398043, 60.39945745]}}, {"type": "Feature", "properties": {"nvdb_id": 1027186020, "skiltnummer": "372 - Parkering forbudt", "tekst": null, "kategori": "forbud", "egenskaper": {"Geometri, punkt": "POINT(-31602.821424508 6735090.143872521)", "Ansiktsside, rettet mot": "Tosidig", "Skiltnummer": "372 - Parkering forbudt"}, "vegsystem": "KV4375 S2D1 m138", "mor": [1027186019]}, "geometry": {"type": "Point", "coordinates": [5.32894892, 60.3998396]}}, {"type": "Feature", "properties": {"nvdb_id": 1027190844, "skiltnummer": "808 - Underskilt med annen tekst", "tekst": "P-automat", "kategori": "parkering", "egenskaper": {"Geometri, punkt": "POINT(-32027.27528326481 6735096.356641467)", "Ansiktsside, rettet mot": "Parallelt mot veg", "Skiltnummer": "808 - Underskilt med annen tekst", "Tekst": "P-automat"}, "vegsystem": "KV5206 S1D1 m79", "mor": [1027190846]}, "geometry": {"type": "Point", "coordinates": [5.32133922, 60.3993377]}}, {"type": "Feature", "properties": {"nvdb_id": 1027193267, "skiltnummer": "808 - Underskilt med annen tekst", "tekst": null, "kategori": "parkering", "egenskaper": {"Geometri, punkt": "POINT(-32010.676714249304 6735092.900977947)", "Ansiktsside, rettet mot": "Tosidig", "Skiltnummer": "808 - Underskilt med annen tekst"}, "vegsystem": "KV4930 S1D1 m133", "mor": [1027193270]}, "geometry": {"type": "Point", "coordinates": [5.32164531, 60.3993289]}}, {"type": "Feature", "properties": {"nvdb_id": 1027193269, "skiltnummer": "552 - Parkering", "tekst": null, "kategori": "parkering", "egenskaper": {"Geometri, punkt": "POINT(-32010.676714249304 6735092.900977947)", "Ansiktsside, rettet mot": "Tosidig", "Skiltnummer": "552 - Parkering"}, "vegsystem": "KV4930 S1D1 m133", "mor": [1027193270]}, "geometry": {"type": "Point", "coordinates": [5.32164531, 60.3993289]}}, {"type": "Feature", "properties": {"nvdb_id": 1027190609, "skiltnummer": "552 - Parkering", "tekst": null, "kategori": "parkering", "egenskaper": {"Geometri, punkt": "POINT(-31786.678276453982 6735096.772466749)", "Ansiktsside, rettet mot": "Tosidig", "Skiltnummer": "552 - Parkering"}, "vegsystem": "KV5052 S1D1 m29", "mor": [1027190612]}, "geometry": {"type": "Point", "coordinates": [5.32564222, 60.39965709]}}, {"type": "Feature", "properties": {"nvdb_id": 1027190611, "skiltnummer": "807.8 - Symbol, forflytningshemmede med parkeringstillatelse", "tekst": null, "kategori": "parkering", "egenskaper": {"Geometri, punkt": "POINT(-31786.678276453982 6735096.772466749)", "Ansiktsside, rettet mot": "Tosidig", "Skiltnummer": "807.8 - Symbol, forflytningshemmede med parkeringstillatelse"}, "vegsystem": "KV5052 S1D1 m29", "mor": [1027190612]}, "geometry": {"type": "Point", "coordinates": [5.32564222, 60.39965709]}}, {"type": "Feature", "properties": {"nvdb_id": 1027259842, "skiltnummer": "376.1 - Parkeringssone", "tekst": "08 - 23 (08 - 17) Med p-kort", "kategori": "boligsone", "egenskaper": {"Geometri, punkt": "POINT(-32688.463343450916 6735096.067922276)", "Ansiktsside, rettet mot": "Trafikk mot metreringsretning", "Skiltnummer": "376.1 - Parkeringssone", "Tekst": "08 - 23 (08 - 17) Med p-kort"}, "vegsystem": "KV5324 S1D1 m167", "mor": [1027259845]}, "geometry": {"type": "Point", "coordinates": [5.30951232, 60.3984668]}}, {"type": "Feature", "properties": {"nvdb_id": 557337977, "skiltnummer": "372 - Parkering forbudt", "tekst": null, "kategori": "forbud", "egenskaper": {"Geometri, punkt": "POINT Z (-32612.8594837422 6735105.5881593 2.632)", "Ansiktsside, rettet mot": "Tosidig", "Skiltform": "Plan", "Skiltnummer": "372 - Parkering forbudt", "Belysning": "Ingen"}, "vegsystem": "FV5348 S1D1 m688", "mor": [557337976]}, "geometry": {"type": "Point", "coordinates": [5.31083945, 60.3986504]}}, {"type": "Feature", "properties": {"nvdb_id": 557337979, "skiltnummer": "806 - Tid", "tekst": null, "kategori": "parkering", "egenskaper": {"Geometri, punkt": "POINT Z (-32612.8594837422 6735105.5881593 2.632)", "Ansiktsside, rettet mot": "Parallelt mot veg", "Skiltnummer": "806 - Tid", "Belysning": "Ingen"}, "vegsystem": "FV5348 S1D1 m688", "mor": [557337976]}, "geometry": {"type": "Point", "coordinates": [5.31083945, 60.3986504]}}, {"type": "Feature", "properties": {"nvdb_id": 1027259838, "skiltnummer": "376.1 - Parkeringssone", "tekst": null, "kategori": "forbud", "egenskaper": {"Geometri, punkt": "POINT(-32693.004113201634 6735102.120317734)", "Ansiktsside, rettet mot": "Trafikk mot metreringsretning", "Skiltnummer": "376.1 - Parkeringssone"}, "vegsystem": "KV5324 S1D1 m170", "mor": [1027259839]}, "geometry": {"type": "Point", "coordinates": [5.30941502, 60.39851439]}}, {"type": "Feature", "properties": {"nvdb_id": 1027190616, "skiltnummer": "808 - Underskilt med annen tekst", "tekst": "Gjelder beboere med P-kort til sone 7", "kategori": "boligsone", "egenskaper": {"Geometri, punkt": "POINT(-31788.89851455833 6735103.100902623)", "Ansiktsside, rettet mot": "Tosidig", "Skiltnummer": "808 - Underskilt med annen tekst", "Tekst": "Gjelder beboere med P-kort til sone 7"}, "vegsystem": "KV5052 S1D1 m35", "mor": [1027190619]}, "geometry": {"type": "Point", "coordinates": [5.3255857, 60.3997102]}}, {"type": "Feature", "properties": {"nvdb_id": 1027190617, "skiltnummer": "552 - Parkering", "tekst": null, "kategori": "parkering", "egenskaper": {"Geometri, punkt": "POINT(-31788.89851455833 6735103.100902623)", "Ansiktsside, rettet mot": "Tosidig", "Skiltnummer": "552 - Parkering"}, "vegsystem": "KV5052 S1D1 m35", "mor": [1027190619]}, "geometry": {"type": "Point", "coordinates": [5.3255857, 60.3997102]}}, {"type": "Feature", "properties": {"nvdb_id": 1017121781, "skiltnummer": "372 - Parkering forbudt", "tekst": null, "kategori": "forbud", "egenskaper": {"Oppsettingsdato": "1900-01-01", "Geometri, punkt": "POINT Z (-32857.9802595434 6735103.665453851 28.1)", "Ansiktsside, rettet mot": "Tosidig", "Tosidig plate med ulike motiv": "Nei", "Skiltnummer": "372 - Parkering forbudt", "Belysning": "Ingen", "Folieklasse": "Klasse 1", "Prosjektreferanse": "Nordnes del 2"}, "vegsystem": "FV5348 S1D1 m1271", "mor": [1017121824]}, "geometry": {"type": "Point", "coordinates": [5.30645985, 60.39831124]}}, {"type": "Feature", "properties": {"nvdb_id": 1027190885, "skiltnummer": "372 - Parkering forbudt", "tekst": null, "kategori": "forbud", "egenskaper": {"Geometri, punkt": "POINT(-32101.058852527873 6735105.43476955)", "Ansiktsside, rettet mot": "Tosidig", "Skiltnummer": "372 - Parkering forbudt"}, "vegsystem": "KV5755 S1D1 m24", "mor": [1027190883]}, "geometry": {"type": "Point", "coordinates": [5.31999521, 60.3993212]}}, {"type": "Feature", "properties": {"nvdb_id": 1027258924, "skiltnummer": "808 - Underskilt med annen tekst", "tekst": "Gangfelt", "kategori": "parkering", "egenskaper": {"Geometri, punkt": "POINT(-32616.889067738084 6735110.5359421205)", "Ansiktsside, rettet mot": "Trafikk i metreringsretning", "Skiltnummer": "808 - Underskilt med annen tekst", "Tekst": "Gangfelt"}, "vegsystem": "KV10830 S1D1 m9", "mor": [1027258926]}, "geometry": {"type": "Point", "coordinates": [5.31075422, 60.3986889]}}, {"type": "Feature", "properties": {"nvdb_id": 1017121778, "skiltnummer": "808.161 - Skole/Skule", "tekst": null, "kategori": "parkering", "egenskaper": {"Oppsettingsdato": "2021-06-09", "Plasseringskode": 20, "Geometri, punkt": "POINT Z (-32890.89937244868 6735114.386775424 26.26)", "Ansiktsside, rettet mot": "Trafikk mot metreringsretning", "Tosidig plate med ulike motiv": "Nei", "Skiltnummer": "808.161 - Skole/Skule", "Belysning": "Ingen", "Folieklasse": "Klasse 2", "Prosjektreferanse": "Nordnes del 2"}, "vegsystem": "FV5348 S1D1 m1239", "mor": [1017121819]}, "geometry": {"type": "Point", "coordinates": [5.30584252, 60.39836286]}}, {"type": "Feature", "properties": {"nvdb_id": 1006527205, "skiltnummer": "808.121 - Opphøyd gangfelt/Heva gangfelt", "tekst": null, "kategori": "parkering", "egenskaper": {"Oppsettingsdato": "2019-06-04", "Plasseringskode": 20, "Geometri, punkt": "POINT Z (-32694.45 6735115.15 8.885)", "Ansiktsside, rettet mot": "Trafikk mot metreringsretning", "Farge": "Hvit", "Tosidig plate med ulike motiv": "Nei", "Skiltnummer": "808.121 - Opphøyd gangfelt/Heva gangfelt", "Belysning": "Ingen", "Folieklasse": "Klasse 2", "Eier": "Fylkeskommune", "Størrelse": "Liten størrelse", "Vedlikeholdsansvarlig": "Fylkeskommune"}, "vegsystem": "FV5348 S1D1 m789", "mor": [1006527206]}, "geometry": {"type": "Point", "coordinates": [5.30935455, 60.39862782]}}, {"type": "Feature", "properties": {"nvdb_id": 1027258975, "skiltnummer": "552 - Parkering", "tekst": null, "kategori": "parkering", "egenskaper": {"Geometri, punkt": "POINT(-32641.540606027585 6735115.743651851)", "Ansiktsside, rettet mot": "Parallelt mot veg", "Skiltnummer": "552 - Parkering"}, "vegsystem": "KV10830 S1D1 m27", "mor": [1027258979]}, "geometry": {"type": "Point", "coordinates": [5.31029941, 60.3987026]}}, {"type": "Feature", "properties": {"nvdb_id": 1027258977, "skiltnummer": "808 - Underskilt med annen tekst", "tekst": "Lørdag (15 - 20)", "kategori": "parkering", "egenskaper": {"Geometri, punkt": "POINT(-32641.540606027585 6735115.743651851)", "Ansiktsside, rettet mot": "Parallelt mot veg", "Skiltnummer": "808 - Underskilt med annen tekst", "Tekst": "Lørdag (15 - 20)"}, "vegsystem": "KV10830 S1D1 m27", "mor": [1027258979]}, "geometry": {"type": "Point", "coordinates": [5.31029941, 60.3987026]}}, {"type": "Feature", "properties": {"nvdb_id": 1027258978, "skiltnummer": "806 - Tid", "tekst": "08 - 23 (08 - 15) Maks 2 timer mot avgift", "kategori": "parkering", "egenskaper": {"Geometri, punkt": "POINT(-32641.540606027585 6735115.743651851)", "Ansiktsside, rettet mot": "Parallelt mot veg", "Skiltnummer": "806 - Tid", "Tekst": "08 - 23 (08 - 15) Maks 2 timer mot avgift"}, "vegsystem": "KV10830 S1D1 m27", "mor": [1027258979]}, "geometry": {"type": "Point", "coordinates": [5.31029941, 60.3987026]}}, {"type": "Feature", "properties": {"nvdb_id": 1027185831, "skiltnummer": "372 - Parkering forbudt", "tekst": null, "kategori": "forbud", "egenskaper": {"Geometri, punkt": "POINT(-31649.122633085586 6735116.618362516)", "Ansiktsside, rettet mot": "Tosidig", "Skiltnummer": "372 - Parkering forbudt"}, "vegsystem": "KV4897 S1D1 m177", "mor": [1027185832]}, "geometry": {"type": "Point", "coordinates": [5.3280504, 60.40001319]}}, {"type": "Feature", "properties": {"nvdb_id": 1006527192, "skiltnummer": "372 - Parkering forbudt", "tekst": null, "kategori": "forbud", "egenskaper": {"Oppsettingsdato": "2019-06-04", "Geometri, punkt": "POINT Z (-32686.64 6735121.41 4.855)", "Ansiktsside, rettet mot": "Trafikk i metreringsretning", "Skiltnummer": "372 - Parkering forbudt"}, "vegsystem": "FV5348 S1D1 m789", "mor": [1006527193]}, "geometry": {"type": "Point", "coordinates": [5.30947763, 60.39869348]}}, {"type": "Feature", "properties": {"nvdb_id": 218884468, "skiltnummer": "808.161 - Skole/Skule", "tekst": null, "kategori": "parkering", "egenskaper": {"Geometri, punkt": "POINT Z (-32892.5240670755 6735118.02357597 25.34)", "Ansiktsside, rettet mot": "Trafikk i metreringsretning", "Skiltnummer": "808.161 - Skole/Skule", "Belysning": "Ingen"}, "vegsystem": "FV5348 S1D1 m1236", "mor": [218884466]}, "geometry": {"type": "Point", "coordinates": [5.30580379, 60.39839291]}}, {"type": "Feature", "properties": {"nvdb_id": 1017121777, "skiltnummer": "808.176 - Utkjørsel", "tekst": null, "kategori": "parkering", "egenskaper": {"Oppsettingsdato": "2021-06-09", "Geometri, punkt": "POINT Z (-32895.22851492232 6735118.802092337 25.95)", "Ansiktsside, rettet mot": "Parallelt mot veg", "Tosidig plate med ulike motiv": "Nei", "Skiltnummer": "808.176 - Utkjørsel", "Belysning": "Ingen", "Folieklasse": "Klasse 1", "Prosjektreferanse": "Nordnes del 2"}, "vegsystem": "FV5348 S1D1 m1233", "mor": [1017121830]}, "geometry": {"type": "Point", "coordinates": [5.30575334, 60.39839624]}}, {"type": "Feature", "properties": {"nvdb_id": 1027189881, "skiltnummer": "372 - Parkering forbudt", "tekst": null, "kategori": "forbud", "egenskaper": {"Geometri, punkt": "POINT(-31720.153351737652 6735122.230368262)", "Ansiktsside, rettet mot": "Tosidig", "Skiltnummer": "372 - Parkering forbudt"}, "vegsystem": "KV4565 S1D1 m297", "mor": [1027189879]}, "geometry": {"type": "Point", "coordinates": [5.32676482, 60.39996969]}}, {"type": "Feature", "properties": {"nvdb_id": 1027189875, "skiltnummer": "372 - Parkering forbudt", "tekst": null, "kategori": "forbud", "egenskaper": {"Geometri, punkt": "POINT(-31727.952615766902 6735121.126668476)", "Ansiktsside, rettet mot": "Tosidig", "Skiltnummer": "372 - Parkering forbudt"}, "vegsystem": "KV4565 S1D1 m301", "mor": [1027189871]}, "geometry": {"type": "Point", "coordinates": [5.3266282, 60.3999497]}}, {"type": "Feature", "properties": {"nvdb_id": 1027190868, "skiltnummer": "552 - Parkering", "tekst": null, "kategori": "parkering", "egenskaper": {"Geometri, punkt": "POINT(-32107.582231300417 6735128.049980629)", "Ansiktsside, rettet mot": "Tosidig", "Skiltnummer": "552 - Parkering"}, "vegsystem": "KV5755 S1D1 m5", "mor": [1027190873]}, "geometry": {"type": "Point", "coordinates": [5.31981852, 60.3995128]}}, {"type": "Feature", "properties": {"nvdb_id": 1027190872, "skiltnummer": "808 - Underskilt med annen tekst", "tekst": null, "kategori": "parkering", "egenskaper": {"Geometri, punkt": "POINT(-32107.582231300417 6735128.049980629)", "Ansiktsside, rettet mot": "Tosidig", "Skiltnummer": "808 - Underskilt med annen tekst"}, "vegsystem": "KV5755 S1D1 m5", "mor": [1027190873]}, "geometry": {"type": "Point", "coordinates": [5.31981852, 60.3995128]}}, {"type": "Feature", "properties": {"nvdb_id": 1027190864, "skiltnummer": "372 - Parkering forbudt", "tekst": null, "kategori": "forbud", "egenskaper": {"Geometri, punkt": "POINT(-32087.423652690486 6735124.551753077)", "Ansiktsside, rettet mot": "Tosidig", "Skiltnummer": "372 - Parkering forbudt"}, "vegsystem": "KV5206 S1D1 m12", "mor": [1027190866]}, "geometry": {"type": "Point", "coordinates": [5.32018841, 60.3995083]}}, {"type": "Feature", "properties": {"nvdb_id": 1027179748, "skiltnummer": "372 - Parkering forbudt", "tekst": null, "kategori": "forbud", "egenskaper": {"Geometri, punkt": "POINT(-31562.748708884 6735124.811534717)", "Ansiktsside, rettet mot": "Trafikk mot metreringsretning", "Skiltnummer": "372 - Parkering forbudt"}, "vegsystem": "KV4952 S1D1 m259", "mor": [1027179750]}, "geometry": {"type": "Point", "coordinates": [5.3295739, 60.400199]}}, {"type": "Feature", "properties": {"nvdb_id": 1027193258, "skiltnummer": "372 - Parkering forbudt", "tekst": null, "kategori": "forbud", "egenskaper": {"Geometri, punkt": "POINT(-31992.866724224645 6735125.058809936)", "Ansiktsside, rettet mot": "Tosidig", "Skiltnummer": "372 - Parkering forbudt"}, "vegsystem": "KV4930 S1D1 m170", "mor": [1027193261]}, "geometry": {"type": "Point", "coordinates": [5.32187861, 60.3996369]}}, {"type": "Feature", "properties": {"nvdb_id": 1027260010, "skiltnummer": "372 - Parkering forbudt", "tekst": null, "kategori": "forbud", "egenskaper": {"Geometri, punkt": "POINT(-32808.84905886778 6735134.598636467)", "Ansiktsside, rettet mot": "Tosidig", "Skiltnummer": "372 - Parkering forbudt"}, "vegsystem": "KV4832 S1D1 m139", "mor": [1027260013]}, "geometry": {"type": "Point", "coordinates": [5.30725652, 60.3986496]}}, {"type": "Feature", "properties": {"nvdb_id": 1006527195, "skiltnummer": "552 - Parkering", "tekst": null, "kategori": "parkering", "egenskaper": {"Oppsettingsdato": "2019-06-04", "Plasseringskode": 10, "Geometri, punkt": "POINT Z (-32711.1 6735131.17 9.535)", "Ansiktsside, rettet mot": "Trafikk mot metreringsretning", "Farge": "Blå", "Tosidig plate med ulike motiv": "Nei", "Skiltnummer": "552 - Parkering", "Belysning": "Ingen", "Folieklasse": "Klasse 1", "Eier": "Fylkeskommune", "Størrelse": "Middels størrelse", "Vedlikeholdsansvarlig": "Fylkeskommune"}, "vegsystem": "FV5348 S1D1 m813", "mor": [1006527211]}, "geometry": {"type": "Point", "coordinates": [5.30901416, 60.39874772]}}, {"type": "Feature", "properties": {"nvdb_id": 1006527203, "skiltnummer": "807.8 - Symbol, forflytningshemmede med parkeringstillatelse", "tekst": null, "kategori": "parkering", "egenskaper": {"Oppsettingsdato": "2019-06-04", "Plasseringskode": 20, "Geometri, punkt": "POINT Z (-32711.1 6735131.17 9.035)", "Ansiktsside, rettet mot": "Trafikk mot metreringsretning", "Farge": "Hvit", "Tosidig plate med ulike motiv": "Nei", "Skiltnummer": "807.8 - Symbol, forflytningshemmede med parkeringstillatelse", "Belysning": "Ingen", "Folieklasse": "Klasse 1", "Eier": "Fylkeskommune", "Størrelse": "Liten størrelse", "Vedlikeholdsansvarlig": "Fylkeskommune"}, "vegsystem": "FV5348 S1D1 m813", "mor": [1006527211]}, "geometry": {"type": "Point", "coordinates": [5.30901416, 60.39874772]}}, {"type": "Feature", "properties": {"nvdb_id": 1027186023, "skiltnummer": "372 - Parkering forbudt", "tekst": null, "kategori": "forbud", "egenskaper": {"Geometri, punkt": "POINT(-31625.987378650927 6735133.097284699)", "Ansiktsside, rettet mot": "Tosidig", "Skiltnummer": "372 - Parkering forbudt"}, "vegsystem": "KV4375 S2D1 m187", "mor": [1027186025]}, "geometry": {"type": "Point", "coordinates": [5.32842062, 60.4001894]}}, {"type": "Feature", "properties": {"nvdb_id": 1027193214, "skiltnummer": "808 - Underskilt med annen tekst", "tekst": null, "kategori": "parkering", "egenskaper": {"Geometri, punkt": "POINT(-31927.520293265814 6735135.503049852)", "Ansiktsside, rettet mot": "Parallelt mot veg", "Skiltnummer": "808 - Underskilt med annen tekst"}, "vegsystem": "KV14610 S1D1 m44", "mor": [1027193219]}, "geometry": {"type": "Point", "coordinates": [5.32301992, 60.3998151]}}, {"type": "Feature", "properties": {"nvdb_id": 1027193217, "skiltnummer": "552 - Parkering", "tekst": null, "kategori": "parkering", "egenskaper": {"Geometri, punkt": "POINT(-31927.520293265814 6735135.503049852)", "Ansiktsside, rettet mot": "Parallelt mot veg", "Skiltnummer": "552 - Parkering"}, "vegsystem": "KV14610 S1D1 m44", "mor": [1027193219]}, "geometry": {"type": "Point", "coordinates": [5.32301992, 60.3998151]}}, {"type": "Feature", "properties": {"nvdb_id": 1027193220, "skiltnummer": "808 - Underskilt med annen tekst", "tekst": null, "kategori": "parkering", "egenskaper": {"Geometri, punkt": "POINT(-31927.520293265814 6735135.503049852)", "Ansiktsside, rettet mot": "Parallelt mot veg", "Skiltnummer": "808 - Underskilt med annen tekst"}, "vegsystem": "KV14610 S1D1 m44", "mor": [1027193219]}, "geometry": {"type": "Point", "coordinates": [5.32301992, 60.3998151]}}, {"type": "Feature", "properties": {"nvdb_id": 1027193253, "skiltnummer": "806 - Tid", "tekst": "08 - 23 (08 - 23) Maks 2 timer mot avgift", "kategori": "parkering", "egenskaper": {"Geometri, punkt": "POINT(-31996.7389383805 6735139.168385402)", "Ansiktsside, rettet mot": "Tosidig", "Skiltnummer": "806 - Tid", "Tekst": "08 - 23 (08 - 23) Maks 2 timer mot avgift"}, "vegsystem": "KV4930 S1D1 m180", "mor": [1027193256]}, "geometry": {"type": "Point", "coordinates": [5.32177191, 60.39975669]}}, {"type": "Feature", "properties": {"nvdb_id": 1027193254, "skiltnummer": "552 - Parkering", "tekst": null, "kategori": "parkering", "egenskaper": {"Geometri, punkt": "POINT(-31996.7389383805 6735139.168385402)", "Ansiktsside, rettet mot": "Tosidig", "Skiltnummer": "552 - Parkering"}, "vegsystem": "KV4930 S1D1 m180", "mor": [1027193256]}, "geometry": {"type": "Point", "coordinates": [5.32177191, 60.39975669]}}, {"type": "Feature", "properties": {"nvdb_id": 1027258963, "skiltnummer": "808 - Underskilt med annen tekst", "tekst": "Lørdag (15 - 20)", "kategori": "parkering", "egenskaper": {"Geometri, punkt": "POINT(-32652.591543751536 6735136.196690269)", "Ansiktsside, rettet mot": "Parallelt mot veg", "Skiltnummer": "808 - Underskilt med annen tekst", "Tekst": "Lørdag (15 - 20)"}, "vegsystem": "KV5311 S1D1 m12", "mor": [1027258970]}, "geometry": {"type": "Point", "coordinates": [5.31004741, 60.3988691]}}, {"type": "Feature", "properties": {"nvdb_id": 1027258967, "skiltnummer": "806 - Tid", "tekst": "08 - 23 (08 - 15 ) maks 2 timer mot avgift", "kategori": "parkering", "egenskaper": {"Geometri, punkt": "POINT(-32652.591543751536 6735136.196690269)", "Ansiktsside, rettet mot": "Parallelt mot veg", "Skiltnummer": "806 - Tid", "Tekst": "08 - 23 (08 - 15 ) maks 2 timer mot avgift"}, "vegsystem": "KV5311 S1D1 m12", "mor": [1027258970]}, "geometry": {"type": "Point", "coordinates": [5.31004741, 60.3988691]}}, {"type": "Feature", "properties": {"nvdb_id": 1027258968, "skiltnummer": "552 - Parkering", "tekst": null, "kategori": "parkering", "egenskaper": {"Geometri, punkt": "POINT(-32652.591543751536 6735136.196690269)", "Ansiktsside, rettet mot": "Parallelt mot veg", "Skiltnummer": "552 - Parkering"}, "vegsystem": "KV5311 S1D1 m12", "mor": [1027258970]}, "geometry": {"type": "Point", "coordinates": [5.31004741, 60.3988691]}}, {"type": "Feature", "properties": {"nvdb_id": 1027185836, "skiltnummer": "372 - Parkering forbudt", "tekst": null, "kategori": "forbud", "egenskaper": {"Geometri, punkt": "POINT(-31654.0921215883 6735137.702685948)", "Ansiktsside, rettet mot": "Tosidig", "Skiltnummer": "372 - Parkering forbudt"}, "vegsystem": "KV4897 S1D1 m198", "mor": [1027185835]}, "geometry": {"type": "Point", "coordinates": [5.32790561, 60.4001933]}}, {"type": "Feature", "properties": {"nvdb_id": 1027185752, "skiltnummer": "552 - Parkering", "tekst": null, "kategori": "parkering", "egenskaper": {"Geometri, punkt": "POINT(-31591.358261766494 6735140.269589841)", "Ansiktsside, rettet mot": "Tosidig", "Skiltnummer": "552 - Parkering"}, "vegsystem": "KV4685 S1D1 m113", "mor": [1027185755]}, "geometry": {"type": "Point", "coordinates": [5.32902111, 60.4002983]}}, {"type": "Feature", "properties": {"nvdb_id": 1027185754, "skiltnummer": "807.8 - Symbol, forflytningshemmede med parkeringstillatelse", "tekst": null, "kategori": "parkering", "egenskaper": {"Geometri, punkt": "POINT(-31591.358261766494 6735140.269589841)", "Ansiktsside, rettet mot": "Tosidig", "Skiltnummer": "807.8 - Symbol, forflytningshemmede med parkeringstillatelse"}, "vegsystem": "KV4685 S1D1 m113", "mor": [1027185755]}, "geometry": {"type": "Point", "coordinates": [5.32902111, 60.4002983]}}, {"type": "Feature", "properties": {"nvdb_id": 1027260229, "skiltnummer": "552 - Parkering", "tekst": null, "kategori": "parkering", "egenskaper": {"Geometri, punkt": "POINT(-32883.88388433098 6735144.115968774)", "Ansiktsside, rettet mot": "Tosidig", "Skiltnummer": "552 - Parkering"}, "vegsystem": "KV4272 S1D1 m16", "mor": [1027260233]}, "geometry": {"type": "Point", "coordinates": [5.30588902, 60.3986352]}}, {"type": "Feature", "properties": {"nvdb_id": 1027260232, "skiltnummer": "807.8 - Symbol, forflytningshemmede med parkeringstillatelse", "tekst": null, "kategori": "parkering", "egenskaper": {"Geometri, punkt": "POINT(-32883.88388433098 6735144.115968774)", "Ansiktsside, rettet mot": "Tosidig", "Skiltnummer": "807.8 - Symbol, forflytningshemmede med parkeringstillatelse"}, "vegsystem": "KV4272 S1D1 m16", "mor": [1027260233]}, "geometry": {"type": "Point", "coordinates": [5.30588902, 60.3986352]}}, {"type": "Feature", "properties": {"nvdb_id": 1027185797, "skiltnummer": "807.8 - Symbol, forflytningshemmede med parkeringstillatelse", "tekst": null, "kategori": "parkering", "egenskaper": {"Geometri, punkt": "POINT(-31592.711223294842 6735146.265976651)", "Ansiktsside, rettet mot": "Trafikk i metreringsretning", "Skiltnummer": "807.8 - Symbol, forflytningshemmede med parkeringstillatelse"}, "vegsystem": "KV4685 S1D1 m119", "mor": [1027185801]}, "geometry": {"type": "Point", "coordinates": [5.32898101, 60.4003496]}}, {"type": "Feature", "properties": {"nvdb_id": 1027185799, "skiltnummer": "552 - Parkering", "tekst": null, "kategori": "parkering", "egenskaper": {"Geometri, punkt": "POINT(-31592.711223294842 6735146.265976651)", "Ansiktsside, rettet mot": "Trafikk i metreringsretning", "Skiltnummer": "552 - Parkering"}, "vegsystem": "KV4685 S1D1 m119", "mor": [1027185801]}, "geometry": {"type": "Point", "coordinates": [5.32898101, 60.4003496]}}, {"type": "Feature", "properties": {"nvdb_id": 1013324916, "skiltnummer": "372 - Parkering forbudt", "tekst": null, "kategori": "forbud", "egenskaper": {"Oppsettingsdato": "2020-09-25", "Geometri, punkt": "POINT Z (-32906.6012751041 6735149.999037317 26.18)", "Ansiktsside, rettet mot": "Tosidig", "Skiltnummer": "372 - Parkering forbudt", "Belysning": "Ingen", "Folieklasse": "Klasse 1", "Prosjektreferanse": "Nordnes del 2", "Størrelse": "Liten størrelse"}, "vegsystem": "FV5348 S1D1 m1202", "mor": [1013324917]}, "geometry": {"type": "Point", "coordinates": [5.30546703, 60.3986574]}}, {"type": "Feature", "properties": {"nvdb_id": 1027260223, "skiltnummer": "807.8 - Symbol, forflytningshemmede med parkeringstillatelse", "tekst": null, "kategori": "parkering", "egenskaper": {"Geometri, punkt": "POINT(-32879.88887686015 6735148.392382847)", "Ansiktsside, rettet mot": "Tosidig", "Skiltnummer": "807.8 - Symbol, forflytningshemmede med parkeringstillatelse"}, "vegsystem": "KV4272 S1D1 m22", "mor": [1027260227]}, "geometry": {"type": "Point", "coordinates": [5.30594912, 60.39867829]}}, {"type": "Feature", "properties": {"nvdb_id": 1027260225, "skiltnummer": "552 - Parkering", "tekst": null, "kategori": "parkering", "egenskaper": {"Geometri, punkt": "POINT(-32879.88887686015 6735148.392382847)", "Ansiktsside, rettet mot": "Tosidig", "Skiltnummer": "552 - Parkering"}, "vegsystem": "KV4272 S1D1 m22", "mor": [1027260227]}, "geometry": {"type": "Point", "coordinates": [5.30594912, 60.39867829]}}, {"type": "Feature", "properties": {"nvdb_id": 1027179737, "skiltnummer": "372 - Parkering forbudt", "tekst": null, "kategori": "forbud", "egenskaper": {"Geometri, punkt": "POINT(-31568.161936275195 6735149.203940921)", "Ansiktsside, rettet mot": "Tosidig", "Skiltnummer": "372 - Parkering forbudt"}, "vegsystem": "KV4952 S1D1 m284", "mor": [1027179739]}, "geometry": {"type": "Point", "coordinates": [5.32941241, 60.4004078]}}, {"type": "Feature", "properties": {"nvdb_id": 1027190647, "skiltnummer": "376.1 - Parkeringssone", "tekst": null, "kategori": "forbud", "egenskaper": {"Geometri, punkt": "POINT(-31802.59147932718 6735151.837353077)", "Ansiktsside, rettet mot": "Trafikk mot metreringsretning", "Skiltnummer": "376.1 - Parkeringssone"}, "vegsystem": "KV5052 S1D1 m87", "mor": [1027190646]}, "geometry": {"type": "Point", "coordinates": [5.32521152, 60.4001236]}}, {"type": "Feature", "properties": {"nvdb_id": 1027190656, "skiltnummer": "376.1 - Parkeringssone", "tekst": null, "kategori": "forbud", "egenskaper": {"Geometri, punkt": "POINT(-31810.675029931823 6735153.001721804)", "Ansiktsside, rettet mot": "Trafikk mot metreringsretning", "Skiltnummer": "376.1 - Parkeringssone"}, "vegsystem": "KV5052 S1D1 m89", "mor": [1027190660]}, "geometry": {"type": "Point", "coordinates": [5.32506381, 60.4001233]}}, {"type": "Feature", "properties": {"nvdb_id": 1027193246, "skiltnummer": "808 - Underskilt med annen tekst", "tekst": null, "kategori": "parkering", "egenskaper": {"Geometri, punkt": "POINT(-31975.091423345846 6735153.402992839)", "Ansiktsside, rettet mot": "Tosidig", "Skiltnummer": "808 - Underskilt med annen tekst"}, "vegsystem": "KV4930 S1D1 m207", "mor": [1027193247]}, "geometry": {"type": "Point", "coordinates": [5.32212142, 60.3999111]}}, {"type": "Feature", "properties": {"nvdb_id": 1027193249, "skiltnummer": "552 - Parkering", "tekst": null, "kategori": "parkering", "egenskaper": {"Geometri, punkt": "POINT(-31975.091423345846 6735153.402992839)", "Ansiktsside, rettet mot": "Tosidig", "Skiltnummer": "552 - Parkering"}, "vegsystem": "KV4930 S1D1 m207", "mor": [1027193247]}, "geometry": {"type": "Point", "coordinates": [5.32212142, 60.3999111]}}, {"type": "Feature", "properties": {"nvdb_id": 1027193226, "skiltnummer": "552 - Parkering", "tekst": null, "kategori": "parkering", "egenskaper": {"Geometri, punkt": "POINT(-31941.33515703387 6735156.600277852)", "Ansiktsside, rettet mot": "Parallelt mot veg", "Skiltnummer": "552 - Parkering"}, "vegsystem": "KV14610 S1D1 m21", "mor": [1027193229]}, "geometry": {"type": "Point", "coordinates": [5.32271682, 60.3999837]}}, {"type": "Feature", "properties": {"nvdb_id": 1027193227, "skiltnummer": "808 - Underskilt med annen tekst", "tekst": null, "kategori": "parkering", "egenskaper": {"Geometri, punkt": "POINT(-31941.33515703387 6735156.600277852)", "Ansiktsside, rettet mot": "Parallelt mot veg", "Skiltnummer": "808 - Underskilt med annen tekst"}, "vegsystem": "KV14610 S1D1 m21", "mor": [1027193229]}, "geometry": {"type": "Point", "coordinates": [5.32271682, 60.3999837]}}, {"type": "Feature", "properties": {"nvdb_id": 1027193228, "skiltnummer": "808 - Underskilt med annen tekst", "tekst": "Gjelder beboere med p-kort til sone 1", "kategori": "boligsone", "egenskaper": {"Geometri, punkt": "POINT(-31941.33515703387 6735156.600277852)", "Ansiktsside, rettet mot": "Parallelt mot veg", "Skiltnummer": "808 - Underskilt med annen tekst", "Tekst": "Gjelder beboere med p-kort til sone 1"}, "vegsystem": "KV14610 S1D1 m21", "mor": [1027193229]}, "geometry": {"type": "Point", "coordinates": [5.32271682, 60.3999837]}}, {"type": "Feature", "properties": {"nvdb_id": 1006527168, "skiltnummer": "552 - Parkering", "tekst": null, "kategori": "parkering", "egenskaper": {"Oppsettingsdato": "2019-06-04", "Plasseringskode": 10, "Geometri, punkt": "POINT Z (-32735.74 6735156.24 9.705)", "Ansiktsside, rettet mot": "Trafikk mot metreringsretning", "Farge": "Blå", "Tosidig plate med ulike motiv": "Nei", "Skiltnummer": "552 - Parkering", "Belysning": "Ingen", "Folieklasse": "Klasse 1", "Eier": "Fylkeskommune", "Størrelse": "Middels størrelse", "Vedlikeholdsansvarlig": "Fylkeskommune"}, "vegsystem": "FV5348 S1D1 m848", "mor": [1006527204]}, "geometry": {"type": "Point", "coordinates": [5.30850681, 60.39893722]}}, {"type": "Feature", "properties": {"nvdb_id": 1006527185, "skiltnummer": "808 - Underskilt med annen tekst", "tekst": null, "kategori": "parkering", "egenskaper": {"Oppsettingsdato": "2019-06-04", "Plasseringskode": 20, "Geometri, punkt": "POINT Z (-32735.74 6735156.24 9.205)", "Ansiktsside, rettet mot": "Trafikk mot metreringsretning", "Farge": "Hvit", "Tosidig plate med ulike motiv": "Nei", "Skiltnummer": "808 - Underskilt med annen tekst", "Belysning": "Ingen", "Folieklasse": "Klasse 1", "Eier": "Fylkeskommune", "Størrelse": "Liten størrelse", "Vedlikeholdsansvarlig": "Fylkeskommune"}, "vegsystem": "FV5348 S1D1 m848", "mor": [1006527204]}, "geometry": {"type": "Point", "coordinates": [5.30850681, 60.39893722]}}, {"type": "Feature", "properties": {"nvdb_id": 1013324895, "skiltnummer": "808.121 - Opphøyd gangfelt/Heva gangfelt", "tekst": null, "kategori": "parkering", "egenskaper": {"Oppsettingsdato": "2020-09-25", "Plasseringskode": 20, "Geometri, punkt": "POINT Z (-32923.061095544836 6735156.895672912 25.400000000000002)", "Ansiktsside, rettet mot": "Trafikk i metreringsretning", "Skiltnummer": "808.121 - Opphøyd gangfelt/Heva gangfelt", "Belysning": "Ingen", "Folieklasse": "Klasse 2", "Prosjektreferanse": "Nordnes del 2", "Størrelse": "Liten størrelse"}, "vegsystem": "FV5348 S1D1 m1187", "mor": [1013324906]}, "geometry": {"type": "Point", "coordinates": [5.30515427, 60.3986968]}}, {"type": "Feature", "properties": {"nvdb_id": 1027259030, "skiltnummer": "552 - Parkering", "tekst": null, "kategori": "parkering", "egenskaper": {"Geometri, punkt": "POINT(-32650.154341630754 6735162.703174262)", "Ansiktsside, rettet mot": "Tosidig", "Skiltnummer": "552 - Parkering"}, "vegsystem": "KV5311 S1D1 m34", "mor": [1027259033]}, "geometry": {"type": "Point", "coordinates": [5.31002062, 60.3991069]}}, {"type": "Feature", "properties": {"nvdb_id": 1027259032, "skiltnummer": "807.8 - Symbol, forflytningshemmede med parkeringstillatelse", "tekst": null, "kategori": "parkering", "egenskaper": {"Geometri, punkt": "POINT(-32650.154341630754 6735162.703174262)", "Ansiktsside, rettet mot": "Tosidig", "Skiltnummer": "807.8 - Symbol, forflytningshemmede med parkeringstillatelse"}, "vegsystem": "KV5311 S1D1 m34", "mor": [1027259033]}, "geometry": {"type": "Point", "coordinates": [5.31002062, 60.3991069]}}, {"type": "Feature", "properties": {"nvdb_id": 1027193236, "skiltnummer": "372 - Parkering forbudt", "tekst": null, "kategori": "forbud", "egenskaper": {"Geometri, punkt": "POINT(-31960.856933206203 6735160.432631148)", "Ansiktsside, rettet mot": "Tosidig", "Skiltnummer": "372 - Parkering forbudt"}, "vegsystem": "KV14610 S1D1 m3", "mor": [1027193238]}, "geometry": {"type": "Point", "coordinates": [5.32235741, 60.399992]}}, {"type": "Feature", "properties": {"nvdb_id": 1027178315, "skiltnummer": "376.1 - Parkeringssone", "tekst": "08 - 23 (08 - 17) Med P-kort eller mot avgift", "kategori": "boligsone", "egenskaper": {"Geometri, punkt": "POINT(-31790.36395562312 6735160.566059574)", "Ansiktsside, rettet mot": "Trafikk i metreringsretning", "Skiltnummer": "376.1 - Parkeringssone", "Tekst": "08 - 23 (08 - 17) Med P-kort eller mot avgift"}, "vegsystem": "KV5318 S1D1 m17", "mor": [1027178321]}, "geometry": {"type": "Point", "coordinates": [5.32540711, 60.4002169]}}, {"type": "Feature", "properties": {"nvdb_id": 1027260216, "skiltnummer": "372 - Parkering forbudt", "tekst": null, "kategori": "forbud", "egenskaper": {"Geometri, punkt": "POINT(-32874.86190967413 6735167.633376578)", "Ansiktsside, rettet mot": "Tosidig", "Skiltnummer": "372 - Parkering forbudt"}, "vegsystem": "KV4272 S1D1 m40", "mor": [1027260218]}, "geometry": {"type": "Point", "coordinates": [5.30598792, 60.39885519]}}, {"type": "Feature", "properties": {"nvdb_id": 1027178327, "skiltnummer": "376.1 - Parkeringssone", "tekst": "08 - 23 (08 - 17) Med P-kort eller mot avgift", "kategori": "boligsone", "egenskaper": {"Geometri, punkt": "POINT(-31795.049519344815 6735168.627032345)", "Ansiktsside, rettet mot": "Trafikk i metreringsretning", "Skiltnummer": "376.1 - Parkeringssone", "Tekst": "08 - 23 (08 - 17) Med P-kort eller mot avgift"}, "vegsystem": "KV5318 S1D1 m17", "mor": [1027178333]}, "geometry": {"type": "Point", "coordinates": [5.3253019, 60.4002821]}}, {"type": "Feature", "properties": {"nvdb_id": 1027178268, "skiltnummer": "372 - Parkering forbudt", "tekst": null, "kategori": "forbud", "egenskaper": {"Geometri, punkt": "POINT(-31815.870836959803 6735169.837986038)", "Ansiktsside, rettet mot": "Tosidig", "Skiltnummer": "372 - Parkering forbudt"}, "vegsystem": "KV4111 S1D1 m10", "mor": [1027178271]}, "geometry": {"type": "Point", "coordinates": [5.32492621, 60.4002655]}}, {"type": "Feature", "properties": {"nvdb_id": 1006527170, "skiltnummer": "372 - Parkering forbudt", "tekst": null, "kategori": "forbud", "egenskaper": {"Oppsettingsdato": "2019-06-04", "Geometri, punkt": "POINT Z (-32732.98 6735171.2 9.775)", "Ansiktsside, rettet mot": "Trafikk i metreringsretning", "Farge": "Blå", "Tosidig plate med ulike motiv": "Nei", "Skiltnummer": "372 - Parkering forbudt", "Belysning": "Ingen", "Folieklasse": "Klasse 2", "Eier": "Fylkeskommune", "Størrelse": "Middels størrelse", "Vedlikeholdsansvarlig": "Fylkeskommune"}, "vegsystem": "FV5348 S1D1 m857", "mor": [1006527171]}, "geometry": {"type": "Point", "coordinates": [5.30851644, 60.39907325]}}, {"type": "Feature", "properties": {"nvdb_id": 1027259022, "skiltnummer": "808 - Underskilt med annen tekst", "tekst": null, "kategori": "parkering", "egenskaper": {"Geometri, punkt": "POINT(-32658.044557462912 6735171.874129643)", "Ansiktsside, rettet mot": "Tosidig", "Skiltnummer": "808 - Underskilt med annen tekst"}, "vegsystem": "KV5311 S1D1 m46", "mor": [1027259020]}, "geometry": {"type": "Point", "coordinates": [5.30985511, 60.3991777]}}, {"type": "Feature", "properties": {"nvdb_id": 1027259024, "skiltnummer": "552 - Parkering", "tekst": null, "kategori": "parkering", "egenskaper": {"Geometri, punkt": "POINT(-32658.044557462912 6735171.874129643)", "Ansiktsside, rettet mot": "Tosidig", "Skiltnummer": "552 - Parkering"}, "vegsystem": "KV5311 S1D1 m46", "mor": [1027259020]}, "geometry": {"type": "Point", "coordinates": [5.30985511, 60.3991777]}}, {"type": "Feature", "properties": {"nvdb_id": 1027193241, "skiltnummer": "372 - Parkering forbudt", "tekst": null, "kategori": "forbud", "egenskaper": {"Geometri, punkt": "POINT(-31974.937533750548 6735179.208101714)", "Ansiktsside, rettet mot": "Tosidig", "Skiltnummer": "372 - Parkering forbudt"}, "vegsystem": "KV4930 S1D1 m220", "mor": [1027193243]}, "geometry": {"type": "Point", "coordinates": [5.3220557, 60.4001397]}}, {"type": "Feature", "properties": {"nvdb_id": 1027185595, "skiltnummer": "372 - Parkering forbudt", "tekst": null, "kategori": "forbud", "egenskaper": {"Geometri, punkt": "POINT(-31810.918188601034 6735169.499254698)", "Ansiktsside, rettet mot": "Tosidig", "Skiltnummer": "372 - Parkering forbudt"}, "vegsystem": "KV4981 S1D10 m7", "mor": [1027185597]}, "geometry": {"type": "Point", "coordinates": [5.32501571, 60.400269]}}, {"type": "Feature", "properties": {"nvdb_id": 1027185596, "skiltnummer": "808 - Underskilt med annen tekst", "tekst": "Gjelder plassen", "kategori": "parkering", "egenskaper": {"Geometri, punkt": "POINT(-31810.918188601034 6735169.499254698)", "Ansiktsside, rettet mot": "Tosidig", "Skiltnummer": "808 - Underskilt med annen tekst", "Tekst": "Gjelder plassen"}, "vegsystem": "KV4981 S1D10 m7", "mor": [1027185597]}, "geometry": {"type": "Point", "coordinates": [5.32501571, 60.400269]}}, {"type": "Feature", "properties": {"nvdb_id": 1027259013, "skiltnummer": "372 - Parkering forbudt", "tekst": null, "kategori": "forbud", "egenskaper": {"Geometri, punkt": "POINT(-32679.141152240685 6735171.955791299)", "Ansiktsside, rettet mot": "Tosidig", "Skiltnummer": "372 - Parkering forbudt"}, "vegsystem": "KV5311 S1D1 m60", "mor": [1027259016]}, "geometry": {"type": "Point", "coordinates": [5.30947752, 60.3991507]}}, {"type": "Feature", "properties": {"nvdb_id": 1027259007, "skiltnummer": "552 - Parkering", "tekst": null, "kategori": "parkering", "egenskaper": {"Geometri, punkt": "POINT(-32665.246681187185 6735180.219827834)", "Ansiktsside, rettet mot": "Parallelt mot veg", "Skiltnummer": "552 - Parkering"}, "vegsystem": "KV5311 S1D1 m56", "mor": [1027259010]}, "geometry": {"type": "Point", "coordinates": [5.30970411, 60.3992421]}}, {"type": "Feature", "properties": {"nvdb_id": 1027259012, "skiltnummer": "808 - Underskilt med annen tekst", "tekst": null, "kategori": "parkering", "egenskaper": {"Geometri, punkt": "POINT(-32665.246681187185 6735180.219827834)", "Ansiktsside, rettet mot": "Parallelt mot veg", "Skiltnummer": "808 - Underskilt med annen tekst"}, "vegsystem": "KV5311 S1D1 m56", "mor": [1027259010]}, "geometry": {"type": "Point", "coordinates": [5.30970411, 60.3992421]}}, {"type": "Feature", "properties": {"nvdb_id": 1013324907, "skiltnummer": "372 - Parkering forbudt", "tekst": null, "kategori": "forbud", "egenskaper": {"Oppsettingsdato": "2020-09-25", "Geometri, punkt": "POINT Z (-32939.13948502834 6735176.528350236 24.71)", "Ansiktsside, rettet mot": "Tosidig", "Skiltnummer": "372 - Parkering forbudt", "Belysning": "Ingen", "Folieklasse": "Klasse 1", "Prosjektreferanse": "Nordnes del 2"}, "vegsystem": "FV5348 S1D1 m1161", "mor": [1013324910]}, "geometry": {"type": "Point", "coordinates": [5.3048145, 60.39884942]}}, {"type": "Feature", "properties": {"nvdb_id": 1006527165, "skiltnummer": "372 - Parkering forbudt", "tekst": null, "kategori": "forbud", "egenskaper": {"Oppsettingsdato": "2019-06-04", "Geometri, punkt": "POINT Z (-32756.44 6735177.47 9.795)", "Ansiktsside, rettet mot": "Trafikk mot metreringsretning", "Farge": "Blå", "Tosidig plate med ulike motiv": "Nei", "Skiltnummer": "372 - Parkering forbudt", "Belysning": "Ingen", "Folieklasse": "Klasse 2", "Eier": "Fylkeskommune", "Størrelse": "Middels størrelse", "Vedlikeholdsansvarlig": "Fylkeskommune"}, "vegsystem": "FV5348 S1D1 m878", "mor": [1006527210]}, "geometry": {"type": "Point", "coordinates": [5.30808013, 60.39909791]}}, {"type": "Feature", "properties": {"nvdb_id": 1027185840, "skiltnummer": "372 - Parkering forbudt", "tekst": null, "kategori": "forbud", "egenskaper": {"Geometri, punkt": "POINT(-31677.68494074454 6735178.900875182)", "Ansiktsside, rettet mot": "Tosidig", "Skiltnummer": "372 - Parkering forbudt"}, "vegsystem": "KV4897 S1D1 m246", "mor": [1027185838]}, "geometry": {"type": "Point", "coordinates": [5.32737431, 60.400527]}}, {"type": "Feature", "properties": {"nvdb_id": 1013324898, "skiltnummer": "376.1 - Parkeringssone", "tekst": null, "kategori": "forbud", "egenskaper": {"Oppsettingsdato": "2020-09-25", "Geometri, punkt": "POINT Z (-32943.041136491694 6735180.662776911 24.7)", "Ansiktsside, rettet mot": "Trafikk i metreringsretning", "Skiltnummer": "376.1 - Parkeringssone", "Belysning": "Ingen", "Folieklasse": "Klasse 1", "Prosjektreferanse": "Nordnes del 2", "Størrelse": "Liten størrelse"}, "vegsystem": "FV5348 S1D1 m1156", "mor": [1013324908]}, "geometry": {"type": "Point", "coordinates": [5.30473372, 60.39888088]}}, {"type": "Feature", "properties": {"nvdb_id": 1013324897, "skiltnummer": "376.1 - Parkeringssone", "tekst": null, "kategori": "forbud", "egenskaper": {"Oppsettingsdato": "2020-09-25", "Geometri, punkt": "POINT Z (-32935.784120835015 6735185.557412024 24.5)", "Ansiktsside, rettet mot": "Trafikk mot metreringsretning", "Skiltnummer": "376.1 - Parkeringssone", "Belysning": "Ingen", "Folieklasse": "Klasse 1", "Prosjektreferanse": "Nordnes del 2", "Størrelse": "Liten størrelse"}, "vegsystem": "FV5348 S1D1 m1156", "mor": [1013324913]}, "geometry": {"type": "Point", "coordinates": [5.30485052, 60.39893374]}}, {"type": "Feature", "properties": {"nvdb_id": 1027258998, "skiltnummer": "552 - Parkering", "tekst": null, "kategori": "parkering", "egenskaper": {"Geometri, punkt": "POINT(-32693.54922592838 6735186.51241576)", "Ansiktsside, rettet mot": "Tosidig", "Skiltnummer": "552 - Parkering"}, "vegsystem": "KV5311 S1D1 m81", "mor": [1027259000]}, "geometry": {"type": "Point", "coordinates": [5.30918112, 60.39926059]}}, {"type": "Feature", "properties": {"nvdb_id": 1027259002, "skiltnummer": "808 - Underskilt med annen tekst", "tekst": null, "kategori": "parkering", "egenskaper": {"Geometri, punkt": "POINT(-32693.54922592838 6735186.51241576)", "Ansiktsside, rettet mot": "Tosidig", "Skiltnummer": "808 - Underskilt med annen tekst"}, "vegsystem": "KV5311 S1D1 m81", "mor": [1027259000]}, "geometry": {"type": "Point", "coordinates": [5.30918112, 60.39926059]}}, {"type": "Feature", "properties": {"nvdb_id": 1027178197, "skiltnummer": "552 - Parkering", "tekst": null, "kategori": "parkering", "egenskaper": {"Geometri, punkt": "POINT(-31861.900490508182 6735188.0276751565)", "Ansiktsside, rettet mot": "Tosidig", "Skiltnummer": "552 - Parkering"}, "vegsystem": "KV4111 S1D1 m59", "mor": [1027178200]}, "geometry": {"type": "Point", "coordinates": [5.32405452, 60.4003661]}}, {"type": "Feature", "properties": {"nvdb_id": 1027178198, "skiltnummer": "807.8 - Symbol, forflytningshemmede med parkeringstillatelse", "tekst": null, "kategori": "parkering", "egenskaper": {"Geometri, punkt": "POINT(-31861.900490508182 6735188.0276751565)", "Ansiktsside, rettet mot": "Tosidig", "Skiltnummer": "807.8 - Symbol, forflytningshemmede med parkeringstillatelse"}, "vegsystem": "KV4111 S1D1 m59", "mor": [1027178200]}, "geometry": {"type": "Point", "coordinates": [5.32405452, 60.4003661]}}, {"type": "Feature", "properties": {"nvdb_id": 1027258994, "skiltnummer": "372 - Parkering forbudt", "tekst": null, "kategori": "forbud", "egenskaper": {"Geometri, punkt": "POINT(-32685.035536451964 6735200.140023048)", "Ansiktsside, rettet mot": "Tosidig", "Skiltnummer": "372 - Parkering forbudt"}, "vegsystem": "KV5311 S1D1 m84", "mor": [1027258996]}, "geometry": {"type": "Point", "coordinates": [5.30929721, 60.3993924]}}, {"type": "Feature", "properties": {"nvdb_id": 1027178180, "skiltnummer": "552 - Parkering", "tekst": null, "kategori": "parkering", "egenskaper": {"Geometri, punkt": "POINT(-31873.030514972168 6735196.242023798)", "Ansiktsside, rettet mot": "Tosidig", "Skiltnummer": "552 - Parkering"}, "vegsystem": "KV4111 S1D1 m73", "mor": [1027178184]}, "geometry": {"type": "Point", "coordinates": [5.3238336, 60.4004242]}}, {"type": "Feature", "properties": {"nvdb_id": 1027178183, "skiltnummer": "807.8 - Symbol, forflytningshemmede med parkeringstillatelse", "tekst": null, "kategori": "parkering", "egenskaper": {"Geometri, punkt": "POINT(-31873.030514972168 6735196.242023798)", "Ansiktsside, rettet mot": "Tosidig", "Skiltnummer": "807.8 - Symbol, forflytningshemmede med parkeringstillatelse"}, "vegsystem": "KV4111 S1D1 m73", "mor": [1027178184]}, "geometry": {"type": "Point", "coordinates": [5.3238336, 60.4004242]}}, {"type": "Feature", "properties": {"nvdb_id": 1027258991, "skiltnummer": "372 - Parkering forbudt", "tekst": null, "kategori": "forbud", "egenskaper": {"Geometri, punkt": "POINT(-32706.914721115492 6735200.033008284)", "Ansiktsside, rettet mot": "Tosidig", "Skiltnummer": "372 - Parkering forbudt"}, "vegsystem": "KV5311 S1D1 m99", "mor": [1027258989]}, "geometry": {"type": "Point", "coordinates": [5.30890611, 60.3993627]}}, {"type": "Feature", "properties": {"nvdb_id": 1027259997, "skiltnummer": "807.3 - Symbol, buss", "tekst": null, "kategori": "parkering", "egenskaper": {"Geometri, punkt": "POINT(-32890.41688798205 6735208.789296701)", "Ansiktsside, rettet mot": "Tosidig", "Skiltnummer": "807.3 - Symbol, buss"}, "vegsystem": "KV4832 S1D1 m27", "mor": [1027260001]}, "geometry": {"type": "Point", "coordinates": [5.30560032, 60.39919899]}}, {"type": "Feature", "properties": {"nvdb_id": 1027260000, "skiltnummer": "552 - Parkering", "tekst": null, "kategori": "parkering", "egenskaper": {"Geometri, punkt": "POINT(-32890.41688798205 6735208.789296701)", "Ansiktsside, rettet mot": "Tosidig", "Skiltnummer": "552 - Parkering"}, "vegsystem": "KV4832 S1D1 m27", "mor": [1027260001]}, "geometry": {"type": "Point", "coordinates": [5.30560032, 60.39919899]}}, {"type": "Feature", "properties": {"nvdb_id": 1027178423, "skiltnummer": "372 - Parkering forbudt", "tekst": null, "kategori": "forbud", "egenskaper": {"Geometri, punkt": "POINT(-31754.372499949764 6735206.152082184)", "Ansiktsside, rettet mot": "Tosidig", "Skiltnummer": "372 - Parkering forbudt"}, "vegsystem": "KV5318 S1D1 m74", "mor": [1027178425]}, "geometry": {"type": "Point", "coordinates": [5.32593012, 60.4006676]}}, {"type": "Feature", "properties": {"nvdb_id": 1027259046, "skiltnummer": "372 - Parkering forbudt", "tekst": null, "kategori": "forbud", "egenskaper": {"Geometri, punkt": "POINT(-32734.09333419241 6735210.8819447635)", "Ansiktsside, rettet mot": "Tosidig", "Skiltnummer": "372 - Parkering forbudt"}, "vegsystem": "KV4793 S1D1 m16", "mor": [1027259042]}, "geometry": {"type": "Point", "coordinates": [5.30839112, 60.399423]}}, {"type": "Feature", "properties": {"nvdb_id": 1027185846, "skiltnummer": "372 - Parkering forbudt", "tekst": null, "kategori": "forbud", "egenskaper": {"Geometri, punkt": "POINT(-31709.30587240844 6735210.996566247)", "Ansiktsside, rettet mot": "Tosidig", "Skiltnummer": "372 - Parkering forbudt"}, "vegsystem": "KV4897 S1D1 m292", "mor": [1027185848]}, "geometry": {"type": "Point", "coordinates": [5.32672351, 60.4007696]}}, {"type": "Feature", "properties": {"nvdb_id": 1027259054, "skiltnummer": "808 - Underskilt med annen tekst", "tekst": "Gjelder beboere med p-kort sone 1 og 5", "kategori": "boligsone", "egenskaper": {"Geometri, punkt": "POINT(-32721.002706924686 6735212.677961724)", "Ansiktsside, rettet mot": "Tosidig", "Skiltnummer": "808 - Underskilt med annen tekst", "Tekst": "Gjelder beboere med p-kort sone 1 og 5"}, "vegsystem": "KV5311 S1D1 m124", "mor": [1027259055]}, "geometry": {"type": "Point", "coordinates": [5.30862051, 60.3994561]}}, {"type": "Feature", "properties": {"nvdb_id": 1027259058, "skiltnummer": "552 - Parkering", "tekst": null, "kategori": "parkering", "egenskaper": {"Geometri, punkt": "POINT(-32721.002706924686 6735212.677961724)", "Ansiktsside, rettet mot": "Tosidig", "Skiltnummer": "552 - Parkering"}, "vegsystem": "KV5311 S1D1 m124", "mor": [1027259055]}, "geometry": {"type": "Point", "coordinates": [5.30862051, 60.3994561]}}, {"type": "Feature", "properties": {"nvdb_id": 1027259986, "skiltnummer": "372 - Parkering forbudt", "tekst": null, "kategori": "forbud", "egenskaper": {"Geometri, punkt": "POINT(-32906.17631150212 6735212.700757035)", "Ansiktsside, rettet mot": "Tosidig", "Skiltnummer": "372 - Parkering forbudt"}, "vegsystem": "KV4832 S1D1 m14", "mor": [1027259984]}, "geometry": {"type": "Point", "coordinates": [5.30530803, 60.3992129]}}, {"type": "Feature", "properties": {"nvdb_id": 1006527194, "skiltnummer": "552 - Parkering", "tekst": null, "kategori": "parkering", "egenskaper": {"Oppsettingsdato": "2019-06-04", "Plasseringskode": 10, "Geometri, punkt": "POINT Z (-32795.69 6735212.71 10.135)", "Ansiktsside, rettet mot": "Trafikk mot metreringsretning", "Farge": "Blå", "Tosidig plate med ulike motiv": "Nei", "Skiltnummer": "552 - Parkering", "Belysning": "Ingen", "Folieklasse": "Klasse 1", "Eier": "Fylkeskommune", "Størrelse": "Middels størrelse", "Vedlikeholdsansvarlig": "Fylkeskommune"}, "vegsystem": "FV5348 S1D1 m931", "mor": [1006527213]}, "geometry": {"type": "Point", "coordinates": [5.3072844, 60.39935822]}}, {"type": "Feature", "properties": {"nvdb_id": 1006527212, "skiltnummer": "808 - Underskilt med annen tekst", "tekst": null, "kategori": "parkering", "egenskaper": {"Oppsettingsdato": "2019-06-04", "Plasseringskode": 20, "Geometri, punkt": "POINT Z (-32795.69 6735212.71 9.635)", "Ansiktsside, rettet mot": "Trafikk mot metreringsretning", "Farge": "Hvit", "Tosidig plate med ulike motiv": "Nei", "Skiltnummer": "808 - Underskilt med annen tekst", "Belysning": "Ingen", "Folieklasse": "Klasse 1", "Eier": "Fylkeskommune", "Størrelse": "Liten størrelse", "Vedlikeholdsansvarlig": "Fylkeskommune"}, "vegsystem": "FV5348 S1D1 m931", "mor": [1006527213]}, "geometry": {"type": "Point", "coordinates": [5.3072844, 60.39935822]}}, {"type": "Feature", "properties": {"nvdb_id": 1027185529, "skiltnummer": "372 - Parkering forbudt", "tekst": null, "kategori": "forbud", "egenskaper": {"Geometri, punkt": "POINT(-31876.220288806944 6735212.995706715)", "Ansiktsside, rettet mot": "Tosidig", "Skiltnummer": "372 - Parkering forbudt"}, "vegsystem": "KV4299 S1D1 m10", "mor": [1027185531]}, "geometry": {"type": "Point", "coordinates": [5.32373212, 60.4005683]}}, {"type": "Feature", "properties": {"nvdb_id": 1013324883, "skiltnummer": "372 - Parkering forbudt", "tekst": null, "kategori": "forbud", "egenskaper": {"Oppsettingsdato": "2020-09-25", "Geometri, punkt": "POINT Z (-32925.66836754419 6735216.044298453 21.59)", "Ansiktsside, rettet mot": "Tosidig", "Skiltnummer": "372 - Parkering forbudt", "Belysning": "Ingen", "Folieklasse": "Klasse 1", "Prosjektreferanse": "Nordnes del 2", "Størrelse": "Liten størrelse"}, "vegsystem": "FV5348 S1D1 m1120", "mor": [1013324884]}, "geometry": {"type": "Point", "coordinates": [5.30495047, 60.39921686]}}, {"type": "Feature", "properties": {"nvdb_id": 1027259049, "skiltnummer": "372 - Parkering forbudt", "tekst": null, "kategori": "forbud", "egenskaper": {"Geometri, punkt": "POINT(-32726.382323939586 6735217.860714387)", "Ansiktsside, rettet mot": "Tosidig", "Skiltnummer": "372 - Parkering forbudt"}, "vegsystem": "KV4793 S1D1 m1", "mor": [1027259048]}, "geometry": {"type": "Point", "coordinates": [5.30851052, 60.3994949]}}, {"type": "Feature", "properties": {"nvdb_id": 1027259977, "skiltnummer": "376.1 - Parkeringssone", "tekst": "8 - 23 (8 - 17) med p-kort eller ved parkometer", "kategori": "boligsone", "egenskaper": {"Geometri, punkt": "POINT(-32908.690083321184 6735218.50891878)", "Ansiktsside, rettet mot": "Trafikk i metreringsretning", "Skiltnummer": "376.1 - Parkeringssone", "Tekst": "8 - 23 (8 - 17) med p-kort eller ved parkometer"}, "vegsystem": "KV4832 S1D1 m8", "mor": [1027259979]}, "geometry": {"type": "Point", "coordinates": [5.30524762, 60.399261]}}, {"type": "Feature", "properties": {"nvdb_id": 1027178148, "skiltnummer": "372 - Parkering forbudt", "tekst": null, "kategori": "forbud", "egenskaper": {"Geometri, punkt": "POINT(-31913.387629867066 6735219.963714133)", "Ansiktsside, rettet mot": "Tosidig", "Skiltnummer": "372 - Parkering forbudt"}, "vegsystem": "KV4111 S1D1 m121", "mor": [1027178150]}, "geometry": {"type": "Point", "coordinates": [5.3230487, 60.4005812]}}, {"type": "Feature", "properties": {"nvdb_id": 1027259958, "skiltnummer": "376.1 - Parkeringssone", "tekst": "8 - 23 (8 - 17) med p-kort eller ved parkometer", "kategori": "boligsone", "egenskaper": {"Geometri, punkt": "POINT(-32906.73479585606 6735222.263468618)", "Ansiktsside, rettet mot": "Trafikk mot metreringsretning", "Skiltnummer": "376.1 - Parkeringssone", "Tekst": "8 - 23 (8 - 17) med p-kort eller ved parkometer"}, "vegsystem": "KV4832 S1D1 m6", "mor": [1027259962]}, "geometry": {"type": "Point", "coordinates": [5.30527262, 60.39929679]}}, {"type": "Feature", "properties": {"nvdb_id": 1027185539, "skiltnummer": "808 - Underskilt med annen tekst", "tekst": "Reservert bildeling med gyldig tillatelse", "kategori": "parkering", "egenskaper": {"Geometri, punkt": "POINT(-31870.867791939643 6735228.889678007)", "Ansiktsside, rettet mot": "Tosidig", "Skiltnummer": "808 - Underskilt med annen tekst", "Tekst": "Reservert bildeling med gyldig tillatelse"}, "vegsystem": "KV4299 S1D1 m25", "mor": [1027185538]}, "geometry": {"type": "Point", "coordinates": [5.32378571, 60.400716]}}, {"type": "Feature", "properties": {"nvdb_id": 1027185542, "skiltnummer": "552 - Parkering", "tekst": null, "kategori": "parkering", "egenskaper": {"Geometri, punkt": "POINT(-31870.867791939643 6735228.889678007)", "Ansiktsside, rettet mot": "Tosidig", "Skiltnummer": "552 - Parkering"}, "vegsystem": "KV4299 S1D1 m25", "mor": [1027185538]}, "geometry": {"type": "Point", "coordinates": [5.32378571, 60.400716]}}, {"type": "Feature", "properties": {"nvdb_id": 1027258836, "skiltnummer": "372 - Parkering forbudt", "tekst": null, "kategori": "forbud", "egenskaper": {"Geometri, punkt": "POINT(-32858.8024949634 6735231.832140186)", "Ansiktsside, rettet mot": "Tosidig", "Skiltnummer": "372 - Parkering forbudt"}, "vegsystem": "KV4359 S1D1 m37", "mor": [1027258837]}, "geometry": {"type": "Point", "coordinates": [5.30610463, 60.3994445]}}, {"type": "Feature", "properties": {"nvdb_id": 1027185852, "skiltnummer": "372 - Parkering forbudt", "tekst": null, "kategori": "forbud", "egenskaper": {"Geometri, punkt": "POINT(-31731.762458357378 6735229.75824547)", "Ansiktsside, rettet mot": "Tosidig", "Skiltnummer": "372 - Parkering forbudt"}, "vegsystem": "KV4897 S1D1 m321", "mor": [1027185853]}, "geometry": {"type": "Point", "coordinates": [5.32627202, 60.4009062]}}, {"type": "Feature", "properties": {"nvdb_id": 1027178449, "skiltnummer": "376.1 - Parkeringssone", "tekst": "08 - 23 (08 - 17) Med P-kort eller ved parkometer", "kategori": "boligsone", "egenskaper": {"Geometri, punkt": "POINT(-31738.679261320853 6735242.2623910755)", "Ansiktsside, rettet mot": "Trafikk mot metreringsretning", "Skiltnummer": "376.1 - Parkeringssone", "Tekst": "08 - 23 (08 - 17) Med P-kort eller ved parkometer"}, "vegsystem": "KV5318 S1D1 m112", "mor": [1027178451]}, "geometry": {"type": "Point", "coordinates": [5.32611512, 60.40100779]}}, {"type": "Feature", "properties": {"nvdb_id": 1027178463, "skiltnummer": "376.1 - Parkeringssone", "tekst": "08 - 23 (08 - 17) Med P-kort eller ved parkometer", "kategori": "boligsone", "egenskaper": {"Geometri, punkt": "POINT(-31728.78614260617 6735241.202772931)", "Ansiktsside, rettet mot": "Trafikk mot metreringsretning", "Skiltnummer": "376.1 - Parkeringssone", "Tekst": "08 - 23 (08 - 17) Med P-kort eller ved parkometer"}, "vegsystem": "KV5318 S1D1 m117", "mor": [1027178468]}, "geometry": {"type": "Point", "coordinates": [5.32629491, 60.4010114]}}, {"type": "Feature", "properties": {"nvdb_id": 1027258877, "skiltnummer": "376.1 - Parkeringssone", "tekst": "08 - 23 (08 - 179 med p-kort", "kategori": "boligsone", "egenskaper": {"Geometri, punkt": "POINT(-32833.06295422756 6735242.347327169)", "Ansiktsside, rettet mot": "Trafikk i metreringsretning", "Skiltnummer": "376.1 - Parkeringssone", "Tekst": "08 - 23 (08 - 179 med p-kort"}, "vegsystem": "KV5104 S1D1 m10", "mor": [1027258880]}, "geometry": {"type": "Point", "coordinates": [5.30653712, 60.39957139]}}, {"type": "Feature", "properties": {"nvdb_id": 1027258883, "skiltnummer": "376.1 - Parkeringssone", "tekst": "8 - 23 (8 - 17) med p-kort eller ved parkometer", "kategori": "boligsone", "egenskaper": {"Geometri, punkt": "POINT(-32837.99400792504 6735246.220788144)", "Ansiktsside, rettet mot": "Trafikk i metreringsretning", "Skiltnummer": "376.1 - Parkeringssone", "Tekst": "8 - 23 (8 - 17) med p-kort eller ved parkometer"}, "vegsystem": "KV5104 S1D1 m11", "mor": [1027258888]}, "geometry": {"type": "Point", "coordinates": [5.30643862, 60.3995992]}}, {"type": "Feature", "properties": {"nvdb_id": 1027258887, "skiltnummer": "372 - Parkering forbudt", "tekst": null, "kategori": "forbud", "egenskaper": {"Geometri, punkt": "POINT(-32837.99400792504 6735246.220788144)", "Ansiktsside, rettet mot": "Tosidig", "Skiltnummer": "372 - Parkering forbudt"}, "vegsystem": "KV5104 S1D1 m11", "mor": [1027258888]}, "geometry": {"type": "Point", "coordinates": [5.30643862, 60.3995992]}}, {"type": "Feature", "properties": {"nvdb_id": 1027258844, "skiltnummer": "372 - Parkering forbudt", "tekst": null, "kategori": "forbud", "egenskaper": {"Geometri, punkt": "POINT(-32885.88085404015 6735244.746424932)", "Ansiktsside, rettet mot": "Tosidig", "Skiltnummer": "372 - Parkering forbudt"}, "vegsystem": "KV4359 S1D1 m8", "mor": [1027258846]}, "geometry": {"type": "Point", "coordinates": [5.30558592, 60.39952319]}}, {"type": "Feature", "properties": {"nvdb_id": 557338009, "skiltnummer": "372 - Parkering forbudt", "tekst": null, "kategori": "forbud", "egenskaper": {"Geometri, punkt": "POINT Z (-32897.5511504088 6735249.91836764 13.552)", "Ansiktsside, rettet mot": "Tosidig", "Skiltnummer": "372 - Parkering forbudt", "Belysning": "Ingen"}, "vegsystem": "FV5348 S1D1 m1075", "mor": [557338008]}, "geometry": {"type": "Point", "coordinates": [5.30536342, 60.39955363]}}, {"type": "Feature", "properties": {"nvdb_id": 1013324900, "skiltnummer": "372 - Parkering forbudt", "tekst": null, "kategori": "forbud", "egenskaper": {"Oppsettingsdato": "2020-09-25", "Geometri, punkt": "POINT Z (-32894.35543848039 6735251.105252235 16.26)", "Ansiktsside, rettet mot": "Tosidig", "Skiltnummer": "372 - Parkering forbudt", "Belysning": "Ingen", "Folieklasse": "Klasse 1", "Prosjektreferanse": "Nordnes del 2", "Størrelse": "Liten størrelse"}, "vegsystem": "FV5348 S1D1 m1072", "mor": [1013324901]}, "geometry": {"type": "Point", "coordinates": [5.30541744, 60.39956833]}}, {"type": "Feature", "properties": {"nvdb_id": 1013324903, "skiltnummer": "372 - Parkering forbudt", "tekst": null, "kategori": "forbud", "egenskaper": {"Oppsettingsdato": "2020-09-25", "Geometri, punkt": "POINT Z (-32884.83204461902 6735252.045513737 15.49)", "Ansiktsside, rettet mot": "Trafikk mot metreringsretning", "Skiltnummer": "372 - Parkering forbudt", "Belysning": "Ingen", "Folieklasse": "Klasse 1", "Prosjektreferanse": "Nordnes del 2", "Størrelse": "Liten størrelse"}, "vegsystem": "FV5348 S1D1 m1065", "mor": [1013324922]}, "geometry": {"type": "Point", "coordinates": [5.30558529, 60.39958918]}}, {"type": "Feature", "properties": {"nvdb_id": 1027248337, "skiltnummer": "372 - Parkering forbudt", "tekst": null, "kategori": "forbud", "egenskaper": {"Oppsettingsdato": "2025-11-19", "Plasseringskode": 10, "Geometri, punkt": "POINT Z (-31934.38 6735254.36 20.27)", "Ansiktsside, rettet mot": "Tosidig", "Skiltnummer": "372 - Parkering forbudt", "Prosjektreferanse": "DK4604 419-033"}, "vegsystem": "FV5342 S1D1 m782", "mor": [82469755]}, "geometry": {"type": "Point", "coordinates": [5.32258192, 60.40085809]}}, {"type": "Feature", "properties": {"nvdb_id": 1027179722, "skiltnummer": "808 - Underskilt med annen tekst", "tekst": "Lave balkonger venstre side", "kategori": "parkering", "egenskaper": {"Geometri, punkt": "POINT(-31564.049507606775 6735258.027656511)", "Ansiktsside, rettet mot": "Trafikk i metreringsretning", "Skiltnummer": "808 - Underskilt med annen tekst", "Tekst": "Lave balkonger venstre side"}, "vegsystem": "KV4952 S1D1 m393", "mor": [1027179725]}, "geometry": {"type": "Point", "coordinates": [5.3291975, 60.4013764]}}, {"type": "Feature", "properties": {"nvdb_id": 1027185778, "skiltnummer": "376.1 - Parkeringssone", "tekst": "08 - 23 (08 - 17) Med P-kort eller mot avgift", "kategori": "boligsone", "egenskaper": {"Geometri, punkt": "POINT(-31599.30586182105 6735257.5915379105)", "Ansiktsside, rettet mot": "Trafikk mot metreringsretning", "Skiltnummer": "376.1 - Parkeringssone", "Tekst": "08 - 23 (08 - 17) Med P-kort eller mot avgift"}, "vegsystem": "KV4685 S1D1 m231", "mor": [1027185780]}, "geometry": {"type": "Point", "coordinates": [5.32856791, 60.4013263]}}, {"type": "Feature", "properties": {"nvdb_id": 1027185771, "skiltnummer": "376.1 - Parkeringssone", "tekst": "08 - 23 (08 - 17) med P-kort eller mot avgift", "kategori": "boligsone", "egenskaper": {"Geometri, punkt": "POINT(-31594.83098034619 6735257.877478889)", "Ansiktsside, rettet mot": "Trafikk mot metreringsretning", "Skiltnummer": "376.1 - Parkeringssone", "Tekst": "08 - 23 (08 - 17) med P-kort eller mot avgift"}, "vegsystem": "KV4685 S1D1 m232", "mor": [1027185777]}, "geometry": {"type": "Point", "coordinates": [5.32864721, 60.40133469]}}, {"type": "Feature", "properties": {"nvdb_id": 1027178501, "skiltnummer": "376.1 - Parkeringssone", "tekst": "08 - 23 (08 - 17) Med P-kort eller mot avgift", "kategori": "boligsone", "egenskaper": {"Geometri, punkt": "POINT(-31702.806186037837 6735259.112411709)", "Ansiktsside, rettet mot": "Trafikk i metreringsretning", "Skiltnummer": "376.1 - Parkeringssone", "Tekst": "08 - 23 (08 - 17) Med P-kort eller mot avgift"}, "vegsystem": "KV6003 S1D1 m15", "mor": [1027178504]}, "geometry": {"type": "Point", "coordinates": [5.32671221, 60.40120399]}}, {"type": "Feature", "properties": {"nvdb_id": 1027178492, "skiltnummer": "372 - Parkering forbudt", "tekst": null, "kategori": "forbud", "egenskaper": {"Geometri, punkt": "POINT(-31701.059376871795 6735259.5088072475)", "Ansiktsside, rettet mot": "Tosidig", "Skiltnummer": "372 - Parkering forbudt"}, "vegsystem": "KV6003 S1D1 m17", "mor": [1027178494]}, "geometry": {"type": "Point", "coordinates": [5.32674242, 60.4012098]}}, {"type": "Feature", "properties": {"nvdb_id": 1027178513, "skiltnummer": "376.1 - Parkeringssone", "tekst": "08 - 23 (08 - 17) Med P-kort eller mot avgift", "kategori": "boligsone", "egenskaper": {"Geometri, punkt": "POINT(-31703.953263489413 6735270.682259666)", "Ansiktsside, rettet mot": "Trafikk i metreringsretning", "Skiltnummer": "376.1 - Parkeringssone", "Tekst": "08 - 23 (08 - 17) Med P-kort eller mot avgift"}, "vegsystem": "KV6003 S1D1 m16", "mor": [1027178514]}, "geometry": {"type": "Point", "coordinates": [5.32666102, 60.4013049]}}, {"type": "Feature", "properties": {"nvdb_id": 1027183397, "skiltnummer": "806 - Tid", "tekst": null, "kategori": "parkering", "egenskaper": {"Geometri, punkt": "POINT(-31720.82353622082 6735269.431698685)", "Ansiktsside, rettet mot": "Tosidig", "Skiltnummer": "806 - Tid"}, "vegsystem": "KV5318 S1D1 m146", "mor": [1027183402]}, "geometry": {"type": "Point", "coordinates": [5.3263625, 60.4012717]}}, {"type": "Feature", "properties": {"nvdb_id": 1027183399, "skiltnummer": "552 - Parkering", "tekst": null, "kategori": "parkering", "egenskaper": {"Geometri, punkt": "POINT(-31720.82353622082 6735269.431698685)", "Ansiktsside, rettet mot": "Tosidig", "Skiltnummer": "552 - Parkering"}, "vegsystem": "KV5318 S1D1 m146", "mor": [1027183402]}, "geometry": {"type": "Point", "coordinates": [5.3263625, 60.4012717]}}, {"type": "Feature", "properties": {"nvdb_id": 82469742, "skiltnummer": "376.1 - Parkeringssone", "tekst": null, "kategori": "forbud", "egenskaper": {"Geometri, punkt": "POINT Z (-31928.143073426 6735268.34893673 21.388)", "Ansiktsside, rettet mot": "Trafikk i metreringsretning", "Skiltform": "Plan", "Skiltnummer": "376.1 - Parkeringssone", "Belysning": "Ingen"}, "vegsystem": "FV5342 S1D1 m800", "mor": [82469743]}, "geometry": {"type": "Point", "coordinates": [5.32265639, 60.40099009]}}, {"type": "Feature", "properties": {"nvdb_id": 566416114, "skiltnummer": "376.1 - Parkeringssone", "tekst": null, "kategori": "forbud", "egenskaper": {"Geometri, punkt": "POINT Z (-31928.143073426 6735268.34893673 21.388)", "Ansiktsside, rettet mot": "Trafikk i metreringsretning", "Skiltform": "Plan", "Skiltnummer": "376.1 - Parkeringssone", "Belysning": "Ingen"}, "vegsystem": "FV5342 S1D1 m800", "mor": [566416113]}, "geometry": {"type": "Point", "coordinates": [5.32265639, 60.40099009]}}, {"type": "Feature", "properties": {"nvdb_id": 566416116, "skiltnummer": "376.1 - Parkeringssone", "tekst": null, "kategori": "forbud", "egenskaper": {"Geometri, punkt": "POINT Z (-31939.3720706075 6735275.66479853 21.368)", "Ansiktsside, rettet mot": "Trafikk i metreringsretning", "Skiltform": "Plan", "Skiltnummer": "376.1 - Parkeringssone", "Belysning": "Ingen"}, "vegsystem": "FV5342 S1D1 m799", "mor": [566416115]}, "geometry": {"type": "Point", "coordinates": [5.3224361, 60.4010401]}}, {"type": "Feature", "properties": {"nvdb_id": 1027178539, "skiltnummer": "372 - Parkering forbudt", "tekst": null, "kategori": "forbud", "egenskaper": {"Geometri, punkt": "POINT(-31666.940386490547 6735277.61332349)", "Ansiktsside, rettet mot": "Tosidig", "Skiltnummer": "372 - Parkering forbudt"}, "vegsystem": "KV6003 S1D1 m54", "mor": [1027178541]}, "geometry": {"type": "Point", "coordinates": [5.32730482, 60.4014148]}}, {"type": "Feature", "properties": {"nvdb_id": 945011724, "skiltnummer": "372 - Parkering forbudt", "tekst": null, "kategori": "forbud", "egenskaper": {"Oppsettingsdato": "2018-01-01", "Geometri, punkt": "POINT Z (-32876.87 6735277.95 11.885)", "Ansiktsside, rettet mot": "Tosidig", "Farge": "Blå", "Skiltform": "Plan", "Tosidig plate med ulike motiv": "Nei", "Skiltnummer": "372 - Parkering forbudt", "Belysning": "Ingen", "Folieklasse": "Klasse 2"}, "vegsystem": "FV5348 S1D1 m1040", "mor": [945011714]}, "geometry": {"type": "Point", "coordinates": [5.30565888, 60.39982891]}}, {"type": "Feature", "properties": {"nvdb_id": 566416119, "skiltnummer": "372 - Parkering forbudt", "tekst": null, "kategori": "forbud", "egenskaper": {"Geometri, punkt": "POINT Z (-31936.4797531516 6735279.74807023 21.451)", "Ansiktsside, rettet mot": "Tosidig", "Skiltform": "Plan", "Skiltnummer": "372 - Parkering forbudt", "Belysning": "Ingen"}, "vegsystem": "FV5342 S1D1 m803", "mor": [566416118]}, "geometry": {"type": "Point", "coordinates": [5.32247701, 60.40108004]}}, {"type": "Feature", "properties": {"nvdb_id": 1027183407, "skiltnummer": "807.6 - Symbol, sykkel og liten elektrisk motorvogn", "tekst": "Unntatt", "kategori": "parkering", "egenskaper": {"Geometri, punkt": "POINT(-31708.392655555275 6735276.028972262)", "Ansiktsside, rettet mot": "Trafikk i metreringsretning", "Skiltnummer": "807.6 - Symbol, sykkel og liten elektrisk motorvogn", "Tekst": "Unntatt"}, "vegsystem": "KV5318 S1D1 m157", "mor": [1027183413]}, "geometry": {"type": "Point", "coordinates": [5.3265674, 60.4013464]}}, {"type": "Feature", "properties": {"nvdb_id": 1027185815, "skiltnummer": "372 - Parkering forbudt", "tekst": null, "kategori": "forbud", "egenskaper": {"Geometri, punkt": "POINT(-31588.14224592771 6735279.629381879)", "Ansiktsside, rettet mot": "Tosidig", "Skiltnummer": "372 - Parkering forbudt"}, "vegsystem": "KV4685 S1D1 m257", "mor": [1027185812]}, "geometry": {"type": "Point", "coordinates": [5.32870921, 60.40153599]}}, {"type": "Feature", "properties": {"nvdb_id": 945011727, "skiltnummer": "372 - Parkering forbudt", "tekst": null, "kategori": "forbud", "egenskaper": {"Oppsettingsdato": "2018-01-01", "Geometri, punkt": "POINT Z (-32856.99 6735285.5 11.345)", "Ansiktsside, rettet mot": "Tosidig", "Farge": "Blå", "Skiltform": "Plan", "Tosidig plate med ulike motiv": "Nei", "Skiltnummer": "372 - Parkering forbudt", "Belysning": "Ingen", "Folieklasse": "Klasse 2"}, "vegsystem": "FV5348 S1D1 m1025", "mor": [945011717]}, "geometry": {"type": "Point", "coordinates": [5.30599445, 60.39992187]}}, {"type": "Feature", "properties": {"nvdb_id": 1027179687, "skiltnummer": "376.1 - Parkeringssone", "tekst": "08 - 23 (08 - 17) Med P-kort eller ved parkometer", "kategori": "boligsone", "egenskaper": {"Geometri, punkt": "POINT(-31537.665220680763 6735281.956717918)", "Ansiktsside, rettet mot": "Trafikk i metreringsretning", "Skiltnummer": "376.1 - Parkeringssone", "Tekst": "08 - 23 (08 - 17) Med P-kort eller ved parkometer"}, "vegsystem": "KV4354 S1D1 m108", "mor": [1027179692]}, "geometry": {"type": "Point", "coordinates": [5.32960611, 60.4016228]}}, {"type": "Feature", "properties": {"nvdb_id": 1027185389, "skiltnummer": "376.1 - Parkeringssone", "tekst": "08 - 23 (08 - 17) Med P-kort eller mot avgift", "kategori": "boligsone", "egenskaper": {"Geometri, punkt": "POINT(-31808.422610789305 6735283.0153014455)", "Ansiktsside, rettet mot": "Trafikk i metreringsretning", "Skiltnummer": "376.1 - Parkeringssone", "Tekst": "08 - 23 (08 - 17) Med P-kort eller mot avgift"}, "vegsystem": "KV4538 S1D1 m95", "mor": [1027185393]}, "geometry": {"type": "Point", "coordinates": [5.3247593, 60.40127699]}}, {"type": "Feature", "properties": {"nvdb_id": 1027183423, "skiltnummer": "376.1 - Parkeringssone", "tekst": "08 - 23 (08 - 17) med P-kort eller mot avgift", "kategori": "boligsone", "egenskaper": {"Geometri, punkt": "POINT(-31703.630361051997 6735283.118862751)", "Ansiktsside, rettet mot": "Trafikk i metreringsretning", "Skiltnummer": "376.1 - Parkeringssone", "Tekst": "08 - 23 (08 - 17) med P-kort eller mot avgift"}, "vegsystem": "KV5318 S1D1 m166", "mor": [1027183427]}, "geometry": {"type": "Point", "coordinates": [5.32663382, 60.4014154]}}, {"type": "Feature", "properties": {"nvdb_id": 1027185404, "skiltnummer": "376.1 - Parkeringssone", "tekst": "08 - 23 (08 - 17) Med P-kort eller mot avgift", "kategori": "boligsone", "egenskaper": {"Geometri, punkt": "POINT(-31802.64168690145 6735283.627096236)", "Ansiktsside, rettet mot": "Trafikk i metreringsretning", "Skiltnummer": "376.1 - Parkeringssone", "Tekst": "08 - 23 (08 - 17) Med P-kort eller mot avgift"}, "vegsystem": "KV4538 S1D1 m95", "mor": [1027185406]}, "geometry": {"type": "Point", "coordinates": [5.32486111, 60.40129]}}, {"type": "Feature", "properties": {"nvdb_id": 1027179695, "skiltnummer": "376.1 - Parkeringssone", "tekst": "08 - 23 (08 - 17) Med P-kort eller ved parkometer", "kategori": "boligsone", "egenskaper": {"Geometri, punkt": "POINT(-31538.388570837793 6735285.4872059515)", "Ansiktsside, rettet mot": "Trafikk i metreringsretning", "Skiltnummer": "376.1 - Parkeringssone", "Tekst": "08 - 23 (08 - 17) Med P-kort eller ved parkometer"}, "vegsystem": "KV4354 S1D1 m106", "mor": [1027179702]}, "geometry": {"type": "Point", "coordinates": [5.3295838, 60.4016531]}}, {"type": "Feature", "properties": {"nvdb_id": 1027183416, "skiltnummer": "376.1 - Parkeringssone", "tekst": "08 - 23 (08 - 17) med P-kort eller mot avgift", "kategori": "boligsone", "egenskaper": {"Geometri, punkt": "POINT(-31709.645532725495 6735286.281326492)", "Ansiktsside, rettet mot": "Trafikk i metreringsretning", "Skiltnummer": "376.1 - Parkeringssone", "Tekst": "08 - 23 (08 - 17) med P-kort eller mot avgift"}, "vegsystem": "KV5318 S1D1 m166", "mor": [1027183420]}, "geometry": {"type": "Point", "coordinates": [5.3265178, 60.40143549]}}, {"type": "Feature", "properties": {"nvdb_id": 1027185523, "skiltnummer": "372 - Parkering forbudt", "tekst": null, "kategori": "forbud", "egenskaper": {"Geometri, punkt": "POINT(-31605.838025701232 6735284.83887054)", "Ansiktsside, rettet mot": "Tosidig", "Skiltnummer": "372 - Parkering forbudt"}, "vegsystem": "KV4504 S1D10 m2", "mor": [1027185522]}, "geometry": {"type": "Point", "coordinates": [5.32837881, 60.4015589]}}, {"type": "Feature", "properties": {"nvdb_id": 1027179679, "skiltnummer": "372 - Parkering forbudt", "tekst": null, "kategori": "forbud", "egenskaper": {"Geometri, punkt": "POINT(-31533.62202912115 6735284.950433001)", "Ansiktsside, rettet mot": "Tosidig", "Skiltnummer": "372 - Parkering forbudt"}, "vegsystem": "KV4354 S1D1 m103", "mor": [1027179681]}, "geometry": {"type": "Point", "coordinates": [5.32967051, 60.40165459]}}, {"type": "Feature", "properties": {"nvdb_id": 1027258807, "skiltnummer": "372 - Parkering forbudt", "tekst": null, "kategori": "forbud", "egenskaper": {"Geometri, punkt": "POINT(-32869.224396717036 6735293.80639736)", "Ansiktsside, rettet mot": "Tosidig", "Skiltnummer": "372 - Parkering forbudt"}, "vegsystem": "KV3001 S1D1 m11", "mor": [1027258809]}, "geometry": {"type": "Point", "coordinates": [5.30575353, 60.39997929]}}, {"type": "Feature", "properties": {"nvdb_id": 1027179127, "skiltnummer": "552 - Parkering", "tekst": null, "kategori": "parkering", "egenskaper": {"Geometri, punkt": "POINT(-31579.220613171346 6735290.272044142)", "Ansiktsside, rettet mot": "Tosidig", "Skiltnummer": "552 - Parkering"}, "vegsystem": "KV4354 S1D1 m27", "mor": [1027179128]}, "geometry": {"type": "Point", "coordinates": [5.3288406, 60.4016419]}}, {"type": "Feature", "properties": {"nvdb_id": 1027179131, "skiltnummer": "808 - Underskilt med annen tekst", "tekst": null, "kategori": "parkering", "egenskaper": {"Geometri, punkt": "POINT(-31579.220613171346 6735290.272044142)", "Ansiktsside, rettet mot": "Tosidig", "Skiltnummer": "808 - Underskilt med annen tekst"}, "vegsystem": "KV4354 S1D1 m27", "mor": [1027179128]}, "geometry": {"type": "Point", "coordinates": [5.3288406, 60.4016419]}}, {"type": "Feature", "properties": {"nvdb_id": 1027179122, "skiltnummer": "806 - Tid", "tekst": "08 - 23 (08 - 17) Med P-kort sone 7 og 8 eller mot avgift", "kategori": "boligsone", "egenskaper": {"Geometri, punkt": "POINT(-31595.88202498667 6735299.858756399)", "Ansiktsside, rettet mot": "Tosidig", "Skiltnummer": "806 - Tid", "Tekst": "08 - 23 (08 - 17) Med P-kort sone 7 og 8 eller mot avgift"}, "vegsystem": "KV4354 S1D1 m13", "mor": [1027179126]}, "geometry": {"type": "Point", "coordinates": [5.32851711, 60.4017049]}}, {"type": "Feature", "properties": {"nvdb_id": 1027179124, "skiltnummer": "552 - Parkering", "tekst": null, "kategori": "parkering", "egenskaper": {"Geometri, punkt": "POINT(-31595.88202498667 6735299.858756399)", "Ansiktsside, rettet mot": "Tosidig", "Skiltnummer": "552 - Parkering"}, "vegsystem": "KV4354 S1D1 m13", "mor": [1027179126]}, "geometry": {"type": "Point", "coordinates": [5.32851711, 60.4017049]}}, {"type": "Feature", "properties": {"nvdb_id": 1027258849, "skiltnummer": "372 - Parkering forbudt", "tekst": null, "kategori": "forbud", "egenskaper": {"Geometri, punkt": "POINT(-32893.00270748942 6735304.321146789)", "Ansiktsside, rettet mot": "Tosidig", "Skiltnummer": "372 - Parkering forbudt"}, "vegsystem": "KV3001 S1D1 m35", "mor": [1027258851]}, "geometry": {"type": "Point", "coordinates": [5.30530022, 60.4000411]}}, {"type": "Feature", "properties": {"nvdb_id": 1027179645, "skiltnummer": "552 - Parkering", "tekst": null, "kategori": "parkering", "egenskaper": {"Geometri, punkt": "POINT(-31567.128234923934 6735299.642724444)", "Ansiktsside, rettet mot": "Tosidig", "Skiltnummer": "552 - Parkering"}, "vegsystem": "KV4354 S1D1 m40", "mor": [1027179648]}, "geometry": {"type": "Point", "coordinates": [5.32903211, 60.4017407]}}, {"type": "Feature", "properties": {"nvdb_id": 1027179646, "skiltnummer": "806 - Tid", "tekst": "Ladbar motorvogn under lading 08 - 23 Alle dager @831 @Maks 3 timer", "kategori": "parkering", "egenskaper": {"Geometri, punkt": "POINT(-31567.128234923934 6735299.642724444)", "Ansiktsside, rettet mot": "Tosidig", "Skiltnummer": "806 - Tid", "Tekst": "Ladbar motorvogn under lading 08 - 23 Alle dager @831 @Maks 3 timer"}, "vegsystem": "KV4354 S1D1 m40", "mor": [1027179648]}, "geometry": {"type": "Point", "coordinates": [5.32903211, 60.4017407]}}, {"type": "Feature", "properties": {"nvdb_id": 1027178947, "skiltnummer": "376.1 - Parkeringssone", "tekst": "08 - 23 (08 - 17) Med P-kort eller mot avgift", "kategori": "boligsone", "egenskaper": {"Geometri, punkt": "POINT(-31605.31134310644 6735301.707970185)", "Ansiktsside, rettet mot": "Trafikk i metreringsretning", "Skiltnummer": "376.1 - Parkeringssone", "Tekst": "08 - 23 (08 - 17) Med P-kort eller mot avgift"}, "vegsystem": "KV4504 S1D1 m10", "mor": [1027178953]}, "geometry": {"type": "Point", "coordinates": [5.32834352, 60.4017089]}}, {"type": "Feature", "properties": {"nvdb_id": 1027179632, "skiltnummer": "552 - Parkering", "tekst": null, "kategori": "parkering", "egenskaper": {"Geometri, punkt": "POINT(-31573.326053332887 6735307.19307277)", "Ansiktsside, rettet mot": "Tosidig", "Skiltnummer": "552 - Parkering"}, "vegsystem": "KV4354 S1D1 m38", "mor": [1027179635]}, "geometry": {"type": "Point", "coordinates": [5.32890121, 60.4017994]}}, {"type": "Feature", "properties": {"nvdb_id": 1027179634, "skiltnummer": "806 - Tid", "tekst": "08 - 23 (08 - 17) Med P-kort sone 7 og 8 eller mot avgift", "kategori": "boligsone", "egenskaper": {"Geometri, punkt": "POINT(-31573.326053332887 6735307.19307277)", "Ansiktsside, rettet mot": "Tosidig", "Skiltnummer": "806 - Tid", "Tekst": "08 - 23 (08 - 17) Med P-kort sone 7 og 8 eller mot avgift"}, "vegsystem": "KV4354 S1D1 m38", "mor": [1027179635]}, "geometry": {"type": "Point", "coordinates": [5.32890121, 60.4017994]}}, {"type": "Feature", "properties": {"nvdb_id": 1027179658, "skiltnummer": "806 - Tid", "tekst": "08 - 23 (08 - 17) Med p-kort sone 7 og 8 eller mot avgift", "kategori": "boligsone", "egenskaper": {"Geometri, punkt": "POINT(-31536.744929642067 6735320.68567915)", "Ansiktsside, rettet mot": "Tosidig", "Skiltnummer": "806 - Tid", "Tekst": "08 - 23 (08 - 17) Med p-kort sone 7 og 8 eller mot avgift"}, "vegsystem": "KV4354 S1D1 m70", "mor": [1027179662]}, "geometry": {"type": "Point", "coordinates": [5.32951991, 60.4019668]}}, {"type": "Feature", "properties": {"nvdb_id": 1027179660, "skiltnummer": "552 - Parkering", "tekst": null, "kategori": "parkering", "egenskaper": {"Geometri, punkt": "POINT(-31536.744929642067 6735320.68567915)", "Ansiktsside, rettet mot": "Tosidig", "Skiltnummer": "552 - Parkering"}, "vegsystem": "KV4354 S1D1 m70", "mor": [1027179662]}, "geometry": {"type": "Point", "coordinates": [5.32951991, 60.4019668]}}, {"type": "Feature", "properties": {"nvdb_id": 1027179995, "skiltnummer": "376.1 - Parkeringssone", "tekst": "08 - 23 (08 - 17) Med P-kort eller mot avgift", "kategori": "boligsone", "egenskaper": {"Geometri, punkt": "POINT(-31570.448828232707 6735314.652790122)", "Ansiktsside, rettet mot": "Trafikk i metreringsretning", "Skiltnummer": "376.1 - Parkeringssone", "Tekst": "08 - 23 (08 - 17) Med P-kort eller mot avgift"}, "vegsystem": "KV5094 S1D1 m8", "mor": [1027179999]}, "geometry": {"type": "Point", "coordinates": [5.32893291, 60.4018692]}}, {"type": "Feature", "properties": {"nvdb_id": 1027180890, "skiltnummer": "376.1 - Parkeringssone", "tekst": "08 - 23 (08 - 17) med P-kort eller mot avgift", "kategori": "boligsone", "egenskaper": {"Geometri, punkt": "POINT(-31560.93578612688 6735321.705436035)", "Ansiktsside, rettet mot": "Trafikk i metreringsretning", "Skiltnummer": "376.1 - Parkeringssone", "Tekst": "08 - 23 (08 - 17) med P-kort eller mot avgift"}, "vegsystem": "KV5094 S1D1 m15", "mor": [1027180893]}, "geometry": {"type": "Point", "coordinates": [5.32908441, 60.40194409]}}, {"type": "Feature", "properties": {"nvdb_id": 1027185333, "skiltnummer": "376.1 - Parkeringssone", "tekst": "08 - 23 (08 - 17) Med P-kort eller mot avgift", "kategori": "boligsone", "egenskaper": {"Geometri, punkt": "POINT(-31865.184724007617 6735322.3423380945)", "Ansiktsside, rettet mot": "Trafikk i metreringsretning", "Skiltnummer": "376.1 - Parkeringssone", "Tekst": "08 - 23 (08 - 17) Med P-kort eller mot avgift"}, "vegsystem": "KV4301 S1D1 m8", "mor": [1027185335]}, "geometry": {"type": "Point", "coordinates": [5.32363951, 60.40155059]}}, {"type": "Feature", "properties": {"nvdb_id": 1027185464, "skiltnummer": "807.8 - Symbol, forflytningshemmede med parkeringstillatelse", "tekst": null, "kategori": "parkering", "egenskaper": {"Geometri, punkt": "POINT(-31766.55617972347 6735323.628893038)", "Ansiktsside, rettet mot": "Tosidig", "Skiltnummer": "807.8 - Symbol, forflytningshemmede med parkeringstillatelse"}, "vegsystem": "KV4907 S1D10 m94", "mor": [1027185461]}, "geometry": {"type": "Point", "coordinates": [5.32540061, 60.4016914]}}, {"type": "Feature", "properties": {"nvdb_id": 1027185466, "skiltnummer": "552 - Parkering", "tekst": null, "kategori": "parkering", "egenskaper": {"Geometri, punkt": "POINT(-31766.55617972347 6735323.628893038)", "Ansiktsside, rettet mot": "Tosidig", "Skiltnummer": "552 - Parkering"}, "vegsystem": "KV4907 S1D10 m94", "mor": [1027185461]}, "geometry": {"type": "Point", "coordinates": [5.32540061, 60.4016914]}}, {"type": "Feature", "properties": {"nvdb_id": 1027185318, "skiltnummer": "376.1 - Parkeringssone", "tekst": "08 - 23 (08 - 17) Med P-kort eller mot avgift", "kategori": "boligsone", "egenskaper": {"Geometri, punkt": "POINT(-31861.84806333459 6735326.6381055005)", "Ansiktsside, rettet mot": "Trafikk i metreringsretning", "Skiltnummer": "376.1 - Parkeringssone", "Tekst": "08 - 23 (08 - 17) Med P-kort eller mot avgift"}, "vegsystem": "KV4301 S1D1 m8", "mor": [1027185320]}, "geometry": {"type": "Point", "coordinates": [5.32368781, 60.401593]}}, {"type": "Feature", "properties": {"nvdb_id": 1027167782, "skiltnummer": "372 - Parkering forbudt", "tekst": null, "kategori": "forbud", "egenskaper": {"Geometri, punkt": "POINT(-31462.475206569885 6735333.61118859)", "Ansiktsside, rettet mot": "Trafikk mot metreringsretning", "Skiltnummer": "372 - Parkering forbudt"}, "vegsystem": "KV4892 S1D1 m522", "mor": [1027167784]}, "geometry": {"type": "Point", "coordinates": [5.33081441, 60.4021786]}}, {"type": "Feature", "properties": {"nvdb_id": 1027185366, "skiltnummer": "807.6 - Symbol, sykkel og liten elektrisk motorvogn", "tekst": "Unntatt", "kategori": "parkering", "egenskaper": {"Geometri, punkt": "POINT(-31808.95421281818 6735343.641279007)", "Ansiktsside, rettet mot": "Trafikk mot metreringsretning", "Skiltnummer": "807.6 - Symbol, sykkel og liten elektrisk motorvogn", "Tekst": "Unntatt"}, "vegsystem": "KV4538 S1D1 m155", "mor": [1027185370]}, "geometry": {"type": "Point", "coordinates": [5.32458902, 60.4018129]}}, {"type": "Feature", "properties": {"nvdb_id": 1026094996, "skiltnummer": "808.555 - Mot avgift", "tekst": null, "kategori": "parkering", "egenskaper": {"Oppsettingsdato": "2025-01-01", "Geometri, punkt": "POINT Z (-32222.0622503045 6735348.578987667 2.35)", "Ansiktsside, rettet mot": "Parallelt mot veg", "Tosidig plate med ulike motiv": "Nei", "Klappskilt": "Nei", "Skiltnummer": "808.555 - Mot avgift", "Prosjektreferanse": "22/46854", "Størrelse": "Liten størrelse"}, "vegsystem": "FV577 S1D1 m2056", "mor": [1026094919]}, "geometry": {"type": "Point", "coordinates": [5.31718531, 60.40131435]}}, {"type": "Feature", "properties": {"nvdb_id": 1026095012, "skiltnummer": "552 - Parkering", "tekst": null, "kategori": "parkering", "egenskaper": {"Oppsettingsdato": "2025-01-01", "Geometri, punkt": "POINT Z (-32222.0622503045 6735348.578987667 2.35)", "Ansiktsside, rettet mot": "Parallelt mot veg", "Tosidig plate med ulike motiv": "Nei", "Klappskilt": "Nei", "Skiltnummer": "552 - Parkering", "Prosjektreferanse": "22/46854", "Størrelse": "Liten størrelse"}, "vegsystem": "FV577 S1D1 m2056", "mor": [1026094919]}, "geometry": {"type": "Point", "coordinates": [5.31718531, 60.40131435]}}, {"type": "Feature", "properties": {"nvdb_id": 1027178566, "skiltnummer": "372 - Parkering forbudt", "tekst": null, "kategori": "forbud", "egenskaper": {"Geometri, punkt": "POINT(-31658.435724028503 6735352.875166032)", "Ansiktsside, rettet mot": "Tosidig", "Skiltnummer": "372 - Parkering forbudt"}, "vegsystem": "KV5309 S2D1 m80", "mor": [1027178565]}, "geometry": {"type": "Point", "coordinates": [5.32725741, 60.4020921]}}, {"type": "Feature", "properties": {"nvdb_id": 1027185019, "skiltnummer": "552 - Parkering", "tekst": null, "kategori": "parkering", "egenskaper": {"Geometri, punkt": "POINT(-31771.064928837935 6735353.808144714)", "Ansiktsside, rettet mot": "Tosidig", "Skiltnummer": "552 - Parkering"}, "vegsystem": "KV4907 S1D1 m19", "mor": [1027185021]}, "geometry": {"type": "Point", "coordinates": [5.32523991, 60.4019526]}}, {"type": "Feature", "properties": {"nvdb_id": 1027185023, "skiltnummer": "807.8 - Symbol, forflytningshemmede med parkeringstillatelse", "tekst": null, "kategori": "parkering", "egenskaper": {"Geometri, punkt": "POINT(-31771.064928837935 6735353.808144714)", "Ansiktsside, rettet mot": "Tosidig", "Skiltnummer": "807.8 - Symbol, forflytningshemmede med parkeringstillatelse"}, "vegsystem": "KV4907 S1D1 m19", "mor": [1027185021]}, "geometry": {"type": "Point", "coordinates": [5.32523991, 60.4019526]}}, {"type": "Feature", "properties": {"nvdb_id": 1027181817, "skiltnummer": "376.1 - Parkeringssone", "tekst": "08 - 23 (08 - 17) Med P-kort eller mot avgift", "kategori": "boligsone", "egenskaper": {"Geometri, punkt": "POINT(-31545.766011102707 6735358.447303975)", "Ansiktsside, rettet mot": "Trafikk mot metreringsretning", "Skiltnummer": "376.1 - Parkeringssone", "Tekst": "08 - 23 (08 - 17) Med P-kort eller mot avgift"}, "vegsystem": "KV4387 S2D1 m64", "mor": [1027181821]}, "geometry": {"type": "Point", "coordinates": [5.32925841, 60.4022892]}}, {"type": "Feature", "properties": {"nvdb_id": 1027181807, "skiltnummer": "376.1 - Parkeringssone", "tekst": "08 - 23 (08 - 17) med P-kort eller mot avgift", "kategori": "boligsone", "egenskaper": {"Geometri, punkt": "POINT(-31544.871288289083 6735365.466407309)", "Ansiktsside, rettet mot": "Trafikk mot metreringsretning", "Skiltnummer": "376.1 - Parkeringssone", "Tekst": "08 - 23 (08 - 17) med P-kort eller mot avgift"}, "vegsystem": "KV4387 S2D1 m64", "mor": [1027181811]}, "geometry": {"type": "Point", "coordinates": [5.32925582, 60.40235249]}}, {"type": "Feature", "properties": {"nvdb_id": 1027167818, "skiltnummer": "372 - Parkering forbudt", "tekst": null, "kategori": "forbud", "egenskaper": {"Geometri, punkt": "POINT(-31458.771574076964 6735363.13781846)", "Ansiktsside, rettet mot": "Tosidig", "Skiltnummer": "372 - Parkering forbudt"}, "vegsystem": "KV4892 S1D1 m494", "mor": [1027167819]}, "geometry": {"type": "Point", "coordinates": [5.3308024, 60.4024448]}}, {"type": "Feature", "properties": {"nvdb_id": 1027184833, "skiltnummer": "807.8 - Symbol, forflytningshemmede med parkeringstillatelse", "tekst": null, "kategori": "parkering", "egenskaper": {"Geometri, punkt": "POINT(-31716.787488721544 6735366.088111683)", "Ansiktsside, rettet mot": "Tosidig", "Skiltnummer": "807.8 - Symbol, forflytningshemmede med parkeringstillatelse"}, "vegsystem": "KV5318 S1D1 m255", "mor": [1027184832]}, "geometry": {"type": "Point", "coordinates": [5.32617842, 60.4021325]}}, {"type": "Feature", "properties": {"nvdb_id": 1027184836, "skiltnummer": "552 - Parkering", "tekst": null, "kategori": "parkering", "egenskaper": {"Geometri, punkt": "POINT(-31716.787488721544 6735366.088111683)", "Ansiktsside, rettet mot": "Tosidig", "Skiltnummer": "552 - Parkering"}, "vegsystem": "KV5318 S1D1 m255", "mor": [1027184832]}, "geometry": {"type": "Point", "coordinates": [5.32617842, 60.4021325]}}, {"type": "Feature", "properties": {"nvdb_id": 1027175957, "skiltnummer": "808.351 - Gjelder/Gjeld (snuplassen, torget o.l.)", "tekst": null, "kategori": "parkering", "egenskaper": {"Geometri, punkt": "POINT(-31319.76057302067 6735367.2886097515)", "Ansiktsside, rettet mot": "Trafikk i metreringsretning", "Skiltnummer": "808.351 - Gjelder/Gjeld (snuplassen, torget o.l.)"}, "vegsystem": "KV4353 S1D1 m557", "mor": [1027175959]}, "geometry": {"type": "Point", "coordinates": [5.3332785, 60.4026638]}}, {"type": "Feature", "properties": {"nvdb_id": 1027175958, "skiltnummer": "372 - Parkering forbudt", "tekst": null, "kategori": "forbud", "egenskaper": {"Geometri, punkt": "POINT(-31319.76057302067 6735367.2886097515)", "Ansiktsside, rettet mot": "Trafikk i metreringsretning", "Skiltnummer": "372 - Parkering forbudt"}, "vegsystem": "KV4353 S1D1 m557", "mor": [1027175959]}, "geometry": {"type": "Point", "coordinates": [5.3332785, 60.4026638]}}, {"type": "Feature", "properties": {"nvdb_id": 1027178914, "skiltnummer": "807.8 - Symbol, forflytningshemmede med parkeringstillatelse", "tekst": null, "kategori": "parkering", "egenskaper": {"Geometri, punkt": "POINT(-31613.342292594258 6735370.890071093)", "Ansiktsside, rettet mot": "Tosidig", "Skiltnummer": "807.8 - Symbol, forflytningshemmede med parkeringstillatelse"}, "vegsystem": "KV4504 S1D1 m79", "mor": [1027178917]}, "geometry": {"type": "Point", "coordinates": [5.32801641, 60.4023107]}}, {"type": "Feature", "properties": {"nvdb_id": 1027178915, "skiltnummer": "552 - Parkering", "tekst": null, "kategori": "parkering", "egenskaper": {"Geometri, punkt": "POINT(-31613.342292594258 6735370.890071093)", "Ansiktsside, rettet mot": "Tosidig", "Skiltnummer": "552 - Parkering"}, "vegsystem": "KV4504 S1D1 m79", "mor": [1027178917]}, "geometry": {"type": "Point", "coordinates": [5.32801641, 60.4023107]}}, {"type": "Feature", "properties": {"nvdb_id": 1027248339, "skiltnummer": "372 - Parkering forbudt", "tekst": null, "kategori": "forbud", "egenskaper": {"Oppsettingsdato": "2025-11-19", "Plasseringskode": 10, "Geometri, punkt": "POINT Z (-31846.68 6735370.99 18.96)", "Ansiktsside, rettet mot": "Tosidig", "Skiltnummer": "372 - Parkering forbudt", "Prosjektreferanse": "DK4604 419-033"}, "vegsystem": "FV5342 S1D1 m933", "mor": [82469656]}, "geometry": {"type": "Point", "coordinates": [5.32384154, 60.40200546]}}, {"type": "Feature", "properties": {"nvdb_id": 1027178799, "skiltnummer": "807.6 - Symbol, sykkel og liten elektrisk motorvogn", "tekst": "Unntatt", "kategori": "parkering", "egenskaper": {"Geometri, punkt": "POINT(-31763.273513981258 6735375.034920133)", "Ansiktsside, rettet mot": "Trafikk i metreringsretning", "Skiltnummer": "807.6 - Symbol, sykkel og liten elektrisk motorvogn", "Tekst": "Unntatt"}, "vegsystem": "KV4907 S1D1 m42", "mor": [1027178801]}, "geometry": {"type": "Point", "coordinates": [5.325323, 60.4021507]}}, {"type": "Feature", "properties": {"nvdb_id": 1027167807, "skiltnummer": "372 - Parkering forbudt", "tekst": null, "kategori": "forbud", "egenskaper": {"Geometri, punkt": "POINT(-31470.86966613261 6735375.832762758)", "Ansiktsside, rettet mot": "Tosidig", "Skiltnummer": "372 - Parkering forbudt"}, "vegsystem": "KV4892 S1D1 m478", "mor": [1027167811]}, "geometry": {"type": "Point", "coordinates": [5.3305523, 60.4025413]}}, {"type": "Feature", "properties": {"nvdb_id": 1027175964, "skiltnummer": "372 - Parkering forbudt", "tekst": null, "kategori": "forbud", "egenskaper": {"Geometri, punkt": "POINT(-31327.914981448324 6735378.800101182)", "Ansiktsside, rettet mot": "Tosidig", "Skiltnummer": "372 - Parkering forbudt"}, "vegsystem": "KV4353 S1D1 m547", "mor": [1027175966]}, "geometry": {"type": "Point", "coordinates": [5.33310211, 60.402755]}}, {"type": "Feature", "properties": {"nvdb_id": 1027178881, "skiltnummer": "808.301 - Gjelder gjennomkjøring/Gjeld gjennomkøyring", "tekst": null, "kategori": "parkering", "egenskaper": {"Geometri, punkt": "POINT(-31690.44403360621 6735384.079373515)", "Ansiktsside, rettet mot": "Trafikk mot metreringsretning", "Skiltnummer": "808.301 - Gjelder gjennomkjøring/Gjeld gjennomkøyring"}, "vegsystem": "KV3326 S1D1 m34", "mor": [1027178883]}, "geometry": {"type": "Point", "coordinates": [5.32660201, 60.40232629]}}, {"type": "Feature", "properties": {"nvdb_id": 1027184841, "skiltnummer": "807.6 - Symbol, sykkel og liten elektrisk motorvogn", "tekst": "unntatt", "kategori": "parkering", "egenskaper": {"Geometri, punkt": "POINT(-31723.556551573914 6735383.055763135)", "Ansiktsside, rettet mot": "Trafikk mot metreringsretning", "Skiltnummer": "807.6 - Symbol, sykkel og liten elektrisk motorvogn", "Tekst": "unntatt"}, "vegsystem": "KV5318 S1D1 m273", "mor": [1027184843]}, "geometry": {"type": "Point", "coordinates": [5.3260123, 60.4022738]}}, {"type": "Feature", "properties": {"nvdb_id": 1027185639, "skiltnummer": "808 - Underskilt med annen tekst", "tekst": null, "kategori": "parkering", "egenskaper": {"Geometri, punkt": "POINT(-31923.589079267113 6735393.447551684)", "Ansiktsside, rettet mot": "Trafikk i metreringsretning", "Skiltnummer": "808 - Underskilt med annen tekst"}, "vegsystem": "KV4980 S1D1 m52", "mor": [1027185638]}, "geometry": {"type": "Point", "coordinates": [5.32240601, 60.4021033]}}, {"type": "Feature", "properties": {"nvdb_id": 1027185640, "skiltnummer": "552 - Parkering", "tekst": null, "kategori": "parkering", "egenskaper": {"Geometri, punkt": "POINT(-31923.589079267113 6735393.447551684)", "Ansiktsside, rettet mot": "Trafikk mot metreringsretning", "Skiltnummer": "552 - Parkering"}, "vegsystem": "KV4980 S1D1 m52", "mor": [1027185638]}, "geometry": {"type": "Point", "coordinates": [5.32240601, 60.4021033]}}, {"type": "Feature", "properties": {"nvdb_id": 1027175819, "skiltnummer": "372 - Parkering forbudt", "tekst": null, "kategori": "forbud", "egenskaper": {"Geometri, punkt": "POINT(-31368.629517120426 6735392.140525297)", "Ansiktsside, rettet mot": "Trafikk i metreringsretning", "Skiltnummer": "372 - Parkering forbudt"}, "vegsystem": "KV4353 S1D1 m343", "mor": [1027175821]}, "geometry": {"type": "Point", "coordinates": [5.3323383, 60.4028197]}}, {"type": "Feature", "properties": {"nvdb_id": 1027184845, "skiltnummer": "807.6 - Symbol, sykkel og liten elektrisk motorvogn", "tekst": "Unntatt", "kategori": "parkering", "egenskaper": {"Geometri, punkt": "POINT(-31724.514654015657 6735394.31518566)", "Ansiktsside, rettet mot": "Trafikk i metreringsretning", "Skiltnummer": "807.6 - Symbol, sykkel og liten elektrisk motorvogn", "Tekst": "Unntatt"}, "vegsystem": "KV5318 S1D1 m284", "mor": [1027184849]}, "geometry": {"type": "Point", "coordinates": [5.3259653, 60.4023722]}}, {"type": "Feature", "properties": {"nvdb_id": 1027185657, "skiltnummer": "808 - Underskilt med annen tekst", "tekst": "Gjelder beboere med P-kort til sone 8", "kategori": "boligsone", "egenskaper": {"Geometri, punkt": "POINT(-31912.80727581191 6735394.08590061)", "Ansiktsside, rettet mot": "Parallelt mot veg", "Skiltnummer": "808 - Underskilt med annen tekst", "Tekst": "Gjelder beboere med P-kort til sone 8"}, "vegsystem": "KV4831 S1D1 m71", "mor": [1027185660]}, "geometry": {"type": "Point", "coordinates": [5.32259722, 60.4021231]}}, {"type": "Feature", "properties": {"nvdb_id": 1027185659, "skiltnummer": "552 - Parkering", "tekst": null, "kategori": "parkering", "egenskaper": {"Geometri, punkt": "POINT(-31912.80727581191 6735394.08590061)", "Ansiktsside, rettet mot": "Parallelt mot veg", "Skiltnummer": "552 - Parkering"}, "vegsystem": "KV4831 S1D1 m71", "mor": [1027185660]}, "geometry": {"type": "Point", "coordinates": [5.32259722, 60.4021231]}}, {"type": "Feature", "properties": {"nvdb_id": 1026094888, "skiltnummer": "372 - Parkering forbudt", "tekst": null, "kategori": "forbud", "egenskaper": {"Oppsettingsdato": "2025-01-01", "Geometri, punkt": "POINT Z (-32076.079048757558 6735400.1131902095 2.4766)", "Ansiktsside, rettet mot": "Trafikk i metreringsretning", "Tosidig plate med ulike motiv": "Nei", "Klappskilt": "Nei", "Skiltnummer": "372 - Parkering forbudt", "Prosjektreferanse": "22/46854", "Størrelse": "Liten størrelse"}, "vegsystem": "FV577 S1D1 m2225", "mor": [1026094962]}, "geometry": {"type": "Point", "coordinates": [5.3196602, 60.40196213]}}, {"type": "Feature", "properties": {"nvdb_id": 1027175825, "skiltnummer": "372 - Parkering forbudt", "tekst": null, "kategori": "forbud", "egenskaper": {"Geometri, punkt": "POINT(-31362.128744960646 6735406.520230017)", "Ansiktsside, rettet mot": "Tosidig", "Skiltnummer": "372 - Parkering forbudt"}, "vegsystem": "KV4353 S1D1 m331", "mor": [1027175822]}, "geometry": {"type": "Point", "coordinates": [5.3324165, 60.4029555]}}, {"type": "Feature", "properties": {"nvdb_id": 1027175886, "skiltnummer": "372 - Parkering forbudt", "tekst": null, "kategori": "forbud", "egenskaper": {"Geometri, punkt": "POINT(-31334.09853413503 6735408.10771686)", "Ansiktsside, rettet mot": "Tosidig", "Skiltnummer": "372 - Parkering forbudt"}, "vegsystem": "KV4353 S1D1 m516", "mor": [1027175888]}, "geometry": {"type": "Point", "coordinates": [5.3329138, 60.4030063]}}, {"type": "Feature", "properties": {"nvdb_id": 1027178684, "skiltnummer": "372 - Parkering forbudt", "tekst": null, "kategori": "forbud", "egenskaper": {"Geometri, punkt": "POINT(-31680.033263884252 6735410.047358615)", "Ansiktsside, rettet mot": "Tosidig", "Skiltnummer": "372 - Parkering forbudt"}, "vegsystem": "KV5327 S2D1 m25", "mor": [1027178683]}, "geometry": {"type": "Point", "coordinates": [5.32671942, 60.40256979]}}, {"type": "Feature", "properties": {"nvdb_id": 1027175891, "skiltnummer": "372 - Parkering forbudt", "tekst": null, "kategori": "forbud", "egenskaper": {"Geometri, punkt": "POINT(-31324.327436687192 6735411.021464673)", "Ansiktsside, rettet mot": "Tosidig", "Skiltnummer": "372 - Parkering forbudt"}, "vegsystem": "KV4353 S1D1 m506", "mor": [1027175893]}, "geometry": {"type": "Point", "coordinates": [5.33308092, 60.40304489]}}, {"type": "Feature", "properties": {"nvdb_id": 1027178584, "skiltnummer": "372 - Parkering forbudt", "tekst": null, "kategori": "forbud", "egenskaper": {"Geometri, punkt": "POINT(-31658.606825201423 6735411.23281577)", "Ansiktsside, rettet mot": "Tosidig", "Skiltnummer": "372 - Parkering forbudt"}, "vegsystem": "KV5309 S2D1 m138", "mor": [1027178587]}, "geometry": {"type": "Point", "coordinates": [5.32709961, 60.4026084]}}, {"type": "Feature", "properties": {"nvdb_id": 1027175895, "skiltnummer": "372 - Parkering forbudt", "tekst": null, "kategori": "forbud", "egenskaper": {"Geometri, punkt": "POINT(-31305.46490519226 6735414.3737654155)", "Ansiktsside, rettet mot": "Tosidig", "Skiltnummer": "372 - Parkering forbudt"}, "vegsystem": "KV4353 S1D1 m487", "mor": [1027175897]}, "geometry": {"type": "Point", "coordinates": [5.3334095, 60.4030993]}}, {"type": "Feature", "properties": {"nvdb_id": 1027175808, "skiltnummer": "372 - Parkering forbudt", "tekst": null, "kategori": "forbud", "egenskaper": {"Geometri, punkt": "POINT(-31372.729192623636 6735420.043693567)", "Ansiktsside, rettet mot": "Tosidig", "Skiltnummer": "372 - Parkering forbudt"}, "vegsystem": "KV4353 S1D1 m315", "mor": [1027175810]}, "geometry": {"type": "Point", "coordinates": [5.33219101, 60.4030613]}}, {"type": "Feature", "properties": {"nvdb_id": 1027175871, "skiltnummer": "372 - Parkering forbudt", "tekst": null, "kategori": "forbud", "egenskaper": {"Geometri, punkt": "POINT(-31296.668140894733 6735423.690938373)", "Ansiktsside, rettet mot": "Tosidig", "Skiltnummer": "372 - Parkering forbudt"}, "vegsystem": "KV4353 S1D1 m471", "mor": [1027175874]}, "geometry": {"type": "Point", "coordinates": [5.33354221, 60.4031933]}}, {"type": "Feature", "properties": {"nvdb_id": 1026094915, "skiltnummer": "808.351 - Gjelder/Gjeld (snuplassen, torget o.l.)", "tekst": null, "kategori": "parkering", "egenskaper": {"Oppsettingsdato": "2025-01-01", "Geometri, punkt": "POINT Z (-31999.082265255274 6735423.579640444 1.674)", "Ansiktsside, rettet mot": "Parallelt mot veg", "Tosidig plate med ulike motiv": "Nei", "Klappskilt": "Nei", "Skiltnummer": "808.351 - Gjelder/Gjeld (snuplassen, torget o.l.)", "Prosjektreferanse": "22/46854", "Størrelse": "Understørrelse"}, "vegsystem": "FV577 S1D1 m2299", "mor": [1026094925]}, "geometry": {"type": "Point", "coordinates": [5.32097545, 60.40227091]}}, {"type": "Feature", "properties": {"nvdb_id": 1026095004, "skiltnummer": "372 - Parkering forbudt", "tekst": null, "kategori": "forbud", "egenskaper": {"Oppsettingsdato": "2025-01-01", "Geometri, punkt": "POINT Z (-31999.082265255274 6735423.579640444 1.674)", "Ansiktsside, rettet mot": "Parallelt mot veg", "Tosidig plate med ulike motiv": "Nei", "Klappskilt": "Nei", "Skiltnummer": "372 - Parkering forbudt", "Prosjektreferanse": "22/46854", "Størrelse": "Liten størrelse"}, "vegsystem": "FV577 S1D1 m2299", "mor": [1026094925]}, "geometry": {"type": "Point", "coordinates": [5.32097545, 60.40227091]}}, {"type": "Feature", "properties": {"nvdb_id": 1027175858, "skiltnummer": "372 - Parkering forbudt", "tekst": null, "kategori": "forbud", "egenskaper": {"Geometri, punkt": "POINT(-31313.386681280448 6735427.455093238)", "Ansiktsside, rettet mot": "Tosidig", "Skiltnummer": "372 - Parkering forbudt"}, "vegsystem": "KV4353 S1D1 m451", "mor": [1027175860]}, "geometry": {"type": "Point", "coordinates": [5.3332331, 60.4032047]}}, {"type": "Feature", "properties": {"nvdb_id": 1027185233, "skiltnummer": "806 - Tid", "tekst": "08 - 23 (08 - 17) Med P-kort sone 8 og eller mot avgift", "kategori": "boligsone", "egenskaper": {"Geometri, punkt": "POINT(-31856.210552501492 6735428.074116818)", "Ansiktsside, rettet mot": "Trafikk i metreringsretning", "Skiltnummer": "806 - Tid", "Tekst": "08 - 23 (08 - 17) Med P-kort sone 8 og eller mot avgift"}, "vegsystem": "KV4573 S1D1 m8", "mor": [1027185235]}, "geometry": {"type": "Point", "coordinates": [5.3235196, 60.4024982]}}, {"type": "Feature", "properties": {"nvdb_id": 1027185234, "skiltnummer": "552 - Parkering", "tekst": null, "kategori": "parkering", "egenskaper": {"Geometri, punkt": "POINT(-31856.210552501492 6735428.074116818)", "Ansiktsside, rettet mot": "Trafikk i metreringsretning", "Skiltnummer": "552 - Parkering"}, "vegsystem": "KV4573 S1D1 m8", "mor": [1027185235]}, "geometry": {"type": "Point", "coordinates": [5.3235196, 60.4024982]}}, {"type": "Feature", "properties": {"nvdb_id": 1027178678, "skiltnummer": "372 - Parkering forbudt", "tekst": null, "kategori": "forbud", "egenskaper": {"Geometri, punkt": "POINT(-31663.02456341521 6735437.805508989)", "Ansiktsside, rettet mot": "Tosidig", "Skiltnummer": "372 - Parkering forbudt"}, "vegsystem": "KV5327 S2D1 m56", "mor": [1027178681]}, "geometry": {"type": "Point", "coordinates": [5.3269501, 60.4028378]}}, {"type": "Feature", "properties": {"nvdb_id": 1027175863, "skiltnummer": "372 - Parkering forbudt", "tekst": null, "kategori": "forbud", "egenskaper": {"Geometri, punkt": "POINT(-31327.20571732975 6735435.512404827)", "Ansiktsside, rettet mot": "Tosidig", "Skiltnummer": "372 - Parkering forbudt"}, "vegsystem": "KV4353 S1D1 m435", "mor": [1027175865]}, "geometry": {"type": "Point", "coordinates": [5.3329645, 60.40325789]}}, {"type": "Feature", "properties": {"nvdb_id": 1027175696, "skiltnummer": "372 - Parkering forbudt", "tekst": null, "kategori": "forbud", "egenskaper": {"Geometri, punkt": "POINT(-31421.666000377852 6735438.545803379)", "Ansiktsside, rettet mot": "Tosidig", "Skiltnummer": "372 - Parkering forbudt"}, "vegsystem": "KV4353 S1D1 m10", "mor": [1027175698]}, "geometry": {"type": "Point", "coordinates": [5.33126641, 60.4031609]}}, {"type": "Feature", "properties": {"nvdb_id": 1027185227, "skiltnummer": "552 - Parkering", "tekst": null, "kategori": "parkering", "egenskaper": {"Geometri, punkt": "POINT(-31831.559769463027 6735442.372307386)", "Ansiktsside, rettet mot": "Tosidig", "Skiltnummer": "552 - Parkering"}, "vegsystem": "KV99998 S15D20 m1", "mor": [1027185230]}, "geometry": {"type": "Point", "coordinates": [5.32392271, 60.40265709]}}, {"type": "Feature", "properties": {"nvdb_id": 1027185229, "skiltnummer": "806 - Tid", "tekst": "08 - 23 (08 - 17) Med P-kort sone eller mot avgift", "kategori": "boligsone", "egenskaper": {"Geometri, punkt": "POINT(-31831.559769463027 6735442.372307386)", "Ansiktsside, rettet mot": "Tosidig", "Skiltnummer": "806 - Tid", "Tekst": "08 - 23 (08 - 17) Med P-kort sone eller mot avgift"}, "vegsystem": "KV99998 S15D20 m1", "mor": [1027185230]}, "geometry": {"type": "Point", "coordinates": [5.32392271, 60.40265709]}}, {"type": "Feature", "properties": {"nvdb_id": 1027185734, "skiltnummer": "808 - Underskilt med annen tekst", "tekst": "Gjelder beboere med P-kort til sone 8", "kategori": "boligsone", "egenskaper": {"Geometri, punkt": "POINT(-31890.66990077775 6735445.713148369)", "Ansiktsside, rettet mot": "Tosidig", "Skiltnummer": "808 - Underskilt med annen tekst", "Tekst": "Gjelder beboere med P-kort til sone 8"}, "vegsystem": "KV4839 S1D1 m17", "mor": [1027185737]}, "geometry": {"type": "Point", "coordinates": [5.32285631, 60.4026091]}}, {"type": "Feature", "properties": {"nvdb_id": 1027185736, "skiltnummer": "552 - Parkering", "tekst": null, "kategori": "parkering", "egenskaper": {"Geometri, punkt": "POINT(-31890.66990077775 6735445.713148369)", "Ansiktsside, rettet mot": "Tosidig", "Skiltnummer": "552 - Parkering"}, "vegsystem": "KV4839 S1D1 m17", "mor": [1027185737]}, "geometry": {"type": "Point", "coordinates": [5.32285631, 60.4026091]}}, {"type": "Feature", "properties": {"nvdb_id": 1027185728, "skiltnummer": "808 - Underskilt med annen tekst", "tekst": "Gjelder beboere med P-kort til sone 8", "kategori": "boligsone", "egenskaper": {"Geometri, punkt": "POINT(-31895.144442204037 6735451.912770682)", "Ansiktsside, rettet mot": "Trafikk i metreringsretning", "Skiltnummer": "808 - Underskilt med annen tekst", "Tekst": "Gjelder beboere med P-kort til sone 8"}, "vegsystem": "KV4839 S1D1 m17", "mor": [1027185732]}, "geometry": {"type": "Point", "coordinates": [5.32275982, 60.4026581]}}, {"type": "Feature", "properties": {"nvdb_id": 1027185730, "skiltnummer": "552 - Parkering", "tekst": null, "kategori": "parkering", "egenskaper": {"Geometri, punkt": "POINT(-31895.144442204037 6735451.912770682)", "Ansiktsside, rettet mot": "Trafikk i metreringsretning", "Skiltnummer": "552 - Parkering"}, "vegsystem": "KV4839 S1D1 m17", "mor": [1027185732]}, "geometry": {"type": "Point", "coordinates": [5.32275982, 60.4026581]}}, {"type": "Feature", "properties": {"nvdb_id": 1027178780, "skiltnummer": "807.6 - Symbol, sykkel og liten elektrisk motorvogn", "tekst": "Unntatt", "kategori": "parkering", "egenskaper": {"Geometri, punkt": "POINT(-31784.46323006274 6735450.179580983)", "Ansiktsside, rettet mot": "Trafikk mot metreringsretning", "Skiltnummer": "807.6 - Symbol, sykkel og liten elektrisk motorvogn", "Tekst": "Unntatt"}, "vegsystem": "KV4907 S1D1 m117", "mor": [1027178784]}, "geometry": {"type": "Point", "coordinates": [5.32474461, 60.402788]}}, {"type": "Feature", "properties": {"nvdb_id": 1027175828, "skiltnummer": "372 - Parkering forbudt", "tekst": null, "kategori": "forbud", "egenskaper": {"Geometri, punkt": "POINT(-31379.846062505967 6735450.404869061)", "Ansiktsside, rettet mot": "Tosidig", "Skiltnummer": "372 - Parkering forbudt"}, "vegsystem": "KV4353 S1D1 m283", "mor": [1027175826]}, "geometry": {"type": "Point", "coordinates": [5.33198321, 60.4033207]}}, {"type": "Feature", "properties": {"nvdb_id": 1027185716, "skiltnummer": "376.1 - Parkeringssone", "tekst": null, "kategori": "forbud", "egenskaper": {"Geometri, punkt": "POINT(-31883.6161957772 6735451.819085736)", "Ansiktsside, rettet mot": "Trafikk i metreringsretning", "Skiltnummer": "376.1 - Parkeringssone"}, "vegsystem": "KV4839 S1D1 m8", "mor": [1027185718]}, "geometry": {"type": "Point", "coordinates": [5.32296632, 60.4026724]}}, {"type": "Feature", "properties": {"nvdb_id": 1027185744, "skiltnummer": "376.1 - Parkeringssone", "tekst": null, "kategori": "forbud", "egenskaper": {"Geometri, punkt": "POINT(-31888.87080142938 6735455.321089436)", "Ansiktsside, rettet mot": "Trafikk i metreringsretning", "Skiltnummer": "376.1 - Parkeringssone"}, "vegsystem": "KV4839 S1D1 m10", "mor": [1027185748]}, "geometry": {"type": "Point", "coordinates": [5.32286301, 60.4026965]}}, {"type": "Feature", "properties": {"nvdb_id": 1027178865, "skiltnummer": "807.8 - Symbol, forflytningshemmede med parkeringstillatelse", "tekst": null, "kategori": "parkering", "egenskaper": {"Geometri, punkt": "POINT(-31701.319940981688 6735456.338813363)", "Ansiktsside, rettet mot": "Tosidig", "Skiltnummer": "807.8 - Symbol, forflytningshemmede med parkeringstillatelse"}, "vegsystem": "KV4896 S1D1 m10", "mor": [1027178867]}, "geometry": {"type": "Point", "coordinates": [5.32621581, 60.4029516]}}, {"type": "Feature", "properties": {"nvdb_id": 1027178869, "skiltnummer": "552 - Parkering", "tekst": null, "kategori": "parkering", "egenskaper": {"Geometri, punkt": "POINT(-31701.319940981688 6735456.338813363)", "Ansiktsside, rettet mot": "Tosidig", "Skiltnummer": "552 - Parkering"}, "vegsystem": "KV4896 S1D1 m10", "mor": [1027178867]}, "geometry": {"type": "Point", "coordinates": [5.32621581, 60.4029516]}}, {"type": "Feature", "properties": {"nvdb_id": 1027178855, "skiltnummer": "807.8 - Symbol, forflytningshemmede med parkeringstillatelse", "tekst": null, "kategori": "parkering", "egenskaper": {"Geometri, punkt": "POINT(-31695.19395760016 6735458.413529165)", "Ansiktsside, rettet mot": "Trafikk i metreringsretning", "Skiltnummer": "807.8 - Symbol, forflytningshemmede med parkeringstillatelse"}, "vegsystem": "KV4896 S1D1 m16", "mor": [1027178857]}, "geometry": {"type": "Point", "coordinates": [5.32631991, 60.402978]}}, {"type": "Feature", "properties": {"nvdb_id": 1027178856, "skiltnummer": "552 - Parkering", "tekst": null, "kategori": "parkering", "egenskaper": {"Geometri, punkt": "POINT(-31695.19395760016 6735458.413529165)", "Ansiktsside, rettet mot": "Trafikk i metreringsretning", "Skiltnummer": "552 - Parkering"}, "vegsystem": "KV4896 S1D1 m16", "mor": [1027178857]}, "geometry": {"type": "Point", "coordinates": [5.32631991, 60.402978]}}, {"type": "Feature", "properties": {"nvdb_id": 1027175813, "skiltnummer": "372 - Parkering forbudt", "tekst": null, "kategori": "forbud", "egenskaper": {"Geometri, punkt": "POINT(-31372.104612004943 6735461.651995244)", "Ansiktsside, rettet mot": "Tosidig", "Skiltnummer": "372 - Parkering forbudt"}, "vegsystem": "KV4353 S1D1 m271", "mor": [1027175815]}, "geometry": {"type": "Point", "coordinates": [5.3320919, 60.4034304]}}, {"type": "Feature", "properties": {"nvdb_id": 1026095005, "skiltnummer": "376.1 - Parkeringssone", "tekst": null, "kategori": "forbud", "egenskaper": {"Oppsettingsdato": "2025-01-01", "Geometri, punkt": "POINT Z (-31976.32778332138 6735462.611698295 1.838158)", "Ansiktsside, rettet mot": "Parallelt mot veg", "Tosidig plate med ulike motiv": "Nei", "Klappskilt": "Nei", "Skiltnummer": "376.1 - Parkeringssone", "Prosjektreferanse": "22/46854", "Størrelse": "Liten størrelse"}, "vegsystem": "FV577 S1D1 m2344", "mor": [1026094936]}, "geometry": {"type": "Point", "coordinates": [5.32127898, 60.40264624]}}, {"type": "Feature", "properties": {"nvdb_id": 1027179886, "skiltnummer": "807.8 - Symbol, forflytningshemmede med parkeringstillatelse", "tekst": null, "kategori": "parkering", "egenskaper": {"Geometri, punkt": "POINT(-31531.36120741989 6735463.8479110785)", "Ansiktsside, rettet mot": "Trafikk i metreringsretning", "Skiltnummer": "807.8 - Symbol, forflytningshemmede med parkeringstillatelse"}, "vegsystem": "KV5001 S1D1 m130", "mor": [1027179888]}, "geometry": {"type": "Point", "coordinates": [5.32923671, 60.403241]}}, {"type": "Feature", "properties": {"nvdb_id": 1027179887, "skiltnummer": "552 - Parkering", "tekst": null, "kategori": "parkering", "egenskaper": {"Geometri, punkt": "POINT(-31531.36120741989 6735463.8479110785)", "Ansiktsside, rettet mot": "Trafikk i metreringsretning", "Skiltnummer": "552 - Parkering"}, "vegsystem": "KV5001 S1D1 m130", "mor": [1027179888]}, "geometry": {"type": "Point", "coordinates": [5.32923671, 60.403241]}}, {"type": "Feature", "properties": {"nvdb_id": 1027179879, "skiltnummer": "807.8 - Symbol, forflytningshemmede med parkeringstillatelse", "tekst": null, "kategori": "parkering", "egenskaper": {"Geometri, punkt": "POINT(-31531.959459570935 6735470.749294771)", "Ansiktsside, rettet mot": "Tosidig", "Skiltnummer": "807.8 - Symbol, forflytningshemmede med parkeringstillatelse"}, "vegsystem": "KV5001 S1D1 m123", "mor": [1027179882]}, "geometry": {"type": "Point", "coordinates": [5.32920772, 60.4033013]}}, {"type": "Feature", "properties": {"nvdb_id": 1027179880, "skiltnummer": "552 - Parkering", "tekst": null, "kategori": "parkering", "egenskaper": {"Geometri, punkt": "POINT(-31531.959459570935 6735470.749294771)", "Ansiktsside, rettet mot": "Tosidig", "Skiltnummer": "552 - Parkering"}, "vegsystem": "KV5001 S1D1 m123", "mor": [1027179882]}, "geometry": {"type": "Point", "coordinates": [5.32920772, 60.4033013]}}, {"type": "Feature", "properties": {"nvdb_id": 1027185690, "skiltnummer": "376.1 - Parkeringssone", "tekst": null, "kategori": "forbud", "egenskaper": {"Geometri, punkt": "POINT(-31966.02929990145 6735477.394276313)", "Ansiktsside, rettet mot": "Trafikk mot metreringsretning", "Skiltnummer": "376.1 - Parkeringssone"}, "vegsystem": "KV4839 S1D1 m222", "mor": [1027185694]}, "geometry": {"type": "Point", "coordinates": [5.32142402, 60.4027906]}}, {"type": "Feature", "properties": {"nvdb_id": 1027185206, "skiltnummer": "552 - Parkering", "tekst": null, "kategori": "parkering", "egenskaper": {"Geometri, punkt": "POINT(-31883.494066675892 6735486.531899028)", "Ansiktsside, rettet mot": "Trafikk i metreringsretning", "Skiltnummer": "552 - Parkering"}, "vegsystem": "KV14040 S1D1 m8", "mor": [1027185210]}, "geometry": {"type": "Point", "coordinates": [5.32287641, 60.4029798]}}, {"type": "Feature", "properties": {"nvdb_id": 1027185209, "skiltnummer": "808 - Underskilt med annen tekst", "tekst": null, "kategori": "parkering", "egenskaper": {"Geometri, punkt": "POINT(-31883.494066675892 6735486.531899028)", "Ansiktsside, rettet mot": "Trafikk i metreringsretning", "Skiltnummer": "808 - Underskilt med annen tekst"}, "vegsystem": "KV14040 S1D1 m8", "mor": [1027185210]}, "geometry": {"type": "Point", "coordinates": [5.32287641, 60.4029798]}}, {"type": "Feature", "properties": {"nvdb_id": 1027175806, "skiltnummer": "372 - Parkering forbudt", "tekst": null, "kategori": "forbud", "egenskaper": {"Geometri, punkt": "POINT(-31367.00319424027 6735487.525645158)", "Ansiktsside, rettet mot": "Tosidig", "Skiltnummer": "372 - Parkering forbudt"}, "vegsystem": "KV4353 S1D1 m243", "mor": [1027175804]}, "geometry": {"type": "Point", "coordinates": [5.33211461, 60.4036661]}}, {"type": "Feature", "properties": {"nvdb_id": 1027185696, "skiltnummer": "808 - Underskilt med annen tekst", "tekst": "Gjelder beboere med P-kort til sone 8", "kategori": "boligsone", "egenskaper": {"Geometri, punkt": "POINT(-31956.476720734732 6735493.264115677)", "Ansiktsside, rettet mot": "Tosidig", "Skiltnummer": "808 - Underskilt med annen tekst", "Tekst": "Gjelder beboere med P-kort til sone 8"}, "vegsystem": "KV4839 S1D1 m204", "mor": [1027185700]}, "geometry": {"type": "Point", "coordinates": [5.32155281, 60.4029436]}}, {"type": "Feature", "properties": {"nvdb_id": 1027185698, "skiltnummer": "552 - Parkering", "tekst": null, "kategori": "parkering", "egenskaper": {"Geometri, punkt": "POINT(-31956.476720734732 6735493.264115677)", "Ansiktsside, rettet mot": "Tosidig", "Skiltnummer": "552 - Parkering"}, "vegsystem": "KV4839 S1D1 m204", "mor": [1027185700]}, "geometry": {"type": "Point", "coordinates": [5.32155281, 60.4029436]}}, {"type": "Feature", "properties": {"nvdb_id": 1027185191, "skiltnummer": "372 - Parkering forbudt", "tekst": null, "kategori": "forbud", "egenskaper": {"Geometri, punkt": "POINT(-31875.977290600073 6735497.269258915)", "Ansiktsside, rettet mot": "Tosidig", "Skiltnummer": "372 - Parkering forbudt"}, "vegsystem": "KV14040 S1D1 m19", "mor": [1027185194]}, "geometry": {"type": "Point", "coordinates": [5.32298242, 60.4030847]}}, {"type": "Feature", "properties": {"nvdb_id": 1027175796, "skiltnummer": "372 - Parkering forbudt", "tekst": null, "kategori": "forbud", "egenskaper": {"Geometri, punkt": "POINT(-31337.560431701015 6735496.993082867)", "Ansiktsside, rettet mot": "Tosidig", "Skiltnummer": "372 - Parkering forbudt"}, "vegsystem": "KV4353 S1D1 m211", "mor": [1027175798]}, "geometry": {"type": "Point", "coordinates": [5.33261632, 60.4037885]}}, {"type": "Feature", "properties": {"nvdb_id": 1027175742, "skiltnummer": "372 - Parkering forbudt", "tekst": null, "kategori": "forbud", "egenskaper": {"Geometri, punkt": "POINT(-31403.677558573196 6735498.550957377)", "Ansiktsside, rettet mot": "Tosidig", "Skiltnummer": "372 - Parkering forbudt"}, "vegsystem": "KV4452 S2D1 m283", "mor": [1027175743]}, "geometry": {"type": "Point", "coordinates": [5.3314292, 60.4037156]}}, {"type": "Feature", "properties": {"nvdb_id": 1027178822, "skiltnummer": "552 - Parkering", "tekst": null, "kategori": "parkering", "egenskaper": {"Geometri, punkt": "POINT(-31714.58785931859 6735499.29524385)", "Ansiktsside, rettet mot": "Tosidig", "Skiltnummer": "552 - Parkering"}, "vegsystem": "KV4767 S1D1 m10", "mor": [1027178824]}, "geometry": {"type": "Point", "coordinates": [5.32586451, 60.4033144]}}, {"type": "Feature", "properties": {"nvdb_id": 1027175739, "skiltnummer": "372 - Parkering forbudt", "tekst": null, "kategori": "forbud", "egenskaper": {"Geometri, punkt": "POINT(-31403.254175109207 6735504.4648777945)", "Ansiktsside, rettet mot": "Tosidig", "Skiltnummer": "372 - Parkering forbudt"}, "vegsystem": "KV4353 S1D1 m80", "mor": [1027175741]}, "geometry": {"type": "Point", "coordinates": [5.33142111, 60.4037685]}}, {"type": "Feature", "properties": {"nvdb_id": 1027175875, "skiltnummer": "372 - Parkering forbudt", "tekst": null, "kategori": "forbud", "egenskaper": {"Geometri, punkt": "POINT(-31283.83984671475 6735509.135232477)", "Ansiktsside, rettet mot": "Trafikk i metreringsretning", "Skiltnummer": "372 - Parkering forbudt"}, "vegsystem": "KV4353 S2D1 m83", "mor": [1027175876]}, "geometry": {"type": "Point", "coordinates": [5.3335453, 60.4039664]}}, {"type": "Feature", "properties": {"nvdb_id": 1027178825, "skiltnummer": "372 - Parkering forbudt", "tekst": null, "kategori": "forbud", "egenskaper": {"Geometri, punkt": "POINT(-31691.734130498953 6735513.431217479)", "Ansiktsside, rettet mot": "Tosidig", "Skiltnummer": "372 - Parkering forbudt"}, "vegsystem": "KV4767 S1D1 m36", "mor": [1027178828]}, "geometry": {"type": "Point", "coordinates": [5.32623591, 60.4034695]}}, {"type": "Feature", "properties": {"nvdb_id": 1027178830, "skiltnummer": "808 - Underskilt med annen tekst", "tekst": "Reservert bildeling med gyldig tillatelse", "kategori": "parkering", "egenskaper": {"Geometri, punkt": "POINT(-31671.902748298715 6735513.361548481)", "Ansiktsside, rettet mot": "Tosidig", "Skiltnummer": "808 - Underskilt med annen tekst", "Tekst": "Reservert bildeling med gyldig tillatelse"}, "vegsystem": "KV4767 S1D1 m55", "mor": [1027178835]}, "geometry": {"type": "Point", "coordinates": [5.3265909, 60.4034949]}}, {"type": "Feature", "properties": {"nvdb_id": 1027178833, "skiltnummer": "552 - Parkering", "tekst": null, "kategori": "parkering", "egenskaper": {"Geometri, punkt": "POINT(-31671.902748298715 6735513.361548481)", "Ansiktsside, rettet mot": "Tosidig", "Skiltnummer": "552 - Parkering"}, "vegsystem": "KV4767 S1D1 m55", "mor": [1027178835]}, "geometry": {"type": "Point", "coordinates": [5.3265909, 60.4034949]}}, {"type": "Feature", "properties": {"nvdb_id": 1027178840, "skiltnummer": "372 - Parkering forbudt", "tekst": null, "kategori": "forbud", "egenskaper": {"Geometri, punkt": "POINT(-31635.41742462502 6735532.324078896)", "Ansiktsside, rettet mot": "Parallelt mot veg", "Skiltnummer": "372 - Parkering forbudt"}, "vegsystem": "KV4767 S1D1 m94", "mor": [1027178842]}, "geometry": {"type": "Point", "coordinates": [5.32719342, 60.4037106]}}, {"type": "Feature", "properties": {"nvdb_id": 1027177720, "skiltnummer": "372 - Parkering forbudt", "tekst": null, "kategori": "forbud", "egenskaper": {"Geometri, punkt": "POINT(-31836.875663040206 6735527.23075999)", "Ansiktsside, rettet mot": "Tosidig", "Skiltnummer": "372 - Parkering forbudt"}, "vegsystem": "KV4924 S1D1 m57", "mor": [1027177721]}, "geometry": {"type": "Point", "coordinates": [5.3236025, 60.4034012]}}, {"type": "Feature", "properties": {"nvdb_id": 1027185704, "skiltnummer": "808 - Underskilt med annen tekst", "tekst": "Gjelder beboere med P-kort til sone 8", "kategori": "boligsone", "egenskaper": {"Geometri, punkt": "POINT(-31949.844235075754 6735529.395562433)", "Ansiktsside, rettet mot": "Trafikk mot metreringsretning", "Skiltnummer": "808 - Underskilt med annen tekst", "Tekst": "Gjelder beboere med P-kort til sone 8"}, "vegsystem": "KV4839 S1D1 m167", "mor": [1027185708]}, "geometry": {"type": "Point", "coordinates": [5.32157562, 60.4032721]}}, {"type": "Feature", "properties": {"nvdb_id": 1027185706, "skiltnummer": "552 - Parkering", "tekst": null, "kategori": "parkering", "egenskaper": {"Geometri, punkt": "POINT(-31949.844235075754 6735529.395562433)", "Ansiktsside, rettet mot": "Trafikk mot metreringsretning", "Skiltnummer": "552 - Parkering"}, "vegsystem": "KV4839 S1D1 m167", "mor": [1027185708]}, "geometry": {"type": "Point", "coordinates": [5.32157562, 60.4032721]}}, {"type": "Feature", "properties": {"nvdb_id": 1027177479, "skiltnummer": "552 - Parkering", "tekst": null, "kategori": "parkering", "egenskaper": {"Geometri, punkt": "POINT(-31782.282332689967 6735532.265524496)", "Ansiktsside, rettet mot": "Tosidig", "Skiltnummer": "552 - Parkering"}, "vegsystem": "KV5318 S1D1 m435", "mor": [1027177482]}, "geometry": {"type": "Point", "coordinates": [5.32456592, 60.4035174]}}, {"type": "Feature", "properties": {"nvdb_id": 1027177480, "skiltnummer": "807.8 - Symbol, forflytningshemmede med parkeringstillatelse", "tekst": null, "kategori": "parkering", "egenskaper": {"Geometri, punkt": "POINT(-31782.282332689967 6735532.265524496)", "Ansiktsside, rettet mot": "Tosidig", "Skiltnummer": "807.8 - Symbol, forflytningshemmede med parkeringstillatelse"}, "vegsystem": "KV5318 S1D1 m435", "mor": [1027177482]}, "geometry": {"type": "Point", "coordinates": [5.32456592, 60.4035174]}}, {"type": "Feature", "properties": {"nvdb_id": 1027177714, "skiltnummer": "372 - Parkering forbudt", "tekst": null, "kategori": "forbud", "egenskaper": {"Geometri, punkt": "POINT(-31842.874375376152 6735541.508600144)", "Ansiktsside, rettet mot": "Trafikk i metreringsretning", "Skiltnummer": "372 - Parkering forbudt"}, "vegsystem": "KV4924 S1D1 m69", "mor": [1027177717]}, "geometry": {"type": "Point", "coordinates": [5.32345732, 60.4035197]}}, {"type": "Feature", "properties": {"nvdb_id": 1027177724, "skiltnummer": "372 - Parkering forbudt", "tekst": null, "kategori": "forbud", "egenskaper": {"Geometri, punkt": "POINT(-31817.360044160974 6735543.804243816)", "Ansiktsside, rettet mot": "Tosidig", "Skiltnummer": "372 - Parkering forbudt"}, "vegsystem": "KV4924 S1D1 m34", "mor": [1027177726]}, "geometry": {"type": "Point", "coordinates": [5.32390771, 60.4035735]}}, {"type": "Feature", "properties": {"nvdb_id": 1027177671, "skiltnummer": "808 - Underskilt med annen tekst", "tekst": "@372 @ Parkering forbudt", "kategori": "parkering", "egenskaper": {"Geometri, punkt": "POINT(-31809.076687138877 6735550.100802965)", "Ansiktsside, rettet mot": "Parallelt mot veg", "Skiltnummer": "808 - Underskilt med annen tekst", "Tekst": "@372 @ Parkering forbudt"}, "vegsystem": "KV4924 S1D1 m24", "mor": [1027177670]}, "geometry": {"type": "Point", "coordinates": [5.32403921, 60.4036401]}}, {"type": "Feature", "properties": {"nvdb_id": 1027176006, "skiltnummer": "808 - Underskilt med annen tekst", "tekst": "Reserveert bildeling med gyldig tillatelse", "kategori": "parkering", "egenskaper": {"Geometri, punkt": "POINT(-31548.667748931097 6735550.244156864)", "Ansiktsside, rettet mot": "Tosidig", "Skiltnummer": "808 - Underskilt med annen tekst", "Tekst": "Reserveert bildeling med gyldig tillatelse"}, "vegsystem": "KV5327 S1D1 m215", "mor": [1027176011]}, "geometry": {"type": "Point", "coordinates": [5.328698, 60.403983]}}, {"type": "Feature", "properties": {"nvdb_id": 1027176008, "skiltnummer": "552 - Parkering", "tekst": null, "kategori": "parkering", "egenskaper": {"Geometri, punkt": "POINT(-31548.667748931097 6735550.244156864)", "Ansiktsside, rettet mot": "Tosidig", "Skiltnummer": "552 - Parkering"}, "vegsystem": "KV5327 S1D1 m215", "mor": [1027176011]}, "geometry": {"type": "Point", "coordinates": [5.328698, 60.403983]}}, {"type": "Feature", "properties": {"nvdb_id": 1027177673, "skiltnummer": "808 - Underskilt med annen tekst", "tekst": "@372 @ Parkering forbudt", "kategori": "parkering", "egenskaper": {"Geometri, punkt": "POINT(-31793.74936361052 6735555.9179901555)", "Ansiktsside, rettet mot": "Parallelt mot veg", "Skiltnummer": "808 - Underskilt med annen tekst", "Tekst": "@372 @ Parkering forbudt"}, "vegsystem": "KV4924 S1D1 m7", "mor": [1027177675]}, "geometry": {"type": "Point", "coordinates": [5.32429802, 60.4037117]}}, {"type": "Feature", "properties": {"nvdb_id": 1027177710, "skiltnummer": "372 - Parkering forbudt", "tekst": null, "kategori": "forbud", "egenskaper": {"Geometri, punkt": "POINT(-31852.959906474105 6735555.5902322335)", "Ansiktsside, rettet mot": "Tosidig", "Skiltnummer": "372 - Parkering forbudt"}, "vegsystem": "KV4924 S1D1 m87", "mor": [1027177708]}, "geometry": {"type": "Point", "coordinates": [5.32323951, 60.4036311]}}, {"type": "Feature", "properties": {"nvdb_id": 1027177706, "skiltnummer": "372 - Parkering forbudt", "tekst": null, "kategori": "forbud", "egenskaper": {"Geometri, punkt": "POINT(-31862.165950598894 6735557.395853509)", "Ansiktsside, rettet mot": "Tosidig", "Skiltnummer": "372 - Parkering forbudt"}, "vegsystem": "KV4924 S1D1 m91", "mor": [1027177704]}, "geometry": {"type": "Point", "coordinates": [5.32307001, 60.403635]}}, {"type": "Feature", "properties": {"nvdb_id": 1026094989, "skiltnummer": "376.1 - Parkeringssone", "tekst": "Sentrum 1,0", "kategori": "forbud", "egenskaper": {"Oppsettingsdato": "2025-01-01", "Plasseringskode": 10, "Geometri, punkt": "POINT Z (-31960.765225593466 6735564.654659399 2.530846)", "Ansiktsside, rettet mot": "Parallelt mot veg", "Farge": "Blå", "Tosidig plate med ulike motiv": "Nei", "Klappskilt": "Nei", "Skiltnummer": "376.1 - Parkeringssone", "Prosjektreferanse": "22/46854", "Tekst": "Sentrum 1,0"}, "vegsystem": "FV577 S1D1 m2442", "mor": [1026094928]}, "geometry": {"type": "Point", "coordinates": [5.32128667, 60.40356984]}}, {"type": "Feature", "properties": {"nvdb_id": 1027177699, "skiltnummer": "372 - Parkering forbudt", "tekst": null, "kategori": "forbud", "egenskaper": {"Geometri, punkt": "POINT(-31855.966530625825 6735566.373946967)", "Ansiktsside, rettet mot": "Trafikk i metreringsretning", "Skiltnummer": "372 - Parkering forbudt"}, "vegsystem": "KV4924 S1D1 m101", "mor": [1027177702]}, "geometry": {"type": "Point", "coordinates": [5.3231571, 60.4037226]}}, {"type": "Feature", "properties": {"nvdb_id": 1027178656, "skiltnummer": "807.8 - Symbol, forflytningshemmede med parkeringstillatelse", "tekst": null, "kategori": "parkering", "egenskaper": {"Geometri, punkt": "POINT(-31752.970590227516 6735572.130127394)", "Ansiktsside, rettet mot": "Tosidig", "Skiltnummer": "807.8 - Symbol, forflytningshemmede med parkeringstillatelse"}, "vegsystem": "KV4401 S1D1 m180", "mor": [1027178660]}, "geometry": {"type": "Point", "coordinates": [5.3249846, 60.4039087]}}, {"type": "Feature", "properties": {"nvdb_id": 1027178658, "skiltnummer": "552 - Parkering", "tekst": null, "kategori": "parkering", "egenskaper": {"Geometri, punkt": "POINT(-31752.970590227516 6735572.130127394)", "Ansiktsside, rettet mot": "Tosidig", "Skiltnummer": "552 - Parkering"}, "vegsystem": "KV4401 S1D1 m180", "mor": [1027178660]}, "geometry": {"type": "Point", "coordinates": [5.3249846, 60.4039087]}}, {"type": "Feature", "properties": {"nvdb_id": 1027176022, "skiltnummer": "372 - Parkering forbudt", "tekst": null, "kategori": "forbud", "egenskaper": {"Geometri, punkt": "POINT(-31544.82345645572 6735589.274299793)", "Ansiktsside, rettet mot": "Tosidig", "Skiltnummer": "372 - Parkering forbudt"}, "vegsystem": "KV5327 S1D1 m253", "mor": [1027176024]}, "geometry": {"type": "Point", "coordinates": [5.32866332, 60.4043335]}}, {"type": "Feature", "properties": {"nvdb_id": 1027176375, "skiltnummer": "807.8 - Symbol, forflytningshemmede med parkeringstillatelse", "tekst": null, "kategori": "parkering", "egenskaper": {"Geometri, punkt": "POINT(-31550.804893619963 6735618.722260265)", "Ansiktsside, rettet mot": "Trafikk mot metreringsretning", "Skiltnummer": "807.8 - Symbol, forflytningshemmede med parkeringstillatelse"}, "vegsystem": "KV5327 S1D1 m282", "mor": [1027176377]}, "geometry": {"type": "Point", "coordinates": [5.32847821, 60.4045863]}}, {"type": "Feature", "properties": {"nvdb_id": 1027176376, "skiltnummer": "552 - Parkering", "tekst": null, "kategori": "parkering", "egenskaper": {"Geometri, punkt": "POINT(-31550.804893619963 6735618.722260265)", "Ansiktsside, rettet mot": "Trafikk mot metreringsretning", "Skiltnummer": "552 - Parkering"}, "vegsystem": "KV5327 S1D1 m282", "mor": [1027176377]}, "geometry": {"type": "Point", "coordinates": [5.32847821, 60.4045863]}}, {"type": "Feature", "properties": {"nvdb_id": 1027176379, "skiltnummer": "552 - Parkering", "tekst": null, "kategori": "parkering", "egenskaper": {"Geometri, punkt": "POINT(-31551.40029720671 6735631.035036961)", "Ansiktsside, rettet mot": "Tosidig", "Skiltnummer": "552 - Parkering"}, "vegsystem": "KV5327 S1D1 m295", "mor": [1027176381]}, "geometry": {"type": "Point", "coordinates": [5.32843491, 60.4046945]}}, {"type": "Feature", "properties": {"nvdb_id": 1027176380, "skiltnummer": "807.8 - Symbol, forflytningshemmede med parkeringstillatelse", "tekst": null, "kategori": "parkering", "egenskaper": {"Geometri, punkt": "POINT(-31551.40029720671 6735631.035036961)", "Ansiktsside, rettet mot": "Tosidig", "Skiltnummer": "807.8 - Symbol, forflytningshemmede med parkeringstillatelse"}, "vegsystem": "KV5327 S1D1 m295", "mor": [1027176381]}, "geometry": {"type": "Point", "coordinates": [5.32843491, 60.4046945]}}, {"type": "Feature", "properties": {"nvdb_id": 1027176384, "skiltnummer": "806 - Tid", "tekst": "08 - 16 (08 - 10)", "kategori": "parkering", "egenskaper": {"Geometri, punkt": "POINT(-31554.45836577553 6735654.525047118)", "Ansiktsside, rettet mot": "Tosidig", "Skiltnummer": "806 - Tid", "Tekst": "08 - 16 (08 - 10)"}, "vegsystem": "KV5327 S1D1 m319", "mor": [1027176389]}, "geometry": {"type": "Point", "coordinates": [5.32831792, 60.4048984]}}, {"type": "Feature", "properties": {"nvdb_id": 1027176385, "skiltnummer": "372 - Parkering forbudt", "tekst": null, "kategori": "forbud", "egenskaper": {"Geometri, punkt": "POINT(-31554.45836577553 6735654.525047118)", "Ansiktsside, rettet mot": "Tosidig", "Skiltnummer": "372 - Parkering forbudt"}, "vegsystem": "KV5327 S1D1 m319", "mor": [1027176389]}, "geometry": {"type": "Point", "coordinates": [5.32831792, 60.4048984]}}, {"type": "Feature", "properties": {"nvdb_id": 1027176422, "skiltnummer": "372 - Parkering forbudt", "tekst": null, "kategori": "forbud", "egenskaper": {"Geometri, punkt": "POINT(-31448.50257893512 6735689.462663176)", "Ansiktsside, rettet mot": "Tosidig", "Skiltnummer": "372 - Parkering forbudt"}, "vegsystem": "KV4892 S1D1 m160", "mor": [1027176420]}, "geometry": {"type": "Point", "coordinates": [5.3301211, 60.4053466]}}, {"type": "Feature", "properties": {"nvdb_id": 550774144, "skiltnummer": "552 - Parkering", "tekst": null, "kategori": "parkering", "egenskaper": {"Geometri, punkt": "POINT Z (-31847.4984573043 6735695.22096594 14.576)", "Ansiktsside, rettet mot": "Trafikk i metreringsretning", "Skiltnummer": "552 - Parkering", "Belysning": "Ingen"}, "vegsystem": "FV5342 S1D1 m1359", "mor": [399105192]}, "geometry": {"type": "Point", "coordinates": [5.32296681, 60.40487412]}}, {"type": "Feature", "properties": {"nvdb_id": 399105187, "skiltnummer": "372 - Parkering forbudt", "tekst": null, "kategori": "forbud", "egenskaper": {"Geometri, punkt": "POINT Z (-31847.4900054932 6735695.51000977 14.576)", "Ansiktsside, rettet mot": "Tosidig", "Farge": "Blå", "Skiltform": "Plan", "Skiltnummer": "372 - Parkering forbudt", "Klappskilt": "Nei", "Belysning": "Ingen", "Størrelse": "Middels størrelse"}, "vegsystem": "FV5342 S1D1 m1359", "mor": [399105192]}, "geometry": {"type": "Point", "coordinates": [5.32296619, 60.40487669]}}, {"type": "Feature", "properties": {"nvdb_id": 1027175648, "skiltnummer": "808.519 - Kjøring til eiendommene tillatt/Køyring til eigedomane tillete", "tekst": null, "kategori": "parkering", "egenskaper": {"Geometri, punkt": "POINT(-31327.79035160225 6735707.94763662)", "Ansiktsside, rettet mot": "Trafikk mot metreringsretning", "Skiltnummer": "808.519 - Kjøring til eiendommene tillatt/Køyring til eigedomane tillete"}, "vegsystem": "KV4452 S2D1 m36", "mor": [1027175645]}, "geometry": {"type": "Point", "coordinates": [5.33223201, 60.4056685]}}, {"type": "Feature", "properties": {"nvdb_id": 1027177321, "skiltnummer": "807.8 - Symbol, forflytningshemmede med parkeringstillatelse", "tekst": null, "kategori": "parkering", "egenskaper": {"Geometri, punkt": "POINT(-31789.230933457497 6735712.271110475)", "Ansiktsside, rettet mot": "Tosidig", "Skiltnummer": "807.8 - Symbol, forflytningshemmede med parkeringstillatelse"}, "vegsystem": "KV4645 S1D1 m21", "mor": [1027177324]}, "geometry": {"type": "Point", "coordinates": [5.32396411, 60.4051015]}}, {"type": "Feature", "properties": {"nvdb_id": 1027177322, "skiltnummer": "552 - Parkering", "tekst": null, "kategori": "parkering", "egenskaper": {"Geometri, punkt": "POINT(-31789.230933457497 6735712.271110475)", "Ansiktsside, rettet mot": "Tosidig", "Skiltnummer": "552 - Parkering"}, "vegsystem": "KV4645 S1D1 m21", "mor": [1027177324]}, "geometry": {"type": "Point", "coordinates": [5.32396411, 60.4051015]}}, {"type": "Feature", "properties": {"nvdb_id": 1027177278, "skiltnummer": "376.1 - Parkeringssone", "tekst": "08 - 23 (08 - 17) Med P-kort eller mot avgift", "kategori": "boligsone", "egenskaper": {"Geometri, punkt": "POINT(-31795.984463761677 6735714.368329069)", "Ansiktsside, rettet mot": "Trafikk i metreringsretning", "Skiltnummer": "376.1 - Parkeringssone", "Tekst": "08 - 23 (08 - 17) Med P-kort eller mot avgift"}, "vegsystem": "KV4645 S1D1 m15", "mor": [1027177282]}, "geometry": {"type": "Point", "coordinates": [5.32383772, 60.4051112]}}, {"type": "Feature", "properties": {"nvdb_id": 1027177339, "skiltnummer": "807.8 - Symbol, forflytningshemmede med parkeringstillatelse", "tekst": null, "kategori": "parkering", "egenskaper": {"Geometri, punkt": "POINT(-31776.433751370176 6735716.18111574)", "Ansiktsside, rettet mot": "Trafikk i metreringsretning", "Skiltnummer": "807.8 - Symbol, forflytningshemmede med parkeringstillatelse"}, "vegsystem": "KV4645 S1D1 m33", "mor": [1027177343]}, "geometry": {"type": "Point", "coordinates": [5.32418271, 60.4051529]}}, {"type": "Feature", "properties": {"nvdb_id": 1027177341, "skiltnummer": "552 - Parkering", "tekst": null, "kategori": "parkering", "egenskaper": {"Geometri, punkt": "POINT(-31776.433751370176 6735716.18111574)", "Ansiktsside, rettet mot": "Trafikk i metreringsretning", "Skiltnummer": "552 - Parkering"}, "vegsystem": "KV4645 S1D1 m33", "mor": [1027177343]}, "geometry": {"type": "Point", "coordinates": [5.32418271, 60.4051529]}}, {"type": "Feature", "properties": {"nvdb_id": 1027177305, "skiltnummer": "376.1 - Parkeringssone", "tekst": "08 - 23 (08 - 17) Med P-kort eller mot avgift", "kategori": "boligsone", "egenskaper": {"Geometri, punkt": "POINT(-31789.266578499926 6735720.851768654)", "Ansiktsside, rettet mot": "Trafikk i metreringsretning", "Skiltnummer": "376.1 - Parkeringssone", "Tekst": "08 - 23 (08 - 17) Med P-kort eller mot avgift"}, "vegsystem": "KV4645 S1D1 m22", "mor": [1027177306]}, "geometry": {"type": "Point", "coordinates": [5.3239407, 60.4051774]}}, {"type": "Feature", "properties": {"nvdb_id": 1027165887, "skiltnummer": "372 - Parkering forbudt", "tekst": null, "kategori": "forbud", "egenskaper": {"Geometri, punkt": "POINT(-31548.038294886122 6735743.404887686)", "Ansiktsside, rettet mot": "Tosidig", "Skiltnummer": "372 - Parkering forbudt"}, "vegsystem": "KV4374 S1D1 m7", "mor": [1027165889]}, "geometry": {"type": "Point", "coordinates": [5.32819711, 60.4056935]}}, {"type": "Feature", "properties": {"nvdb_id": 1027165927, "skiltnummer": "808.351 - Gjelder/Gjeld (snuplassen, torget o.l.)", "tekst": null, "kategori": "parkering", "egenskaper": {"Geometri, punkt": "POINT(-31627.92481472285 6735763.390569618)", "Ansiktsside, rettet mot": "Parallelt mot veg", "Skiltnummer": "808.351 - Gjelder/Gjeld (snuplassen, torget o.l.)"}, "vegsystem": "KV3215 S1D1 m75", "mor": [1027165930]}, "geometry": {"type": "Point", "coordinates": [5.32671471, 60.4057656]}}, {"type": "Feature", "properties": {"nvdb_id": 1027165929, "skiltnummer": "372 - Parkering forbudt", "tekst": null, "kategori": "forbud", "egenskaper": {"Geometri, punkt": "POINT(-31627.92481472285 6735763.390569618)", "Ansiktsside, rettet mot": "Parallelt mot veg", "Skiltnummer": "372 - Parkering forbudt"}, "vegsystem": "KV3215 S1D1 m75", "mor": [1027165930]}, "geometry": {"type": "Point", "coordinates": [5.32671471, 60.4057656]}}, {"type": "Feature", "properties": {"nvdb_id": 1019167621, "skiltnummer": "372 - Parkering forbudt", "tekst": null, "kategori": "forbud", "egenskaper": {"Oppsettingsdato": "2024-04-18", "Plasseringskode": 20, "Geometri, punkt": "POINT Z (-31769.2371151438 6735764.983711677 13.358)", "Ansiktsside, rettet mot": "Trafikk i metreringsretning", "Farge": "Blå", "Tosidig plate med ulike motiv": "Nei", "Skiltnummer": "372 - Parkering forbudt", "Belysning": "Ingen", "Folieklasse": "Klasse 2", "Prosjektreferanse": "060608"}, "vegsystem": "FV5342 S1D1 m1464", "mor": [1019167625]}, "geometry": {"type": "Point", "coordinates": [5.32418202, 60.40559429]}}, {"type": "Feature", "properties": {"nvdb_id": 1019167639, "skiltnummer": "372 - Parkering forbudt", "tekst": null, "kategori": "forbud", "egenskaper": {"Oppsettingsdato": "2024-04-18", "Plasseringskode": 20, "Geometri, punkt": "POINT Z (-31769.2371151438 6735764.983711677 13.358)", "Ansiktsside, rettet mot": "Trafikk mot metreringsretning", "Farge": "Blå", "Tosidig plate med ulike motiv": "Nei", "Skiltnummer": "372 - Parkering forbudt", "Belysning": "Ingen", "Folieklasse": "Klasse 2", "Prosjektreferanse": "060608"}, "vegsystem": "FV5342 S1D1 m1464", "mor": [1019167625]}, "geometry": {"type": "Point", "coordinates": [5.32418202, 60.40559429]}}, {"type": "Feature", "properties": {"nvdb_id": 1027165896, "skiltnummer": "372 - Parkering forbudt", "tekst": null, "kategori": "forbud", "egenskaper": {"Geometri, punkt": "POINT(-31505.24640851491 6735766.438620425)", "Ansiktsside, rettet mot": "Tosidig", "Skiltnummer": "372 - Parkering forbudt"}, "vegsystem": "KV4374 S1D1 m54", "mor": [1027165894]}, "geometry": {"type": "Point", "coordinates": [5.32890172, 60.4059535]}}, {"type": "Feature", "properties": {"nvdb_id": 1027165891, "skiltnummer": "372 - Parkering forbudt", "tekst": null, "kategori": "forbud", "egenskaper": {"Geometri, punkt": "POINT(-31512.072215678403 6735771.856362025)", "Ansiktsside, rettet mot": "Tosidig", "Skiltnummer": "372 - Parkering forbudt"}, "vegsystem": "KV4374 S1D1 m54", "mor": [1027165893]}, "geometry": {"type": "Point", "coordinates": [5.32876521, 60.40599249]}}, {"type": "Feature", "properties": {"nvdb_id": 1027175610, "skiltnummer": "372 - Parkering forbudt", "tekst": null, "kategori": "forbud", "egenskaper": {"Geometri, punkt": "POINT(-31548.286450812942 6735773.031418804)", "Ansiktsside, rettet mot": "Trafikk mot metreringsretning", "Skiltnummer": "372 - Parkering forbudt"}, "vegsystem": "KV5313 S1D1 m61", "mor": [1027175609]}, "geometry": {"type": "Point", "coordinates": [5.32811412, 60.40595539]}}, {"type": "Feature", "properties": {"nvdb_id": 1027166571, "skiltnummer": "372 - Parkering forbudt", "tekst": null, "kategori": "forbud", "egenskaper": {"Geometri, punkt": "POINT(-31694.05131427583 6735789.597349733)", "Ansiktsside, rettet mot": "Tosidig", "Skiltnummer": "372 - Parkering forbudt"}, "vegsystem": "KV4645 S1D1 m151", "mor": [1027166573]}, "geometry": {"type": "Point", "coordinates": [5.32546202, 60.4059108]}}, {"type": "Feature", "properties": {"nvdb_id": 218884682, "skiltnummer": "808.611 - STOPP ved rødt blink Utrykning/Utrykking", "tekst": null, "kategori": "parkering", "egenskaper": {"Geometri, punkt": "POINT Z (-31758.176888815 6735788.11539717 13.306)", "Ansiktsside, rettet mot": "Trafikk i metreringsretning", "Skiltnummer": "808.611 - STOPP ved rødt blink Utrykning/Utrykking", "Belysning": "Ingen"}, "vegsystem": "FV5342 S1D1 m1490", "mor": [218884679]}, "geometry": {"type": "Point", "coordinates": [5.32431855, 60.40581354]}}, {"type": "Feature", "properties": {"nvdb_id": 1027165913, "skiltnummer": "372 - Parkering forbudt", "tekst": null, "kategori": "forbud", "egenskaper": {"Geometri, punkt": "POINT(-31492.067742198356 6735791.522076929)", "Ansiktsside, rettet mot": "Trafikk i metreringsretning", "Skiltnummer": "372 - Parkering forbudt"}, "vegsystem": "KV4374 S1D1 m82", "mor": [1027165915]}, "geometry": {"type": "Point", "coordinates": [5.329071, 60.4061928]}}, {"type": "Feature", "properties": {"nvdb_id": 1019167615, "skiltnummer": "552 - Parkering", "tekst": null, "kategori": "parkering", "egenskaper": {"Oppsettingsdato": "2024-04-18", "Plasseringskode": 10, "Geometri, punkt": "POINT Z (-31753.572561726673 6735794.214451821 13.42)", "Ansiktsside, rettet mot": "Trafikk mot metreringsretning", "Farge": "Hvit", "Tosidig plate med ulike motiv": "Nei", "Skiltnummer": "552 - Parkering", "Belysning": "Ingen", "Folieklasse": "Klasse 2", "Prosjektreferanse": "060608"}, "vegsystem": "FV5342 S1D1 m1497", "mor": [1019167635]}, "geometry": {"type": "Point", "coordinates": [5.32438475, 60.40587356]}}, {"type": "Feature", "properties": {"nvdb_id": 1027165922, "skiltnummer": "372 - Parkering forbudt", "tekst": null, "kategori": "forbud", "egenskaper": {"Geometri, punkt": "POINT(-31494.382758470485 6735797.7740197815)", "Ansiktsside, rettet mot": "Tosidig", "Skiltnummer": "372 - Parkering forbudt"}, "vegsystem": "KV4374 S1D1 m87", "mor": [1027165924]}, "geometry": {"type": "Point", "coordinates": [5.329013, 60.4062451]}}, {"type": "Feature", "properties": {"nvdb_id": 1027177128, "skiltnummer": "807.6 - Symbol, sykkel og liten elektrisk motorvogn", "tekst": "Unntatt", "kategori": "parkering", "egenskaper": {"Geometri, punkt": "POINT(-31769.570572445868 6735797.719880601)", "Ansiktsside, rettet mot": "Trafikk i metreringsretning", "Skiltnummer": "807.6 - Symbol, sykkel og liten elektrisk motorvogn", "Tekst": "Unntatt"}, "vegsystem": "KV4617 S1D1 m13", "mor": [1027177131]}, "geometry": {"type": "Point", "coordinates": [5.3240892, 60.4058836]}}, {"type": "Feature", "properties": {"nvdb_id": 1026094994, "skiltnummer": "376.1 - Parkeringssone", "tekst": null, "kategori": "forbud", "egenskaper": {"Oppsettingsdato": "2025-11-04", "Plasseringskode": 20, "Geometri, punkt": "POINT Z (-31769.559616777464 6735799.01468563 12.655764)", "Ansiktsside, rettet mot": "Trafikk mot metreringsretning", "Tosidig plate med ulike motiv": "Nei", "Klappskilt": "Nei", "Skiltnummer": "376.1 - Parkeringssone", "Prosjektreferanse": "22/46854"}, "vegsystem": "KV4617 S1D1 m14", "mor": [1026094967]}, "geometry": {"type": "Point", "coordinates": [5.32408596, 60.40589507]}}, {"type": "Feature", "properties": {"nvdb_id": 1026094909, "skiltnummer": "372 - Parkering forbudt", "tekst": null, "kategori": "forbud", "egenskaper": {"Geometri, punkt": "POINT Z (-31778.042036004714 6735815.622142783 11.14129)", "Ansiktsside, rettet mot": "Tosidig", "Skiltnummer": "372 - Parkering forbudt"}, "vegsystem": "KV4617 S1D1 m33", "mor": [1026094934]}, "geometry": {"type": "Point", "coordinates": [5.32389014, 60.40603093]}}, {"type": "Feature", "properties": {"nvdb_id": 1026094891, "skiltnummer": "372 - Parkering forbudt", "tekst": null, "kategori": "forbud", "egenskaper": {"Geometri, punkt": "POINT Z (-31786.672815922764 6735819.179279854 11.184456)", "Ansiktsside, rettet mot": "Tosidig", "Skiltnummer": "372 - Parkering forbudt"}, "vegsystem": "KV4617 S1D1 m40", "mor": [1026094956]}, "geometry": {"type": "Point", "coordinates": [5.32372627, 60.40605109]}}, {"type": "Feature", "properties": {"nvdb_id": 1026094981, "skiltnummer": "372 - Parkering forbudt", "tekst": null, "kategori": "forbud", "egenskaper": {"Oppsettingsdato": "2025-11-04", "Geometri, punkt": "POINT Z (-31786.748568564653 6735832.847935176 9.578013)", "Ansiktsside, rettet mot": "Trafikk i metreringsretning", "Skiltnummer": "372 - Parkering forbudt", "Prosjektreferanse": "22/46854"}, "vegsystem": "KV4617 S1D1 m53", "mor": [1026094969]}, "geometry": {"type": "Point", "coordinates": [5.32368865, 60.40617197]}}, {"type": "Feature", "properties": {"nvdb_id": 1027166610, "skiltnummer": "372 - Parkering forbudt", "tekst": null, "kategori": "forbud", "egenskaper": {"Geometri, punkt": "POINT(-31661.38712104084 6735841.573995794)", "Ansiktsside, rettet mot": "Tosidig", "Skiltnummer": "372 - Parkering forbudt"}, "vegsystem": "KV4645 S1D1 m212", "mor": [1027166612]}, "geometry": {"type": "Point", "coordinates": [5.32590861, 60.4064137]}}, {"type": "Feature", "properties": {"nvdb_id": 1027175247, "skiltnummer": "372 - Parkering forbudt", "tekst": null, "kategori": "forbud", "egenskaper": {"Geometri, punkt": "POINT(-31566.840890138992 6735841.2877265)", "Ansiktsside, rettet mot": "Tosidig", "Skiltnummer": "372 - Parkering forbudt"}, "vegsystem": "KV5313 S1D1 m135", "mor": [1027175249]}, "geometry": {"type": "Point", "coordinates": [5.32760111, 60.4065352]}}, {"type": "Feature", "properties": {"nvdb_id": 1026094976, "skiltnummer": "372 - Parkering forbudt", "tekst": null, "kategori": "forbud", "egenskaper": {"Geometri, punkt": "POINT Z (-31792.547030526563 6735845.293930402 8.518327)", "Ansiktsside, rettet mot": "Tosidig", "Skiltnummer": "372 - Parkering forbudt"}, "vegsystem": "KV4617 S1D1 m66", "mor": [1026094952]}, "geometry": {"type": "Point", "coordinates": [5.32355189, 60.40627452]}}, {"type": "Feature", "properties": {"nvdb_id": 566416145, "skiltnummer": "808.611 - STOPP ved rødt blink Utrykning/Utrykking", "tekst": null, "kategori": "parkering", "egenskaper": {"Geometri, punkt": "POINT Z (-31736.3994397358 6735853.78801705 12.406)", "Ansiktsside, rettet mot": "Trafikk mot metreringsretning", "Skiltform": "Plan", "Skiltnummer": "808.611 - STOPP ved rødt blink Utrykning/Utrykking", "Belysning": "Ingen"}, "vegsystem": "FV5342 S1D1 m1557", "mor": [566416144]}, "geometry": {"type": "Point", "coordinates": [5.32453401, 60.40642338]}}, {"type": "Feature", "properties": {"nvdb_id": 566416143, "skiltnummer": "808.611 - STOPP ved rødt blink Utrykning/Utrykking", "tekst": null, "kategori": "parkering", "egenskaper": {"Geometri, punkt": "POINT Z (-31745.2465284242 6735854.46856234 12.406)", "Ansiktsside, rettet mot": "Trafikk mot metreringsretning", "Skiltform": "Plan", "Skiltnummer": "808.611 - STOPP ved rødt blink Utrykning/Utrykking", "Belysning": "Ingen"}, "vegsystem": "FV5342 S1D1 m1558", "mor": [566416142]}, "geometry": {"type": "Point", "coordinates": [5.32437389, 60.4064178]}}, {"type": "Feature", "properties": {"nvdb_id": 1027165804, "skiltnummer": "372 - Parkering forbudt", "tekst": null, "kategori": "forbud", "egenskaper": {"Geometri, punkt": "POINT(-31401.157361479476 6735856.245616922)", "Ansiktsside, rettet mot": "Tosidig", "Skiltnummer": "372 - Parkering forbudt"}, "vegsystem": "KV4374 S1D1 m211", "mor": [1027165806]}, "geometry": {"type": "Point", "coordinates": [5.33052611, 60.4068849]}}, {"type": "Feature", "properties": {"nvdb_id": 1026094896, "skiltnummer": "372 - Parkering forbudt", "tekst": null, "kategori": "forbud", "egenskaper": {"Geometri, punkt": "POINT Z (-31798.80814789876 6735858.889366106 7.276526)", "Ansiktsside, rettet mot": "Trafikk i metreringsretning", "Skiltnummer": "372 - Parkering forbudt"}, "vegsystem": "KV4617 S1D1 m81", "mor": [1026094955]}, "geometry": {"type": "Point", "coordinates": [5.32340379, 60.40638663]}}, {"type": "Feature", "properties": {"nvdb_id": 1027167544, "skiltnummer": "376.1 - Parkeringssone", "tekst": "08 - 23 (08 - 17) med p-kort eller mot avgift", "kategori": "boligsone", "egenskaper": {"Geometri, punkt": "POINT(-31723.49973578239 6735859.899292047)", "Ansiktsside, rettet mot": "Trafikk i metreringsretning", "Skiltnummer": "376.1 - Parkeringssone", "Tekst": "08 - 23 (08 - 17) med p-kort eller mot avgift"}, "vegsystem": "KV4091 S1D1 m32", "mor": [1027167551]}, "geometry": {"type": "Point", "coordinates": [5.32474861, 60.40649439]}}, {"type": "Feature", "properties": {"nvdb_id": 1027167557, "skiltnummer": "376.1 - Parkeringssone", "tekst": "08 - 23 (08 - 17) Med p- kort eller mot avgift", "kategori": "forbud", "egenskaper": {"Geometri, punkt": "POINT(-31731.622309874627 6735862.221999886)", "Ansiktsside, rettet mot": "Trafikk i metreringsretning", "Skiltnummer": "376.1 - Parkeringssone", "Tekst": "08 - 23 (08 - 17) Med p- kort eller mot avgift"}, "vegsystem": "KV4091 S1D1 m31", "mor": [1027167561]}, "geometry": {"type": "Point", "coordinates": [5.32459712, 60.4065043]}}, {"type": "Feature", "properties": {"nvdb_id": 82469823, "skiltnummer": "372 - Parkering forbudt", "tekst": null, "kategori": "forbud", "egenskaper": {"Geometri, punkt": "POINT Z (-31744.5659831405 6735861.78442414 12.219)", "Ansiktsside, rettet mot": "Tosidig", "Skiltnummer": "372 - Parkering forbudt", "Belysning": "Ingen"}, "vegsystem": "FV5342 S1D1 m1565", "mor": [82469824]}, "geometry": {"type": "Point", "coordinates": [5.32436667, 60.40648344]}}, {"type": "Feature", "properties": {"nvdb_id": 1027166690, "skiltnummer": "807.8 - Symbol, forflytningshemmede med parkeringstillatelse", "tekst": null, "kategori": "parkering", "egenskaper": {"Geometri, punkt": "POINT(-31659.883722493658 6735871.47211685)", "Ansiktsside, rettet mot": "Tosidig", "Skiltnummer": "807.8 - Symbol, forflytningshemmede med parkeringstillatelse"}, "vegsystem": "KV4415 S1D1 m24", "mor": [1027166694]}, "geometry": {"type": "Point", "coordinates": [5.32585621, 60.4066803]}}, {"type": "Feature", "properties": {"nvdb_id": 1027166692, "skiltnummer": "552 - Parkering", "tekst": null, "kategori": "parkering", "egenskaper": {"Geometri, punkt": "POINT(-31659.883722493658 6735871.47211685)", "Ansiktsside, rettet mot": "Tosidig", "Skiltnummer": "552 - Parkering"}, "vegsystem": "KV4415 S1D1 m24", "mor": [1027166694]}, "geometry": {"type": "Point", "coordinates": [5.32585621, 60.4066803]}}, {"type": "Feature", "properties": {"nvdb_id": 1027167539, "skiltnummer": "808 - Underskilt med annen tekst", "tekst": "Reservert bildeling med gyldig tillatelse", "kategori": "parkering", "egenskaper": {"Geometri, punkt": "POINT(-31725.976746851695 6735874.027754457)", "Ansiktsside, rettet mot": "Trafikk mot metreringsretning", "Skiltnummer": "808 - Underskilt med annen tekst", "Tekst": "Reservert bildeling med gyldig tillatelse"}, "vegsystem": "KV4091 S1D1 m44", "mor": [1027167541]}, "geometry": {"type": "Point", "coordinates": [5.32466681, 60.4066162]}}, {"type": "Feature", "properties": {"nvdb_id": 1027167540, "skiltnummer": "552 - Parkering", "tekst": null, "kategori": "parkering", "egenskaper": {"Geometri, punkt": "POINT(-31725.976746851695 6735874.027754457)", "Ansiktsside, rettet mot": "Trafikk mot metreringsretning", "Skiltnummer": "552 - Parkering"}, "vegsystem": "KV4091 S1D1 m44", "mor": [1027167541]}, "geometry": {"type": "Point", "coordinates": [5.32466681, 60.4066162]}}, {"type": "Feature", "properties": {"nvdb_id": 1019167612, "skiltnummer": "372 - Parkering forbudt", "tekst": null, "kategori": "forbud", "egenskaper": {"Oppsettingsdato": "2024-04-18", "Plasseringskode": 10, "Geometri, punkt": "POINT Z (-31734.25041410688 6735881.933035582 11.256)", "Ansiktsside, rettet mot": "Tosidig", "Farge": "Blå", "Tosidig plate med ulike motiv": "Ja", "Skiltnummer": "372 - Parkering forbudt", "Belysning": "Ingen", "Folieklasse": "Klasse 2", "Prosjektreferanse": "060608"}, "vegsystem": "FV5342 S1D1 m1586", "mor": [1019167632]}, "geometry": {"type": "Point", "coordinates": [5.32449781, 60.40667531]}}, {"type": "Feature", "properties": {"nvdb_id": 1026094983, "skiltnummer": "807.6 - Symbol, sykkel og liten elektrisk motorvogn", "tekst": null, "kategori": "parkering", "egenskaper": {"Oppsettingsdato": "2025-11-04", "Plasseringskode": 20, "Geometri, punkt": "POINT Z (-31747.834404391237 6735889.189129666 10.387449)", "Ansiktsside, rettet mot": "Trafikk mot metreringsretning", "Tosidig plate med ulike motiv": "Nei", "Klappskilt": "Nei", "Skiltnummer": "807.6 - Symbol, sykkel og liten elektrisk motorvogn", "Prosjektreferanse": "22/46854"}, "vegsystem": "FV5342 S1D1 m1594", "mor": [1026094971]}, "geometry": {"type": "Point", "coordinates": [5.32423549, 60.40672171]}}, {"type": "Feature", "properties": {"nvdb_id": 1026094944, "skiltnummer": "807.6 - Symbol, sykkel og liten elektrisk motorvogn", "tekst": "Unntatt", "kategori": "parkering", "egenskaper": {"Geometri, punkt": "POINT Z (-31813.45668671932 6735891.253002245 4.968945)", "Ansiktsside, rettet mot": "Trafikk i metreringsretning", "Skiltnummer": "807.6 - Symbol, sykkel og liten elektrisk motorvogn", "Tekst": "Unntatt"}, "vegsystem": "KV4617 S1D1 m117", "mor": [1026094974]}, "geometry": {"type": "Point", "coordinates": [5.32305581, 60.40665386]}}, {"type": "Feature", "properties": {"nvdb_id": 1027175502, "skiltnummer": "372 - Parkering forbudt", "tekst": null, "kategori": "forbud", "egenskaper": {"Geometri, punkt": "POINT(-31550.854374243412 6735892.51677405)", "Ansiktsside, rettet mot": "Tosidig", "Skiltnummer": "372 - Parkering forbudt"}, "vegsystem": "KV5313 S1D1 m189", "mor": [1027175504]}, "geometry": {"type": "Point", "coordinates": [5.32775132, 60.4070096]}}, {"type": "Feature", "properties": {"nvdb_id": 1027167525, "skiltnummer": "552 - Parkering", "tekst": null, "kategori": "parkering", "egenskaper": {"Geometri, punkt": "POINT(-31716.098366982886 6735895.159733628)", "Ansiktsside, rettet mot": "Tosidig", "Skiltnummer": "552 - Parkering"}, "vegsystem": "KV4091 S1D1 m68", "mor": [1027167527]}, "geometry": {"type": "Point", "coordinates": [5.32478752, 60.4068162]}}, {"type": "Feature", "properties": {"nvdb_id": 1027167526, "skiltnummer": "808 - Underskilt med annen tekst", "tekst": null, "kategori": "parkering", "egenskaper": {"Geometri, punkt": "POINT(-31716.098366982886 6735895.159733628)", "Ansiktsside, rettet mot": "Tosidig", "Skiltnummer": "808 - Underskilt med annen tekst"}, "vegsystem": "KV4091 S1D1 m68", "mor": [1027167527]}, "geometry": {"type": "Point", "coordinates": [5.32478752, 60.4068162]}}, {"type": "Feature", "properties": {"nvdb_id": 1026094948, "skiltnummer": "807.6 - Symbol, sykkel og liten elektrisk motorvogn", "tekst": null, "kategori": "parkering", "egenskaper": {"Oppsettingsdato": "2025-11-04", "Plasseringskode": 20, "Geometri, punkt": "POINT Z (-31746.970474680304 6735896.308215518 10.00172)", "Ansiktsside, rettet mot": "Trafikk mot metreringsretning", "Tosidig plate med ulike motiv": "Nei", "Klappskilt": "Nei", "Skiltnummer": "807.6 - Symbol, sykkel og liten elektrisk motorvogn", "Prosjektreferanse": "22/46854"}, "vegsystem": "FV5342 S1D1 m1601", "mor": [1026094922]}, "geometry": {"type": "Point", "coordinates": [5.32423207, 60.40678585]}}, {"type": "Feature", "properties": {"nvdb_id": 1019167619, "skiltnummer": "372 - Parkering forbudt", "tekst": null, "kategori": "forbud", "egenskaper": {"Oppsettingsdato": "2024-04-18", "Plasseringskode": 20, "Geometri, punkt": "POINT Z (-31734.56184541434 6735897.77070057 10.52)", "Ansiktsside, rettet mot": "Trafikk i metreringsretning", "Farge": "Blå", "Tosidig plate med ulike motiv": "Nei", "Skiltnummer": "372 - Parkering forbudt", "Belysning": "Ingen", "Folieklasse": "Klasse 2", "Prosjektreferanse": "060608"}, "vegsystem": "FV5342 S1D1 m1602", "mor": [1019167627]}, "geometry": {"type": "Point", "coordinates": [5.32445021, 60.40681508]}}, {"type": "Feature", "properties": {"nvdb_id": 1019167636, "skiltnummer": "372 - Parkering forbudt", "tekst": null, "kategori": "forbud", "egenskaper": {"Oppsettingsdato": "2024-04-18", "Plasseringskode": 20, "Geometri, punkt": "POINT Z (-31734.56184541434 6735897.77070057 10.52)", "Ansiktsside, rettet mot": "Trafikk mot metreringsretning", "Farge": "Blå", "Tosidig plate med ulike motiv": "Nei", "Skiltnummer": "372 - Parkering forbudt", "Belysning": "Ingen", "Folieklasse": "Klasse 2", "Prosjektreferanse": "060608"}, "vegsystem": "FV5342 S1D1 m1602", "mor": [1019167627]}, "geometry": {"type": "Point", "coordinates": [5.32445021, 60.40681508]}}, {"type": "Feature", "properties": {"nvdb_id": 1027177214, "skiltnummer": "372 - Parkering forbudt", "tekst": null, "kategori": "forbud", "egenskaper": {"Geometri, punkt": "POINT(-31769.02842223225 6735929.953371054)", "Ansiktsside, rettet mot": "Tosidig", "Skiltnummer": "372 - Parkering forbudt"}, "vegsystem": "KV4922 S1D1 m26", "mor": [1027177218]}, "geometry": {"type": "Point", "coordinates": [5.32374812, 60.40705469]}}, {"type": "Feature", "properties": {"nvdb_id": 1027177215, "skiltnummer": "808 - Underskilt med annen tekst", "tekst": "Gjelder plassen", "kategori": "parkering", "egenskaper": {"Geometri, punkt": "POINT(-31769.02842223225 6735929.953371054)", "Ansiktsside, rettet mot": "Tosidig", "Skiltnummer": "808 - Underskilt med annen tekst", "Tekst": "Gjelder plassen"}, "vegsystem": "KV4922 S1D1 m26", "mor": [1027177218]}, "geometry": {"type": "Point", "coordinates": [5.32374812, 60.40705469]}}, {"type": "Feature", "properties": {"nvdb_id": 82469815, "skiltnummer": "372 - Parkering forbudt", "tekst": null, "kategori": "forbud", "egenskaper": {"Geometri, punkt": "POINT Z (-31751.3714359778 6735946.8525846 8.058)", "Ansiktsside, rettet mot": "Tosidig", "Skiltnummer": "372 - Parkering forbudt", "Belysning": "Ingen"}, "vegsystem": "FV5342 S1D1 m1653", "mor": [82469816]}, "geometry": {"type": "Point", "coordinates": [5.32401923, 60.40722745]}}, {"type": "Feature", "properties": {"nvdb_id": 1027175509, "skiltnummer": "372 - Parkering forbudt", "tekst": null, "kategori": "forbud", "egenskaper": {"Geometri, punkt": "POINT(-31534.993035082356 6735948.294926937)", "Ansiktsside, rettet mot": "Tosidig", "Skiltnummer": "372 - Parkering forbudt"}, "vegsystem": "KV5313 S1D1 m248", "mor": [1027175506]}, "geometry": {"type": "Point", "coordinates": [5.32788721, 60.4075241]}}, {"type": "Feature", "properties": {"nvdb_id": 1027167641, "skiltnummer": "807.8 - Symbol, forflytningshemmede med parkeringstillatelse", "tekst": null, "kategori": "parkering", "egenskaper": {"Geometri, punkt": "POINT(-31761.881754746777 6735950.902774486)", "Ansiktsside, rettet mot": "Tosidig", "Skiltnummer": "807.8 - Symbol, forflytningshemmede med parkeringstillatelse"}, "vegsystem": "KV4497 S1D1 m13", "mor": [1027167642]}, "geometry": {"type": "Point", "coordinates": [5.32382041, 60.4072495]}}, {"type": "Feature", "properties": {"nvdb_id": 1027167645, "skiltnummer": "552 - Parkering", "tekst": null, "kategori": "parkering", "egenskaper": {"Geometri, punkt": "POINT(-31761.881754746777 6735950.902774486)", "Ansiktsside, rettet mot": "Tosidig", "Skiltnummer": "552 - Parkering"}, "vegsystem": "KV4497 S1D1 m13", "mor": [1027167642]}, "geometry": {"type": "Point", "coordinates": [5.32382041, 60.4072495]}}, {"type": "Feature", "properties": {"nvdb_id": 1027167656, "skiltnummer": "376.1 - Parkeringssone", "tekst": "08 - 23 (08 - 17) Med P-kort eller mot avgoft", "kategori": "boligsone", "egenskaper": {"Geometri, punkt": "POINT(-31765.192368817166 6735951.755171363)", "Ansiktsside, rettet mot": "Trafikk i metreringsretning", "Skiltnummer": "376.1 - Parkeringssone", "Tekst": "08 - 23 (08 - 17) Med P-kort eller mot avgoft"}, "vegsystem": "KV4497 S1D1 m17", "mor": [1027167648]}, "geometry": {"type": "Point", "coordinates": [5.32375892, 60.4072527]}}, {"type": "Feature", "properties": {"nvdb_id": 1027167662, "skiltnummer": "376.1 - Parkeringssone", "tekst": null, "kategori": "forbud", "egenskaper": {"Geometri, punkt": "POINT(-31763.550984311732 6735962.222561179)", "Ansiktsside, rettet mot": "Trafikk i metreringsretning", "Skiltnummer": "376.1 - Parkeringssone"}, "vegsystem": "KV4497 S1D1 m16", "mor": [1027167666]}, "geometry": {"type": "Point", "coordinates": [5.32376051, 60.4073475]}}, {"type": "Feature", "properties": {"nvdb_id": 1027166638, "skiltnummer": "372 - Parkering forbudt", "tekst": null, "kategori": "forbud", "egenskaper": {"Geometri, punkt": "POINT(-31583.461591664003 6735962.325115252)", "Ansiktsside, rettet mot": "Tosidig", "Skiltnummer": "372 - Parkering forbudt"}, "vegsystem": "KV4645 S1D1 m356", "mor": [1027166640]}, "geometry": {"type": "Point", "coordinates": [5.3269827, 60.4075847]}}, {"type": "Feature", "properties": {"nvdb_id": 82469813, "skiltnummer": "372 - Parkering forbudt", "tekst": null, "kategori": "forbud", "egenskaper": {"Geometri, punkt": "POINT Z (-31745.2465284242 6735970.67166953 7.047)", "Ansiktsside, rettet mot": "Tosidig", "Skiltnummer": "372 - Parkering forbudt", "Belysning": "Ingen"}, "vegsystem": "FV5342 S1D1 m1675", "mor": [82469814]}, "geometry": {"type": "Point", "coordinates": [5.32406562, 60.4074463]}}, {"type": "Feature", "properties": {"nvdb_id": 1027166838, "skiltnummer": "372 - Parkering forbudt", "tekst": null, "kategori": "forbud", "egenskaper": {"Geometri, punkt": "POINT(-31677.394504021737 6735980.790704211)", "Ansiktsside, rettet mot": "Trafikk mot metreringsretning", "Skiltnummer": "372 - Parkering forbudt"}, "vegsystem": "KV4091 S1D1 m162", "mor": [1027166835]}, "geometry": {"type": "Point", "coordinates": [5.3252529, 60.4076249]}}, {"type": "Feature", "properties": {"nvdb_id": 1027166825, "skiltnummer": "372 - Parkering forbudt", "tekst": null, "kategori": "forbud", "egenskaper": {"Geometri, punkt": "POINT(-31663.62066287035 6735988.770349582)", "Ansiktsside, rettet mot": "Tosidig", "Skiltnummer": "372 - Parkering forbudt"}, "vegsystem": "KV4091 S1D1 m175", "mor": [1027166827]}, "geometry": {"type": "Point", "coordinates": [5.32547821, 60.40771359]}}, {"type": "Feature", "properties": {"nvdb_id": 82469805, "skiltnummer": "372 - Parkering forbudt", "tekst": null, "kategori": "forbud", "egenskaper": {"Geometri, punkt": "POINT Z (-31764.1316600476 6736010.31343231 4.322)", "Ansiktsside, rettet mot": "Tosidig", "Skiltnummer": "372 - Parkering forbudt", "Belysning": "Ingen"}, "vegsystem": "FV5342 S1D1 m1717", "mor": [82469806]}, "geometry": {"type": "Point", "coordinates": [5.32362253, 60.40777238]}}, {"type": "Feature", "properties": {"nvdb_id": 1027166816, "skiltnummer": "372 - Parkering forbudt", "tekst": null, "kategori": "forbud", "egenskaper": {"Geometri, punkt": "POINT(-31659.253299455508 6736019.24948426)", "Ansiktsside, rettet mot": "Tosidig", "Skiltnummer": "372 - Parkering forbudt"}, "vegsystem": "KV4091 S1D1 m203", "mor": [1027166817]}, "geometry": {"type": "Point", "coordinates": [5.32547552, 60.40798909]}}, {"type": "Feature", "properties": {"nvdb_id": 1027167575, "skiltnummer": "376.1 - Parkeringssone", "tekst": null, "kategori": "forbud", "egenskaper": {"Geometri, punkt": "POINT(-31750.325934074004 6736019.532407086)", "Ansiktsside, rettet mot": "Trafikk i metreringsretning", "Skiltnummer": "376.1 - Parkeringssone"}, "vegsystem": "KV5077 S1D1 m10", "mor": [1027167579]}, "geometry": {"type": "Point", "coordinates": [5.32384511, 60.40787209]}}, {"type": "Feature", "properties": {"nvdb_id": 1027167608, "skiltnummer": "376.1 - Parkeringssone", "tekst": null, "kategori": "forbud", "egenskaper": {"Geometri, punkt": "POINT(-31770.447968129884 6736020.866337677)", "Ansiktsside, rettet mot": "Trafikk i metreringsretning", "Skiltnummer": "376.1 - Parkeringssone"}, "vegsystem": "KV4935 S1D1 m10", "mor": [1027167615]}, "geometry": {"type": "Point", "coordinates": [5.32348151, 60.40785749]}}, {"type": "Feature", "properties": {"nvdb_id": 1027167619, "skiltnummer": "376.2 - Parkeringssone", "tekst": null, "kategori": "forbud", "egenskaper": {"Geometri, punkt": "POINT(-31772.089163113968 6736032.035112539)", "Ansiktsside, rettet mot": "Trafikk i metreringsretning", "Skiltnummer": "376.2 - Parkeringssone"}, "vegsystem": "KV4935 S1D1 m12", "mor": [1027167625]}, "geometry": {"type": "Point", "coordinates": [5.32342251, 60.4079542]}}]}